[2026-02-12T19:05:30.455+0000] {local_task_job_runner.py:120} INFO - ::group::Pre task execution logs
[2026-02-12T19:05:30.483+0000] {taskinstance.py:2076} INFO - Dependencies all met for dep_context=non-requeueable deps ti=<TaskInstance: twitter_pipeline_2.transform_twitter_datascience manual__2026-02-12T19:05:26.883833+00:00 [queued]>
[2026-02-12T19:05:30.493+0000] {taskinstance.py:2076} INFO - Dependencies all met for dep_context=requeueable deps ti=<TaskInstance: twitter_pipeline_2.transform_twitter_datascience manual__2026-02-12T19:05:26.883833+00:00 [queued]>
[2026-02-12T19:05:30.494+0000] {taskinstance.py:2306} INFO - Starting attempt 1 of 1
[2026-02-12T19:05:30.511+0000] {taskinstance.py:2330} INFO - Executing <Task(SparkSubmitOperator): transform_twitter_datascience> on 2026-02-12 19:05:26.883833+00:00
[2026-02-12T19:05:30.523+0000] {standard_task_runner.py:64} INFO - Started process 1435 to run task
[2026-02-12T19:05:30.527+0000] {standard_task_runner.py:90} INFO - Running: ['airflow', 'tasks', 'run', 'twitter_pipeline_2', 'transform_twitter_datascience', 'manual__2026-02-12T19:05:26.883833+00:00', '--job-id', '34', '--raw', '--subdir', 'DAGS_FOLDER/dag2.py', '--cfg-path', '/tmp/tmpzphsc14s']
[2026-02-12T19:05:30.530+0000] {standard_task_runner.py:91} INFO - Job 34: Subtask transform_twitter_datascience
[2026-02-12T19:05:30.616+0000] {task_command.py:426} INFO - Running <TaskInstance: twitter_pipeline_2.transform_twitter_datascience manual__2026-02-12T19:05:26.883833+00:00 [running]> on host 649004db3ede
[2026-02-12T19:05:30.785+0000] {taskinstance.py:2648} INFO - Exporting env vars: AIRFLOW_CTX_DAG_OWNER='airflow' AIRFLOW_CTX_DAG_ID='twitter_pipeline_2' AIRFLOW_CTX_TASK_ID='transform_twitter_datascience' AIRFLOW_CTX_EXECUTION_DATE='2026-02-12T19:05:26.883833+00:00' AIRFLOW_CTX_TRY_NUMBER='1' AIRFLOW_CTX_DAG_RUN_ID='manual__2026-02-12T19:05:26.883833+00:00'
[2026-02-12T19:05:30.786+0000] {taskinstance.py:430} INFO - ::endgroup::
[2026-02-12T19:05:30.800+0000] {base.py:84} INFO - Using connection ID 'spark_default' for task execution.
[2026-02-12T19:05:30.802+0000] {spark_submit.py:341} INFO - Spark-Submit cmd: spark-submit --master local --name twitter_transformation --queue root.default /opt/airflow/src/spark/transformation.py --src /opt/data_lake/twitter_posts_raw --dest /opt/airflow/data/silver
[2026-02-12T19:05:37.308+0000] {spark_submit.py:492} INFO - 26/02/12 19:05:37 INFO SparkContext: Running Spark version 3.4.1
[2026-02-12T19:05:37.403+0000] {spark_submit.py:492} INFO - 26/02/12 19:05:37 WARN NativeCodeLoader: Unable to load native-hadoop library for your platform... using builtin-java classes where applicable
[2026-02-12T19:05:37.543+0000] {spark_submit.py:492} INFO - 26/02/12 19:05:37 INFO ResourceUtils: ==============================================================
[2026-02-12T19:05:37.548+0000] {spark_submit.py:492} INFO - 26/02/12 19:05:37 INFO ResourceUtils: No custom resources configured for spark.driver.
[2026-02-12T19:05:37.548+0000] {spark_submit.py:492} INFO - 26/02/12 19:05:37 INFO ResourceUtils: ==============================================================
[2026-02-12T19:05:37.548+0000] {spark_submit.py:492} INFO - 26/02/12 19:05:37 INFO SparkContext: Submitted application: twitter_transformation
[2026-02-12T19:05:37.577+0000] {spark_submit.py:492} INFO - 26/02/12 19:05:37 INFO ResourceProfile: Default ResourceProfile created, executor resources: Map(cores -> name: cores, amount: 1, script: , vendor: , memory -> name: memory, amount: 1024, script: , vendor: , offHeap -> name: offHeap, amount: 0, script: , vendor: ), task resources: Map(cpus -> name: cpus, amount: 1.0)
[2026-02-12T19:05:37.588+0000] {spark_submit.py:492} INFO - 26/02/12 19:05:37 INFO ResourceProfile: Limiting resource is cpu
[2026-02-12T19:05:37.591+0000] {spark_submit.py:492} INFO - 26/02/12 19:05:37 INFO ResourceProfileManager: Added ResourceProfile id: 0
[2026-02-12T19:05:37.658+0000] {spark_submit.py:492} INFO - 26/02/12 19:05:37 INFO SecurityManager: Changing view acls to: default
[2026-02-12T19:05:37.659+0000] {spark_submit.py:492} INFO - 26/02/12 19:05:37 INFO SecurityManager: Changing modify acls to: default
[2026-02-12T19:05:37.659+0000] {spark_submit.py:492} INFO - 26/02/12 19:05:37 INFO SecurityManager: Changing view acls groups to:
[2026-02-12T19:05:37.660+0000] {spark_submit.py:492} INFO - 26/02/12 19:05:37 INFO SecurityManager: Changing modify acls groups to:
[2026-02-12T19:05:37.660+0000] {spark_submit.py:492} INFO - 26/02/12 19:05:37 INFO SecurityManager: SecurityManager: authentication disabled; ui acls disabled; users with view permissions: default; groups with view permissions: EMPTY; users with modify permissions: default; groups with modify permissions: EMPTY
[2026-02-12T19:05:38.039+0000] {spark_submit.py:492} INFO - 26/02/12 19:05:38 INFO Utils: Successfully started service 'sparkDriver' on port 45277.
[2026-02-12T19:05:38.112+0000] {spark_submit.py:492} INFO - 26/02/12 19:05:38 INFO SparkEnv: Registering MapOutputTracker
[2026-02-12T19:05:38.228+0000] {spark_submit.py:492} INFO - 26/02/12 19:05:38 INFO SparkEnv: Registering BlockManagerMaster
[2026-02-12T19:05:38.268+0000] {spark_submit.py:492} INFO - 26/02/12 19:05:38 INFO BlockManagerMasterEndpoint: Using org.apache.spark.storage.DefaultTopologyMapper for getting topology information
[2026-02-12T19:05:38.270+0000] {spark_submit.py:492} INFO - 26/02/12 19:05:38 INFO BlockManagerMasterEndpoint: BlockManagerMasterEndpoint up
[2026-02-12T19:05:38.282+0000] {spark_submit.py:492} INFO - 26/02/12 19:05:38 INFO SparkEnv: Registering BlockManagerMasterHeartbeat
[2026-02-12T19:05:38.330+0000] {spark_submit.py:492} INFO - 26/02/12 19:05:38 INFO DiskBlockManager: Created local directory at /tmp/blockmgr-803e3edb-ac08-42cd-a348-7a3616de97a6
[2026-02-12T19:05:38.367+0000] {spark_submit.py:492} INFO - 26/02/12 19:05:38 INFO MemoryStore: MemoryStore started with capacity 434.4 MiB
[2026-02-12T19:05:38.412+0000] {spark_submit.py:492} INFO - 26/02/12 19:05:38 INFO SparkEnv: Registering OutputCommitCoordinator
[2026-02-12T19:05:38.721+0000] {spark_submit.py:492} INFO - 26/02/12 19:05:38 INFO JettyUtils: Start Jetty 0.0.0.0:4040 for SparkUI
[2026-02-12T19:05:38.817+0000] {spark_submit.py:492} INFO - 26/02/12 19:05:38 INFO Utils: Successfully started service 'SparkUI' on port 4040.
[2026-02-12T19:05:39.035+0000] {spark_submit.py:492} INFO - 26/02/12 19:05:39 INFO Executor: Starting executor ID driver on host 649004db3ede
[2026-02-12T19:05:39.052+0000] {spark_submit.py:492} INFO - 26/02/12 19:05:39 INFO Executor: Starting executor with user classpath (userClassPathFirst = false): ''
[2026-02-12T19:05:39.093+0000] {spark_submit.py:492} INFO - 26/02/12 19:05:39 INFO Utils: Successfully started service 'org.apache.spark.network.netty.NettyBlockTransferService' on port 39261.
[2026-02-12T19:05:39.093+0000] {spark_submit.py:492} INFO - 26/02/12 19:05:39 INFO NettyBlockTransferService: Server created on 649004db3ede:39261
[2026-02-12T19:05:39.095+0000] {spark_submit.py:492} INFO - 26/02/12 19:05:39 INFO BlockManager: Using org.apache.spark.storage.RandomBlockReplicationPolicy for block replication policy
[2026-02-12T19:05:39.112+0000] {spark_submit.py:492} INFO - 26/02/12 19:05:39 INFO BlockManagerMaster: Registering BlockManager BlockManagerId(driver, 649004db3ede, 39261, None)
[2026-02-12T19:05:39.118+0000] {spark_submit.py:492} INFO - 26/02/12 19:05:39 INFO BlockManagerMasterEndpoint: Registering block manager 649004db3ede:39261 with 434.4 MiB RAM, BlockManagerId(driver, 649004db3ede, 39261, None)
[2026-02-12T19:05:39.127+0000] {spark_submit.py:492} INFO - 26/02/12 19:05:39 INFO BlockManagerMaster: Registered BlockManager BlockManagerId(driver, 649004db3ede, 39261, None)
[2026-02-12T19:05:39.128+0000] {spark_submit.py:492} INFO - 26/02/12 19:05:39 INFO BlockManager: Initialized BlockManager: BlockManagerId(driver, 649004db3ede, 39261, None)
[2026-02-12T19:05:39.855+0000] {spark_submit.py:492} INFO - 26/02/12 19:05:39 INFO SharedState: Setting hive.metastore.warehouse.dir ('null') to the value of spark.sql.warehouse.dir.
[2026-02-12T19:05:39.866+0000] {spark_submit.py:492} INFO - 26/02/12 19:05:39 INFO SharedState: Warehouse path is 'file:/opt/airflow/spark-warehouse'.
[2026-02-12T19:05:41.069+0000] {spark_submit.py:492} INFO - 26/02/12 19:05:41 INFO InMemoryFileIndex: It took 73 ms to list leaf files for 1 paths.
[2026-02-12T19:05:41.170+0000] {spark_submit.py:492} INFO - 26/02/12 19:05:41 INFO InMemoryFileIndex: It took 16 ms to list leaf files for 12 paths.
[2026-02-12T19:05:43.944+0000] {spark_submit.py:492} INFO - 26/02/12 19:05:43 INFO FileSourceStrategy: Pushed Filters:
[2026-02-12T19:05:43.959+0000] {spark_submit.py:492} INFO - 26/02/12 19:05:43 INFO FileSourceStrategy: Post-Scan Filters:
[2026-02-12T19:05:44.241+0000] {spark_submit.py:492} INFO - 26/02/12 19:05:44 INFO MemoryStore: Block broadcast_0 stored as values in memory (estimated size 199.2 KiB, free 434.2 MiB)
[2026-02-12T19:05:44.341+0000] {spark_submit.py:492} INFO - 26/02/12 19:05:44 INFO MemoryStore: Block broadcast_0_piece0 stored as bytes in memory (estimated size 34.2 KiB, free 434.2 MiB)
[2026-02-12T19:05:44.346+0000] {spark_submit.py:492} INFO - 26/02/12 19:05:44 INFO BlockManagerInfo: Added broadcast_0_piece0 in memory on 649004db3ede:39261 (size: 34.2 KiB, free: 434.4 MiB)
[2026-02-12T19:05:44.363+0000] {spark_submit.py:492} INFO - 26/02/12 19:05:44 INFO SparkContext: Created broadcast 0 from json at NativeMethodAccessorImpl.java:0
[2026-02-12T19:05:44.384+0000] {spark_submit.py:492} INFO - 26/02/12 19:05:44 INFO FileSourceScanExec: Planning scan with bin packing, max size: 50393520 bytes, open cost is considered as scanning 4194304 bytes.
[2026-02-12T19:05:44.628+0000] {spark_submit.py:492} INFO - 26/02/12 19:05:44 INFO SparkContext: Starting job: json at NativeMethodAccessorImpl.java:0
[2026-02-12T19:05:44.654+0000] {spark_submit.py:492} INFO - 26/02/12 19:05:44 INFO DAGScheduler: Got job 0 (json at NativeMethodAccessorImpl.java:0) with 1 output partitions
[2026-02-12T19:05:44.655+0000] {spark_submit.py:492} INFO - 26/02/12 19:05:44 INFO DAGScheduler: Final stage: ResultStage 0 (json at NativeMethodAccessorImpl.java:0)
[2026-02-12T19:05:44.655+0000] {spark_submit.py:492} INFO - 26/02/12 19:05:44 INFO DAGScheduler: Parents of final stage: List()
[2026-02-12T19:05:44.656+0000] {spark_submit.py:492} INFO - 26/02/12 19:05:44 INFO DAGScheduler: Missing parents: List()
[2026-02-12T19:05:44.659+0000] {spark_submit.py:492} INFO - 26/02/12 19:05:44 INFO DAGScheduler: Submitting ResultStage 0 (MapPartitionsRDD[3] at json at NativeMethodAccessorImpl.java:0), which has no missing parents
[2026-02-12T19:05:44.781+0000] {spark_submit.py:492} INFO - 26/02/12 19:05:44 INFO MemoryStore: Block broadcast_1 stored as values in memory (estimated size 15.0 KiB, free 434.2 MiB)
[2026-02-12T19:05:44.784+0000] {spark_submit.py:492} INFO - 26/02/12 19:05:44 INFO MemoryStore: Block broadcast_1_piece0 stored as bytes in memory (estimated size 7.2 KiB, free 434.2 MiB)
[2026-02-12T19:05:44.785+0000] {spark_submit.py:492} INFO - 26/02/12 19:05:44 INFO BlockManagerInfo: Added broadcast_1_piece0 in memory on 649004db3ede:39261 (size: 7.2 KiB, free: 434.4 MiB)
[2026-02-12T19:05:44.792+0000] {spark_submit.py:492} INFO - 26/02/12 19:05:44 INFO SparkContext: Created broadcast 1 from broadcast at DAGScheduler.scala:1535
[2026-02-12T19:05:44.824+0000] {spark_submit.py:492} INFO - 26/02/12 19:05:44 INFO DAGScheduler: Submitting 1 missing tasks from ResultStage 0 (MapPartitionsRDD[3] at json at NativeMethodAccessorImpl.java:0) (first 15 tasks are for partitions Vector(0))
[2026-02-12T19:05:44.824+0000] {spark_submit.py:492} INFO - 26/02/12 19:05:44 INFO TaskSchedulerImpl: Adding task set 0.0 with 1 tasks resource profile 0
[2026-02-12T19:05:44.899+0000] {spark_submit.py:492} INFO - 26/02/12 19:05:44 INFO TaskSetManager: Starting task 0.0 in stage 0.0 (TID 0) (649004db3ede, executor driver, partition 0, PROCESS_LOCAL, 9196 bytes)
[2026-02-12T19:05:44.919+0000] {spark_submit.py:492} INFO - 26/02/12 19:05:44 INFO Executor: Running task 0.0 in stage 0.0 (TID 0)
[2026-02-12T19:05:45.063+0000] {spark_submit.py:492} INFO - 26/02/12 19:05:45 INFO FileScanRDD: Reading File path: file:///opt/data_lake/twitter_posts_raw/tweets_2026-02-11.json, range: 0-5524, partition values: [empty row]
[2026-02-12T19:05:45.362+0000] {spark_submit.py:492} INFO - 26/02/12 19:05:45 INFO CodeGenerator: Code generated in 253.890979 ms
[2026-02-12T19:05:45.421+0000] {spark_submit.py:492} INFO - 26/02/12 19:05:45 INFO FileScanRDD: Reading File path: file:///opt/data_lake/twitter_posts_raw/tweets_2026-02-08.json, range: 0-5455, partition values: [empty row]
[2026-02-12T19:05:45.433+0000] {spark_submit.py:492} INFO - 26/02/12 19:05:45 INFO FileScanRDD: Reading File path: file:///opt/data_lake/twitter_posts_raw/tweets_2026-02-10.json, range: 0-5426, partition values: [empty row]
[2026-02-12T19:05:45.442+0000] {spark_submit.py:492} INFO - 26/02/12 19:05:45 INFO FileScanRDD: Reading File path: file:///opt/data_lake/twitter_posts_raw/tweets_2026-02-07.json, range: 0-5394, partition values: [empty row]
[2026-02-12T19:05:45.447+0000] {spark_submit.py:492} INFO - 26/02/12 19:05:45 INFO FileScanRDD: Reading File path: file:///opt/data_lake/twitter_posts_raw/tweets_2026-02-09.json, range: 0-5376, partition values: [empty row]
[2026-02-12T19:05:45.453+0000] {spark_submit.py:492} INFO - 26/02/12 19:05:45 INFO FileScanRDD: Reading File path: file:///opt/data_lake/twitter_posts_raw/tweets_2026-02-02.json, range: 0-5314, partition values: [empty row]
[2026-02-12T19:05:45.461+0000] {spark_submit.py:492} INFO - 26/02/12 19:05:45 INFO FileScanRDD: Reading File path: file:///opt/data_lake/twitter_posts_raw/tweets_2026-02-05.json, range: 0-5311, partition values: [empty row]
[2026-02-12T19:05:45.467+0000] {spark_submit.py:492} INFO - 26/02/12 19:05:45 INFO FileScanRDD: Reading File path: file:///opt/data_lake/twitter_posts_raw/tweets_2026-02-04.json, range: 0-5302, partition values: [empty row]
[2026-02-12T19:05:45.470+0000] {spark_submit.py:492} INFO - 26/02/12 19:05:45 INFO FileScanRDD: Reading File path: file:///opt/data_lake/twitter_posts_raw/tweets_2026-02-03.json, range: 0-5250, partition values: [empty row]
[2026-02-12T19:05:45.477+0000] {spark_submit.py:492} INFO - 26/02/12 19:05:45 INFO FileScanRDD: Reading File path: file:///opt/data_lake/twitter_posts_raw/tweets_2026-02-06.json, range: 0-5026, partition values: [empty row]
[2026-02-12T19:05:45.483+0000] {spark_submit.py:492} INFO - 26/02/12 19:05:45 INFO FileScanRDD: Reading File path: file:///opt/data_lake/twitter_posts_raw/tweets_2026-02-01.json, range: 0-4997, partition values: [empty row]
[2026-02-12T19:05:45.486+0000] {spark_submit.py:492} INFO - 26/02/12 19:05:45 INFO FileScanRDD: Reading File path: file:///opt/data_lake/twitter_posts_raw/tweets_2026-02-12.json, range: 0-3497, partition values: [empty row]
[2026-02-12T19:05:45.518+0000] {spark_submit.py:492} INFO - 26/02/12 19:05:45 INFO Executor: Finished task 0.0 in stage 0.0 (TID 0). 2606 bytes result sent to driver
[2026-02-12T19:05:45.538+0000] {spark_submit.py:492} INFO - 26/02/12 19:05:45 INFO TaskSetManager: Finished task 0.0 in stage 0.0 (TID 0) in 656 ms on 649004db3ede (executor driver) (1/1)
[2026-02-12T19:05:45.539+0000] {spark_submit.py:492} INFO - 26/02/12 19:05:45 INFO TaskSchedulerImpl: Removed TaskSet 0.0, whose tasks have all completed, from pool
[2026-02-12T19:05:45.545+0000] {spark_submit.py:492} INFO - 26/02/12 19:05:45 INFO DAGScheduler: ResultStage 0 (json at NativeMethodAccessorImpl.java:0) finished in 0.865 s
[2026-02-12T19:05:45.550+0000] {spark_submit.py:492} INFO - 26/02/12 19:05:45 INFO DAGScheduler: Job 0 is finished. Cancelling potential speculative or zombie tasks for this job
[2026-02-12T19:05:45.550+0000] {spark_submit.py:492} INFO - 26/02/12 19:05:45 INFO TaskSchedulerImpl: Killing all running tasks in stage 0: Stage finished
[2026-02-12T19:05:45.553+0000] {spark_submit.py:492} INFO - 26/02/12 19:05:45 INFO DAGScheduler: Job 0 finished: json at NativeMethodAccessorImpl.java:0, took 0.922499 s
[2026-02-12T19:05:45.885+0000] {spark_submit.py:492} INFO - 26/02/12 19:05:45 INFO BlockManagerInfo: Removed broadcast_1_piece0 on 649004db3ede:39261 in memory (size: 7.2 KiB, free: 434.4 MiB)
[2026-02-12T19:05:46.079+0000] {spark_submit.py:492} INFO - 26/02/12 19:05:46 INFO FileSourceStrategy: Pushed Filters:
[2026-02-12T19:05:46.079+0000] {spark_submit.py:492} INFO - 26/02/12 19:05:46 INFO FileSourceStrategy: Post-Scan Filters:
[2026-02-12T19:05:46.168+0000] {spark_submit.py:492} INFO - 26/02/12 19:05:46 INFO ParquetUtils: Using default output committer for Parquet: org.apache.parquet.hadoop.ParquetOutputCommitter
[2026-02-12T19:05:46.192+0000] {spark_submit.py:492} INFO - 26/02/12 19:05:46 INFO FileOutputCommitter: File Output Committer Algorithm version is 1
[2026-02-12T19:05:46.192+0000] {spark_submit.py:492} INFO - 26/02/12 19:05:46 INFO FileOutputCommitter: FileOutputCommitter skip cleanup _temporary folders under output directory:false, ignore cleanup failures: false
[2026-02-12T19:05:46.193+0000] {spark_submit.py:492} INFO - 26/02/12 19:05:46 INFO SQLHadoopMapReduceCommitProtocol: Using user defined output committer class org.apache.parquet.hadoop.ParquetOutputCommitter
[2026-02-12T19:05:46.193+0000] {spark_submit.py:492} INFO - 26/02/12 19:05:46 INFO FileOutputCommitter: File Output Committer Algorithm version is 1
[2026-02-12T19:05:46.193+0000] {spark_submit.py:492} INFO - 26/02/12 19:05:46 INFO FileOutputCommitter: FileOutputCommitter skip cleanup _temporary folders under output directory:false, ignore cleanup failures: false
[2026-02-12T19:05:46.194+0000] {spark_submit.py:492} INFO - 26/02/12 19:05:46 INFO SQLHadoopMapReduceCommitProtocol: Using output committer class org.apache.parquet.hadoop.ParquetOutputCommitter
[2026-02-12T19:05:46.365+0000] {spark_submit.py:492} INFO - 26/02/12 19:05:46 INFO CodeGenerator: Code generated in 68.628128 ms
[2026-02-12T19:05:46.370+0000] {spark_submit.py:492} INFO - 26/02/12 19:05:46 INFO MemoryStore: Block broadcast_2 stored as values in memory (estimated size 199.1 KiB, free 434.0 MiB)
[2026-02-12T19:05:46.388+0000] {spark_submit.py:492} INFO - 26/02/12 19:05:46 INFO MemoryStore: Block broadcast_2_piece0 stored as bytes in memory (estimated size 34.1 KiB, free 433.9 MiB)
[2026-02-12T19:05:46.389+0000] {spark_submit.py:492} INFO - 26/02/12 19:05:46 INFO BlockManagerInfo: Added broadcast_2_piece0 in memory on 649004db3ede:39261 (size: 34.1 KiB, free: 434.3 MiB)
[2026-02-12T19:05:46.391+0000] {spark_submit.py:492} INFO - 26/02/12 19:05:46 INFO SparkContext: Created broadcast 2 from parquet at NativeMethodAccessorImpl.java:0
[2026-02-12T19:05:46.395+0000] {spark_submit.py:492} INFO - 26/02/12 19:05:46 INFO FileSourceScanExec: Planning scan with bin packing, max size: 50393520 bytes, open cost is considered as scanning 4194304 bytes.
[2026-02-12T19:05:46.471+0000] {spark_submit.py:492} INFO - 26/02/12 19:05:46 INFO SparkContext: Starting job: parquet at NativeMethodAccessorImpl.java:0
[2026-02-12T19:05:46.473+0000] {spark_submit.py:492} INFO - 26/02/12 19:05:46 INFO DAGScheduler: Got job 1 (parquet at NativeMethodAccessorImpl.java:0) with 1 output partitions
[2026-02-12T19:05:46.473+0000] {spark_submit.py:492} INFO - 26/02/12 19:05:46 INFO DAGScheduler: Final stage: ResultStage 1 (parquet at NativeMethodAccessorImpl.java:0)
[2026-02-12T19:05:46.473+0000] {spark_submit.py:492} INFO - 26/02/12 19:05:46 INFO DAGScheduler: Parents of final stage: List()
[2026-02-12T19:05:46.473+0000] {spark_submit.py:492} INFO - 26/02/12 19:05:46 INFO DAGScheduler: Missing parents: List()
[2026-02-12T19:05:46.474+0000] {spark_submit.py:492} INFO - 26/02/12 19:05:46 INFO DAGScheduler: Submitting ResultStage 1 (MapPartitionsRDD[7] at parquet at NativeMethodAccessorImpl.java:0), which has no missing parents
[2026-02-12T19:05:46.524+0000] {spark_submit.py:492} INFO - 26/02/12 19:05:46 INFO MemoryStore: Block broadcast_3 stored as values in memory (estimated size 236.4 KiB, free 433.7 MiB)
[2026-02-12T19:05:46.537+0000] {spark_submit.py:492} INFO - 26/02/12 19:05:46 INFO MemoryStore: Block broadcast_3_piece0 stored as bytes in memory (estimated size 86.4 KiB, free 433.6 MiB)
[2026-02-12T19:05:46.538+0000] {spark_submit.py:492} INFO - 26/02/12 19:05:46 INFO BlockManagerInfo: Added broadcast_3_piece0 in memory on 649004db3ede:39261 (size: 86.4 KiB, free: 434.2 MiB)
[2026-02-12T19:05:46.538+0000] {spark_submit.py:492} INFO - 26/02/12 19:05:46 INFO SparkContext: Created broadcast 3 from broadcast at DAGScheduler.scala:1535
[2026-02-12T19:05:46.539+0000] {spark_submit.py:492} INFO - 26/02/12 19:05:46 INFO DAGScheduler: Submitting 1 missing tasks from ResultStage 1 (MapPartitionsRDD[7] at parquet at NativeMethodAccessorImpl.java:0) (first 15 tasks are for partitions Vector(0))
[2026-02-12T19:05:46.539+0000] {spark_submit.py:492} INFO - 26/02/12 19:05:46 INFO TaskSchedulerImpl: Adding task set 1.0 with 1 tasks resource profile 0
[2026-02-12T19:05:46.541+0000] {spark_submit.py:492} INFO - 26/02/12 19:05:46 INFO TaskSetManager: Starting task 0.0 in stage 1.0 (TID 1) (649004db3ede, executor driver, partition 0, PROCESS_LOCAL, 9196 bytes)
[2026-02-12T19:05:46.545+0000] {spark_submit.py:492} INFO - 26/02/12 19:05:46 INFO Executor: Running task 0.0 in stage 1.0 (TID 1)
[2026-02-12T19:05:46.658+0000] {spark_submit.py:492} INFO - 26/02/12 19:05:46 INFO CodeGenerator: Code generated in 16.987954 ms
[2026-02-12T19:05:46.684+0000] {spark_submit.py:492} INFO - 26/02/12 19:05:46 INFO CodeGenerator: Code generated in 10.637644 ms
[2026-02-12T19:05:46.701+0000] {spark_submit.py:492} INFO - 26/02/12 19:05:46 INFO FileOutputCommitter: File Output Committer Algorithm version is 1
[2026-02-12T19:05:46.701+0000] {spark_submit.py:492} INFO - 26/02/12 19:05:46 INFO FileOutputCommitter: FileOutputCommitter skip cleanup _temporary folders under output directory:false, ignore cleanup failures: false
[2026-02-12T19:05:46.701+0000] {spark_submit.py:492} INFO - 26/02/12 19:05:46 INFO SQLHadoopMapReduceCommitProtocol: Using user defined output committer class org.apache.parquet.hadoop.ParquetOutputCommitter
[2026-02-12T19:05:46.702+0000] {spark_submit.py:492} INFO - 26/02/12 19:05:46 INFO FileOutputCommitter: File Output Committer Algorithm version is 1
[2026-02-12T19:05:46.702+0000] {spark_submit.py:492} INFO - 26/02/12 19:05:46 INFO FileOutputCommitter: FileOutputCommitter skip cleanup _temporary folders under output directory:false, ignore cleanup failures: false
[2026-02-12T19:05:46.702+0000] {spark_submit.py:492} INFO - 26/02/12 19:05:46 INFO SQLHadoopMapReduceCommitProtocol: Using output committer class org.apache.parquet.hadoop.ParquetOutputCommitter
[2026-02-12T19:05:46.756+0000] {spark_submit.py:492} INFO - 26/02/12 19:05:46 INFO CodeGenerator: Code generated in 33.274441 ms
[2026-02-12T19:05:46.759+0000] {spark_submit.py:492} INFO - 26/02/12 19:05:46 INFO FileScanRDD: Reading File path: file:///opt/data_lake/twitter_posts_raw/tweets_2026-02-11.json, range: 0-5524, partition values: [empty row]
[2026-02-12T19:05:46.806+0000] {spark_submit.py:492} INFO - 26/02/12 19:05:46 INFO CodeGenerator: Code generated in 39.07713 ms
[2026-02-12T19:05:46.874+0000] {spark_submit.py:492} INFO - 26/02/12 19:05:46 INFO FileScanRDD: Reading File path: file:///opt/data_lake/twitter_posts_raw/tweets_2026-02-08.json, range: 0-5455, partition values: [empty row]
[2026-02-12T19:05:46.886+0000] {spark_submit.py:492} INFO - 26/02/12 19:05:46 INFO FileScanRDD: Reading File path: file:///opt/data_lake/twitter_posts_raw/tweets_2026-02-10.json, range: 0-5426, partition values: [empty row]
[2026-02-12T19:05:46.894+0000] {spark_submit.py:492} INFO - 26/02/12 19:05:46 INFO FileScanRDD: Reading File path: file:///opt/data_lake/twitter_posts_raw/tweets_2026-02-07.json, range: 0-5394, partition values: [empty row]
[2026-02-12T19:05:46.907+0000] {spark_submit.py:492} INFO - 26/02/12 19:05:46 INFO FileScanRDD: Reading File path: file:///opt/data_lake/twitter_posts_raw/tweets_2026-02-09.json, range: 0-5376, partition values: [empty row]
[2026-02-12T19:05:46.917+0000] {spark_submit.py:492} INFO - 26/02/12 19:05:46 INFO FileScanRDD: Reading File path: file:///opt/data_lake/twitter_posts_raw/tweets_2026-02-02.json, range: 0-5314, partition values: [empty row]
[2026-02-12T19:05:46.927+0000] {spark_submit.py:492} INFO - 26/02/12 19:05:46 INFO FileScanRDD: Reading File path: file:///opt/data_lake/twitter_posts_raw/tweets_2026-02-05.json, range: 0-5311, partition values: [empty row]
[2026-02-12T19:05:46.933+0000] {spark_submit.py:492} INFO - 26/02/12 19:05:46 INFO FileScanRDD: Reading File path: file:///opt/data_lake/twitter_posts_raw/tweets_2026-02-04.json, range: 0-5302, partition values: [empty row]
[2026-02-12T19:05:46.940+0000] {spark_submit.py:492} INFO - 26/02/12 19:05:46 INFO FileScanRDD: Reading File path: file:///opt/data_lake/twitter_posts_raw/tweets_2026-02-03.json, range: 0-5250, partition values: [empty row]
[2026-02-12T19:05:46.947+0000] {spark_submit.py:492} INFO - 26/02/12 19:05:46 INFO FileScanRDD: Reading File path: file:///opt/data_lake/twitter_posts_raw/tweets_2026-02-06.json, range: 0-5026, partition values: [empty row]
[2026-02-12T19:05:46.952+0000] {spark_submit.py:492} INFO - 26/02/12 19:05:46 INFO FileScanRDD: Reading File path: file:///opt/data_lake/twitter_posts_raw/tweets_2026-02-01.json, range: 0-4997, partition values: [empty row]
[2026-02-12T19:05:46.959+0000] {spark_submit.py:492} INFO - 26/02/12 19:05:46 INFO FileScanRDD: Reading File path: file:///opt/data_lake/twitter_posts_raw/tweets_2026-02-12.json, range: 0-3497, partition values: [empty row]
[2026-02-12T19:05:46.992+0000] {spark_submit.py:492} INFO - 26/02/12 19:05:46 INFO CodeGenerator: Code generated in 17.852551 ms
[2026-02-12T19:05:47.039+0000] {spark_submit.py:492} INFO - 26/02/12 19:05:47 INFO CodeGenerator: Code generated in 29.684948 ms
[2026-02-12T19:05:47.054+0000] {spark_submit.py:492} INFO - 26/02/12 19:05:47 INFO CodecConfig: Compression: SNAPPY
[2026-02-12T19:05:47.057+0000] {spark_submit.py:492} INFO - 26/02/12 19:05:47 INFO CodecConfig: Compression: SNAPPY
[2026-02-12T19:05:47.082+0000] {spark_submit.py:492} INFO - 26/02/12 19:05:47 INFO ParquetOutputFormat: ParquetRecordWriter [block size: 134217728b, row group padding size: 8388608b, validating: false]
[2026-02-12T19:05:47.129+0000] {spark_submit.py:492} INFO - 26/02/12 19:05:47 INFO ParquetWriteSupport: Initialized Parquet WriteSupport with Catalyst schema:
[2026-02-12T19:05:47.130+0000] {spark_submit.py:492} INFO - {
[2026-02-12T19:05:47.130+0000] {spark_submit.py:492} INFO - "type" : "struct",
[2026-02-12T19:05:47.130+0000] {spark_submit.py:492} INFO - "fields" : [ {
[2026-02-12T19:05:47.131+0000] {spark_submit.py:492} INFO - "name" : "user_id",
[2026-02-12T19:05:47.131+0000] {spark_submit.py:492} INFO - "type" : "string",
[2026-02-12T19:05:47.131+0000] {spark_submit.py:492} INFO - "nullable" : true,
[2026-02-12T19:05:47.131+0000] {spark_submit.py:492} INFO - "metadata" : { }
[2026-02-12T19:05:47.133+0000] {spark_submit.py:492} INFO - }, {
[2026-02-12T19:05:47.133+0000] {spark_submit.py:492} INFO - "name" : "thread_id",
[2026-02-12T19:05:47.133+0000] {spark_submit.py:492} INFO - "type" : "string",
[2026-02-12T19:05:47.133+0000] {spark_submit.py:492} INFO - "nullable" : true,
[2026-02-12T19:05:47.133+0000] {spark_submit.py:492} INFO - "metadata" : { }
[2026-02-12T19:05:47.134+0000] {spark_submit.py:492} INFO - }, {
[2026-02-12T19:05:47.134+0000] {spark_submit.py:492} INFO - "name" : "created_at",
[2026-02-12T19:05:47.134+0000] {spark_submit.py:492} INFO - "type" : "string",
[2026-02-12T19:05:47.134+0000] {spark_submit.py:492} INFO - "nullable" : true,
[2026-02-12T19:05:47.134+0000] {spark_submit.py:492} INFO - "metadata" : { }
[2026-02-12T19:05:47.134+0000] {spark_submit.py:492} INFO - }, {
[2026-02-12T19:05:47.135+0000] {spark_submit.py:492} INFO - "name" : "edit_versions_ids",
[2026-02-12T19:05:47.135+0000] {spark_submit.py:492} INFO - "type" : {
[2026-02-12T19:05:47.135+0000] {spark_submit.py:492} INFO - "type" : "array",
[2026-02-12T19:05:47.135+0000] {spark_submit.py:492} INFO - "elementType" : "long",
[2026-02-12T19:05:47.135+0000] {spark_submit.py:492} INFO - "containsNull" : true
[2026-02-12T19:05:47.135+0000] {spark_submit.py:492} INFO - },
[2026-02-12T19:05:47.136+0000] {spark_submit.py:492} INFO - "nullable" : true,
[2026-02-12T19:05:47.136+0000] {spark_submit.py:492} INFO - "metadata" : { }
[2026-02-12T19:05:47.136+0000] {spark_submit.py:492} INFO - }, {
[2026-02-12T19:05:47.136+0000] {spark_submit.py:492} INFO - "name" : "tweet_id",
[2026-02-12T19:05:47.136+0000] {spark_submit.py:492} INFO - "type" : "string",
[2026-02-12T19:05:47.136+0000] {spark_submit.py:492} INFO - "nullable" : true,
[2026-02-12T19:05:47.137+0000] {spark_submit.py:492} INFO - "metadata" : { }
[2026-02-12T19:05:47.137+0000] {spark_submit.py:492} INFO - }, {
[2026-02-12T19:05:47.137+0000] {spark_submit.py:492} INFO - "name" : "reply_to_user_id",
[2026-02-12T19:05:47.137+0000] {spark_submit.py:492} INFO - "type" : "string",
[2026-02-12T19:05:47.137+0000] {spark_submit.py:492} INFO - "nullable" : true,
[2026-02-12T19:05:47.137+0000] {spark_submit.py:492} INFO - "metadata" : { }
[2026-02-12T19:05:47.137+0000] {spark_submit.py:492} INFO - }, {
[2026-02-12T19:05:47.138+0000] {spark_submit.py:492} INFO - "name" : "language",
[2026-02-12T19:05:47.138+0000] {spark_submit.py:492} INFO - "type" : "string",
[2026-02-12T19:05:47.138+0000] {spark_submit.py:492} INFO - "nullable" : true,
[2026-02-12T19:05:47.138+0000] {spark_submit.py:492} INFO - "metadata" : { }
[2026-02-12T19:05:47.138+0000] {spark_submit.py:492} INFO - }, {
[2026-02-12T19:05:47.138+0000] {spark_submit.py:492} INFO - "name" : "tweet_text",
[2026-02-12T19:05:47.138+0000] {spark_submit.py:492} INFO - "type" : "string",
[2026-02-12T19:05:47.139+0000] {spark_submit.py:492} INFO - "nullable" : true,
[2026-02-12T19:05:47.139+0000] {spark_submit.py:492} INFO - "metadata" : { }
[2026-02-12T19:05:47.139+0000] {spark_submit.py:492} INFO - }, {
[2026-02-12T19:05:47.139+0000] {spark_submit.py:492} INFO - "name" : "likes",
[2026-02-12T19:05:47.139+0000] {spark_submit.py:492} INFO - "type" : "long",
[2026-02-12T19:05:47.139+0000] {spark_submit.py:492} INFO - "nullable" : true,
[2026-02-12T19:05:47.140+0000] {spark_submit.py:492} INFO - "metadata" : { }
[2026-02-12T19:05:47.140+0000] {spark_submit.py:492} INFO - }, {
[2026-02-12T19:05:47.140+0000] {spark_submit.py:492} INFO - "name" : "quotes",
[2026-02-12T19:05:47.140+0000] {spark_submit.py:492} INFO - "type" : "long",
[2026-02-12T19:05:47.140+0000] {spark_submit.py:492} INFO - "nullable" : true,
[2026-02-12T19:05:47.140+0000] {spark_submit.py:492} INFO - "metadata" : { }
[2026-02-12T19:05:47.141+0000] {spark_submit.py:492} INFO - }, {
[2026-02-12T19:05:47.141+0000] {spark_submit.py:492} INFO - "name" : "replies",
[2026-02-12T19:05:47.141+0000] {spark_submit.py:492} INFO - "type" : "long",
[2026-02-12T19:05:47.141+0000] {spark_submit.py:492} INFO - "nullable" : true,
[2026-02-12T19:05:47.141+0000] {spark_submit.py:492} INFO - "metadata" : { }
[2026-02-12T19:05:47.141+0000] {spark_submit.py:492} INFO - }, {
[2026-02-12T19:05:47.142+0000] {spark_submit.py:492} INFO - "name" : "retweets",
[2026-02-12T19:05:47.142+0000] {spark_submit.py:492} INFO - "type" : "long",
[2026-02-12T19:05:47.142+0000] {spark_submit.py:492} INFO - "nullable" : true,
[2026-02-12T19:05:47.142+0000] {spark_submit.py:492} INFO - "metadata" : { }
[2026-02-12T19:05:47.142+0000] {spark_submit.py:492} INFO - }, {
[2026-02-12T19:05:47.142+0000] {spark_submit.py:492} INFO - "name" : "processing_date",
[2026-02-12T19:05:47.143+0000] {spark_submit.py:492} INFO - "type" : "date",
[2026-02-12T19:05:47.143+0000] {spark_submit.py:492} INFO - "nullable" : false,
[2026-02-12T19:05:47.143+0000] {spark_submit.py:492} INFO - "metadata" : { }
[2026-02-12T19:05:47.143+0000] {spark_submit.py:492} INFO - } ]
[2026-02-12T19:05:47.143+0000] {spark_submit.py:492} INFO - }
[2026-02-12T19:05:47.143+0000] {spark_submit.py:492} INFO - and corresponding Parquet message type:
[2026-02-12T19:05:47.144+0000] {spark_submit.py:492} INFO - message spark_schema {
[2026-02-12T19:05:47.144+0000] {spark_submit.py:492} INFO - optional binary user_id (STRING);
[2026-02-12T19:05:47.144+0000] {spark_submit.py:492} INFO - optional binary thread_id (STRING);
[2026-02-12T19:05:47.144+0000] {spark_submit.py:492} INFO - optional binary created_at (STRING);
[2026-02-12T19:05:47.144+0000] {spark_submit.py:492} INFO - optional group edit_versions_ids (LIST) {
[2026-02-12T19:05:47.144+0000] {spark_submit.py:492} INFO - repeated group list {
[2026-02-12T19:05:47.145+0000] {spark_submit.py:492} INFO - optional int64 element;
[2026-02-12T19:05:47.145+0000] {spark_submit.py:492} INFO - }
[2026-02-12T19:05:47.146+0000] {spark_submit.py:492} INFO - }
[2026-02-12T19:05:47.147+0000] {spark_submit.py:492} INFO - optional binary tweet_id (STRING);
[2026-02-12T19:05:47.147+0000] {spark_submit.py:492} INFO - optional binary reply_to_user_id (STRING);
[2026-02-12T19:05:47.147+0000] {spark_submit.py:492} INFO - optional binary language (STRING);
[2026-02-12T19:05:47.147+0000] {spark_submit.py:492} INFO - optional binary tweet_text (STRING);
[2026-02-12T19:05:47.147+0000] {spark_submit.py:492} INFO - optional int64 likes;
[2026-02-12T19:05:47.147+0000] {spark_submit.py:492} INFO - optional int64 quotes;
[2026-02-12T19:05:47.148+0000] {spark_submit.py:492} INFO - optional int64 replies;
[2026-02-12T19:05:47.149+0000] {spark_submit.py:492} INFO - optional int64 retweets;
[2026-02-12T19:05:47.149+0000] {spark_submit.py:492} INFO - required int32 processing_date (DATE);
[2026-02-12T19:05:47.149+0000] {spark_submit.py:492} INFO - }
[2026-02-12T19:05:47.150+0000] {spark_submit.py:492} INFO - 
[2026-02-12T19:05:47.150+0000] {spark_submit.py:492} INFO - 
[2026-02-12T19:05:47.273+0000] {spark_submit.py:492} INFO - 26/02/12 19:05:47 INFO CodecPool: Got brand-new compressor [.snappy]
[2026-02-12T19:05:47.341+0000] {spark_submit.py:492} INFO - 26/02/12 19:05:47 INFO BlockManagerInfo: Removed broadcast_0_piece0 on 649004db3ede:39261 in memory (size: 34.2 KiB, free: 434.3 MiB)
[2026-02-12T19:05:48.162+0000] {spark_submit.py:492} INFO - 26/02/12 19:05:48 INFO CodecConfig: Compression: SNAPPY
[2026-02-12T19:05:48.162+0000] {spark_submit.py:492} INFO - 26/02/12 19:05:48 INFO CodecConfig: Compression: SNAPPY
[2026-02-12T19:05:48.162+0000] {spark_submit.py:492} INFO - 26/02/12 19:05:48 INFO ParquetOutputFormat: ParquetRecordWriter [block size: 134217728b, row group padding size: 8388608b, validating: false]
[2026-02-12T19:05:48.163+0000] {spark_submit.py:492} INFO - 26/02/12 19:05:48 INFO ParquetWriteSupport: Initialized Parquet WriteSupport with Catalyst schema:
[2026-02-12T19:05:48.163+0000] {spark_submit.py:492} INFO - {
[2026-02-12T19:05:48.163+0000] {spark_submit.py:492} INFO - "type" : "struct",
[2026-02-12T19:05:48.163+0000] {spark_submit.py:492} INFO - "fields" : [ {
[2026-02-12T19:05:48.163+0000] {spark_submit.py:492} INFO - "name" : "user_id",
[2026-02-12T19:05:48.163+0000] {spark_submit.py:492} INFO - "type" : "string",
[2026-02-12T19:05:48.164+0000] {spark_submit.py:492} INFO - "nullable" : true,
[2026-02-12T19:05:48.164+0000] {spark_submit.py:492} INFO - "metadata" : { }
[2026-02-12T19:05:48.164+0000] {spark_submit.py:492} INFO - }, {
[2026-02-12T19:05:48.165+0000] {spark_submit.py:492} INFO - "name" : "thread_id",
[2026-02-12T19:05:48.165+0000] {spark_submit.py:492} INFO - "type" : "string",
[2026-02-12T19:05:48.165+0000] {spark_submit.py:492} INFO - "nullable" : true,
[2026-02-12T19:05:48.165+0000] {spark_submit.py:492} INFO - "metadata" : { }
[2026-02-12T19:05:48.166+0000] {spark_submit.py:492} INFO - }, {
[2026-02-12T19:05:48.166+0000] {spark_submit.py:492} INFO - "name" : "created_at",
[2026-02-12T19:05:48.166+0000] {spark_submit.py:492} INFO - "type" : "string",
[2026-02-12T19:05:48.166+0000] {spark_submit.py:492} INFO - "nullable" : true,
[2026-02-12T19:05:48.167+0000] {spark_submit.py:492} INFO - "metadata" : { }
[2026-02-12T19:05:48.167+0000] {spark_submit.py:492} INFO - }, {
[2026-02-12T19:05:48.167+0000] {spark_submit.py:492} INFO - "name" : "edit_versions_ids",
[2026-02-12T19:05:48.167+0000] {spark_submit.py:492} INFO - "type" : {
[2026-02-12T19:05:48.167+0000] {spark_submit.py:492} INFO - "type" : "array",
[2026-02-12T19:05:48.167+0000] {spark_submit.py:492} INFO - "elementType" : "long",
[2026-02-12T19:05:48.168+0000] {spark_submit.py:492} INFO - "containsNull" : true
[2026-02-12T19:05:48.168+0000] {spark_submit.py:492} INFO - },
[2026-02-12T19:05:48.168+0000] {spark_submit.py:492} INFO - "nullable" : true,
[2026-02-12T19:05:48.168+0000] {spark_submit.py:492} INFO - "metadata" : { }
[2026-02-12T19:05:48.169+0000] {spark_submit.py:492} INFO - }, {
[2026-02-12T19:05:48.169+0000] {spark_submit.py:492} INFO - "name" : "tweet_id",
[2026-02-12T19:05:48.169+0000] {spark_submit.py:492} INFO - "type" : "string",
[2026-02-12T19:05:48.169+0000] {spark_submit.py:492} INFO - "nullable" : true,
[2026-02-12T19:05:48.169+0000] {spark_submit.py:492} INFO - "metadata" : { }
[2026-02-12T19:05:48.169+0000] {spark_submit.py:492} INFO - }, {
[2026-02-12T19:05:48.169+0000] {spark_submit.py:492} INFO - "name" : "reply_to_user_id",
[2026-02-12T19:05:48.170+0000] {spark_submit.py:492} INFO - "type" : "string",
[2026-02-12T19:05:48.170+0000] {spark_submit.py:492} INFO - "nullable" : true,
[2026-02-12T19:05:48.170+0000] {spark_submit.py:492} INFO - "metadata" : { }
[2026-02-12T19:05:48.170+0000] {spark_submit.py:492} INFO - }, {
[2026-02-12T19:05:48.170+0000] {spark_submit.py:492} INFO - "name" : "language",
[2026-02-12T19:05:48.170+0000] {spark_submit.py:492} INFO - "type" : "string",
[2026-02-12T19:05:48.171+0000] {spark_submit.py:492} INFO - "nullable" : true,
[2026-02-12T19:05:48.171+0000] {spark_submit.py:492} INFO - "metadata" : { }
[2026-02-12T19:05:48.171+0000] {spark_submit.py:492} INFO - }, {
[2026-02-12T19:05:48.171+0000] {spark_submit.py:492} INFO - "name" : "tweet_text",
[2026-02-12T19:05:48.171+0000] {spark_submit.py:492} INFO - "type" : "string",
[2026-02-12T19:05:48.171+0000] {spark_submit.py:492} INFO - "nullable" : true,
[2026-02-12T19:05:48.172+0000] {spark_submit.py:492} INFO - "metadata" : { }
[2026-02-12T19:05:48.172+0000] {spark_submit.py:492} INFO - }, {
[2026-02-12T19:05:48.172+0000] {spark_submit.py:492} INFO - "name" : "likes",
[2026-02-12T19:05:48.172+0000] {spark_submit.py:492} INFO - "type" : "long",
[2026-02-12T19:05:48.172+0000] {spark_submit.py:492} INFO - "nullable" : true,
[2026-02-12T19:05:48.173+0000] {spark_submit.py:492} INFO - "metadata" : { }
[2026-02-12T19:05:48.173+0000] {spark_submit.py:492} INFO - }, {
[2026-02-12T19:05:48.174+0000] {spark_submit.py:492} INFO - "name" : "quotes",
[2026-02-12T19:05:48.174+0000] {spark_submit.py:492} INFO - "type" : "long",
[2026-02-12T19:05:48.174+0000] {spark_submit.py:492} INFO - "nullable" : true,
[2026-02-12T19:05:48.174+0000] {spark_submit.py:492} INFO - "metadata" : { }
[2026-02-12T19:05:48.174+0000] {spark_submit.py:492} INFO - }, {
[2026-02-12T19:05:48.175+0000] {spark_submit.py:492} INFO - "name" : "replies",
[2026-02-12T19:05:48.175+0000] {spark_submit.py:492} INFO - "type" : "long",
[2026-02-12T19:05:48.175+0000] {spark_submit.py:492} INFO - "nullable" : true,
[2026-02-12T19:05:48.175+0000] {spark_submit.py:492} INFO - "metadata" : { }
[2026-02-12T19:05:48.175+0000] {spark_submit.py:492} INFO - }, {
[2026-02-12T19:05:48.175+0000] {spark_submit.py:492} INFO - "name" : "retweets",
[2026-02-12T19:05:48.176+0000] {spark_submit.py:492} INFO - "type" : "long",
[2026-02-12T19:05:48.176+0000] {spark_submit.py:492} INFO - "nullable" : true,
[2026-02-12T19:05:48.176+0000] {spark_submit.py:492} INFO - "metadata" : { }
[2026-02-12T19:05:48.176+0000] {spark_submit.py:492} INFO - }, {
[2026-02-12T19:05:48.177+0000] {spark_submit.py:492} INFO - "name" : "processing_date",
[2026-02-12T19:05:48.177+0000] {spark_submit.py:492} INFO - "type" : "date",
[2026-02-12T19:05:48.177+0000] {spark_submit.py:492} INFO - "nullable" : false,
[2026-02-12T19:05:48.177+0000] {spark_submit.py:492} INFO - "metadata" : { }
[2026-02-12T19:05:48.178+0000] {spark_submit.py:492} INFO - } ]
[2026-02-12T19:05:48.178+0000] {spark_submit.py:492} INFO - }
[2026-02-12T19:05:48.178+0000] {spark_submit.py:492} INFO - and corresponding Parquet message type:
[2026-02-12T19:05:48.178+0000] {spark_submit.py:492} INFO - message spark_schema {
[2026-02-12T19:05:48.179+0000] {spark_submit.py:492} INFO - optional binary user_id (STRING);
[2026-02-12T19:05:48.179+0000] {spark_submit.py:492} INFO - optional binary thread_id (STRING);
[2026-02-12T19:05:48.179+0000] {spark_submit.py:492} INFO - optional binary created_at (STRING);
[2026-02-12T19:05:48.179+0000] {spark_submit.py:492} INFO - optional group edit_versions_ids (LIST) {
[2026-02-12T19:05:48.180+0000] {spark_submit.py:492} INFO - repeated group list {
[2026-02-12T19:05:48.180+0000] {spark_submit.py:492} INFO - optional int64 element;
[2026-02-12T19:05:48.180+0000] {spark_submit.py:492} INFO - }
[2026-02-12T19:05:48.181+0000] {spark_submit.py:492} INFO - }
[2026-02-12T19:05:48.181+0000] {spark_submit.py:492} INFO - optional binary tweet_id (STRING);
[2026-02-12T19:05:48.181+0000] {spark_submit.py:492} INFO - optional binary reply_to_user_id (STRING);
[2026-02-12T19:05:48.181+0000] {spark_submit.py:492} INFO - optional binary language (STRING);
[2026-02-12T19:05:48.181+0000] {spark_submit.py:492} INFO - optional binary tweet_text (STRING);
[2026-02-12T19:05:48.182+0000] {spark_submit.py:492} INFO - optional int64 likes;
[2026-02-12T19:05:48.182+0000] {spark_submit.py:492} INFO - optional int64 quotes;
[2026-02-12T19:05:48.182+0000] {spark_submit.py:492} INFO - optional int64 replies;
[2026-02-12T19:05:48.182+0000] {spark_submit.py:492} INFO - optional int64 retweets;
[2026-02-12T19:05:48.183+0000] {spark_submit.py:492} INFO - required int32 processing_date (DATE);
[2026-02-12T19:05:48.183+0000] {spark_submit.py:492} INFO - }
[2026-02-12T19:05:48.183+0000] {spark_submit.py:492} INFO - 
[2026-02-12T19:05:48.183+0000] {spark_submit.py:492} INFO - 
[2026-02-12T19:05:48.264+0000] {spark_submit.py:492} INFO - 26/02/12 19:05:48 INFO CodecConfig: Compression: SNAPPY
[2026-02-12T19:05:48.265+0000] {spark_submit.py:492} INFO - 26/02/12 19:05:48 INFO CodecConfig: Compression: SNAPPY
[2026-02-12T19:05:48.266+0000] {spark_submit.py:492} INFO - 26/02/12 19:05:48 INFO ParquetOutputFormat: ParquetRecordWriter [block size: 134217728b, row group padding size: 8388608b, validating: false]
[2026-02-12T19:05:48.271+0000] {spark_submit.py:492} INFO - 26/02/12 19:05:48 INFO ParquetWriteSupport: Initialized Parquet WriteSupport with Catalyst schema:
[2026-02-12T19:05:48.271+0000] {spark_submit.py:492} INFO - {
[2026-02-12T19:05:48.271+0000] {spark_submit.py:492} INFO - "type" : "struct",
[2026-02-12T19:05:48.271+0000] {spark_submit.py:492} INFO - "fields" : [ {
[2026-02-12T19:05:48.272+0000] {spark_submit.py:492} INFO - "name" : "user_id",
[2026-02-12T19:05:48.272+0000] {spark_submit.py:492} INFO - "type" : "string",
[2026-02-12T19:05:48.272+0000] {spark_submit.py:492} INFO - "nullable" : true,
[2026-02-12T19:05:48.272+0000] {spark_submit.py:492} INFO - "metadata" : { }
[2026-02-12T19:05:48.273+0000] {spark_submit.py:492} INFO - }, {
[2026-02-12T19:05:48.273+0000] {spark_submit.py:492} INFO - "name" : "thread_id",
[2026-02-12T19:05:48.273+0000] {spark_submit.py:492} INFO - "type" : "string",
[2026-02-12T19:05:48.273+0000] {spark_submit.py:492} INFO - "nullable" : true,
[2026-02-12T19:05:48.274+0000] {spark_submit.py:492} INFO - "metadata" : { }
[2026-02-12T19:05:48.274+0000] {spark_submit.py:492} INFO - }, {
[2026-02-12T19:05:48.274+0000] {spark_submit.py:492} INFO - "name" : "created_at",
[2026-02-12T19:05:48.275+0000] {spark_submit.py:492} INFO - "type" : "string",
[2026-02-12T19:05:48.275+0000] {spark_submit.py:492} INFO - "nullable" : true,
[2026-02-12T19:05:48.275+0000] {spark_submit.py:492} INFO - "metadata" : { }
[2026-02-12T19:05:48.276+0000] {spark_submit.py:492} INFO - }, {
[2026-02-12T19:05:48.276+0000] {spark_submit.py:492} INFO - "name" : "edit_versions_ids",
[2026-02-12T19:05:48.277+0000] {spark_submit.py:492} INFO - "type" : {
[2026-02-12T19:05:48.277+0000] {spark_submit.py:492} INFO - "type" : "array",
[2026-02-12T19:05:48.277+0000] {spark_submit.py:492} INFO - "elementType" : "long",
[2026-02-12T19:05:48.277+0000] {spark_submit.py:492} INFO - "containsNull" : true
[2026-02-12T19:05:48.278+0000] {spark_submit.py:492} INFO - },
[2026-02-12T19:05:48.278+0000] {spark_submit.py:492} INFO - "nullable" : true,
[2026-02-12T19:05:48.278+0000] {spark_submit.py:492} INFO - "metadata" : { }
[2026-02-12T19:05:48.278+0000] {spark_submit.py:492} INFO - }, {
[2026-02-12T19:05:48.278+0000] {spark_submit.py:492} INFO - "name" : "tweet_id",
[2026-02-12T19:05:48.278+0000] {spark_submit.py:492} INFO - "type" : "string",
[2026-02-12T19:05:48.279+0000] {spark_submit.py:492} INFO - "nullable" : true,
[2026-02-12T19:05:48.279+0000] {spark_submit.py:492} INFO - "metadata" : { }
[2026-02-12T19:05:48.279+0000] {spark_submit.py:492} INFO - }, {
[2026-02-12T19:05:48.279+0000] {spark_submit.py:492} INFO - "name" : "reply_to_user_id",
[2026-02-12T19:05:48.279+0000] {spark_submit.py:492} INFO - "type" : "string",
[2026-02-12T19:05:48.280+0000] {spark_submit.py:492} INFO - "nullable" : true,
[2026-02-12T19:05:48.280+0000] {spark_submit.py:492} INFO - "metadata" : { }
[2026-02-12T19:05:48.280+0000] {spark_submit.py:492} INFO - }, {
[2026-02-12T19:05:48.280+0000] {spark_submit.py:492} INFO - "name" : "language",
[2026-02-12T19:05:48.280+0000] {spark_submit.py:492} INFO - "type" : "string",
[2026-02-12T19:05:48.281+0000] {spark_submit.py:492} INFO - "nullable" : true,
[2026-02-12T19:05:48.281+0000] {spark_submit.py:492} INFO - "metadata" : { }
[2026-02-12T19:05:48.281+0000] {spark_submit.py:492} INFO - }, {
[2026-02-12T19:05:48.281+0000] {spark_submit.py:492} INFO - "name" : "tweet_text",
[2026-02-12T19:05:48.281+0000] {spark_submit.py:492} INFO - "type" : "string",
[2026-02-12T19:05:48.282+0000] {spark_submit.py:492} INFO - "nullable" : true,
[2026-02-12T19:05:48.282+0000] {spark_submit.py:492} INFO - "metadata" : { }
[2026-02-12T19:05:48.282+0000] {spark_submit.py:492} INFO - }, {
[2026-02-12T19:05:48.284+0000] {spark_submit.py:492} INFO - "name" : "likes",
[2026-02-12T19:05:48.284+0000] {spark_submit.py:492} INFO - "type" : "long",
[2026-02-12T19:05:48.284+0000] {spark_submit.py:492} INFO - "nullable" : true,
[2026-02-12T19:05:48.284+0000] {spark_submit.py:492} INFO - "metadata" : { }
[2026-02-12T19:05:48.284+0000] {spark_submit.py:492} INFO - }, {
[2026-02-12T19:05:48.284+0000] {spark_submit.py:492} INFO - "name" : "quotes",
[2026-02-12T19:05:48.285+0000] {spark_submit.py:492} INFO - "type" : "long",
[2026-02-12T19:05:48.285+0000] {spark_submit.py:492} INFO - "nullable" : true,
[2026-02-12T19:05:48.285+0000] {spark_submit.py:492} INFO - "metadata" : { }
[2026-02-12T19:05:48.285+0000] {spark_submit.py:492} INFO - }, {
[2026-02-12T19:05:48.285+0000] {spark_submit.py:492} INFO - "name" : "replies",
[2026-02-12T19:05:48.285+0000] {spark_submit.py:492} INFO - "type" : "long",
[2026-02-12T19:05:48.285+0000] {spark_submit.py:492} INFO - "nullable" : true,
[2026-02-12T19:05:48.286+0000] {spark_submit.py:492} INFO - "metadata" : { }
[2026-02-12T19:05:48.286+0000] {spark_submit.py:492} INFO - }, {
[2026-02-12T19:05:48.286+0000] {spark_submit.py:492} INFO - "name" : "retweets",
[2026-02-12T19:05:48.286+0000] {spark_submit.py:492} INFO - "type" : "long",
[2026-02-12T19:05:48.286+0000] {spark_submit.py:492} INFO - "nullable" : true,
[2026-02-12T19:05:48.287+0000] {spark_submit.py:492} INFO - "metadata" : { }
[2026-02-12T19:05:48.287+0000] {spark_submit.py:492} INFO - }, {
[2026-02-12T19:05:48.287+0000] {spark_submit.py:492} INFO - "name" : "processing_date",
[2026-02-12T19:05:48.287+0000] {spark_submit.py:492} INFO - "type" : "date",
[2026-02-12T19:05:48.287+0000] {spark_submit.py:492} INFO - "nullable" : false,
[2026-02-12T19:05:48.287+0000] {spark_submit.py:492} INFO - "metadata" : { }
[2026-02-12T19:05:48.287+0000] {spark_submit.py:492} INFO - } ]
[2026-02-12T19:05:48.288+0000] {spark_submit.py:492} INFO - }
[2026-02-12T19:05:48.288+0000] {spark_submit.py:492} INFO - and corresponding Parquet message type:
[2026-02-12T19:05:48.288+0000] {spark_submit.py:492} INFO - message spark_schema {
[2026-02-12T19:05:48.288+0000] {spark_submit.py:492} INFO - optional binary user_id (STRING);
[2026-02-12T19:05:48.289+0000] {spark_submit.py:492} INFO - optional binary thread_id (STRING);
[2026-02-12T19:05:48.289+0000] {spark_submit.py:492} INFO - optional binary created_at (STRING);
[2026-02-12T19:05:48.289+0000] {spark_submit.py:492} INFO - optional group edit_versions_ids (LIST) {
[2026-02-12T19:05:48.289+0000] {spark_submit.py:492} INFO - repeated group list {
[2026-02-12T19:05:48.289+0000] {spark_submit.py:492} INFO - optional int64 element;
[2026-02-12T19:05:48.290+0000] {spark_submit.py:492} INFO - }
[2026-02-12T19:05:48.290+0000] {spark_submit.py:492} INFO - }
[2026-02-12T19:05:48.290+0000] {spark_submit.py:492} INFO - optional binary tweet_id (STRING);
[2026-02-12T19:05:48.290+0000] {spark_submit.py:492} INFO - optional binary reply_to_user_id (STRING);
[2026-02-12T19:05:48.290+0000] {spark_submit.py:492} INFO - optional binary language (STRING);
[2026-02-12T19:05:48.290+0000] {spark_submit.py:492} INFO - optional binary tweet_text (STRING);
[2026-02-12T19:05:48.291+0000] {spark_submit.py:492} INFO - optional int64 likes;
[2026-02-12T19:05:48.291+0000] {spark_submit.py:492} INFO - optional int64 quotes;
[2026-02-12T19:05:48.291+0000] {spark_submit.py:492} INFO - optional int64 replies;
[2026-02-12T19:05:48.291+0000] {spark_submit.py:492} INFO - optional int64 retweets;
[2026-02-12T19:05:48.292+0000] {spark_submit.py:492} INFO - required int32 processing_date (DATE);
[2026-02-12T19:05:48.292+0000] {spark_submit.py:492} INFO - }
[2026-02-12T19:05:48.292+0000] {spark_submit.py:492} INFO - 
[2026-02-12T19:05:48.292+0000] {spark_submit.py:492} INFO - 
[2026-02-12T19:05:48.339+0000] {spark_submit.py:492} INFO - 26/02/12 19:05:48 INFO CodecConfig: Compression: SNAPPY
[2026-02-12T19:05:48.343+0000] {spark_submit.py:492} INFO - 26/02/12 19:05:48 INFO CodecConfig: Compression: SNAPPY
[2026-02-12T19:05:48.346+0000] {spark_submit.py:492} INFO - 26/02/12 19:05:48 INFO ParquetOutputFormat: ParquetRecordWriter [block size: 134217728b, row group padding size: 8388608b, validating: false]
[2026-02-12T19:05:48.352+0000] {spark_submit.py:492} INFO - 26/02/12 19:05:48 INFO ParquetWriteSupport: Initialized Parquet WriteSupport with Catalyst schema:
[2026-02-12T19:05:48.353+0000] {spark_submit.py:492} INFO - {
[2026-02-12T19:05:48.353+0000] {spark_submit.py:492} INFO - "type" : "struct",
[2026-02-12T19:05:48.353+0000] {spark_submit.py:492} INFO - "fields" : [ {
[2026-02-12T19:05:48.353+0000] {spark_submit.py:492} INFO - "name" : "user_id",
[2026-02-12T19:05:48.353+0000] {spark_submit.py:492} INFO - "type" : "string",
[2026-02-12T19:05:48.354+0000] {spark_submit.py:492} INFO - "nullable" : true,
[2026-02-12T19:05:48.354+0000] {spark_submit.py:492} INFO - "metadata" : { }
[2026-02-12T19:05:48.354+0000] {spark_submit.py:492} INFO - }, {
[2026-02-12T19:05:48.354+0000] {spark_submit.py:492} INFO - "name" : "thread_id",
[2026-02-12T19:05:48.354+0000] {spark_submit.py:492} INFO - "type" : "string",
[2026-02-12T19:05:48.354+0000] {spark_submit.py:492} INFO - "nullable" : true,
[2026-02-12T19:05:48.355+0000] {spark_submit.py:492} INFO - "metadata" : { }
[2026-02-12T19:05:48.355+0000] {spark_submit.py:492} INFO - }, {
[2026-02-12T19:05:48.355+0000] {spark_submit.py:492} INFO - "name" : "created_at",
[2026-02-12T19:05:48.355+0000] {spark_submit.py:492} INFO - "type" : "string",
[2026-02-12T19:05:48.355+0000] {spark_submit.py:492} INFO - "nullable" : true,
[2026-02-12T19:05:48.355+0000] {spark_submit.py:492} INFO - "metadata" : { }
[2026-02-12T19:05:48.355+0000] {spark_submit.py:492} INFO - }, {
[2026-02-12T19:05:48.356+0000] {spark_submit.py:492} INFO - "name" : "edit_versions_ids",
[2026-02-12T19:05:48.356+0000] {spark_submit.py:492} INFO - "type" : {
[2026-02-12T19:05:48.356+0000] {spark_submit.py:492} INFO - "type" : "array",
[2026-02-12T19:05:48.356+0000] {spark_submit.py:492} INFO - "elementType" : "long",
[2026-02-12T19:05:48.356+0000] {spark_submit.py:492} INFO - "containsNull" : true
[2026-02-12T19:05:48.356+0000] {spark_submit.py:492} INFO - },
[2026-02-12T19:05:48.356+0000] {spark_submit.py:492} INFO - "nullable" : true,
[2026-02-12T19:05:48.357+0000] {spark_submit.py:492} INFO - "metadata" : { }
[2026-02-12T19:05:48.357+0000] {spark_submit.py:492} INFO - }, {
[2026-02-12T19:05:48.357+0000] {spark_submit.py:492} INFO - "name" : "tweet_id",
[2026-02-12T19:05:48.357+0000] {spark_submit.py:492} INFO - "type" : "string",
[2026-02-12T19:05:48.357+0000] {spark_submit.py:492} INFO - "nullable" : true,
[2026-02-12T19:05:48.357+0000] {spark_submit.py:492} INFO - "metadata" : { }
[2026-02-12T19:05:48.357+0000] {spark_submit.py:492} INFO - }, {
[2026-02-12T19:05:48.358+0000] {spark_submit.py:492} INFO - "name" : "reply_to_user_id",
[2026-02-12T19:05:48.358+0000] {spark_submit.py:492} INFO - "type" : "string",
[2026-02-12T19:05:48.358+0000] {spark_submit.py:492} INFO - "nullable" : true,
[2026-02-12T19:05:48.358+0000] {spark_submit.py:492} INFO - "metadata" : { }
[2026-02-12T19:05:48.358+0000] {spark_submit.py:492} INFO - }, {
[2026-02-12T19:05:48.358+0000] {spark_submit.py:492} INFO - "name" : "language",
[2026-02-12T19:05:48.358+0000] {spark_submit.py:492} INFO - "type" : "string",
[2026-02-12T19:05:48.358+0000] {spark_submit.py:492} INFO - "nullable" : true,
[2026-02-12T19:05:48.359+0000] {spark_submit.py:492} INFO - "metadata" : { }
[2026-02-12T19:05:48.359+0000] {spark_submit.py:492} INFO - }, {
[2026-02-12T19:05:48.359+0000] {spark_submit.py:492} INFO - "name" : "tweet_text",
[2026-02-12T19:05:48.359+0000] {spark_submit.py:492} INFO - "type" : "string",
[2026-02-12T19:05:48.359+0000] {spark_submit.py:492} INFO - "nullable" : true,
[2026-02-12T19:05:48.359+0000] {spark_submit.py:492} INFO - "metadata" : { }
[2026-02-12T19:05:48.359+0000] {spark_submit.py:492} INFO - }, {
[2026-02-12T19:05:48.360+0000] {spark_submit.py:492} INFO - "name" : "likes",
[2026-02-12T19:05:48.360+0000] {spark_submit.py:492} INFO - "type" : "long",
[2026-02-12T19:05:48.360+0000] {spark_submit.py:492} INFO - "nullable" : true,
[2026-02-12T19:05:48.360+0000] {spark_submit.py:492} INFO - "metadata" : { }
[2026-02-12T19:05:48.360+0000] {spark_submit.py:492} INFO - }, {
[2026-02-12T19:05:48.361+0000] {spark_submit.py:492} INFO - "name" : "quotes",
[2026-02-12T19:05:48.361+0000] {spark_submit.py:492} INFO - "type" : "long",
[2026-02-12T19:05:48.361+0000] {spark_submit.py:492} INFO - "nullable" : true,
[2026-02-12T19:05:48.361+0000] {spark_submit.py:492} INFO - "metadata" : { }
[2026-02-12T19:05:48.361+0000] {spark_submit.py:492} INFO - }, {
[2026-02-12T19:05:48.361+0000] {spark_submit.py:492} INFO - "name" : "replies",
[2026-02-12T19:05:48.361+0000] {spark_submit.py:492} INFO - "type" : "long",
[2026-02-12T19:05:48.362+0000] {spark_submit.py:492} INFO - "nullable" : true,
[2026-02-12T19:05:48.362+0000] {spark_submit.py:492} INFO - "metadata" : { }
[2026-02-12T19:05:48.362+0000] {spark_submit.py:492} INFO - }, {
[2026-02-12T19:05:48.362+0000] {spark_submit.py:492} INFO - "name" : "retweets",
[2026-02-12T19:05:48.362+0000] {spark_submit.py:492} INFO - "type" : "long",
[2026-02-12T19:05:48.362+0000] {spark_submit.py:492} INFO - "nullable" : true,
[2026-02-12T19:05:48.363+0000] {spark_submit.py:492} INFO - "metadata" : { }
[2026-02-12T19:05:48.363+0000] {spark_submit.py:492} INFO - }, {
[2026-02-12T19:05:48.363+0000] {spark_submit.py:492} INFO - "name" : "processing_date",
[2026-02-12T19:05:48.363+0000] {spark_submit.py:492} INFO - "type" : "date",
[2026-02-12T19:05:48.366+0000] {spark_submit.py:492} INFO - "nullable" : false,
[2026-02-12T19:05:48.366+0000] {spark_submit.py:492} INFO - "metadata" : { }
[2026-02-12T19:05:48.366+0000] {spark_submit.py:492} INFO - } ]
[2026-02-12T19:05:48.367+0000] {spark_submit.py:492} INFO - }
[2026-02-12T19:05:48.367+0000] {spark_submit.py:492} INFO - and corresponding Parquet message type:
[2026-02-12T19:05:48.367+0000] {spark_submit.py:492} INFO - message spark_schema {
[2026-02-12T19:05:48.368+0000] {spark_submit.py:492} INFO - optional binary user_id (STRING);
[2026-02-12T19:05:48.368+0000] {spark_submit.py:492} INFO - optional binary thread_id (STRING);
[2026-02-12T19:05:48.368+0000] {spark_submit.py:492} INFO - optional binary created_at (STRING);
[2026-02-12T19:05:48.368+0000] {spark_submit.py:492} INFO - optional group edit_versions_ids (LIST) {
[2026-02-12T19:05:48.368+0000] {spark_submit.py:492} INFO - repeated group list {
[2026-02-12T19:05:48.369+0000] {spark_submit.py:492} INFO - optional int64 element;
[2026-02-12T19:05:48.369+0000] {spark_submit.py:492} INFO - }
[2026-02-12T19:05:48.369+0000] {spark_submit.py:492} INFO - }
[2026-02-12T19:05:48.369+0000] {spark_submit.py:492} INFO - optional binary tweet_id (STRING);
[2026-02-12T19:05:48.369+0000] {spark_submit.py:492} INFO - optional binary reply_to_user_id (STRING);
[2026-02-12T19:05:48.369+0000] {spark_submit.py:492} INFO - optional binary language (STRING);
[2026-02-12T19:05:48.370+0000] {spark_submit.py:492} INFO - optional binary tweet_text (STRING);
[2026-02-12T19:05:48.370+0000] {spark_submit.py:492} INFO - optional int64 likes;
[2026-02-12T19:05:48.370+0000] {spark_submit.py:492} INFO - optional int64 quotes;
[2026-02-12T19:05:48.370+0000] {spark_submit.py:492} INFO - optional int64 replies;
[2026-02-12T19:05:48.370+0000] {spark_submit.py:492} INFO - optional int64 retweets;
[2026-02-12T19:05:48.371+0000] {spark_submit.py:492} INFO - required int32 processing_date (DATE);
[2026-02-12T19:05:48.371+0000] {spark_submit.py:492} INFO - }
[2026-02-12T19:05:48.371+0000] {spark_submit.py:492} INFO - 
[2026-02-12T19:05:48.371+0000] {spark_submit.py:492} INFO - 
[2026-02-12T19:05:48.420+0000] {spark_submit.py:492} INFO - 26/02/12 19:05:48 INFO CodecConfig: Compression: SNAPPY
[2026-02-12T19:05:48.420+0000] {spark_submit.py:492} INFO - 26/02/12 19:05:48 INFO CodecConfig: Compression: SNAPPY
[2026-02-12T19:05:48.420+0000] {spark_submit.py:492} INFO - 26/02/12 19:05:48 INFO ParquetOutputFormat: ParquetRecordWriter [block size: 134217728b, row group padding size: 8388608b, validating: false]
[2026-02-12T19:05:48.424+0000] {spark_submit.py:492} INFO - 26/02/12 19:05:48 INFO ParquetWriteSupport: Initialized Parquet WriteSupport with Catalyst schema:
[2026-02-12T19:05:48.424+0000] {spark_submit.py:492} INFO - {
[2026-02-12T19:05:48.424+0000] {spark_submit.py:492} INFO - "type" : "struct",
[2026-02-12T19:05:48.424+0000] {spark_submit.py:492} INFO - "fields" : [ {
[2026-02-12T19:05:48.425+0000] {spark_submit.py:492} INFO - "name" : "user_id",
[2026-02-12T19:05:48.425+0000] {spark_submit.py:492} INFO - "type" : "string",
[2026-02-12T19:05:48.425+0000] {spark_submit.py:492} INFO - "nullable" : true,
[2026-02-12T19:05:48.425+0000] {spark_submit.py:492} INFO - "metadata" : { }
[2026-02-12T19:05:48.425+0000] {spark_submit.py:492} INFO - }, {
[2026-02-12T19:05:48.425+0000] {spark_submit.py:492} INFO - "name" : "thread_id",
[2026-02-12T19:05:48.425+0000] {spark_submit.py:492} INFO - "type" : "string",
[2026-02-12T19:05:48.425+0000] {spark_submit.py:492} INFO - "nullable" : true,
[2026-02-12T19:05:48.426+0000] {spark_submit.py:492} INFO - "metadata" : { }
[2026-02-12T19:05:48.426+0000] {spark_submit.py:492} INFO - }, {
[2026-02-12T19:05:48.426+0000] {spark_submit.py:492} INFO - "name" : "created_at",
[2026-02-12T19:05:48.426+0000] {spark_submit.py:492} INFO - "type" : "string",
[2026-02-12T19:05:48.426+0000] {spark_submit.py:492} INFO - "nullable" : true,
[2026-02-12T19:05:48.426+0000] {spark_submit.py:492} INFO - "metadata" : { }
[2026-02-12T19:05:48.426+0000] {spark_submit.py:492} INFO - }, {
[2026-02-12T19:05:48.426+0000] {spark_submit.py:492} INFO - "name" : "edit_versions_ids",
[2026-02-12T19:05:48.427+0000] {spark_submit.py:492} INFO - "type" : {
[2026-02-12T19:05:48.427+0000] {spark_submit.py:492} INFO - "type" : "array",
[2026-02-12T19:05:48.427+0000] {spark_submit.py:492} INFO - "elementType" : "long",
[2026-02-12T19:05:48.427+0000] {spark_submit.py:492} INFO - "containsNull" : true
[2026-02-12T19:05:48.427+0000] {spark_submit.py:492} INFO - },
[2026-02-12T19:05:48.427+0000] {spark_submit.py:492} INFO - "nullable" : true,
[2026-02-12T19:05:48.427+0000] {spark_submit.py:492} INFO - "metadata" : { }
[2026-02-12T19:05:48.427+0000] {spark_submit.py:492} INFO - }, {
[2026-02-12T19:05:48.428+0000] {spark_submit.py:492} INFO - "name" : "tweet_id",
[2026-02-12T19:05:48.428+0000] {spark_submit.py:492} INFO - "type" : "string",
[2026-02-12T19:05:48.428+0000] {spark_submit.py:492} INFO - "nullable" : true,
[2026-02-12T19:05:48.428+0000] {spark_submit.py:492} INFO - "metadata" : { }
[2026-02-12T19:05:48.428+0000] {spark_submit.py:492} INFO - }, {
[2026-02-12T19:05:48.428+0000] {spark_submit.py:492} INFO - "name" : "reply_to_user_id",
[2026-02-12T19:05:48.429+0000] {spark_submit.py:492} INFO - "type" : "string",
[2026-02-12T19:05:48.429+0000] {spark_submit.py:492} INFO - "nullable" : true,
[2026-02-12T19:05:48.429+0000] {spark_submit.py:492} INFO - "metadata" : { }
[2026-02-12T19:05:48.429+0000] {spark_submit.py:492} INFO - }, {
[2026-02-12T19:05:48.429+0000] {spark_submit.py:492} INFO - "name" : "language",
[2026-02-12T19:05:48.429+0000] {spark_submit.py:492} INFO - "type" : "string",
[2026-02-12T19:05:48.430+0000] {spark_submit.py:492} INFO - "nullable" : true,
[2026-02-12T19:05:48.430+0000] {spark_submit.py:492} INFO - "metadata" : { }
[2026-02-12T19:05:48.430+0000] {spark_submit.py:492} INFO - }, {
[2026-02-12T19:05:48.430+0000] {spark_submit.py:492} INFO - "name" : "tweet_text",
[2026-02-12T19:05:48.430+0000] {spark_submit.py:492} INFO - "type" : "string",
[2026-02-12T19:05:48.430+0000] {spark_submit.py:492} INFO - "nullable" : true,
[2026-02-12T19:05:48.431+0000] {spark_submit.py:492} INFO - "metadata" : { }
[2026-02-12T19:05:48.431+0000] {spark_submit.py:492} INFO - }, {
[2026-02-12T19:05:48.431+0000] {spark_submit.py:492} INFO - "name" : "likes",
[2026-02-12T19:05:48.431+0000] {spark_submit.py:492} INFO - "type" : "long",
[2026-02-12T19:05:48.431+0000] {spark_submit.py:492} INFO - "nullable" : true,
[2026-02-12T19:05:48.431+0000] {spark_submit.py:492} INFO - "metadata" : { }
[2026-02-12T19:05:48.431+0000] {spark_submit.py:492} INFO - }, {
[2026-02-12T19:05:48.432+0000] {spark_submit.py:492} INFO - "name" : "quotes",
[2026-02-12T19:05:48.432+0000] {spark_submit.py:492} INFO - "type" : "long",
[2026-02-12T19:05:48.432+0000] {spark_submit.py:492} INFO - "nullable" : true,
[2026-02-12T19:05:48.433+0000] {spark_submit.py:492} INFO - "metadata" : { }
[2026-02-12T19:05:48.433+0000] {spark_submit.py:492} INFO - }, {
[2026-02-12T19:05:48.433+0000] {spark_submit.py:492} INFO - "name" : "replies",
[2026-02-12T19:05:48.433+0000] {spark_submit.py:492} INFO - "type" : "long",
[2026-02-12T19:05:48.433+0000] {spark_submit.py:492} INFO - "nullable" : true,
[2026-02-12T19:05:48.433+0000] {spark_submit.py:492} INFO - "metadata" : { }
[2026-02-12T19:05:48.434+0000] {spark_submit.py:492} INFO - }, {
[2026-02-12T19:05:48.434+0000] {spark_submit.py:492} INFO - "name" : "retweets",
[2026-02-12T19:05:48.434+0000] {spark_submit.py:492} INFO - "type" : "long",
[2026-02-12T19:05:48.434+0000] {spark_submit.py:492} INFO - "nullable" : true,
[2026-02-12T19:05:48.434+0000] {spark_submit.py:492} INFO - "metadata" : { }
[2026-02-12T19:05:48.435+0000] {spark_submit.py:492} INFO - }, {
[2026-02-12T19:05:48.435+0000] {spark_submit.py:492} INFO - "name" : "processing_date",
[2026-02-12T19:05:48.435+0000] {spark_submit.py:492} INFO - "type" : "date",
[2026-02-12T19:05:48.435+0000] {spark_submit.py:492} INFO - "nullable" : false,
[2026-02-12T19:05:48.435+0000] {spark_submit.py:492} INFO - "metadata" : { }
[2026-02-12T19:05:48.435+0000] {spark_submit.py:492} INFO - } ]
[2026-02-12T19:05:48.437+0000] {spark_submit.py:492} INFO - }
[2026-02-12T19:05:48.437+0000] {spark_submit.py:492} INFO - and corresponding Parquet message type:
[2026-02-12T19:05:48.437+0000] {spark_submit.py:492} INFO - message spark_schema {
[2026-02-12T19:05:48.437+0000] {spark_submit.py:492} INFO - optional binary user_id (STRING);
[2026-02-12T19:05:48.437+0000] {spark_submit.py:492} INFO - optional binary thread_id (STRING);
[2026-02-12T19:05:48.438+0000] {spark_submit.py:492} INFO - optional binary created_at (STRING);
[2026-02-12T19:05:48.438+0000] {spark_submit.py:492} INFO - optional group edit_versions_ids (LIST) {
[2026-02-12T19:05:48.438+0000] {spark_submit.py:492} INFO - repeated group list {
[2026-02-12T19:05:48.438+0000] {spark_submit.py:492} INFO - optional int64 element;
[2026-02-12T19:05:48.438+0000] {spark_submit.py:492} INFO - }
[2026-02-12T19:05:48.438+0000] {spark_submit.py:492} INFO - }
[2026-02-12T19:05:48.439+0000] {spark_submit.py:492} INFO - optional binary tweet_id (STRING);
[2026-02-12T19:05:48.439+0000] {spark_submit.py:492} INFO - optional binary reply_to_user_id (STRING);
[2026-02-12T19:05:48.440+0000] {spark_submit.py:492} INFO - optional binary language (STRING);
[2026-02-12T19:05:48.440+0000] {spark_submit.py:492} INFO - optional binary tweet_text (STRING);
[2026-02-12T19:05:48.441+0000] {spark_submit.py:492} INFO - optional int64 likes;
[2026-02-12T19:05:48.441+0000] {spark_submit.py:492} INFO - optional int64 quotes;
[2026-02-12T19:05:48.441+0000] {spark_submit.py:492} INFO - optional int64 replies;
[2026-02-12T19:05:48.441+0000] {spark_submit.py:492} INFO - optional int64 retweets;
[2026-02-12T19:05:48.441+0000] {spark_submit.py:492} INFO - required int32 processing_date (DATE);
[2026-02-12T19:05:48.441+0000] {spark_submit.py:492} INFO - }
[2026-02-12T19:05:48.442+0000] {spark_submit.py:492} INFO - 
[2026-02-12T19:05:48.442+0000] {spark_submit.py:492} INFO - 
[2026-02-12T19:05:48.503+0000] {spark_submit.py:492} INFO - 26/02/12 19:05:48 INFO CodecConfig: Compression: SNAPPY
[2026-02-12T19:05:48.503+0000] {spark_submit.py:492} INFO - 26/02/12 19:05:48 INFO CodecConfig: Compression: SNAPPY
[2026-02-12T19:05:48.510+0000] {spark_submit.py:492} INFO - 26/02/12 19:05:48 INFO ParquetOutputFormat: ParquetRecordWriter [block size: 134217728b, row group padding size: 8388608b, validating: false]
[2026-02-12T19:05:48.513+0000] {spark_submit.py:492} INFO - 26/02/12 19:05:48 INFO ParquetWriteSupport: Initialized Parquet WriteSupport with Catalyst schema:
[2026-02-12T19:05:48.514+0000] {spark_submit.py:492} INFO - {
[2026-02-12T19:05:48.514+0000] {spark_submit.py:492} INFO - "type" : "struct",
[2026-02-12T19:05:48.514+0000] {spark_submit.py:492} INFO - "fields" : [ {
[2026-02-12T19:05:48.514+0000] {spark_submit.py:492} INFO - "name" : "user_id",
[2026-02-12T19:05:48.514+0000] {spark_submit.py:492} INFO - "type" : "string",
[2026-02-12T19:05:48.514+0000] {spark_submit.py:492} INFO - "nullable" : true,
[2026-02-12T19:05:48.515+0000] {spark_submit.py:492} INFO - "metadata" : { }
[2026-02-12T19:05:48.515+0000] {spark_submit.py:492} INFO - }, {
[2026-02-12T19:05:48.515+0000] {spark_submit.py:492} INFO - "name" : "thread_id",
[2026-02-12T19:05:48.515+0000] {spark_submit.py:492} INFO - "type" : "string",
[2026-02-12T19:05:48.515+0000] {spark_submit.py:492} INFO - "nullable" : true,
[2026-02-12T19:05:48.515+0000] {spark_submit.py:492} INFO - "metadata" : { }
[2026-02-12T19:05:48.516+0000] {spark_submit.py:492} INFO - }, {
[2026-02-12T19:05:48.516+0000] {spark_submit.py:492} INFO - "name" : "created_at",
[2026-02-12T19:05:48.516+0000] {spark_submit.py:492} INFO - "type" : "string",
[2026-02-12T19:05:48.516+0000] {spark_submit.py:492} INFO - "nullable" : true,
[2026-02-12T19:05:48.516+0000] {spark_submit.py:492} INFO - "metadata" : { }
[2026-02-12T19:05:48.516+0000] {spark_submit.py:492} INFO - }, {
[2026-02-12T19:05:48.516+0000] {spark_submit.py:492} INFO - "name" : "edit_versions_ids",
[2026-02-12T19:05:48.517+0000] {spark_submit.py:492} INFO - "type" : {
[2026-02-12T19:05:48.517+0000] {spark_submit.py:492} INFO - "type" : "array",
[2026-02-12T19:05:48.517+0000] {spark_submit.py:492} INFO - "elementType" : "long",
[2026-02-12T19:05:48.517+0000] {spark_submit.py:492} INFO - "containsNull" : true
[2026-02-12T19:05:48.517+0000] {spark_submit.py:492} INFO - },
[2026-02-12T19:05:48.517+0000] {spark_submit.py:492} INFO - "nullable" : true,
[2026-02-12T19:05:48.517+0000] {spark_submit.py:492} INFO - "metadata" : { }
[2026-02-12T19:05:48.518+0000] {spark_submit.py:492} INFO - }, {
[2026-02-12T19:05:48.518+0000] {spark_submit.py:492} INFO - "name" : "tweet_id",
[2026-02-12T19:05:48.518+0000] {spark_submit.py:492} INFO - "type" : "string",
[2026-02-12T19:05:48.518+0000] {spark_submit.py:492} INFO - "nullable" : true,
[2026-02-12T19:05:48.518+0000] {spark_submit.py:492} INFO - "metadata" : { }
[2026-02-12T19:05:48.518+0000] {spark_submit.py:492} INFO - }, {
[2026-02-12T19:05:48.519+0000] {spark_submit.py:492} INFO - "name" : "reply_to_user_id",
[2026-02-12T19:05:48.519+0000] {spark_submit.py:492} INFO - "type" : "string",
[2026-02-12T19:05:48.519+0000] {spark_submit.py:492} INFO - "nullable" : true,
[2026-02-12T19:05:48.520+0000] {spark_submit.py:492} INFO - "metadata" : { }
[2026-02-12T19:05:48.520+0000] {spark_submit.py:492} INFO - }, {
[2026-02-12T19:05:48.520+0000] {spark_submit.py:492} INFO - "name" : "language",
[2026-02-12T19:05:48.520+0000] {spark_submit.py:492} INFO - "type" : "string",
[2026-02-12T19:05:48.520+0000] {spark_submit.py:492} INFO - "nullable" : true,
[2026-02-12T19:05:48.521+0000] {spark_submit.py:492} INFO - "metadata" : { }
[2026-02-12T19:05:48.521+0000] {spark_submit.py:492} INFO - }, {
[2026-02-12T19:05:48.521+0000] {spark_submit.py:492} INFO - "name" : "tweet_text",
[2026-02-12T19:05:48.521+0000] {spark_submit.py:492} INFO - "type" : "string",
[2026-02-12T19:05:48.521+0000] {spark_submit.py:492} INFO - "nullable" : true,
[2026-02-12T19:05:48.521+0000] {spark_submit.py:492} INFO - "metadata" : { }
[2026-02-12T19:05:48.521+0000] {spark_submit.py:492} INFO - }, {
[2026-02-12T19:05:48.522+0000] {spark_submit.py:492} INFO - "name" : "likes",
[2026-02-12T19:05:48.522+0000] {spark_submit.py:492} INFO - "type" : "long",
[2026-02-12T19:05:48.522+0000] {spark_submit.py:492} INFO - "nullable" : true,
[2026-02-12T19:05:48.522+0000] {spark_submit.py:492} INFO - "metadata" : { }
[2026-02-12T19:05:48.522+0000] {spark_submit.py:492} INFO - }, {
[2026-02-12T19:05:48.522+0000] {spark_submit.py:492} INFO - "name" : "quotes",
[2026-02-12T19:05:48.522+0000] {spark_submit.py:492} INFO - "type" : "long",
[2026-02-12T19:05:48.522+0000] {spark_submit.py:492} INFO - "nullable" : true,
[2026-02-12T19:05:48.523+0000] {spark_submit.py:492} INFO - "metadata" : { }
[2026-02-12T19:05:48.523+0000] {spark_submit.py:492} INFO - }, {
[2026-02-12T19:05:48.523+0000] {spark_submit.py:492} INFO - "name" : "replies",
[2026-02-12T19:05:48.523+0000] {spark_submit.py:492} INFO - "type" : "long",
[2026-02-12T19:05:48.523+0000] {spark_submit.py:492} INFO - "nullable" : true,
[2026-02-12T19:05:48.523+0000] {spark_submit.py:492} INFO - "metadata" : { }
[2026-02-12T19:05:48.523+0000] {spark_submit.py:492} INFO - }, {
[2026-02-12T19:05:48.523+0000] {spark_submit.py:492} INFO - "name" : "retweets",
[2026-02-12T19:05:48.524+0000] {spark_submit.py:492} INFO - "type" : "long",
[2026-02-12T19:05:48.524+0000] {spark_submit.py:492} INFO - "nullable" : true,
[2026-02-12T19:05:48.524+0000] {spark_submit.py:492} INFO - "metadata" : { }
[2026-02-12T19:05:48.524+0000] {spark_submit.py:492} INFO - }, {
[2026-02-12T19:05:48.524+0000] {spark_submit.py:492} INFO - "name" : "processing_date",
[2026-02-12T19:05:48.524+0000] {spark_submit.py:492} INFO - "type" : "date",
[2026-02-12T19:05:48.524+0000] {spark_submit.py:492} INFO - "nullable" : false,
[2026-02-12T19:05:48.524+0000] {spark_submit.py:492} INFO - "metadata" : { }
[2026-02-12T19:05:48.525+0000] {spark_submit.py:492} INFO - } ]
[2026-02-12T19:05:48.525+0000] {spark_submit.py:492} INFO - }
[2026-02-12T19:05:48.525+0000] {spark_submit.py:492} INFO - and corresponding Parquet message type:
[2026-02-12T19:05:48.525+0000] {spark_submit.py:492} INFO - message spark_schema {
[2026-02-12T19:05:48.525+0000] {spark_submit.py:492} INFO - optional binary user_id (STRING);
[2026-02-12T19:05:48.525+0000] {spark_submit.py:492} INFO - optional binary thread_id (STRING);
[2026-02-12T19:05:48.526+0000] {spark_submit.py:492} INFO - optional binary created_at (STRING);
[2026-02-12T19:05:48.526+0000] {spark_submit.py:492} INFO - optional group edit_versions_ids (LIST) {
[2026-02-12T19:05:48.526+0000] {spark_submit.py:492} INFO - repeated group list {
[2026-02-12T19:05:48.526+0000] {spark_submit.py:492} INFO - optional int64 element;
[2026-02-12T19:05:48.527+0000] {spark_submit.py:492} INFO - }
[2026-02-12T19:05:48.527+0000] {spark_submit.py:492} INFO - }
[2026-02-12T19:05:48.528+0000] {spark_submit.py:492} INFO - optional binary tweet_id (STRING);
[2026-02-12T19:05:48.528+0000] {spark_submit.py:492} INFO - optional binary reply_to_user_id (STRING);
[2026-02-12T19:05:48.528+0000] {spark_submit.py:492} INFO - optional binary language (STRING);
[2026-02-12T19:05:48.529+0000] {spark_submit.py:492} INFO - optional binary tweet_text (STRING);
[2026-02-12T19:05:48.529+0000] {spark_submit.py:492} INFO - optional int64 likes;
[2026-02-12T19:05:48.529+0000] {spark_submit.py:492} INFO - optional int64 quotes;
[2026-02-12T19:05:48.529+0000] {spark_submit.py:492} INFO - optional int64 replies;
[2026-02-12T19:05:48.529+0000] {spark_submit.py:492} INFO - optional int64 retweets;
[2026-02-12T19:05:48.530+0000] {spark_submit.py:492} INFO - required int32 processing_date (DATE);
[2026-02-12T19:05:48.530+0000] {spark_submit.py:492} INFO - }
[2026-02-12T19:05:48.530+0000] {spark_submit.py:492} INFO - 
[2026-02-12T19:05:48.530+0000] {spark_submit.py:492} INFO - 
[2026-02-12T19:05:48.591+0000] {spark_submit.py:492} INFO - 26/02/12 19:05:48 INFO CodecConfig: Compression: SNAPPY
[2026-02-12T19:05:48.592+0000] {spark_submit.py:492} INFO - 26/02/12 19:05:48 INFO CodecConfig: Compression: SNAPPY
[2026-02-12T19:05:48.594+0000] {spark_submit.py:492} INFO - 26/02/12 19:05:48 INFO ParquetOutputFormat: ParquetRecordWriter [block size: 134217728b, row group padding size: 8388608b, validating: false]
[2026-02-12T19:05:48.599+0000] {spark_submit.py:492} INFO - 26/02/12 19:05:48 INFO ParquetWriteSupport: Initialized Parquet WriteSupport with Catalyst schema:
[2026-02-12T19:05:48.600+0000] {spark_submit.py:492} INFO - {
[2026-02-12T19:05:48.600+0000] {spark_submit.py:492} INFO - "type" : "struct",
[2026-02-12T19:05:48.600+0000] {spark_submit.py:492} INFO - "fields" : [ {
[2026-02-12T19:05:48.600+0000] {spark_submit.py:492} INFO - "name" : "user_id",
[2026-02-12T19:05:48.600+0000] {spark_submit.py:492} INFO - "type" : "string",
[2026-02-12T19:05:48.601+0000] {spark_submit.py:492} INFO - "nullable" : true,
[2026-02-12T19:05:48.601+0000] {spark_submit.py:492} INFO - "metadata" : { }
[2026-02-12T19:05:48.601+0000] {spark_submit.py:492} INFO - }, {
[2026-02-12T19:05:48.601+0000] {spark_submit.py:492} INFO - "name" : "thread_id",
[2026-02-12T19:05:48.601+0000] {spark_submit.py:492} INFO - "type" : "string",
[2026-02-12T19:05:48.601+0000] {spark_submit.py:492} INFO - "nullable" : true,
[2026-02-12T19:05:48.602+0000] {spark_submit.py:492} INFO - "metadata" : { }
[2026-02-12T19:05:48.602+0000] {spark_submit.py:492} INFO - }, {
[2026-02-12T19:05:48.602+0000] {spark_submit.py:492} INFO - "name" : "created_at",
[2026-02-12T19:05:48.602+0000] {spark_submit.py:492} INFO - "type" : "string",
[2026-02-12T19:05:48.602+0000] {spark_submit.py:492} INFO - "nullable" : true,
[2026-02-12T19:05:48.602+0000] {spark_submit.py:492} INFO - "metadata" : { }
[2026-02-12T19:05:48.603+0000] {spark_submit.py:492} INFO - }, {
[2026-02-12T19:05:48.603+0000] {spark_submit.py:492} INFO - "name" : "edit_versions_ids",
[2026-02-12T19:05:48.603+0000] {spark_submit.py:492} INFO - "type" : {
[2026-02-12T19:05:48.603+0000] {spark_submit.py:492} INFO - "type" : "array",
[2026-02-12T19:05:48.603+0000] {spark_submit.py:492} INFO - "elementType" : "long",
[2026-02-12T19:05:48.603+0000] {spark_submit.py:492} INFO - "containsNull" : true
[2026-02-12T19:05:48.604+0000] {spark_submit.py:492} INFO - },
[2026-02-12T19:05:48.604+0000] {spark_submit.py:492} INFO - "nullable" : true,
[2026-02-12T19:05:48.605+0000] {spark_submit.py:492} INFO - "metadata" : { }
[2026-02-12T19:05:48.605+0000] {spark_submit.py:492} INFO - }, {
[2026-02-12T19:05:48.605+0000] {spark_submit.py:492} INFO - "name" : "tweet_id",
[2026-02-12T19:05:48.605+0000] {spark_submit.py:492} INFO - "type" : "string",
[2026-02-12T19:05:48.605+0000] {spark_submit.py:492} INFO - "nullable" : true,
[2026-02-12T19:05:48.605+0000] {spark_submit.py:492} INFO - "metadata" : { }
[2026-02-12T19:05:48.606+0000] {spark_submit.py:492} INFO - }, {
[2026-02-12T19:05:48.606+0000] {spark_submit.py:492} INFO - "name" : "reply_to_user_id",
[2026-02-12T19:05:48.606+0000] {spark_submit.py:492} INFO - "type" : "string",
[2026-02-12T19:05:48.606+0000] {spark_submit.py:492} INFO - "nullable" : true,
[2026-02-12T19:05:48.606+0000] {spark_submit.py:492} INFO - "metadata" : { }
[2026-02-12T19:05:48.606+0000] {spark_submit.py:492} INFO - }, {
[2026-02-12T19:05:48.607+0000] {spark_submit.py:492} INFO - "name" : "language",
[2026-02-12T19:05:48.607+0000] {spark_submit.py:492} INFO - "type" : "string",
[2026-02-12T19:05:48.607+0000] {spark_submit.py:492} INFO - "nullable" : true,
[2026-02-12T19:05:48.607+0000] {spark_submit.py:492} INFO - "metadata" : { }
[2026-02-12T19:05:48.607+0000] {spark_submit.py:492} INFO - }, {
[2026-02-12T19:05:48.607+0000] {spark_submit.py:492} INFO - "name" : "tweet_text",
[2026-02-12T19:05:48.607+0000] {spark_submit.py:492} INFO - "type" : "string",
[2026-02-12T19:05:48.608+0000] {spark_submit.py:492} INFO - "nullable" : true,
[2026-02-12T19:05:48.608+0000] {spark_submit.py:492} INFO - "metadata" : { }
[2026-02-12T19:05:48.608+0000] {spark_submit.py:492} INFO - }, {
[2026-02-12T19:05:48.608+0000] {spark_submit.py:492} INFO - "name" : "likes",
[2026-02-12T19:05:48.608+0000] {spark_submit.py:492} INFO - "type" : "long",
[2026-02-12T19:05:48.609+0000] {spark_submit.py:492} INFO - "nullable" : true,
[2026-02-12T19:05:48.609+0000] {spark_submit.py:492} INFO - "metadata" : { }
[2026-02-12T19:05:48.609+0000] {spark_submit.py:492} INFO - }, {
[2026-02-12T19:05:48.609+0000] {spark_submit.py:492} INFO - "name" : "quotes",
[2026-02-12T19:05:48.609+0000] {spark_submit.py:492} INFO - "type" : "long",
[2026-02-12T19:05:48.609+0000] {spark_submit.py:492} INFO - "nullable" : true,
[2026-02-12T19:05:48.610+0000] {spark_submit.py:492} INFO - "metadata" : { }
[2026-02-12T19:05:48.610+0000] {spark_submit.py:492} INFO - }, {
[2026-02-12T19:05:48.611+0000] {spark_submit.py:492} INFO - "name" : "replies",
[2026-02-12T19:05:48.611+0000] {spark_submit.py:492} INFO - "type" : "long",
[2026-02-12T19:05:48.611+0000] {spark_submit.py:492} INFO - "nullable" : true,
[2026-02-12T19:05:48.611+0000] {spark_submit.py:492} INFO - "metadata" : { }
[2026-02-12T19:05:48.612+0000] {spark_submit.py:492} INFO - }, {
[2026-02-12T19:05:48.612+0000] {spark_submit.py:492} INFO - "name" : "retweets",
[2026-02-12T19:05:48.612+0000] {spark_submit.py:492} INFO - "type" : "long",
[2026-02-12T19:05:48.612+0000] {spark_submit.py:492} INFO - "nullable" : true,
[2026-02-12T19:05:48.612+0000] {spark_submit.py:492} INFO - "metadata" : { }
[2026-02-12T19:05:48.613+0000] {spark_submit.py:492} INFO - }, {
[2026-02-12T19:05:48.613+0000] {spark_submit.py:492} INFO - "name" : "processing_date",
[2026-02-12T19:05:48.613+0000] {spark_submit.py:492} INFO - "type" : "date",
[2026-02-12T19:05:48.613+0000] {spark_submit.py:492} INFO - "nullable" : false,
[2026-02-12T19:05:48.613+0000] {spark_submit.py:492} INFO - "metadata" : { }
[2026-02-12T19:05:48.613+0000] {spark_submit.py:492} INFO - } ]
[2026-02-12T19:05:48.614+0000] {spark_submit.py:492} INFO - }
[2026-02-12T19:05:48.614+0000] {spark_submit.py:492} INFO - and corresponding Parquet message type:
[2026-02-12T19:05:48.614+0000] {spark_submit.py:492} INFO - message spark_schema {
[2026-02-12T19:05:48.614+0000] {spark_submit.py:492} INFO - optional binary user_id (STRING);
[2026-02-12T19:05:48.614+0000] {spark_submit.py:492} INFO - optional binary thread_id (STRING);
[2026-02-12T19:05:48.615+0000] {spark_submit.py:492} INFO - optional binary created_at (STRING);
[2026-02-12T19:05:48.615+0000] {spark_submit.py:492} INFO - optional group edit_versions_ids (LIST) {
[2026-02-12T19:05:48.615+0000] {spark_submit.py:492} INFO - repeated group list {
[2026-02-12T19:05:48.615+0000] {spark_submit.py:492} INFO - optional int64 element;
[2026-02-12T19:05:48.615+0000] {spark_submit.py:492} INFO - }
[2026-02-12T19:05:48.615+0000] {spark_submit.py:492} INFO - }
[2026-02-12T19:05:48.615+0000] {spark_submit.py:492} INFO - optional binary tweet_id (STRING);
[2026-02-12T19:05:48.616+0000] {spark_submit.py:492} INFO - optional binary reply_to_user_id (STRING);
[2026-02-12T19:05:48.616+0000] {spark_submit.py:492} INFO - optional binary language (STRING);
[2026-02-12T19:05:48.616+0000] {spark_submit.py:492} INFO - optional binary tweet_text (STRING);
[2026-02-12T19:05:48.616+0000] {spark_submit.py:492} INFO - optional int64 likes;
[2026-02-12T19:05:48.616+0000] {spark_submit.py:492} INFO - optional int64 quotes;
[2026-02-12T19:05:48.617+0000] {spark_submit.py:492} INFO - optional int64 replies;
[2026-02-12T19:05:48.617+0000] {spark_submit.py:492} INFO - optional int64 retweets;
[2026-02-12T19:05:48.617+0000] {spark_submit.py:492} INFO - required int32 processing_date (DATE);
[2026-02-12T19:05:48.617+0000] {spark_submit.py:492} INFO - }
[2026-02-12T19:05:48.617+0000] {spark_submit.py:492} INFO - 
[2026-02-12T19:05:48.618+0000] {spark_submit.py:492} INFO - 
[2026-02-12T19:05:48.662+0000] {spark_submit.py:492} INFO - 26/02/12 19:05:48 INFO CodecConfig: Compression: SNAPPY
[2026-02-12T19:05:48.663+0000] {spark_submit.py:492} INFO - 26/02/12 19:05:48 INFO CodecConfig: Compression: SNAPPY
[2026-02-12T19:05:48.664+0000] {spark_submit.py:492} INFO - 26/02/12 19:05:48 INFO ParquetOutputFormat: ParquetRecordWriter [block size: 134217728b, row group padding size: 8388608b, validating: false]
[2026-02-12T19:05:48.667+0000] {spark_submit.py:492} INFO - 26/02/12 19:05:48 INFO ParquetWriteSupport: Initialized Parquet WriteSupport with Catalyst schema:
[2026-02-12T19:05:48.667+0000] {spark_submit.py:492} INFO - {
[2026-02-12T19:05:48.668+0000] {spark_submit.py:492} INFO - "type" : "struct",
[2026-02-12T19:05:48.668+0000] {spark_submit.py:492} INFO - "fields" : [ {
[2026-02-12T19:05:48.668+0000] {spark_submit.py:492} INFO - "name" : "user_id",
[2026-02-12T19:05:48.668+0000] {spark_submit.py:492} INFO - "type" : "string",
[2026-02-12T19:05:48.668+0000] {spark_submit.py:492} INFO - "nullable" : true,
[2026-02-12T19:05:48.669+0000] {spark_submit.py:492} INFO - "metadata" : { }
[2026-02-12T19:05:48.669+0000] {spark_submit.py:492} INFO - }, {
[2026-02-12T19:05:48.669+0000] {spark_submit.py:492} INFO - "name" : "thread_id",
[2026-02-12T19:05:48.669+0000] {spark_submit.py:492} INFO - "type" : "string",
[2026-02-12T19:05:48.669+0000] {spark_submit.py:492} INFO - "nullable" : true,
[2026-02-12T19:05:48.670+0000] {spark_submit.py:492} INFO - "metadata" : { }
[2026-02-12T19:05:48.670+0000] {spark_submit.py:492} INFO - }, {
[2026-02-12T19:05:48.670+0000] {spark_submit.py:492} INFO - "name" : "created_at",
[2026-02-12T19:05:48.670+0000] {spark_submit.py:492} INFO - "type" : "string",
[2026-02-12T19:05:48.670+0000] {spark_submit.py:492} INFO - "nullable" : true,
[2026-02-12T19:05:48.670+0000] {spark_submit.py:492} INFO - "metadata" : { }
[2026-02-12T19:05:48.671+0000] {spark_submit.py:492} INFO - }, {
[2026-02-12T19:05:48.671+0000] {spark_submit.py:492} INFO - "name" : "edit_versions_ids",
[2026-02-12T19:05:48.671+0000] {spark_submit.py:492} INFO - "type" : {
[2026-02-12T19:05:48.671+0000] {spark_submit.py:492} INFO - "type" : "array",
[2026-02-12T19:05:48.671+0000] {spark_submit.py:492} INFO - "elementType" : "long",
[2026-02-12T19:05:48.671+0000] {spark_submit.py:492} INFO - "containsNull" : true
[2026-02-12T19:05:48.671+0000] {spark_submit.py:492} INFO - },
[2026-02-12T19:05:48.672+0000] {spark_submit.py:492} INFO - "nullable" : true,
[2026-02-12T19:05:48.672+0000] {spark_submit.py:492} INFO - "metadata" : { }
[2026-02-12T19:05:48.672+0000] {spark_submit.py:492} INFO - }, {
[2026-02-12T19:05:48.672+0000] {spark_submit.py:492} INFO - "name" : "tweet_id",
[2026-02-12T19:05:48.672+0000] {spark_submit.py:492} INFO - "type" : "string",
[2026-02-12T19:05:48.672+0000] {spark_submit.py:492} INFO - "nullable" : true,
[2026-02-12T19:05:48.673+0000] {spark_submit.py:492} INFO - "metadata" : { }
[2026-02-12T19:05:48.673+0000] {spark_submit.py:492} INFO - }, {
[2026-02-12T19:05:48.673+0000] {spark_submit.py:492} INFO - "name" : "reply_to_user_id",
[2026-02-12T19:05:48.673+0000] {spark_submit.py:492} INFO - "type" : "string",
[2026-02-12T19:05:48.673+0000] {spark_submit.py:492} INFO - "nullable" : true,
[2026-02-12T19:05:48.673+0000] {spark_submit.py:492} INFO - "metadata" : { }
[2026-02-12T19:05:48.674+0000] {spark_submit.py:492} INFO - }, {
[2026-02-12T19:05:48.674+0000] {spark_submit.py:492} INFO - "name" : "language",
[2026-02-12T19:05:48.674+0000] {spark_submit.py:492} INFO - "type" : "string",
[2026-02-12T19:05:48.674+0000] {spark_submit.py:492} INFO - "nullable" : true,
[2026-02-12T19:05:48.674+0000] {spark_submit.py:492} INFO - "metadata" : { }
[2026-02-12T19:05:48.674+0000] {spark_submit.py:492} INFO - }, {
[2026-02-12T19:05:48.674+0000] {spark_submit.py:492} INFO - "name" : "tweet_text",
[2026-02-12T19:05:48.675+0000] {spark_submit.py:492} INFO - "type" : "string",
[2026-02-12T19:05:48.675+0000] {spark_submit.py:492} INFO - "nullable" : true,
[2026-02-12T19:05:48.675+0000] {spark_submit.py:492} INFO - "metadata" : { }
[2026-02-12T19:05:48.675+0000] {spark_submit.py:492} INFO - }, {
[2026-02-12T19:05:48.675+0000] {spark_submit.py:492} INFO - "name" : "likes",
[2026-02-12T19:05:48.675+0000] {spark_submit.py:492} INFO - "type" : "long",
[2026-02-12T19:05:48.675+0000] {spark_submit.py:492} INFO - "nullable" : true,
[2026-02-12T19:05:48.676+0000] {spark_submit.py:492} INFO - "metadata" : { }
[2026-02-12T19:05:48.676+0000] {spark_submit.py:492} INFO - }, {
[2026-02-12T19:05:48.676+0000] {spark_submit.py:492} INFO - "name" : "quotes",
[2026-02-12T19:05:48.676+0000] {spark_submit.py:492} INFO - "type" : "long",
[2026-02-12T19:05:48.676+0000] {spark_submit.py:492} INFO - "nullable" : true,
[2026-02-12T19:05:48.676+0000] {spark_submit.py:492} INFO - "metadata" : { }
[2026-02-12T19:05:48.677+0000] {spark_submit.py:492} INFO - }, {
[2026-02-12T19:05:48.677+0000] {spark_submit.py:492} INFO - "name" : "replies",
[2026-02-12T19:05:48.677+0000] {spark_submit.py:492} INFO - "type" : "long",
[2026-02-12T19:05:48.677+0000] {spark_submit.py:492} INFO - "nullable" : true,
[2026-02-12T19:05:48.678+0000] {spark_submit.py:492} INFO - "metadata" : { }
[2026-02-12T19:05:48.678+0000] {spark_submit.py:492} INFO - }, {
[2026-02-12T19:05:48.678+0000] {spark_submit.py:492} INFO - "name" : "retweets",
[2026-02-12T19:05:48.678+0000] {spark_submit.py:492} INFO - "type" : "long",
[2026-02-12T19:05:48.678+0000] {spark_submit.py:492} INFO - "nullable" : true,
[2026-02-12T19:05:48.678+0000] {spark_submit.py:492} INFO - "metadata" : { }
[2026-02-12T19:05:48.679+0000] {spark_submit.py:492} INFO - }, {
[2026-02-12T19:05:48.679+0000] {spark_submit.py:492} INFO - "name" : "processing_date",
[2026-02-12T19:05:48.679+0000] {spark_submit.py:492} INFO - "type" : "date",
[2026-02-12T19:05:48.679+0000] {spark_submit.py:492} INFO - "nullable" : false,
[2026-02-12T19:05:48.679+0000] {spark_submit.py:492} INFO - "metadata" : { }
[2026-02-12T19:05:48.680+0000] {spark_submit.py:492} INFO - } ]
[2026-02-12T19:05:48.680+0000] {spark_submit.py:492} INFO - }
[2026-02-12T19:05:48.680+0000] {spark_submit.py:492} INFO - and corresponding Parquet message type:
[2026-02-12T19:05:48.681+0000] {spark_submit.py:492} INFO - message spark_schema {
[2026-02-12T19:05:48.681+0000] {spark_submit.py:492} INFO - optional binary user_id (STRING);
[2026-02-12T19:05:48.681+0000] {spark_submit.py:492} INFO - optional binary thread_id (STRING);
[2026-02-12T19:05:48.682+0000] {spark_submit.py:492} INFO - optional binary created_at (STRING);
[2026-02-12T19:05:48.682+0000] {spark_submit.py:492} INFO - optional group edit_versions_ids (LIST) {
[2026-02-12T19:05:48.682+0000] {spark_submit.py:492} INFO - repeated group list {
[2026-02-12T19:05:48.682+0000] {spark_submit.py:492} INFO - optional int64 element;
[2026-02-12T19:05:48.682+0000] {spark_submit.py:492} INFO - }
[2026-02-12T19:05:48.682+0000] {spark_submit.py:492} INFO - }
[2026-02-12T19:05:48.682+0000] {spark_submit.py:492} INFO - optional binary tweet_id (STRING);
[2026-02-12T19:05:48.683+0000] {spark_submit.py:492} INFO - optional binary reply_to_user_id (STRING);
[2026-02-12T19:05:48.683+0000] {spark_submit.py:492} INFO - optional binary language (STRING);
[2026-02-12T19:05:48.683+0000] {spark_submit.py:492} INFO - optional binary tweet_text (STRING);
[2026-02-12T19:05:48.684+0000] {spark_submit.py:492} INFO - optional int64 likes;
[2026-02-12T19:05:48.684+0000] {spark_submit.py:492} INFO - optional int64 quotes;
[2026-02-12T19:05:48.684+0000] {spark_submit.py:492} INFO - optional int64 replies;
[2026-02-12T19:05:48.684+0000] {spark_submit.py:492} INFO - optional int64 retweets;
[2026-02-12T19:05:48.685+0000] {spark_submit.py:492} INFO - required int32 processing_date (DATE);
[2026-02-12T19:05:48.685+0000] {spark_submit.py:492} INFO - }
[2026-02-12T19:05:48.685+0000] {spark_submit.py:492} INFO - 
[2026-02-12T19:05:48.685+0000] {spark_submit.py:492} INFO - 
[2026-02-12T19:05:48.720+0000] {spark_submit.py:492} INFO - 26/02/12 19:05:48 INFO CodecConfig: Compression: SNAPPY
[2026-02-12T19:05:48.721+0000] {spark_submit.py:492} INFO - 26/02/12 19:05:48 INFO CodecConfig: Compression: SNAPPY
[2026-02-12T19:05:48.722+0000] {spark_submit.py:492} INFO - 26/02/12 19:05:48 INFO ParquetOutputFormat: ParquetRecordWriter [block size: 134217728b, row group padding size: 8388608b, validating: false]
[2026-02-12T19:05:48.732+0000] {spark_submit.py:492} INFO - 26/02/12 19:05:48 INFO ParquetWriteSupport: Initialized Parquet WriteSupport with Catalyst schema:
[2026-02-12T19:05:48.732+0000] {spark_submit.py:492} INFO - {
[2026-02-12T19:05:48.733+0000] {spark_submit.py:492} INFO - "type" : "struct",
[2026-02-12T19:05:48.733+0000] {spark_submit.py:492} INFO - "fields" : [ {
[2026-02-12T19:05:48.733+0000] {spark_submit.py:492} INFO - "name" : "user_id",
[2026-02-12T19:05:48.733+0000] {spark_submit.py:492} INFO - "type" : "string",
[2026-02-12T19:05:48.733+0000] {spark_submit.py:492} INFO - "nullable" : true,
[2026-02-12T19:05:48.734+0000] {spark_submit.py:492} INFO - "metadata" : { }
[2026-02-12T19:05:48.734+0000] {spark_submit.py:492} INFO - }, {
[2026-02-12T19:05:48.734+0000] {spark_submit.py:492} INFO - "name" : "thread_id",
[2026-02-12T19:05:48.734+0000] {spark_submit.py:492} INFO - "type" : "string",
[2026-02-12T19:05:48.734+0000] {spark_submit.py:492} INFO - "nullable" : true,
[2026-02-12T19:05:48.735+0000] {spark_submit.py:492} INFO - "metadata" : { }
[2026-02-12T19:05:48.735+0000] {spark_submit.py:492} INFO - }, {
[2026-02-12T19:05:48.735+0000] {spark_submit.py:492} INFO - "name" : "created_at",
[2026-02-12T19:05:48.735+0000] {spark_submit.py:492} INFO - "type" : "string",
[2026-02-12T19:05:48.735+0000] {spark_submit.py:492} INFO - "nullable" : true,
[2026-02-12T19:05:48.736+0000] {spark_submit.py:492} INFO - "metadata" : { }
[2026-02-12T19:05:48.736+0000] {spark_submit.py:492} INFO - }, {
[2026-02-12T19:05:48.736+0000] {spark_submit.py:492} INFO - "name" : "edit_versions_ids",
[2026-02-12T19:05:48.736+0000] {spark_submit.py:492} INFO - "type" : {
[2026-02-12T19:05:48.737+0000] {spark_submit.py:492} INFO - "type" : "array",
[2026-02-12T19:05:48.737+0000] {spark_submit.py:492} INFO - "elementType" : "long",
[2026-02-12T19:05:48.737+0000] {spark_submit.py:492} INFO - "containsNull" : true
[2026-02-12T19:05:48.737+0000] {spark_submit.py:492} INFO - },
[2026-02-12T19:05:48.737+0000] {spark_submit.py:492} INFO - "nullable" : true,
[2026-02-12T19:05:48.738+0000] {spark_submit.py:492} INFO - "metadata" : { }
[2026-02-12T19:05:48.738+0000] {spark_submit.py:492} INFO - }, {
[2026-02-12T19:05:48.738+0000] {spark_submit.py:492} INFO - "name" : "tweet_id",
[2026-02-12T19:05:48.739+0000] {spark_submit.py:492} INFO - "type" : "string",
[2026-02-12T19:05:48.739+0000] {spark_submit.py:492} INFO - "nullable" : true,
[2026-02-12T19:05:48.739+0000] {spark_submit.py:492} INFO - "metadata" : { }
[2026-02-12T19:05:48.739+0000] {spark_submit.py:492} INFO - }, {
[2026-02-12T19:05:48.739+0000] {spark_submit.py:492} INFO - "name" : "reply_to_user_id",
[2026-02-12T19:05:48.739+0000] {spark_submit.py:492} INFO - "type" : "string",
[2026-02-12T19:05:48.740+0000] {spark_submit.py:492} INFO - "nullable" : true,
[2026-02-12T19:05:48.740+0000] {spark_submit.py:492} INFO - "metadata" : { }
[2026-02-12T19:05:48.740+0000] {spark_submit.py:492} INFO - }, {
[2026-02-12T19:05:48.740+0000] {spark_submit.py:492} INFO - "name" : "language",
[2026-02-12T19:05:48.741+0000] {spark_submit.py:492} INFO - "type" : "string",
[2026-02-12T19:05:48.741+0000] {spark_submit.py:492} INFO - "nullable" : true,
[2026-02-12T19:05:48.741+0000] {spark_submit.py:492} INFO - "metadata" : { }
[2026-02-12T19:05:48.741+0000] {spark_submit.py:492} INFO - }, {
[2026-02-12T19:05:48.742+0000] {spark_submit.py:492} INFO - "name" : "tweet_text",
[2026-02-12T19:05:48.742+0000] {spark_submit.py:492} INFO - "type" : "string",
[2026-02-12T19:05:48.742+0000] {spark_submit.py:492} INFO - "nullable" : true,
[2026-02-12T19:05:48.742+0000] {spark_submit.py:492} INFO - "metadata" : { }
[2026-02-12T19:05:48.742+0000] {spark_submit.py:492} INFO - }, {
[2026-02-12T19:05:48.743+0000] {spark_submit.py:492} INFO - "name" : "likes",
[2026-02-12T19:05:48.743+0000] {spark_submit.py:492} INFO - "type" : "long",
[2026-02-12T19:05:48.743+0000] {spark_submit.py:492} INFO - "nullable" : true,
[2026-02-12T19:05:48.743+0000] {spark_submit.py:492} INFO - "metadata" : { }
[2026-02-12T19:05:48.743+0000] {spark_submit.py:492} INFO - }, {
[2026-02-12T19:05:48.743+0000] {spark_submit.py:492} INFO - "name" : "quotes",
[2026-02-12T19:05:48.744+0000] {spark_submit.py:492} INFO - "type" : "long",
[2026-02-12T19:05:48.744+0000] {spark_submit.py:492} INFO - "nullable" : true,
[2026-02-12T19:05:48.744+0000] {spark_submit.py:492} INFO - "metadata" : { }
[2026-02-12T19:05:48.744+0000] {spark_submit.py:492} INFO - }, {
[2026-02-12T19:05:48.744+0000] {spark_submit.py:492} INFO - "name" : "replies",
[2026-02-12T19:05:48.745+0000] {spark_submit.py:492} INFO - "type" : "long",
[2026-02-12T19:05:48.745+0000] {spark_submit.py:492} INFO - "nullable" : true,
[2026-02-12T19:05:48.745+0000] {spark_submit.py:492} INFO - "metadata" : { }
[2026-02-12T19:05:48.745+0000] {spark_submit.py:492} INFO - }, {
[2026-02-12T19:05:48.745+0000] {spark_submit.py:492} INFO - "name" : "retweets",
[2026-02-12T19:05:48.745+0000] {spark_submit.py:492} INFO - "type" : "long",
[2026-02-12T19:05:48.745+0000] {spark_submit.py:492} INFO - "nullable" : true,
[2026-02-12T19:05:48.746+0000] {spark_submit.py:492} INFO - "metadata" : { }
[2026-02-12T19:05:48.746+0000] {spark_submit.py:492} INFO - }, {
[2026-02-12T19:05:48.746+0000] {spark_submit.py:492} INFO - "name" : "processing_date",
[2026-02-12T19:05:48.746+0000] {spark_submit.py:492} INFO - "type" : "date",
[2026-02-12T19:05:48.746+0000] {spark_submit.py:492} INFO - "nullable" : false,
[2026-02-12T19:05:48.746+0000] {spark_submit.py:492} INFO - "metadata" : { }
[2026-02-12T19:05:48.747+0000] {spark_submit.py:492} INFO - } ]
[2026-02-12T19:05:48.747+0000] {spark_submit.py:492} INFO - }
[2026-02-12T19:05:48.747+0000] {spark_submit.py:492} INFO - and corresponding Parquet message type:
[2026-02-12T19:05:48.747+0000] {spark_submit.py:492} INFO - message spark_schema {
[2026-02-12T19:05:48.748+0000] {spark_submit.py:492} INFO - optional binary user_id (STRING);
[2026-02-12T19:05:48.748+0000] {spark_submit.py:492} INFO - optional binary thread_id (STRING);
[2026-02-12T19:05:48.748+0000] {spark_submit.py:492} INFO - optional binary created_at (STRING);
[2026-02-12T19:05:48.748+0000] {spark_submit.py:492} INFO - optional group edit_versions_ids (LIST) {
[2026-02-12T19:05:48.749+0000] {spark_submit.py:492} INFO - repeated group list {
[2026-02-12T19:05:48.749+0000] {spark_submit.py:492} INFO - optional int64 element;
[2026-02-12T19:05:48.749+0000] {spark_submit.py:492} INFO - }
[2026-02-12T19:05:48.749+0000] {spark_submit.py:492} INFO - }
[2026-02-12T19:05:48.749+0000] {spark_submit.py:492} INFO - optional binary tweet_id (STRING);
[2026-02-12T19:05:48.749+0000] {spark_submit.py:492} INFO - optional binary reply_to_user_id (STRING);
[2026-02-12T19:05:48.750+0000] {spark_submit.py:492} INFO - optional binary language (STRING);
[2026-02-12T19:05:48.750+0000] {spark_submit.py:492} INFO - optional binary tweet_text (STRING);
[2026-02-12T19:05:48.750+0000] {spark_submit.py:492} INFO - optional int64 likes;
[2026-02-12T19:05:48.750+0000] {spark_submit.py:492} INFO - optional int64 quotes;
[2026-02-12T19:05:48.750+0000] {spark_submit.py:492} INFO - optional int64 replies;
[2026-02-12T19:05:48.750+0000] {spark_submit.py:492} INFO - optional int64 retweets;
[2026-02-12T19:05:48.751+0000] {spark_submit.py:492} INFO - required int32 processing_date (DATE);
[2026-02-12T19:05:48.751+0000] {spark_submit.py:492} INFO - }
[2026-02-12T19:05:48.751+0000] {spark_submit.py:492} INFO - 
[2026-02-12T19:05:48.752+0000] {spark_submit.py:492} INFO - 
[2026-02-12T19:05:48.788+0000] {spark_submit.py:492} INFO - 26/02/12 19:05:48 INFO CodecConfig: Compression: SNAPPY
[2026-02-12T19:05:48.788+0000] {spark_submit.py:492} INFO - 26/02/12 19:05:48 INFO CodecConfig: Compression: SNAPPY
[2026-02-12T19:05:48.791+0000] {spark_submit.py:492} INFO - 26/02/12 19:05:48 INFO ParquetOutputFormat: ParquetRecordWriter [block size: 134217728b, row group padding size: 8388608b, validating: false]
[2026-02-12T19:05:48.795+0000] {spark_submit.py:492} INFO - 26/02/12 19:05:48 INFO ParquetWriteSupport: Initialized Parquet WriteSupport with Catalyst schema:
[2026-02-12T19:05:48.796+0000] {spark_submit.py:492} INFO - {
[2026-02-12T19:05:48.796+0000] {spark_submit.py:492} INFO - "type" : "struct",
[2026-02-12T19:05:48.796+0000] {spark_submit.py:492} INFO - "fields" : [ {
[2026-02-12T19:05:48.796+0000] {spark_submit.py:492} INFO - "name" : "user_id",
[2026-02-12T19:05:48.796+0000] {spark_submit.py:492} INFO - "type" : "string",
[2026-02-12T19:05:48.797+0000] {spark_submit.py:492} INFO - "nullable" : true,
[2026-02-12T19:05:48.797+0000] {spark_submit.py:492} INFO - "metadata" : { }
[2026-02-12T19:05:48.797+0000] {spark_submit.py:492} INFO - }, {
[2026-02-12T19:05:48.797+0000] {spark_submit.py:492} INFO - "name" : "thread_id",
[2026-02-12T19:05:48.797+0000] {spark_submit.py:492} INFO - "type" : "string",
[2026-02-12T19:05:48.798+0000] {spark_submit.py:492} INFO - "nullable" : true,
[2026-02-12T19:05:48.798+0000] {spark_submit.py:492} INFO - "metadata" : { }
[2026-02-12T19:05:48.798+0000] {spark_submit.py:492} INFO - }, {
[2026-02-12T19:05:48.798+0000] {spark_submit.py:492} INFO - "name" : "created_at",
[2026-02-12T19:05:48.799+0000] {spark_submit.py:492} INFO - "type" : "string",
[2026-02-12T19:05:48.799+0000] {spark_submit.py:492} INFO - "nullable" : true,
[2026-02-12T19:05:48.799+0000] {spark_submit.py:492} INFO - "metadata" : { }
[2026-02-12T19:05:48.799+0000] {spark_submit.py:492} INFO - }, {
[2026-02-12T19:05:48.800+0000] {spark_submit.py:492} INFO - "name" : "edit_versions_ids",
[2026-02-12T19:05:48.800+0000] {spark_submit.py:492} INFO - "type" : {
[2026-02-12T19:05:48.800+0000] {spark_submit.py:492} INFO - "type" : "array",
[2026-02-12T19:05:48.800+0000] {spark_submit.py:492} INFO - "elementType" : "long",
[2026-02-12T19:05:48.800+0000] {spark_submit.py:492} INFO - "containsNull" : true
[2026-02-12T19:05:48.801+0000] {spark_submit.py:492} INFO - },
[2026-02-12T19:05:48.801+0000] {spark_submit.py:492} INFO - "nullable" : true,
[2026-02-12T19:05:48.801+0000] {spark_submit.py:492} INFO - "metadata" : { }
[2026-02-12T19:05:48.801+0000] {spark_submit.py:492} INFO - }, {
[2026-02-12T19:05:48.801+0000] {spark_submit.py:492} INFO - "name" : "tweet_id",
[2026-02-12T19:05:48.801+0000] {spark_submit.py:492} INFO - "type" : "string",
[2026-02-12T19:05:48.802+0000] {spark_submit.py:492} INFO - "nullable" : true,
[2026-02-12T19:05:48.802+0000] {spark_submit.py:492} INFO - "metadata" : { }
[2026-02-12T19:05:48.802+0000] {spark_submit.py:492} INFO - }, {
[2026-02-12T19:05:48.802+0000] {spark_submit.py:492} INFO - "name" : "reply_to_user_id",
[2026-02-12T19:05:48.802+0000] {spark_submit.py:492} INFO - "type" : "string",
[2026-02-12T19:05:48.802+0000] {spark_submit.py:492} INFO - "nullable" : true,
[2026-02-12T19:05:48.803+0000] {spark_submit.py:492} INFO - "metadata" : { }
[2026-02-12T19:05:48.803+0000] {spark_submit.py:492} INFO - }, {
[2026-02-12T19:05:48.803+0000] {spark_submit.py:492} INFO - "name" : "language",
[2026-02-12T19:05:48.804+0000] {spark_submit.py:492} INFO - "type" : "string",
[2026-02-12T19:05:48.804+0000] {spark_submit.py:492} INFO - "nullable" : true,
[2026-02-12T19:05:48.804+0000] {spark_submit.py:492} INFO - "metadata" : { }
[2026-02-12T19:05:48.804+0000] {spark_submit.py:492} INFO - }, {
[2026-02-12T19:05:48.805+0000] {spark_submit.py:492} INFO - "name" : "tweet_text",
[2026-02-12T19:05:48.805+0000] {spark_submit.py:492} INFO - "type" : "string",
[2026-02-12T19:05:48.805+0000] {spark_submit.py:492} INFO - "nullable" : true,
[2026-02-12T19:05:48.805+0000] {spark_submit.py:492} INFO - "metadata" : { }
[2026-02-12T19:05:48.805+0000] {spark_submit.py:492} INFO - }, {
[2026-02-12T19:05:48.805+0000] {spark_submit.py:492} INFO - "name" : "likes",
[2026-02-12T19:05:48.805+0000] {spark_submit.py:492} INFO - "type" : "long",
[2026-02-12T19:05:48.806+0000] {spark_submit.py:492} INFO - "nullable" : true,
[2026-02-12T19:05:48.806+0000] {spark_submit.py:492} INFO - "metadata" : { }
[2026-02-12T19:05:48.806+0000] {spark_submit.py:492} INFO - }, {
[2026-02-12T19:05:48.806+0000] {spark_submit.py:492} INFO - "name" : "quotes",
[2026-02-12T19:05:48.806+0000] {spark_submit.py:492} INFO - "type" : "long",
[2026-02-12T19:05:48.807+0000] {spark_submit.py:492} INFO - "nullable" : true,
[2026-02-12T19:05:48.807+0000] {spark_submit.py:492} INFO - "metadata" : { }
[2026-02-12T19:05:48.807+0000] {spark_submit.py:492} INFO - }, {
[2026-02-12T19:05:48.807+0000] {spark_submit.py:492} INFO - "name" : "replies",
[2026-02-12T19:05:48.807+0000] {spark_submit.py:492} INFO - "type" : "long",
[2026-02-12T19:05:48.808+0000] {spark_submit.py:492} INFO - "nullable" : true,
[2026-02-12T19:05:48.808+0000] {spark_submit.py:492} INFO - "metadata" : { }
[2026-02-12T19:05:48.808+0000] {spark_submit.py:492} INFO - }, {
[2026-02-12T19:05:48.808+0000] {spark_submit.py:492} INFO - "name" : "retweets",
[2026-02-12T19:05:48.808+0000] {spark_submit.py:492} INFO - "type" : "long",
[2026-02-12T19:05:48.808+0000] {spark_submit.py:492} INFO - "nullable" : true,
[2026-02-12T19:05:48.809+0000] {spark_submit.py:492} INFO - "metadata" : { }
[2026-02-12T19:05:48.809+0000] {spark_submit.py:492} INFO - }, {
[2026-02-12T19:05:48.809+0000] {spark_submit.py:492} INFO - "name" : "processing_date",
[2026-02-12T19:05:48.809+0000] {spark_submit.py:492} INFO - "type" : "date",
[2026-02-12T19:05:48.809+0000] {spark_submit.py:492} INFO - "nullable" : false,
[2026-02-12T19:05:48.809+0000] {spark_submit.py:492} INFO - "metadata" : { }
[2026-02-12T19:05:48.809+0000] {spark_submit.py:492} INFO - } ]
[2026-02-12T19:05:48.810+0000] {spark_submit.py:492} INFO - }
[2026-02-12T19:05:48.810+0000] {spark_submit.py:492} INFO - and corresponding Parquet message type:
[2026-02-12T19:05:48.810+0000] {spark_submit.py:492} INFO - message spark_schema {
[2026-02-12T19:05:48.810+0000] {spark_submit.py:492} INFO - optional binary user_id (STRING);
[2026-02-12T19:05:48.810+0000] {spark_submit.py:492} INFO - optional binary thread_id (STRING);
[2026-02-12T19:05:48.811+0000] {spark_submit.py:492} INFO - optional binary created_at (STRING);
[2026-02-12T19:05:48.811+0000] {spark_submit.py:492} INFO - optional group edit_versions_ids (LIST) {
[2026-02-12T19:05:48.811+0000] {spark_submit.py:492} INFO - repeated group list {
[2026-02-12T19:05:48.812+0000] {spark_submit.py:492} INFO - optional int64 element;
[2026-02-12T19:05:48.812+0000] {spark_submit.py:492} INFO - }
[2026-02-12T19:05:48.812+0000] {spark_submit.py:492} INFO - }
[2026-02-12T19:05:48.812+0000] {spark_submit.py:492} INFO - optional binary tweet_id (STRING);
[2026-02-12T19:05:48.812+0000] {spark_submit.py:492} INFO - optional binary reply_to_user_id (STRING);
[2026-02-12T19:05:48.812+0000] {spark_submit.py:492} INFO - optional binary language (STRING);
[2026-02-12T19:05:48.813+0000] {spark_submit.py:492} INFO - optional binary tweet_text (STRING);
[2026-02-12T19:05:48.813+0000] {spark_submit.py:492} INFO - optional int64 likes;
[2026-02-12T19:05:48.813+0000] {spark_submit.py:492} INFO - optional int64 quotes;
[2026-02-12T19:05:48.813+0000] {spark_submit.py:492} INFO - optional int64 replies;
[2026-02-12T19:05:48.813+0000] {spark_submit.py:492} INFO - optional int64 retweets;
[2026-02-12T19:05:48.813+0000] {spark_submit.py:492} INFO - required int32 processing_date (DATE);
[2026-02-12T19:05:48.814+0000] {spark_submit.py:492} INFO - }
[2026-02-12T19:05:48.814+0000] {spark_submit.py:492} INFO - 
[2026-02-12T19:05:48.814+0000] {spark_submit.py:492} INFO - 
[2026-02-12T19:05:48.864+0000] {spark_submit.py:492} INFO - 26/02/12 19:05:48 INFO CodecConfig: Compression: SNAPPY
[2026-02-12T19:05:48.865+0000] {spark_submit.py:492} INFO - 26/02/12 19:05:48 INFO CodecConfig: Compression: SNAPPY
[2026-02-12T19:05:48.869+0000] {spark_submit.py:492} INFO - 26/02/12 19:05:48 INFO ParquetOutputFormat: ParquetRecordWriter [block size: 134217728b, row group padding size: 8388608b, validating: false]
[2026-02-12T19:05:48.873+0000] {spark_submit.py:492} INFO - 26/02/12 19:05:48 INFO ParquetWriteSupport: Initialized Parquet WriteSupport with Catalyst schema:
[2026-02-12T19:05:48.873+0000] {spark_submit.py:492} INFO - {
[2026-02-12T19:05:48.873+0000] {spark_submit.py:492} INFO - "type" : "struct",
[2026-02-12T19:05:48.873+0000] {spark_submit.py:492} INFO - "fields" : [ {
[2026-02-12T19:05:48.874+0000] {spark_submit.py:492} INFO - "name" : "user_id",
[2026-02-12T19:05:48.874+0000] {spark_submit.py:492} INFO - "type" : "string",
[2026-02-12T19:05:48.874+0000] {spark_submit.py:492} INFO - "nullable" : true,
[2026-02-12T19:05:48.874+0000] {spark_submit.py:492} INFO - "metadata" : { }
[2026-02-12T19:05:48.874+0000] {spark_submit.py:492} INFO - }, {
[2026-02-12T19:05:48.874+0000] {spark_submit.py:492} INFO - "name" : "thread_id",
[2026-02-12T19:05:48.874+0000] {spark_submit.py:492} INFO - "type" : "string",
[2026-02-12T19:05:48.875+0000] {spark_submit.py:492} INFO - "nullable" : true,
[2026-02-12T19:05:48.875+0000] {spark_submit.py:492} INFO - "metadata" : { }
[2026-02-12T19:05:48.875+0000] {spark_submit.py:492} INFO - }, {
[2026-02-12T19:05:48.875+0000] {spark_submit.py:492} INFO - "name" : "created_at",
[2026-02-12T19:05:48.875+0000] {spark_submit.py:492} INFO - "type" : "string",
[2026-02-12T19:05:48.875+0000] {spark_submit.py:492} INFO - "nullable" : true,
[2026-02-12T19:05:48.876+0000] {spark_submit.py:492} INFO - "metadata" : { }
[2026-02-12T19:05:48.876+0000] {spark_submit.py:492} INFO - }, {
[2026-02-12T19:05:48.876+0000] {spark_submit.py:492} INFO - "name" : "edit_versions_ids",
[2026-02-12T19:05:48.876+0000] {spark_submit.py:492} INFO - "type" : {
[2026-02-12T19:05:48.876+0000] {spark_submit.py:492} INFO - "type" : "array",
[2026-02-12T19:05:48.877+0000] {spark_submit.py:492} INFO - "elementType" : "long",
[2026-02-12T19:05:48.877+0000] {spark_submit.py:492} INFO - "containsNull" : true
[2026-02-12T19:05:48.877+0000] {spark_submit.py:492} INFO - },
[2026-02-12T19:05:48.877+0000] {spark_submit.py:492} INFO - "nullable" : true,
[2026-02-12T19:05:48.877+0000] {spark_submit.py:492} INFO - "metadata" : { }
[2026-02-12T19:05:48.877+0000] {spark_submit.py:492} INFO - }, {
[2026-02-12T19:05:48.878+0000] {spark_submit.py:492} INFO - "name" : "tweet_id",
[2026-02-12T19:05:48.878+0000] {spark_submit.py:492} INFO - "type" : "string",
[2026-02-12T19:05:48.878+0000] {spark_submit.py:492} INFO - "nullable" : true,
[2026-02-12T19:05:48.878+0000] {spark_submit.py:492} INFO - "metadata" : { }
[2026-02-12T19:05:48.878+0000] {spark_submit.py:492} INFO - }, {
[2026-02-12T19:05:48.878+0000] {spark_submit.py:492} INFO - "name" : "reply_to_user_id",
[2026-02-12T19:05:48.878+0000] {spark_submit.py:492} INFO - "type" : "string",
[2026-02-12T19:05:48.879+0000] {spark_submit.py:492} INFO - "nullable" : true,
[2026-02-12T19:05:48.879+0000] {spark_submit.py:492} INFO - "metadata" : { }
[2026-02-12T19:05:48.879+0000] {spark_submit.py:492} INFO - }, {
[2026-02-12T19:05:48.879+0000] {spark_submit.py:492} INFO - "name" : "language",
[2026-02-12T19:05:48.879+0000] {spark_submit.py:492} INFO - "type" : "string",
[2026-02-12T19:05:48.879+0000] {spark_submit.py:492} INFO - "nullable" : true,
[2026-02-12T19:05:48.879+0000] {spark_submit.py:492} INFO - "metadata" : { }
[2026-02-12T19:05:48.880+0000] {spark_submit.py:492} INFO - }, {
[2026-02-12T19:05:48.880+0000] {spark_submit.py:492} INFO - "name" : "tweet_text",
[2026-02-12T19:05:48.880+0000] {spark_submit.py:492} INFO - "type" : "string",
[2026-02-12T19:05:48.880+0000] {spark_submit.py:492} INFO - "nullable" : true,
[2026-02-12T19:05:48.880+0000] {spark_submit.py:492} INFO - "metadata" : { }
[2026-02-12T19:05:48.880+0000] {spark_submit.py:492} INFO - }, {
[2026-02-12T19:05:48.880+0000] {spark_submit.py:492} INFO - "name" : "likes",
[2026-02-12T19:05:48.881+0000] {spark_submit.py:492} INFO - "type" : "long",
[2026-02-12T19:05:48.881+0000] {spark_submit.py:492} INFO - "nullable" : true,
[2026-02-12T19:05:48.881+0000] {spark_submit.py:492} INFO - "metadata" : { }
[2026-02-12T19:05:48.881+0000] {spark_submit.py:492} INFO - }, {
[2026-02-12T19:05:48.881+0000] {spark_submit.py:492} INFO - "name" : "quotes",
[2026-02-12T19:05:48.881+0000] {spark_submit.py:492} INFO - "type" : "long",
[2026-02-12T19:05:48.881+0000] {spark_submit.py:492} INFO - "nullable" : true,
[2026-02-12T19:05:48.882+0000] {spark_submit.py:492} INFO - "metadata" : { }
[2026-02-12T19:05:48.882+0000] {spark_submit.py:492} INFO - }, {
[2026-02-12T19:05:48.882+0000] {spark_submit.py:492} INFO - "name" : "replies",
[2026-02-12T19:05:48.882+0000] {spark_submit.py:492} INFO - "type" : "long",
[2026-02-12T19:05:48.882+0000] {spark_submit.py:492} INFO - "nullable" : true,
[2026-02-12T19:05:48.882+0000] {spark_submit.py:492} INFO - "metadata" : { }
[2026-02-12T19:05:48.882+0000] {spark_submit.py:492} INFO - }, {
[2026-02-12T19:05:48.883+0000] {spark_submit.py:492} INFO - "name" : "retweets",
[2026-02-12T19:05:48.883+0000] {spark_submit.py:492} INFO - "type" : "long",
[2026-02-12T19:05:48.883+0000] {spark_submit.py:492} INFO - "nullable" : true,
[2026-02-12T19:05:48.883+0000] {spark_submit.py:492} INFO - "metadata" : { }
[2026-02-12T19:05:48.883+0000] {spark_submit.py:492} INFO - }, {
[2026-02-12T19:05:48.883+0000] {spark_submit.py:492} INFO - "name" : "processing_date",
[2026-02-12T19:05:48.883+0000] {spark_submit.py:492} INFO - "type" : "date",
[2026-02-12T19:05:48.884+0000] {spark_submit.py:492} INFO - "nullable" : false,
[2026-02-12T19:05:48.884+0000] {spark_submit.py:492} INFO - "metadata" : { }
[2026-02-12T19:05:48.884+0000] {spark_submit.py:492} INFO - } ]
[2026-02-12T19:05:48.884+0000] {spark_submit.py:492} INFO - }
[2026-02-12T19:05:48.884+0000] {spark_submit.py:492} INFO - and corresponding Parquet message type:
[2026-02-12T19:05:48.884+0000] {spark_submit.py:492} INFO - message spark_schema {
[2026-02-12T19:05:48.885+0000] {spark_submit.py:492} INFO - optional binary user_id (STRING);
[2026-02-12T19:05:48.885+0000] {spark_submit.py:492} INFO - optional binary thread_id (STRING);
[2026-02-12T19:05:48.885+0000] {spark_submit.py:492} INFO - optional binary created_at (STRING);
[2026-02-12T19:05:48.885+0000] {spark_submit.py:492} INFO - optional group edit_versions_ids (LIST) {
[2026-02-12T19:05:48.885+0000] {spark_submit.py:492} INFO - repeated group list {
[2026-02-12T19:05:48.885+0000] {spark_submit.py:492} INFO - optional int64 element;
[2026-02-12T19:05:48.885+0000] {spark_submit.py:492} INFO - }
[2026-02-12T19:05:48.886+0000] {spark_submit.py:492} INFO - }
[2026-02-12T19:05:48.886+0000] {spark_submit.py:492} INFO - optional binary tweet_id (STRING);
[2026-02-12T19:05:48.886+0000] {spark_submit.py:492} INFO - optional binary reply_to_user_id (STRING);
[2026-02-12T19:05:48.886+0000] {spark_submit.py:492} INFO - optional binary language (STRING);
[2026-02-12T19:05:48.886+0000] {spark_submit.py:492} INFO - optional binary tweet_text (STRING);
[2026-02-12T19:05:48.887+0000] {spark_submit.py:492} INFO - optional int64 likes;
[2026-02-12T19:05:48.887+0000] {spark_submit.py:492} INFO - optional int64 quotes;
[2026-02-12T19:05:48.888+0000] {spark_submit.py:492} INFO - optional int64 replies;
[2026-02-12T19:05:48.888+0000] {spark_submit.py:492} INFO - optional int64 retweets;
[2026-02-12T19:05:48.888+0000] {spark_submit.py:492} INFO - required int32 processing_date (DATE);
[2026-02-12T19:05:48.889+0000] {spark_submit.py:492} INFO - }
[2026-02-12T19:05:48.889+0000] {spark_submit.py:492} INFO - 
[2026-02-12T19:05:48.889+0000] {spark_submit.py:492} INFO - 
[2026-02-12T19:05:48.947+0000] {spark_submit.py:492} INFO - 26/02/12 19:05:48 INFO FileOutputCommitter: Saved output of task 'attempt_202602121905465638660233046129752_0001_m_000000_1' to file:/opt/airflow/data/silver/_temporary/0/task_202602121905465638660233046129752_0001_m_000000
[2026-02-12T19:05:48.948+0000] {spark_submit.py:492} INFO - 26/02/12 19:05:48 INFO SparkHadoopMapRedUtil: attempt_202602121905465638660233046129752_0001_m_000000_1: Committed. Elapsed time: 2 ms.
[2026-02-12T19:05:48.972+0000] {spark_submit.py:492} INFO - 26/02/12 19:05:48 INFO Executor: Finished task 0.0 in stage 1.0 (TID 1). 3930 bytes result sent to driver
[2026-02-12T19:05:48.976+0000] {spark_submit.py:492} INFO - 26/02/12 19:05:48 INFO TaskSetManager: Finished task 0.0 in stage 1.0 (TID 1) in 2435 ms on 649004db3ede (executor driver) (1/1)
[2026-02-12T19:05:48.976+0000] {spark_submit.py:492} INFO - 26/02/12 19:05:48 INFO TaskSchedulerImpl: Removed TaskSet 1.0, whose tasks have all completed, from pool
[2026-02-12T19:05:48.977+0000] {spark_submit.py:492} INFO - 26/02/12 19:05:48 INFO DAGScheduler: ResultStage 1 (parquet at NativeMethodAccessorImpl.java:0) finished in 2.501 s
[2026-02-12T19:05:48.977+0000] {spark_submit.py:492} INFO - 26/02/12 19:05:48 INFO DAGScheduler: Job 1 is finished. Cancelling potential speculative or zombie tasks for this job
[2026-02-12T19:05:48.977+0000] {spark_submit.py:492} INFO - 26/02/12 19:05:48 INFO TaskSchedulerImpl: Killing all running tasks in stage 1: Stage finished
[2026-02-12T19:05:48.980+0000] {spark_submit.py:492} INFO - 26/02/12 19:05:48 INFO DAGScheduler: Job 1 finished: parquet at NativeMethodAccessorImpl.java:0, took 2.508412 s
[2026-02-12T19:05:48.983+0000] {spark_submit.py:492} INFO - 26/02/12 19:05:48 INFO FileFormatWriter: Start to commit write Job cd1e9ef0-dc41-4172-abca-6dcd02d226db.
[2026-02-12T19:05:49.041+0000] {spark_submit.py:492} INFO - 26/02/12 19:05:49 INFO FileFormatWriter: Write Job cd1e9ef0-dc41-4172-abca-6dcd02d226db committed. Elapsed time: 56 ms.
[2026-02-12T19:05:49.048+0000] {spark_submit.py:492} INFO - 26/02/12 19:05:49 INFO FileFormatWriter: Finished processing stats for write job cd1e9ef0-dc41-4172-abca-6dcd02d226db.
[2026-02-12T19:05:49.132+0000] {spark_submit.py:492} INFO - 26/02/12 19:05:49 INFO SparkContext: Invoking stop() from shutdown hook
[2026-02-12T19:05:49.134+0000] {spark_submit.py:492} INFO - 26/02/12 19:05:49 INFO SparkContext: SparkContext is stopping with exitCode 0.
[2026-02-12T19:05:49.150+0000] {spark_submit.py:492} INFO - 26/02/12 19:05:49 INFO SparkUI: Stopped Spark web UI at http://649004db3ede:4040
[2026-02-12T19:05:49.165+0000] {spark_submit.py:492} INFO - 26/02/12 19:05:49 INFO MapOutputTrackerMasterEndpoint: MapOutputTrackerMasterEndpoint stopped!
[2026-02-12T19:05:49.186+0000] {spark_submit.py:492} INFO - 26/02/12 19:05:49 INFO MemoryStore: MemoryStore cleared
[2026-02-12T19:05:49.187+0000] {spark_submit.py:492} INFO - 26/02/12 19:05:49 INFO BlockManager: BlockManager stopped
[2026-02-12T19:05:49.194+0000] {spark_submit.py:492} INFO - 26/02/12 19:05:49 INFO BlockManagerMaster: BlockManagerMaster stopped
[2026-02-12T19:05:49.196+0000] {spark_submit.py:492} INFO - 26/02/12 19:05:49 INFO OutputCommitCoordinator$OutputCommitCoordinatorEndpoint: OutputCommitCoordinator stopped!
[2026-02-12T19:05:49.209+0000] {spark_submit.py:492} INFO - 26/02/12 19:05:49 INFO SparkContext: Successfully stopped SparkContext
[2026-02-12T19:05:49.209+0000] {spark_submit.py:492} INFO - 26/02/12 19:05:49 INFO ShutdownHookManager: Shutdown hook called
[2026-02-12T19:05:49.211+0000] {spark_submit.py:492} INFO - 26/02/12 19:05:49 INFO ShutdownHookManager: Deleting directory /tmp/spark-698bda89-1447-4d04-9e9a-279a525f599a
[2026-02-12T19:05:49.224+0000] {spark_submit.py:492} INFO - 26/02/12 19:05:49 INFO ShutdownHookManager: Deleting directory /tmp/spark-4ff9e1b5-2f20-4147-9a6d-1815441d6974/pyspark-31c664f6-fde6-4eca-a41c-52969c5ae5de
[2026-02-12T19:05:49.234+0000] {spark_submit.py:492} INFO - 26/02/12 19:05:49 INFO ShutdownHookManager: Deleting directory /tmp/spark-4ff9e1b5-2f20-4147-9a6d-1815441d6974
[2026-02-12T19:05:49.356+0000] {taskinstance.py:441} INFO - ::group::Post task execution logs
[2026-02-12T19:05:49.377+0000] {taskinstance.py:1206} INFO - Marking task as SUCCESS. dag_id=twitter_pipeline_2, task_id=transform_twitter_datascience, run_id=manual__2026-02-12T19:05:26.883833+00:00, execution_date=20260212T190526, start_date=20260212T190530, end_date=20260212T190549
[2026-02-12T19:05:49.440+0000] {local_task_job_runner.py:243} INFO - Task exited with return code 0
[2026-02-12T19:05:49.472+0000] {taskinstance.py:3503} INFO - 0 downstream tasks scheduled from follow-on schedule check
[2026-02-12T19:05:49.479+0000] {local_task_job_runner.py:222} INFO - ::endgroup::
