[2026-02-12T21:38:57.224+0000] {manager.py:470} INFO - Processing files using up to 2 processes at a time 
[2026-02-12T21:38:57.225+0000] {manager.py:471} INFO - Process each file at most once every 30 seconds
[2026-02-12T21:38:57.225+0000] {manager.py:472} INFO - Checking for new files in /opt/airflow/dags every 300 seconds
[2026-02-12T21:38:57.225+0000] {manager.py:737} INFO - Searching for files in /opt/airflow/dags
[2026-02-12T21:38:57.226+0000] {manager.py:740} INFO - There are 2 files in /opt/airflow/dags
[2026-02-12T21:38:57.352+0000] {manager.py:878} INFO - 
================================================================================
DAG File Processing Stats

File Path                        PID  Runtime      # DAGs    # Errors  Last Runtime    Last Run
-----------------------------  -----  ---------  --------  ----------  --------------  ----------
/opt/airflow/dags/dag_test.py    172  0.04s             0           0
/opt/airflow/dags/dag2.py        169  0.05s             0           0
================================================================================
[2026-02-12T21:39:30.576+0000] {manager.py:878} INFO - 
================================================================================
DAG File Processing Stats

File Path                      PID    Runtime      # DAGs    # Errors  Last Runtime    Last Run
-----------------------------  -----  ---------  --------  ----------  --------------  -------------------
/opt/airflow/dags/dag2.py                               1           0  0.27s           2026-02-12T21:39:27
/opt/airflow/dags/dag_test.py                           1           0  0.26s           2026-02-12T21:39:27
================================================================================
[2026-02-12T21:40:03.948+0000] {manager.py:878} INFO - 
================================================================================
DAG File Processing Stats

File Path                      PID    Runtime      # DAGs    # Errors  Last Runtime    Last Run
-----------------------------  -----  ---------  --------  ----------  --------------  -------------------
/opt/airflow/dags/dag2.py                               1           0  0.11s           2026-02-12T21:39:58
/opt/airflow/dags/dag_test.py                           1           0  0.10s           2026-02-12T21:39:58
================================================================================
[2026-02-12T21:40:37.224+0000] {manager.py:878} INFO - 
================================================================================
DAG File Processing Stats

File Path                      PID    Runtime      # DAGs    # Errors  Last Runtime    Last Run
-----------------------------  -----  ---------  --------  ----------  --------------  -------------------
/opt/airflow/dags/dag2.py                               1           0  0.10s           2026-02-12T21:40:31
/opt/airflow/dags/dag_test.py                           1           0  0.10s           2026-02-12T21:40:31
================================================================================
[2026-02-12T21:41:10.361+0000] {manager.py:878} INFO - 
================================================================================
DAG File Processing Stats

File Path                      PID    Runtime      # DAGs    # Errors  Last Runtime    Last Run
-----------------------------  -----  ---------  --------  ----------  --------------  -------------------
/opt/airflow/dags/dag2.py                               1           0  0.10s           2026-02-12T21:41:04
/opt/airflow/dags/dag_test.py                           1           0  0.09s           2026-02-12T21:41:04
================================================================================
[2026-02-12T21:41:43.658+0000] {manager.py:878} INFO - 
================================================================================
DAG File Processing Stats

File Path                      PID    Runtime      # DAGs    # Errors  Last Runtime    Last Run
-----------------------------  -----  ---------  --------  ----------  --------------  -------------------
/opt/airflow/dags/dag2.py                               1           0  0.10s           2026-02-12T21:41:37
/opt/airflow/dags/dag_test.py                           1           0  0.10s           2026-02-12T21:41:37
================================================================================
[2026-02-12T21:42:16.866+0000] {manager.py:878} INFO - 
================================================================================
DAG File Processing Stats

File Path                      PID    Runtime      # DAGs    # Errors  Last Runtime    Last Run
-----------------------------  -----  ---------  --------  ----------  --------------  -------------------
/opt/airflow/dags/dag2.py                               1           0  0.11s           2026-02-12T21:42:10
/opt/airflow/dags/dag_test.py                           1           0  0.10s           2026-02-12T21:42:10
================================================================================
[2026-02-12T21:42:50.139+0000] {manager.py:878} INFO - 
================================================================================
DAG File Processing Stats

File Path                      PID    Runtime      # DAGs    # Errors  Last Runtime    Last Run
-----------------------------  -----  ---------  --------  ----------  --------------  -------------------
/opt/airflow/dags/dag2.py                               1           0  2.00s           2026-02-12T21:42:43
/opt/airflow/dags/dag_test.py                           1           0  2.00s           2026-02-12T21:42:43
================================================================================
[2026-02-12T21:43:23.289+0000] {manager.py:878} INFO - 
================================================================================
DAG File Processing Stats

File Path                      PID    Runtime      # DAGs    # Errors  Last Runtime    Last Run
-----------------------------  -----  ---------  --------  ----------  --------------  -------------------
/opt/airflow/dags/dag2.py                               1           0  0.10s           2026-02-12T21:43:16
/opt/airflow/dags/dag_test.py                           1           0  0.09s           2026-02-12T21:43:16
================================================================================
[2026-02-12T21:43:56.538+0000] {manager.py:878} INFO - 
================================================================================
DAG File Processing Stats

File Path                      PID    Runtime      # DAGs    # Errors  Last Runtime    Last Run
-----------------------------  -----  ---------  --------  ----------  --------------  -------------------
/opt/airflow/dags/dag2.py                               1           0  0.10s           2026-02-12T21:43:49
/opt/airflow/dags/dag_test.py                           1           0  0.10s           2026-02-12T21:43:49
================================================================================
[2026-02-12T21:43:57.542+0000] {manager.py:737} INFO - Searching for files in /opt/airflow/dags
[2026-02-12T21:43:57.543+0000] {manager.py:740} INFO - There are 2 files in /opt/airflow/dags
[2026-02-12T21:44:29.757+0000] {manager.py:878} INFO - 
================================================================================
DAG File Processing Stats

File Path                      PID    Runtime      # DAGs    # Errors  Last Runtime    Last Run
-----------------------------  -----  ---------  --------  ----------  --------------  -------------------
/opt/airflow/dags/dag2.py                               1           0  0.11s           2026-02-12T21:44:22
/opt/airflow/dags/dag_test.py                           1           0  0.10s           2026-02-12T21:44:22
================================================================================
[2026-02-12T21:45:03.004+0000] {manager.py:878} INFO - 
================================================================================
DAG File Processing Stats

File Path                      PID    Runtime      # DAGs    # Errors  Last Runtime    Last Run
-----------------------------  -----  ---------  --------  ----------  --------------  -------------------
/opt/airflow/dags/dag2.py                               1           0  0.09s           2026-02-12T21:44:56
/opt/airflow/dags/dag_test.py                           1           0  0.08s           2026-02-12T21:44:56
================================================================================
[2026-02-12T21:45:36.163+0000] {manager.py:878} INFO - 
================================================================================
DAG File Processing Stats

File Path                      PID    Runtime      # DAGs    # Errors  Last Runtime    Last Run
-----------------------------  -----  ---------  --------  ----------  --------------  -------------------
/opt/airflow/dags/dag2.py                               1           0  0.10s           2026-02-12T21:45:29
/opt/airflow/dags/dag_test.py                           1           0  0.09s           2026-02-12T21:45:29
================================================================================
[2026-02-12T21:46:09.435+0000] {manager.py:878} INFO - 
================================================================================
DAG File Processing Stats

File Path                      PID    Runtime      # DAGs    # Errors  Last Runtime    Last Run
-----------------------------  -----  ---------  --------  ----------  --------------  -------------------
/opt/airflow/dags/dag2.py                               1           0  0.10s           2026-02-12T21:46:02
/opt/airflow/dags/dag_test.py                           1           0  0.09s           2026-02-12T21:46:02
================================================================================
[2026-02-12T21:46:42.638+0000] {manager.py:878} INFO - 
================================================================================
DAG File Processing Stats

File Path                      PID    Runtime      # DAGs    # Errors  Last Runtime    Last Run
-----------------------------  -----  ---------  --------  ----------  --------------  -------------------
/opt/airflow/dags/dag2.py                               1           0  0.10s           2026-02-12T21:46:32
/opt/airflow/dags/dag_test.py                           1           0  0.09s           2026-02-12T21:46:32
================================================================================
[2026-02-12T21:47:15.937+0000] {manager.py:878} INFO - 
================================================================================
DAG File Processing Stats

File Path                      PID    Runtime      # DAGs    # Errors  Last Runtime    Last Run
-----------------------------  -----  ---------  --------  ----------  --------------  -------------------
/opt/airflow/dags/dag2.py                               1           0  0.10s           2026-02-12T21:47:03
/opt/airflow/dags/dag_test.py                           1           0  0.09s           2026-02-12T21:47:03
================================================================================
[2026-02-12T21:47:49.092+0000] {manager.py:878} INFO - 
================================================================================
DAG File Processing Stats

File Path                      PID    Runtime      # DAGs    # Errors  Last Runtime    Last Run
-----------------------------  -----  ---------  --------  ----------  --------------  -------------------
/opt/airflow/dags/dag2.py                               1           0  0.10s           2026-02-12T21:47:34
/opt/airflow/dags/dag_test.py                           1           0  0.09s           2026-02-12T21:47:34
================================================================================
[2026-02-12T21:48:22.326+0000] {manager.py:878} INFO - 
================================================================================
DAG File Processing Stats

File Path                      PID    Runtime      # DAGs    # Errors  Last Runtime    Last Run
-----------------------------  -----  ---------  --------  ----------  --------------  -------------------
/opt/airflow/dags/dag2.py                               1           0  0.10s           2026-02-12T21:48:04
/opt/airflow/dags/dag_test.py                           1           0  0.09s           2026-02-12T21:48:04
================================================================================
[2026-02-12T21:48:55.538+0000] {manager.py:878} INFO - 
================================================================================
DAG File Processing Stats

File Path                      PID    Runtime      # DAGs    # Errors  Last Runtime    Last Run
-----------------------------  -----  ---------  --------  ----------  --------------  -------------------
/opt/airflow/dags/dag2.py                               1           0  0.10s           2026-02-12T21:48:34
/opt/airflow/dags/dag_test.py                           1           0  0.09s           2026-02-12T21:48:34
================================================================================
[2026-02-12T21:48:57.543+0000] {manager.py:737} INFO - Searching for files in /opt/airflow/dags
[2026-02-12T21:48:57.544+0000] {manager.py:740} INFO - There are 2 files in /opt/airflow/dags
[2026-02-12T21:49:28.846+0000] {manager.py:878} INFO - 
================================================================================
DAG File Processing Stats

File Path                      PID    Runtime      # DAGs    # Errors  Last Runtime    Last Run
-----------------------------  -----  ---------  --------  ----------  --------------  -------------------
/opt/airflow/dags/dag2.py                               1           0  0.10s           2026-02-12T21:49:04
/opt/airflow/dags/dag_test.py                           1           0  0.10s           2026-02-12T21:49:04
================================================================================
[2026-02-12T21:50:02.012+0000] {manager.py:878} INFO - 
================================================================================
DAG File Processing Stats

File Path                      PID    Runtime      # DAGs    # Errors  Last Runtime    Last Run
-----------------------------  -----  ---------  --------  ----------  --------------  -------------------
/opt/airflow/dags/dag2.py                               1           0  0.10s           2026-02-12T21:49:34
/opt/airflow/dags/dag_test.py                           1           0  0.10s           2026-02-12T21:49:34
================================================================================
[2026-02-12T21:50:35.317+0000] {manager.py:878} INFO - 
================================================================================
DAG File Processing Stats

File Path                        PID  Runtime      # DAGs    # Errors  Last Runtime    Last Run
-----------------------------  -----  ---------  --------  ----------  --------------  -------------------
/opt/airflow/dags/dag2.py        623  0.01s             1           0  0.11s           2026-02-12T21:50:05
/opt/airflow/dags/dag_test.py    626  0.00s             1           0  0.10s           2026-02-12T21:50:05
================================================================================
[2026-02-12T21:51:08.591+0000] {manager.py:878} INFO - 
================================================================================
DAG File Processing Stats

File Path                      PID    Runtime      # DAGs    # Errors  Last Runtime    Last Run
-----------------------------  -----  ---------  --------  ----------  --------------  -------------------
/opt/airflow/dags/dag2.py                               1           0  0.10s           2026-02-12T21:51:05
/opt/airflow/dags/dag_test.py                           1           0  0.10s           2026-02-12T21:51:05
================================================================================
[2026-02-12T21:51:41.894+0000] {manager.py:878} INFO - 
================================================================================
DAG File Processing Stats

File Path                      PID    Runtime      # DAGs    # Errors  Last Runtime    Last Run
-----------------------------  -----  ---------  --------  ----------  --------------  -------------------
/opt/airflow/dags/dag_test.py                           1           0  0.12s           2026-02-12T21:51:35
/opt/airflow/dags/dag2.py                               1           0  0.11s           2026-02-12T21:51:35
================================================================================
[2026-02-12T21:52:15.160+0000] {manager.py:878} INFO - 
================================================================================
DAG File Processing Stats

File Path                      PID    Runtime      # DAGs    # Errors  Last Runtime    Last Run
-----------------------------  -----  ---------  --------  ----------  --------------  -------------------
/opt/airflow/dags/dag2.py                               1           0  0.11s           2026-02-12T21:52:06
/opt/airflow/dags/dag_test.py                           1           0  0.11s           2026-02-12T21:52:06
================================================================================
[2026-02-12T21:52:48.386+0000] {manager.py:878} INFO - 
================================================================================
DAG File Processing Stats

File Path                      PID    Runtime      # DAGs    # Errors  Last Runtime    Last Run
-----------------------------  -----  ---------  --------  ----------  --------------  -------------------
/opt/airflow/dags/dag2.py                               1           0  0.11s           2026-02-12T21:52:39
/opt/airflow/dags/dag_test.py                           1           0  0.11s           2026-02-12T21:52:39
================================================================================
[2026-02-12T21:53:21.652+0000] {manager.py:878} INFO - 
================================================================================
DAG File Processing Stats

File Path                      PID    Runtime      # DAGs    # Errors  Last Runtime    Last Run
-----------------------------  -----  ---------  --------  ----------  --------------  -------------------
/opt/airflow/dags/dag2.py                               1           0  0.10s           2026-02-12T21:53:12
/opt/airflow/dags/dag_test.py                           1           0  0.09s           2026-02-12T21:53:12
================================================================================
[2026-02-12T21:53:54.953+0000] {manager.py:878} INFO - 
================================================================================
DAG File Processing Stats

File Path                      PID    Runtime      # DAGs    # Errors  Last Runtime    Last Run
-----------------------------  -----  ---------  --------  ----------  --------------  -------------------
/opt/airflow/dags/dag_test.py                           1           0  0.11s           2026-02-12T21:53:43
/opt/airflow/dags/dag2.py                               1           0  0.10s           2026-02-12T21:53:43
================================================================================
[2026-02-12T21:53:57.963+0000] {manager.py:737} INFO - Searching for files in /opt/airflow/dags
[2026-02-12T21:53:57.965+0000] {manager.py:740} INFO - There are 2 files in /opt/airflow/dags
[2026-02-12T21:54:28.242+0000] {manager.py:878} INFO - 
================================================================================
DAG File Processing Stats

File Path                      PID    Runtime      # DAGs    # Errors  Last Runtime    Last Run
-----------------------------  -----  ---------  --------  ----------  --------------  -------------------
/opt/airflow/dags/dag_test.py                           1           0  0.11s           2026-02-12T21:54:13
/opt/airflow/dags/dag2.py                               1           0  0.11s           2026-02-12T21:54:13
================================================================================
[2026-02-12T21:55:01.457+0000] {manager.py:878} INFO - 
================================================================================
DAG File Processing Stats

File Path                      PID    Runtime      # DAGs    # Errors  Last Runtime    Last Run
-----------------------------  -----  ---------  --------  ----------  --------------  -------------------
/opt/airflow/dags/dag2.py                               1           0  0.10s           2026-02-12T21:54:43
/opt/airflow/dags/dag_test.py                           1           0  0.09s           2026-02-12T21:54:43
================================================================================
[2026-02-12T21:55:34.768+0000] {manager.py:878} INFO - 
================================================================================
DAG File Processing Stats

File Path                      PID    Runtime      # DAGs    # Errors  Last Runtime    Last Run
-----------------------------  -----  ---------  --------  ----------  --------------  -------------------
/opt/airflow/dags/dag2.py                               1           0  0.11s           2026-02-12T21:55:13
/opt/airflow/dags/dag_test.py                           1           0  0.11s           2026-02-12T21:55:13
================================================================================
[2026-02-12T21:56:08.005+0000] {manager.py:878} INFO - 
================================================================================
DAG File Processing Stats

File Path                      PID    Runtime      # DAGs    # Errors  Last Runtime    Last Run
-----------------------------  -----  ---------  --------  ----------  --------------  -------------------
/opt/airflow/dags/dag2.py                               1           0  0.12s           2026-02-12T21:55:43
/opt/airflow/dags/dag_test.py                           1           0  0.10s           2026-02-12T21:55:43
================================================================================
[2026-02-12T21:56:41.359+0000] {manager.py:878} INFO - 
================================================================================
DAG File Processing Stats

File Path                      PID    Runtime      # DAGs    # Errors  Last Runtime    Last Run
-----------------------------  -----  ---------  --------  ----------  --------------  -------------------
/opt/airflow/dags/dag2.py                               1           0  0.10s           2026-02-12T21:56:14
/opt/airflow/dags/dag_test.py                           1           0  0.10s           2026-02-12T21:56:14
================================================================================
[2026-02-12T21:57:14.553+0000] {manager.py:878} INFO - 
================================================================================
DAG File Processing Stats

File Path                        PID  Runtime      # DAGs    # Errors  Last Runtime    Last Run
-----------------------------  -----  ---------  --------  ----------  --------------  -------------------
/opt/airflow/dags/dag2.py        753  0.01s             1           0  0.10s           2026-02-12T21:56:44
/opt/airflow/dags/dag_test.py    756  0.00s             1           0  0.09s           2026-02-12T21:56:44
================================================================================
[2026-02-12T21:57:47.851+0000] {manager.py:878} INFO - 
================================================================================
DAG File Processing Stats

File Path                      PID    Runtime      # DAGs    # Errors  Last Runtime    Last Run
-----------------------------  -----  ---------  --------  ----------  --------------  -------------------
/opt/airflow/dags/dag2.py                               1           0  0.11s           2026-02-12T21:57:44
/opt/airflow/dags/dag_test.py                           1           0  0.10s           2026-02-12T21:57:44
================================================================================
[2026-02-12T21:58:21.117+0000] {manager.py:878} INFO - 
================================================================================
DAG File Processing Stats

File Path                      PID    Runtime      # DAGs    # Errors  Last Runtime    Last Run
-----------------------------  -----  ---------  --------  ----------  --------------  -------------------
/opt/airflow/dags/dag2.py                               1           0  0.11s           2026-02-12T21:58:15
/opt/airflow/dags/dag_test.py                           1           0  0.10s           2026-02-12T21:58:15
================================================================================
[2026-02-12T21:58:54.337+0000] {manager.py:878} INFO - 
================================================================================
DAG File Processing Stats

File Path                      PID    Runtime      # DAGs    # Errors  Last Runtime    Last Run
-----------------------------  -----  ---------  --------  ----------  --------------  -------------------
/opt/airflow/dags/dag2.py                               1           0  0.11s           2026-02-12T21:58:45
/opt/airflow/dags/dag_test.py                           1           0  0.10s           2026-02-12T21:58:45
================================================================================
[2026-02-12T21:58:58.349+0000] {manager.py:737} INFO - Searching for files in /opt/airflow/dags
[2026-02-12T21:58:58.350+0000] {manager.py:740} INFO - There are 2 files in /opt/airflow/dags
[2026-02-12T21:59:27.627+0000] {manager.py:878} INFO - 
================================================================================
DAG File Processing Stats

File Path                      PID    Runtime      # DAGs    # Errors  Last Runtime    Last Run
-----------------------------  -----  ---------  --------  ----------  --------------  -------------------
/opt/airflow/dags/dag2.py                               1           0  0.10s           2026-02-12T21:59:16
/opt/airflow/dags/dag_test.py                           1           0  0.10s           2026-02-12T21:59:16
================================================================================
[2026-02-12T22:00:00.876+0000] {manager.py:878} INFO - 
================================================================================
DAG File Processing Stats

File Path                      PID    Runtime      # DAGs    # Errors  Last Runtime    Last Run
-----------------------------  -----  ---------  --------  ----------  --------------  -------------------
/opt/airflow/dags/dag2.py                               1           0  0.10s           2026-02-12T21:59:49
/opt/airflow/dags/dag_test.py                           1           0  0.10s           2026-02-12T21:59:49
================================================================================
[2026-02-12T22:00:34.193+0000] {manager.py:878} INFO - 
================================================================================
DAG File Processing Stats

File Path                      PID    Runtime      # DAGs    # Errors  Last Runtime    Last Run
-----------------------------  -----  ---------  --------  ----------  --------------  -------------------
/opt/airflow/dags/dag2.py                               1           0  0.11s           2026-02-12T22:00:23
/opt/airflow/dags/dag_test.py                           1           0  0.11s           2026-02-12T22:00:23
================================================================================
[2026-02-12T22:01:07.431+0000] {manager.py:878} INFO - 
================================================================================
DAG File Processing Stats

File Path                      PID    Runtime      # DAGs    # Errors  Last Runtime    Last Run
-----------------------------  -----  ---------  --------  ----------  --------------  -------------------
/opt/airflow/dags/dag2.py                               1           0  2.03s           2026-02-12T22:00:55
/opt/airflow/dags/dag_test.py                           1           0  2.03s           2026-02-12T22:00:55
================================================================================
[2026-02-12T22:01:40.735+0000] {manager.py:878} INFO - 
================================================================================
DAG File Processing Stats

File Path                      PID    Runtime      # DAGs    # Errors  Last Runtime    Last Run
-----------------------------  -----  ---------  --------  ----------  --------------  -------------------
/opt/airflow/dags/dag2.py                               1           0  0.10s           2026-02-12T22:01:28
/opt/airflow/dags/dag_test.py                           1           0  0.10s           2026-02-12T22:01:28
================================================================================
[2026-02-12T22:02:13.977+0000] {manager.py:878} INFO - 
================================================================================
DAG File Processing Stats

File Path                      PID    Runtime      # DAGs    # Errors  Last Runtime    Last Run
-----------------------------  -----  ---------  --------  ----------  --------------  -------------------
/opt/airflow/dags/dag2.py                               1           0  0.11s           2026-02-12T22:02:02
/opt/airflow/dags/dag_test.py                           1           0  0.10s           2026-02-12T22:02:02
================================================================================
[2026-02-12T22:02:47.242+0000] {manager.py:878} INFO - 
================================================================================
DAG File Processing Stats

File Path                      PID    Runtime      # DAGs    # Errors  Last Runtime    Last Run
-----------------------------  -----  ---------  --------  ----------  --------------  -------------------
/opt/airflow/dags/dag2.py                               1           0  0.10s           2026-02-12T22:02:35
/opt/airflow/dags/dag_test.py                           1           0  0.09s           2026-02-12T22:02:35
================================================================================
[2026-02-12T22:03:20.505+0000] {manager.py:878} INFO - 
================================================================================
DAG File Processing Stats

File Path                      PID    Runtime      # DAGs    # Errors  Last Runtime    Last Run
-----------------------------  -----  ---------  --------  ----------  --------------  -------------------
/opt/airflow/dags/dag2.py                               1           0  0.10s           2026-02-12T22:03:08
/opt/airflow/dags/dag_test.py                           1           0  0.09s           2026-02-12T22:03:08
================================================================================
[2026-02-12T22:03:53.811+0000] {manager.py:878} INFO - 
================================================================================
DAG File Processing Stats

File Path                      PID    Runtime      # DAGs    # Errors  Last Runtime    Last Run
-----------------------------  -----  ---------  --------  ----------  --------------  -------------------
/opt/airflow/dags/dag2.py                               1           0  0.10s           2026-02-12T22:03:41
/opt/airflow/dags/dag_test.py                           1           0  0.10s           2026-02-12T22:03:41
================================================================================
[2026-02-12T22:03:58.825+0000] {manager.py:737} INFO - Searching for files in /opt/airflow/dags
[2026-02-12T22:03:58.826+0000] {manager.py:740} INFO - There are 2 files in /opt/airflow/dags
[2026-02-12T22:04:27.189+0000] {manager.py:878} INFO - 
================================================================================
DAG File Processing Stats

File Path                      PID    Runtime      # DAGs    # Errors  Last Runtime    Last Run
-----------------------------  -----  ---------  --------  ----------  --------------  -------------------
/opt/airflow/dags/dag_test.py                           1           0  0.11s           2026-02-12T22:04:15
/opt/airflow/dags/dag2.py                               1           0  0.11s           2026-02-12T22:04:15
================================================================================
[2026-02-12T22:05:00.525+0000] {manager.py:878} INFO - 
================================================================================
DAG File Processing Stats

File Path                      PID    Runtime      # DAGs    # Errors  Last Runtime    Last Run
-----------------------------  -----  ---------  --------  ----------  --------------  -------------------
/opt/airflow/dags/dag2.py                               1           0  0.10s           2026-02-12T22:04:45
/opt/airflow/dags/dag_test.py                           1           0  0.10s           2026-02-12T22:04:45
================================================================================
[2026-02-12T22:05:33.861+0000] {manager.py:878} INFO - 
================================================================================
DAG File Processing Stats

File Path                      PID    Runtime      # DAGs    # Errors  Last Runtime    Last Run
-----------------------------  -----  ---------  --------  ----------  --------------  -------------------
/opt/airflow/dags/dag_test.py                           1           0  0.11s           2026-02-12T22:05:15
/opt/airflow/dags/dag2.py                               1           0  0.10s           2026-02-12T22:05:15
================================================================================
[2026-02-12T22:06:07.112+0000] {manager.py:878} INFO - 
================================================================================
DAG File Processing Stats

File Path                      PID    Runtime      # DAGs    # Errors  Last Runtime    Last Run
-----------------------------  -----  ---------  --------  ----------  --------------  -------------------
/opt/airflow/dags/dag2.py                               1           0  0.11s           2026-02-12T22:05:46
/opt/airflow/dags/dag_test.py                           1           0  0.11s           2026-02-12T22:05:46
================================================================================
[2026-02-12T22:06:40.473+0000] {manager.py:878} INFO - 
================================================================================
DAG File Processing Stats

File Path                      PID    Runtime      # DAGs    # Errors  Last Runtime    Last Run
-----------------------------  -----  ---------  --------  ----------  --------------  -------------------
/opt/airflow/dags/dag2.py                               1           0  0.10s           2026-02-12T22:06:16
/opt/airflow/dags/dag_test.py                           1           0  0.09s           2026-02-12T22:06:16
================================================================================
[2026-02-12T22:07:13.755+0000] {manager.py:878} INFO - 
================================================================================
DAG File Processing Stats

File Path                      PID    Runtime      # DAGs    # Errors  Last Runtime    Last Run
-----------------------------  -----  ---------  --------  ----------  --------------  -------------------
/opt/airflow/dags/dag2.py                               1           0  0.11s           2026-02-12T22:06:46
/opt/airflow/dags/dag_test.py                           1           0  0.10s           2026-02-12T22:06:46
================================================================================
[2026-02-12T22:07:47.098+0000] {manager.py:878} INFO - 
================================================================================
DAG File Processing Stats

File Path                        PID  Runtime      # DAGs    # Errors  Last Runtime    Last Run
-----------------------------  -----  ---------  --------  ----------  --------------  -------------------
/opt/airflow/dags/dag2.py        953  0.01s             1           0  0.10s           2026-02-12T22:07:16
/opt/airflow/dags/dag_test.py    956  0.01s             1           0  0.10s           2026-02-12T22:07:16
================================================================================
[2026-02-12T22:08:20.394+0000] {manager.py:878} INFO - 
================================================================================
DAG File Processing Stats

File Path                      PID    Runtime      # DAGs    # Errors  Last Runtime    Last Run
-----------------------------  -----  ---------  --------  ----------  --------------  -------------------
/opt/airflow/dags/dag2.py                               1           0  0.11s           2026-02-12T22:08:17
/opt/airflow/dags/dag_test.py                           1           0  0.11s           2026-02-12T22:08:17
================================================================================
[2026-02-12T22:08:53.655+0000] {manager.py:878} INFO - 
================================================================================
DAG File Processing Stats

File Path                      PID    Runtime      # DAGs    # Errors  Last Runtime    Last Run
-----------------------------  -----  ---------  --------  ----------  --------------  -------------------
/opt/airflow/dags/dag2.py                               1           0  0.10s           2026-02-12T22:08:47
/opt/airflow/dags/dag_test.py                           1           0  0.10s           2026-02-12T22:08:47
================================================================================
[2026-02-12T22:08:59.679+0000] {manager.py:737} INFO - Searching for files in /opt/airflow/dags
[2026-02-12T22:08:59.680+0000] {manager.py:740} INFO - There are 2 files in /opt/airflow/dags
[2026-02-12T22:09:26.948+0000] {manager.py:878} INFO - 
================================================================================
DAG File Processing Stats

File Path                      PID    Runtime      # DAGs    # Errors  Last Runtime    Last Run
-----------------------------  -----  ---------  --------  ----------  --------------  -------------------
/opt/airflow/dags/dag2.py                               1           0  0.11s           2026-02-12T22:09:17
/opt/airflow/dags/dag_test.py                           1           0  0.10s           2026-02-12T22:09:17
================================================================================
[2026-02-12T22:10:00.258+0000] {manager.py:878} INFO - 
================================================================================
DAG File Processing Stats

File Path                      PID    Runtime      # DAGs    # Errors  Last Runtime    Last Run
-----------------------------  -----  ---------  --------  ----------  --------------  -------------------
/opt/airflow/dags/dag2.py                               1           0  0.11s           2026-02-12T22:09:48
/opt/airflow/dags/dag_test.py                           1           0  0.10s           2026-02-12T22:09:48
================================================================================
[2026-02-12T22:10:33.513+0000] {manager.py:878} INFO - 
================================================================================
DAG File Processing Stats

File Path                      PID    Runtime      # DAGs    # Errors  Last Runtime    Last Run
-----------------------------  -----  ---------  --------  ----------  --------------  -------------------
/opt/airflow/dags/dag2.py                               1           0  0.10s           2026-02-12T22:10:19
/opt/airflow/dags/dag_test.py                           1           0  0.10s           2026-02-12T22:10:19
================================================================================
[2026-02-12T22:11:06.784+0000] {manager.py:878} INFO - 
================================================================================
DAG File Processing Stats

File Path                      PID    Runtime      # DAGs    # Errors  Last Runtime    Last Run
-----------------------------  -----  ---------  --------  ----------  --------------  -------------------
/opt/airflow/dags/dag2.py                               1           0  0.10s           2026-02-12T22:10:52
/opt/airflow/dags/dag_test.py                           1           0  0.10s           2026-02-12T22:10:52
================================================================================
[2026-02-12T22:11:40.074+0000] {manager.py:878} INFO - 
================================================================================
DAG File Processing Stats

File Path                      PID    Runtime      # DAGs    # Errors  Last Runtime    Last Run
-----------------------------  -----  ---------  --------  ----------  --------------  -------------------
/opt/airflow/dags/dag2.py                               1           0  0.11s           2026-02-12T22:11:26
/opt/airflow/dags/dag_test.py                           1           0  0.11s           2026-02-12T22:11:26
================================================================================
[2026-02-12T22:12:13.463+0000] {manager.py:878} INFO - 
================================================================================
DAG File Processing Stats

File Path                      PID    Runtime      # DAGs    # Errors  Last Runtime    Last Run
-----------------------------  -----  ---------  --------  ----------  --------------  -------------------
/opt/airflow/dags/dag2.py                               1           0  0.10s           2026-02-12T22:11:56
/opt/airflow/dags/dag_test.py                           1           0  0.10s           2026-02-12T22:11:56
================================================================================
[2026-02-12T22:12:46.705+0000] {manager.py:878} INFO - 
================================================================================
DAG File Processing Stats

File Path                      PID    Runtime      # DAGs    # Errors  Last Runtime    Last Run
-----------------------------  -----  ---------  --------  ----------  --------------  -------------------
/opt/airflow/dags/dag2.py                               1           0  0.10s           2026-02-12T22:12:26
/opt/airflow/dags/dag_test.py                           1           0  0.10s           2026-02-12T22:12:26
================================================================================
[2026-02-12T22:13:19.996+0000] {manager.py:878} INFO - 
================================================================================
DAG File Processing Stats

File Path                      PID    Runtime      # DAGs    # Errors  Last Runtime    Last Run
-----------------------------  -----  ---------  --------  ----------  --------------  -------------------
/opt/airflow/dags/dag2.py                               1           0  0.10s           2026-02-12T22:12:56
/opt/airflow/dags/dag_test.py                           1           0  0.10s           2026-02-12T22:12:56
================================================================================
[2026-02-12T22:13:53.292+0000] {manager.py:878} INFO - 
================================================================================
DAG File Processing Stats

File Path                      PID    Runtime      # DAGs    # Errors  Last Runtime    Last Run
-----------------------------  -----  ---------  --------  ----------  --------------  -------------------
/opt/airflow/dags/dag2.py                               1           0  0.10s           2026-02-12T22:13:27
/opt/airflow/dags/dag_test.py                           1           0  0.09s           2026-02-12T22:13:27
================================================================================
[2026-02-12T22:14:00.373+0000] {manager.py:737} INFO - Searching for files in /opt/airflow/dags
[2026-02-12T22:14:00.374+0000] {manager.py:740} INFO - There are 2 files in /opt/airflow/dags
[2026-02-12T22:14:26.549+0000] {manager.py:878} INFO - 
================================================================================
DAG File Processing Stats

File Path                      PID    Runtime      # DAGs    # Errors  Last Runtime    Last Run
-----------------------------  -----  ---------  --------  ----------  --------------  -------------------
/opt/airflow/dags/dag2.py                               1           0  0.09s           2026-02-12T22:13:57
/opt/airflow/dags/dag_test.py                           1           0  0.09s           2026-02-12T22:13:57
================================================================================
[2026-02-12T22:14:59.943+0000] {manager.py:878} INFO - 
================================================================================
DAG File Processing Stats

File Path                      PID    Runtime      # DAGs    # Errors  Last Runtime    Last Run
-----------------------------  -----  ---------  --------  ----------  --------------  -------------------
/opt/airflow/dags/dag2.py                               1           0  0.11s           2026-02-12T22:14:57
/opt/airflow/dags/dag_test.py                           1           0  0.10s           2026-02-12T22:14:57
================================================================================
[2026-02-12T22:15:33.275+0000] {manager.py:878} INFO - 
================================================================================
DAG File Processing Stats

File Path                      PID    Runtime      # DAGs    # Errors  Last Runtime    Last Run
-----------------------------  -----  ---------  --------  ----------  --------------  -------------------
/opt/airflow/dags/dag2.py                               1           0  0.10s           2026-02-12T22:15:28
/opt/airflow/dags/dag_test.py                           1           0  0.10s           2026-02-12T22:15:28
================================================================================
[2026-02-12T22:16:06.746+0000] {manager.py:878} INFO - 
================================================================================
DAG File Processing Stats

File Path                      PID    Runtime      # DAGs    # Errors  Last Runtime    Last Run
-----------------------------  -----  ---------  --------  ----------  --------------  -------------------
/opt/airflow/dags/dag2.py                               1           0  0.15s           2026-02-12T22:15:58
/opt/airflow/dags/dag_test.py                           1           0  0.14s           2026-02-12T22:15:58
================================================================================
[2026-02-12T22:16:40.045+0000] {manager.py:878} INFO - 
================================================================================
DAG File Processing Stats

File Path                      PID    Runtime      # DAGs    # Errors  Last Runtime    Last Run
-----------------------------  -----  ---------  --------  ----------  --------------  -------------------
/opt/airflow/dags/dag2.py                               1           0  0.11s           2026-02-12T22:16:29
/opt/airflow/dags/dag_test.py                           1           0  0.10s           2026-02-12T22:16:29
================================================================================
[2026-02-12T22:17:13.343+0000] {manager.py:878} INFO - 
================================================================================
DAG File Processing Stats

File Path                      PID    Runtime      # DAGs    # Errors  Last Runtime    Last Run
-----------------------------  -----  ---------  --------  ----------  --------------  -------------------
/opt/airflow/dags/dag2.py                               1           0  0.12s           2026-02-12T22:16:59
/opt/airflow/dags/dag_test.py                           1           0  0.11s           2026-02-12T22:16:59
================================================================================
[2026-02-12T22:17:46.739+0000] {manager.py:878} INFO - 
================================================================================
DAG File Processing Stats

File Path                      PID    Runtime      # DAGs    # Errors  Last Runtime    Last Run
-----------------------------  -----  ---------  --------  ----------  --------------  -------------------
/opt/airflow/dags/dag2.py                               1           0  0.10s           2026-02-12T22:17:30
/opt/airflow/dags/dag_test.py                           1           0  0.10s           2026-02-12T22:17:30
================================================================================
[2026-02-12T22:18:20.122+0000] {manager.py:878} INFO - 
================================================================================
DAG File Processing Stats

File Path                      PID    Runtime      # DAGs    # Errors  Last Runtime    Last Run
-----------------------------  -----  ---------  --------  ----------  --------------  -------------------
/opt/airflow/dags/dag2.py                               1           0  0.11s           2026-02-12T22:18:04
/opt/airflow/dags/dag_test.py                           1           0  0.11s           2026-02-12T22:18:04
================================================================================
[2026-02-12T22:18:53.388+0000] {manager.py:878} INFO - 
================================================================================
DAG File Processing Stats

File Path                      PID    Runtime      # DAGs    # Errors  Last Runtime    Last Run
-----------------------------  -----  ---------  --------  ----------  --------------  -------------------
/opt/airflow/dags/dag2.py                               1           0  0.11s           2026-02-12T22:18:37
/opt/airflow/dags/dag_test.py                           1           0  0.11s           2026-02-12T22:18:37
================================================================================
[2026-02-12T22:19:00.410+0000] {manager.py:737} INFO - Searching for files in /opt/airflow/dags
[2026-02-12T22:19:00.411+0000] {manager.py:740} INFO - There are 2 files in /opt/airflow/dags
[2026-02-12T22:19:26.708+0000] {manager.py:878} INFO - 
================================================================================
DAG File Processing Stats

File Path                      PID    Runtime      # DAGs    # Errors  Last Runtime    Last Run
-----------------------------  -----  ---------  --------  ----------  --------------  -------------------
/opt/airflow/dags/dag2.py                               1           0  2.06s           2026-02-12T22:19:09
/opt/airflow/dags/dag_test.py                           1           0  2.05s           2026-02-12T22:19:09
================================================================================
[2026-02-12T22:19:59.995+0000] {manager.py:878} INFO - 
================================================================================
DAG File Processing Stats

File Path                      PID    Runtime      # DAGs    # Errors  Last Runtime    Last Run
-----------------------------  -----  ---------  --------  ----------  --------------  -------------------
/opt/airflow/dags/dag2.py                               1           0  0.10s           2026-02-12T22:19:43
/opt/airflow/dags/dag_test.py                           1           0  0.09s           2026-02-12T22:19:43
================================================================================
[2026-02-12T22:20:33.393+0000] {manager.py:878} INFO - 
================================================================================
DAG File Processing Stats

File Path                      PID    Runtime      # DAGs    # Errors  Last Runtime    Last Run
-----------------------------  -----  ---------  --------  ----------  --------------  -------------------
/opt/airflow/dags/dag2.py                               1           0  0.10s           2026-02-12T22:20:16
/opt/airflow/dags/dag_test.py                           1           0  0.10s           2026-02-12T22:20:16
================================================================================
[2026-02-12T22:21:06.671+0000] {manager.py:878} INFO - 
================================================================================
DAG File Processing Stats

File Path                      PID    Runtime      # DAGs    # Errors  Last Runtime    Last Run
-----------------------------  -----  ---------  --------  ----------  --------------  -------------------
/opt/airflow/dags/dag2.py                               1           0  0.11s           2026-02-12T22:20:49
/opt/airflow/dags/dag_test.py                           1           0  0.10s           2026-02-12T22:20:49
================================================================================
[2026-02-12T22:21:40.002+0000] {manager.py:878} INFO - 
================================================================================
DAG File Processing Stats

File Path                      PID    Runtime      # DAGs    # Errors  Last Runtime    Last Run
-----------------------------  -----  ---------  --------  ----------  --------------  -------------------
/opt/airflow/dags/dag2.py                               1           0  0.11s           2026-02-12T22:21:22
/opt/airflow/dags/dag_test.py                           1           0  0.10s           2026-02-12T22:21:22
================================================================================
[2026-02-12T22:22:15.021+0000] {manager.py:878} INFO - 
================================================================================
DAG File Processing Stats

File Path                      PID    Runtime      # DAGs    # Errors  Last Runtime    Last Run
-----------------------------  -----  ---------  --------  ----------  --------------  -------------------
/opt/airflow/dags/dag2.py                               1           0  0.14s           2026-02-12T22:21:54
/opt/airflow/dags/dag_test.py                           1           0  0.13s           2026-02-12T22:21:54
================================================================================
[2026-02-12T22:22:46.641+0000] {manager.py:878} INFO - 
================================================================================
DAG File Processing Stats

File Path                      PID    Runtime      # DAGs    # Errors  Last Runtime    Last Run
-----------------------------  -----  ---------  --------  ----------  --------------  -------------------
/opt/airflow/dags/dag2.py                               1           0  0.10s           2026-02-12T22:22:25
/opt/airflow/dags/dag_test.py                           1           0  0.09s           2026-02-12T22:22:25
================================================================================
[2026-02-12T22:23:20.003+0000] {manager.py:878} INFO - 
================================================================================
DAG File Processing Stats

File Path                      PID    Runtime      # DAGs    # Errors  Last Runtime    Last Run
-----------------------------  -----  ---------  --------  ----------  --------------  -------------------
/opt/airflow/dags/dag2.py                               1           0  0.10s           2026-02-12T22:22:55
/opt/airflow/dags/dag_test.py                           1           0  0.09s           2026-02-12T22:22:55
================================================================================
[2026-02-12T22:23:53.282+0000] {manager.py:878} INFO - 
================================================================================
DAG File Processing Stats

File Path                      PID    Runtime      # DAGs    # Errors  Last Runtime    Last Run
-----------------------------  -----  ---------  --------  ----------  --------------  -------------------
/opt/airflow/dags/dag2.py                               1           0  0.10s           2026-02-12T22:23:26
/opt/airflow/dags/dag_test.py                           1           0  0.09s           2026-02-12T22:23:26
================================================================================
[2026-02-12T22:24:00.411+0000] {manager.py:737} INFO - Searching for files in /opt/airflow/dags
[2026-02-12T22:24:00.413+0000] {manager.py:740} INFO - There are 2 files in /opt/airflow/dags
[2026-02-12T22:24:26.668+0000] {manager.py:878} INFO - 
================================================================================
DAG File Processing Stats

File Path                        PID  Runtime      # DAGs    # Errors  Last Runtime    Last Run
-----------------------------  -----  ---------  --------  ----------  --------------  -------------------
/opt/airflow/dags/dag2.py       1273  0.01s             1           0  0.11s           2026-02-12T22:23:56
/opt/airflow/dags/dag_test.py   1276  0.00s             1           0  0.11s           2026-02-12T22:23:56
================================================================================
[2026-02-12T22:25:00.046+0000] {manager.py:878} INFO - 
================================================================================
DAG File Processing Stats

File Path                      PID    Runtime      # DAGs    # Errors  Last Runtime    Last Run
-----------------------------  -----  ---------  --------  ----------  --------------  -------------------
/opt/airflow/dags/dag2.py                               1           0  0.09s           2026-02-12T22:24:57
/opt/airflow/dags/dag_test.py                           1           0  0.09s           2026-02-12T22:24:57
================================================================================
[2026-02-12T22:25:33.390+0000] {manager.py:878} INFO - 
================================================================================
DAG File Processing Stats

File Path                      PID    Runtime      # DAGs    # Errors  Last Runtime    Last Run
-----------------------------  -----  ---------  --------  ----------  --------------  -------------------
/opt/airflow/dags/dag2.py                               1           0  0.12s           2026-02-12T22:25:27
/opt/airflow/dags/dag_test.py                           1           0  0.12s           2026-02-12T22:25:27
================================================================================
[2026-02-12T22:26:06.659+0000] {manager.py:878} INFO - 
================================================================================
DAG File Processing Stats

File Path                      PID    Runtime      # DAGs    # Errors  Last Runtime    Last Run
-----------------------------  -----  ---------  --------  ----------  --------------  -------------------
/opt/airflow/dags/dag2.py                               1           0  0.10s           2026-02-12T22:25:57
/opt/airflow/dags/dag_test.py                           1           0  0.09s           2026-02-12T22:25:57
================================================================================
[2026-02-12T22:26:39.948+0000] {manager.py:878} INFO - 
================================================================================
DAG File Processing Stats

File Path                      PID    Runtime      # DAGs    # Errors  Last Runtime    Last Run
-----------------------------  -----  ---------  --------  ----------  --------------  -------------------
/opt/airflow/dags/dag2.py                               1           0  0.10s           2026-02-12T22:26:27
/opt/airflow/dags/dag_test.py                           1           0  0.09s           2026-02-12T22:26:27
================================================================================
[2026-02-12T22:27:13.313+0000] {manager.py:878} INFO - 
================================================================================
DAG File Processing Stats

File Path                      PID    Runtime      # DAGs    # Errors  Last Runtime    Last Run
-----------------------------  -----  ---------  --------  ----------  --------------  -------------------
/opt/airflow/dags/dag2.py                               1           0  0.11s           2026-02-12T22:26:58
/opt/airflow/dags/dag_test.py                           1           0  0.10s           2026-02-12T22:26:58
================================================================================
[2026-02-12T22:27:46.602+0000] {manager.py:878} INFO - 
================================================================================
DAG File Processing Stats

File Path                      PID    Runtime      # DAGs    # Errors  Last Runtime    Last Run
-----------------------------  -----  ---------  --------  ----------  --------------  -------------------
/opt/airflow/dags/dag2.py                               1           0  0.11s           2026-02-12T22:27:28
/opt/airflow/dags/dag_test.py                           1           0  0.10s           2026-02-12T22:27:28
================================================================================
[2026-02-12T22:28:19.901+0000] {manager.py:878} INFO - 
================================================================================
DAG File Processing Stats

File Path                      PID    Runtime      # DAGs    # Errors  Last Runtime    Last Run
-----------------------------  -----  ---------  --------  ----------  --------------  -------------------
/opt/airflow/dags/dag2.py                               1           0  0.11s           2026-02-12T22:28:00
/opt/airflow/dags/dag_test.py                           1           0  0.10s           2026-02-12T22:28:00
================================================================================
[2026-02-12T22:28:53.195+0000] {manager.py:878} INFO - 
================================================================================
DAG File Processing Stats

File Path                      PID    Runtime      # DAGs    # Errors  Last Runtime    Last Run
-----------------------------  -----  ---------  --------  ----------  --------------  -------------------
/opt/airflow/dags/dag2.py                               1           0  0.10s           2026-02-12T22:28:34
/opt/airflow/dags/dag_test.py                           1           0  0.09s           2026-02-12T22:28:34
================================================================================
[2026-02-12T22:29:01.221+0000] {manager.py:737} INFO - Searching for files in /opt/airflow/dags
[2026-02-12T22:29:01.222+0000] {manager.py:740} INFO - There are 2 files in /opt/airflow/dags
[2026-02-12T22:29:26.582+0000] {manager.py:878} INFO - 
================================================================================
DAG File Processing Stats

File Path                      PID    Runtime      # DAGs    # Errors  Last Runtime    Last Run
-----------------------------  -----  ---------  --------  ----------  --------------  -------------------
/opt/airflow/dags/dag2.py                               1           0  0.10s           2026-02-12T22:29:07
/opt/airflow/dags/dag_test.py                           1           0  0.10s           2026-02-12T22:29:07
================================================================================
[2026-02-12T22:29:59.903+0000] {manager.py:878} INFO - 
================================================================================
DAG File Processing Stats

File Path                      PID    Runtime      # DAGs    # Errors  Last Runtime    Last Run
-----------------------------  -----  ---------  --------  ----------  --------------  -------------------
/opt/airflow/dags/dag2.py                               1           0  0.11s           2026-02-12T22:29:40
/opt/airflow/dags/dag_test.py                           1           0  0.10s           2026-02-12T22:29:40
================================================================================
[2026-02-12T22:30:33.221+0000] {manager.py:878} INFO - 
================================================================================
DAG File Processing Stats

File Path                      PID    Runtime      # DAGs    # Errors  Last Runtime    Last Run
-----------------------------  -----  ---------  --------  ----------  --------------  -------------------
/opt/airflow/dags/dag2.py                               1           0  0.11s           2026-02-12T22:30:14
/opt/airflow/dags/dag_test.py                           1           0  0.10s           2026-02-12T22:30:14
================================================================================
[2026-02-12T22:31:06.484+0000] {manager.py:878} INFO - 
================================================================================
DAG File Processing Stats

File Path                      PID    Runtime      # DAGs    # Errors  Last Runtime    Last Run
-----------------------------  -----  ---------  --------  ----------  --------------  -------------------
/opt/airflow/dags/dag2.py                               1           0  2.09s           2026-02-12T22:30:46
/opt/airflow/dags/dag_test.py                           1           0  2.08s           2026-02-12T22:30:46
================================================================================
[2026-02-12T22:31:39.921+0000] {manager.py:878} INFO - 
================================================================================
DAG File Processing Stats

File Path                      PID    Runtime      # DAGs    # Errors  Last Runtime    Last Run
-----------------------------  -----  ---------  --------  ----------  --------------  -------------------
/opt/airflow/dags/dag2.py                               1           0  0.15s           2026-02-12T22:31:19
/opt/airflow/dags/dag_test.py                           1           0  0.15s           2026-02-12T22:31:19
================================================================================
[2026-02-12T22:32:13.220+0000] {manager.py:878} INFO - 
================================================================================
DAG File Processing Stats

File Path                      PID    Runtime      # DAGs    # Errors  Last Runtime    Last Run
-----------------------------  -----  ---------  --------  ----------  --------------  -------------------
/opt/airflow/dags/dag2.py                               1           0  0.11s           2026-02-12T22:31:53
/opt/airflow/dags/dag_test.py                           1           0  0.10s           2026-02-12T22:31:53
================================================================================
[2026-02-12T22:32:46.556+0000] {manager.py:878} INFO - 
================================================================================
DAG File Processing Stats

File Path                      PID    Runtime      # DAGs    # Errors  Last Runtime    Last Run
-----------------------------  -----  ---------  --------  ----------  --------------  -------------------
/opt/airflow/dags/dag2.py                               1           0  0.10s           2026-02-12T22:32:26
/opt/airflow/dags/dag_test.py                           1           0  0.10s           2026-02-12T22:32:26
================================================================================
[2026-02-12T22:33:20.049+0000] {manager.py:878} INFO - 
================================================================================
DAG File Processing Stats

File Path                      PID    Runtime      # DAGs    # Errors  Last Runtime    Last Run
-----------------------------  -----  ---------  --------  ----------  --------------  -------------------
/opt/airflow/dags/dag2.py                               1           0  0.12s           2026-02-12T22:32:59
/opt/airflow/dags/dag_test.py                           1           0  0.11s           2026-02-12T22:32:59
================================================================================
[2026-02-12T22:33:53.338+0000] {manager.py:878} INFO - 
================================================================================
DAG File Processing Stats

File Path                      PID    Runtime      # DAGs    # Errors  Last Runtime    Last Run
-----------------------------  -----  ---------  --------  ----------  --------------  -------------------
/opt/airflow/dags/dag2.py                               1           0  0.11s           2026-02-12T22:33:33
/opt/airflow/dags/dag_test.py                           1           0  0.10s           2026-02-12T22:33:33
================================================================================
[2026-02-12T22:34:01.362+0000] {manager.py:737} INFO - Searching for files in /opt/airflow/dags
[2026-02-12T22:34:01.363+0000] {manager.py:740} INFO - There are 2 files in /opt/airflow/dags
[2026-02-12T22:34:26.669+0000] {manager.py:878} INFO - 
================================================================================
DAG File Processing Stats

File Path                      PID    Runtime      # DAGs    # Errors  Last Runtime    Last Run
-----------------------------  -----  ---------  --------  ----------  --------------  -------------------
/opt/airflow/dags/dag2.py                               1           0  2.08s           2026-02-12T22:34:05
/opt/airflow/dags/dag_test.py                           1           0  2.08s           2026-02-12T22:34:05
================================================================================
[2026-02-12T22:34:59.962+0000] {manager.py:878} INFO - 
================================================================================
DAG File Processing Stats

File Path                      PID    Runtime      # DAGs    # Errors  Last Runtime    Last Run
-----------------------------  -----  ---------  --------  ----------  --------------  -------------------
/opt/airflow/dags/dag2.py                               1           0  0.10s           2026-02-12T22:34:38
/opt/airflow/dags/dag_test.py                           1           0  0.09s           2026-02-12T22:34:38
================================================================================
[2026-02-12T22:35:33.356+0000] {manager.py:878} INFO - 
================================================================================
DAG File Processing Stats

File Path                      PID    Runtime      # DAGs    # Errors  Last Runtime    Last Run
-----------------------------  -----  ---------  --------  ----------  --------------  -------------------
/opt/airflow/dags/dag_test.py                           1           0  0.11s           2026-02-12T22:35:12
/opt/airflow/dags/dag2.py                               1           0  0.11s           2026-02-12T22:35:12
================================================================================
[2026-02-12T22:36:06.651+0000] {manager.py:878} INFO - 
================================================================================
DAG File Processing Stats

File Path                      PID    Runtime      # DAGs    # Errors  Last Runtime    Last Run
-----------------------------  -----  ---------  --------  ----------  --------------  -------------------
/opt/airflow/dags/dag2.py                               1           0  0.11s           2026-02-12T22:35:45
/opt/airflow/dags/dag_test.py                           1           0  0.10s           2026-02-12T22:35:45
================================================================================
[2026-02-12T22:36:40.002+0000] {manager.py:878} INFO - 
================================================================================
DAG File Processing Stats

File Path                      PID    Runtime      # DAGs    # Errors  Last Runtime    Last Run
-----------------------------  -----  ---------  --------  ----------  --------------  -------------------
/opt/airflow/dags/dag2.py                               1           0  0.11s           2026-02-12T22:36:18
/opt/airflow/dags/dag_test.py                           1           0  0.10s           2026-02-12T22:36:18
================================================================================
[2026-02-12T22:37:13.298+0000] {manager.py:878} INFO - 
================================================================================
DAG File Processing Stats

File Path                      PID    Runtime      # DAGs    # Errors  Last Runtime    Last Run
-----------------------------  -----  ---------  --------  ----------  --------------  -------------------
/opt/airflow/dags/dag2.py                               1           0  0.13s           2026-02-12T22:36:52
/opt/airflow/dags/dag_test.py                           1           0  0.13s           2026-02-12T22:36:52
================================================================================
[2026-02-12T22:37:46.680+0000] {manager.py:878} INFO - 
================================================================================
DAG File Processing Stats

File Path                      PID    Runtime      # DAGs    # Errors  Last Runtime    Last Run
-----------------------------  -----  ---------  --------  ----------  --------------  -------------------
/opt/airflow/dags/dag2.py                               1           0  0.12s           2026-02-12T22:37:25
/opt/airflow/dags/dag_test.py                           1           0  0.12s           2026-02-12T22:37:25
================================================================================
[2026-02-12T22:38:19.985+0000] {manager.py:878} INFO - 
================================================================================
DAG File Processing Stats

File Path                      PID    Runtime      # DAGs    # Errors  Last Runtime    Last Run
-----------------------------  -----  ---------  --------  ----------  --------------  -------------------
/opt/airflow/dags/dag2.py                               1           0  2.10s           2026-02-12T22:37:58
/opt/airflow/dags/dag_test.py                           1           0  2.09s           2026-02-12T22:37:58
================================================================================
[2026-02-12T22:38:53.357+0000] {manager.py:878} INFO - 
================================================================================
DAG File Processing Stats

File Path                      PID    Runtime      # DAGs    # Errors  Last Runtime    Last Run
-----------------------------  -----  ---------  --------  ----------  --------------  -------------------
/opt/airflow/dags/dag2.py                               1           0  0.10s           2026-02-12T22:38:31
/opt/airflow/dags/dag_test.py                           1           0  0.09s           2026-02-12T22:38:31
================================================================================
[2026-02-12T22:39:04.570+0000] {manager.py:737} INFO - Searching for files in /opt/airflow/dags
[2026-02-12T22:39:04.571+0000] {manager.py:740} INFO - There are 2 files in /opt/airflow/dags
[2026-02-12T22:39:26.673+0000] {manager.py:878} INFO - 
================================================================================
DAG File Processing Stats

File Path                        PID  Runtime      # DAGs    # Errors  Last Runtime    Last Run
-----------------------------  -----  ---------  --------  ----------  --------------  -------------------
/opt/airflow/dags/dag2.py       1553  0.00s             1           0  0.11s           2026-02-12T22:39:04
/opt/airflow/dags/dag_test.py                           1           0  0.10s           2026-02-12T22:39:04
================================================================================
[2026-02-12T22:40:00.095+0000] {manager.py:878} INFO - 
================================================================================
DAG File Processing Stats

File Path                      PID    Runtime      # DAGs    # Errors  Last Runtime    Last Run
-----------------------------  -----  ---------  --------  ----------  --------------  -------------------
/opt/airflow/dags/dag_test.py                           1           0  0.10s           2026-02-12T22:39:38
/opt/airflow/dags/dag2.py                               1           0  0.09s           2026-02-12T22:39:57
================================================================================
[2026-02-12T22:40:33.481+0000] {manager.py:878} INFO - 
================================================================================
DAG File Processing Stats

File Path                      PID    Runtime      # DAGs    # Errors  Last Runtime    Last Run
-----------------------------  -----  ---------  --------  ----------  --------------  -------------------
/opt/airflow/dags/dag2.py                               1           0  0.11s           2026-02-12T22:40:27
/opt/airflow/dags/dag_test.py                           1           0  0.09s           2026-02-12T22:40:11
================================================================================
[2026-02-12T22:41:06.974+0000] {manager.py:878} INFO - 
================================================================================
DAG File Processing Stats

File Path                      PID    Runtime      # DAGs    # Errors  Last Runtime    Last Run
-----------------------------  -----  ---------  --------  ----------  --------------  -------------------
/opt/airflow/dags/dag2.py                               1           0  0.10s           2026-02-12T22:40:57
/opt/airflow/dags/dag_test.py                           1           0  0.09s           2026-02-12T22:40:41
================================================================================
[2026-02-12T22:41:37.124+0000] {manager.py:452} INFO - Exiting gracefully upon receiving signal 15
[2026-02-12T22:42:01.541+0000] {manager.py:470} INFO - Processing files using up to 2 processes at a time 
[2026-02-12T22:42:01.542+0000] {manager.py:471} INFO - Process each file at most once every 30 seconds
[2026-02-12T22:42:01.542+0000] {manager.py:472} INFO - Checking for new files in /opt/airflow/dags every 300 seconds
[2026-02-12T22:42:01.542+0000] {manager.py:737} INFO - Searching for files in /opt/airflow/dags
[2026-02-12T22:42:01.544+0000] {manager.py:740} INFO - There are 2 files in /opt/airflow/dags
[2026-02-12T22:42:01.664+0000] {manager.py:878} INFO - 
================================================================================
DAG File Processing Stats

File Path                        PID  Runtime      # DAGs    # Errors  Last Runtime    Last Run
-----------------------------  -----  ---------  --------  ----------  --------------  ----------
/opt/airflow/dags/dag_test.py    172  0.04s             0           0
/opt/airflow/dags/dag2.py        169  0.05s             0           0
================================================================================
[2026-02-12T22:42:35.200+0000] {manager.py:878} INFO - 
================================================================================
DAG File Processing Stats

File Path                      PID    Runtime      # DAGs    # Errors  Last Runtime    Last Run
-----------------------------  -----  ---------  --------  ----------  --------------  -------------------
/opt/airflow/dags/dag2.py                               1           0  0.24s           2026-02-12T22:42:32
/opt/airflow/dags/dag_test.py                           1           0  0.23s           2026-02-12T22:42:32
================================================================================
[2026-02-12T22:43:08.602+0000] {manager.py:878} INFO - 
================================================================================
DAG File Processing Stats

File Path                      PID    Runtime      # DAGs    # Errors  Last Runtime    Last Run
-----------------------------  -----  ---------  --------  ----------  --------------  -------------------
/opt/airflow/dags/dag2.py                               1           0  0.16s           2026-02-12T22:43:02
/opt/airflow/dags/dag_test.py                           1           0  0.10s           2026-02-12T22:43:02
================================================================================
[2026-02-12T22:43:42.024+0000] {manager.py:878} INFO - 
================================================================================
DAG File Processing Stats

File Path                      PID    Runtime      # DAGs    # Errors  Last Runtime    Last Run
-----------------------------  -----  ---------  --------  ----------  --------------  -------------------
/opt/airflow/dags/dag2.py                               1           0  0.10s           2026-02-12T22:43:32
/opt/airflow/dags/dag_test.py                           1           0  0.09s           2026-02-12T22:43:32
================================================================================
[2026-02-12T22:44:15.303+0000] {manager.py:878} INFO - 
================================================================================
DAG File Processing Stats

File Path                      PID    Runtime      # DAGs    # Errors  Last Runtime    Last Run
-----------------------------  -----  ---------  --------  ----------  --------------  -------------------
/opt/airflow/dags/dag2.py                               1           0  0.10s           2026-02-12T22:44:03
/opt/airflow/dags/dag_test.py                           1           0  0.10s           2026-02-12T22:44:03
================================================================================
[2026-02-12T22:44:48.736+0000] {manager.py:878} INFO - 
================================================================================
DAG File Processing Stats

File Path                      PID    Runtime      # DAGs    # Errors  Last Runtime    Last Run
-----------------------------  -----  ---------  --------  ----------  --------------  -------------------
/opt/airflow/dags/dag2.py                               1           0  0.10s           2026-02-12T22:44:36
/opt/airflow/dags/dag_test.py                           1           0  0.09s           2026-02-12T22:44:36
================================================================================
[2026-02-12T22:45:22.003+0000] {manager.py:878} INFO - 
================================================================================
DAG File Processing Stats

File Path                      PID    Runtime      # DAGs    # Errors  Last Runtime    Last Run
-----------------------------  -----  ---------  --------  ----------  --------------  -------------------
/opt/airflow/dags/dag2.py                               1           0  0.10s           2026-02-12T22:45:10
/opt/airflow/dags/dag_test.py                           1           0  0.09s           2026-02-12T22:45:10
================================================================================
[2026-02-12T22:45:55.465+0000] {manager.py:878} INFO - 
================================================================================
DAG File Processing Stats

File Path                      PID    Runtime      # DAGs    # Errors  Last Runtime    Last Run
-----------------------------  -----  ---------  --------  ----------  --------------  -------------------
/opt/airflow/dags/dag2.py                               1           0  0.11s           2026-02-12T22:45:27
/opt/airflow/dags/dag_test.py                           1           0  0.10s           2026-02-12T22:45:43
================================================================================
[2026-02-12T22:46:29.010+0000] {manager.py:878} INFO - 
================================================================================
DAG File Processing Stats

File Path                      PID    Runtime      # DAGs    # Errors  Last Runtime    Last Run
-----------------------------  -----  ---------  --------  ----------  --------------  -------------------
/opt/airflow/dags/dag_test.py                           1           0  2.10s           2026-02-12T22:46:15
/opt/airflow/dags/dag2.py                               1           0  0.09s           2026-02-12T22:46:28
================================================================================
[2026-02-12T22:47:02.446+0000] {manager.py:737} INFO - Searching for files in /opt/airflow/dags
[2026-02-12T22:47:02.447+0000] {manager.py:740} INFO - There are 2 files in /opt/airflow/dags
[2026-02-12T22:47:02.454+0000] {manager.py:878} INFO - 
================================================================================
DAG File Processing Stats

File Path                      PID    Runtime      # DAGs    # Errors  Last Runtime    Last Run
-----------------------------  -----  ---------  --------  ----------  --------------  -------------------
/opt/airflow/dags/dag_test.py                           1           0  0.12s           2026-02-12T22:46:49
/opt/airflow/dags/dag2.py                               1           0  0.11s           2026-02-12T22:46:58
================================================================================
[2026-02-12T22:47:35.817+0000] {manager.py:878} INFO - 
================================================================================
DAG File Processing Stats

File Path                      PID    Runtime      # DAGs    # Errors  Last Runtime    Last Run
-----------------------------  -----  ---------  --------  ----------  --------------  -------------------
/opt/airflow/dags/dag2.py                               1           0  0.12s           2026-02-12T22:47:28
/opt/airflow/dags/dag_test.py                           1           0  0.10s           2026-02-12T22:47:22
================================================================================
[2026-02-12T22:48:07.254+0000] {manager.py:878} INFO - 
================================================================================
DAG File Processing Stats

File Path                      PID    Runtime      # DAGs    # Errors  Last Runtime    Last Run
-----------------------------  -----  ---------  --------  ----------  --------------  -------------------
/opt/airflow/dags/dag2.py                               1           0  0.15s           2026-02-12T22:47:57
/opt/airflow/dags/dag_test.py                           1           0  0.09s           2026-02-12T22:47:54
================================================================================
[2026-02-12T22:48:42.499+0000] {manager.py:878} INFO - 
================================================================================
DAG File Processing Stats

File Path                      PID    Runtime      # DAGs    # Errors  Last Runtime    Last Run
-----------------------------  -----  ---------  --------  ----------  --------------  -------------------
/opt/airflow/dags/dag2.py                               1           0  0.09s           2026-02-12T22:48:29
/opt/airflow/dags/dag_test.py                           1           0  0.08s           2026-02-12T22:48:24
================================================================================
[2026-02-12T22:49:15.990+0000] {manager.py:878} INFO - 
================================================================================
DAG File Processing Stats

File Path                      PID    Runtime      # DAGs    # Errors  Last Runtime    Last Run
-----------------------------  -----  ---------  --------  ----------  --------------  -------------------
/opt/airflow/dags/dag2.py                               1           0  0.09s           2026-02-12T22:48:59
/opt/airflow/dags/dag_test.py                           1           0  0.08s           2026-02-12T22:48:55
================================================================================
[2026-02-12T22:49:49.304+0000] {manager.py:878} INFO - 
================================================================================
DAG File Processing Stats

File Path                      PID    Runtime      # DAGs    # Errors  Last Runtime    Last Run
-----------------------------  -----  ---------  --------  ----------  --------------  -------------------
/opt/airflow/dags/dag_test.py                           1           0  0.09s           2026-02-12T22:49:26
/opt/airflow/dags/dag2.py                               1           0  0.09s           2026-02-12T22:49:30
================================================================================
[2026-02-12T22:50:22.746+0000] {manager.py:878} INFO - 
================================================================================
DAG File Processing Stats

File Path                      PID    Runtime      # DAGs    # Errors  Last Runtime    Last Run
-----------------------------  -----  ---------  --------  ----------  --------------  -------------------
/opt/airflow/dags/dag_test.py                           1           0  0.10s           2026-02-12T22:49:56
/opt/airflow/dags/dag2.py                               1           0  0.09s           2026-02-12T22:50:00
================================================================================
[2026-02-12T22:50:56.074+0000] {manager.py:878} INFO - 
================================================================================
DAG File Processing Stats

File Path                      PID    Runtime      # DAGs    # Errors  Last Runtime    Last Run
-----------------------------  -----  ---------  --------  ----------  --------------  -------------------
/opt/airflow/dags/dag_test.py                           1           0  0.11s           2026-02-12T22:50:26
/opt/airflow/dags/dag2.py                               1           0  0.10s           2026-02-12T22:50:30
================================================================================
[2026-02-12T22:51:29.542+0000] {manager.py:878} INFO - 
================================================================================
DAG File Processing Stats

File Path                      PID    Runtime      # DAGs    # Errors  Last Runtime    Last Run
-----------------------------  -----  ---------  --------  ----------  --------------  -------------------
/opt/airflow/dags/dag2.py                               1           0  0.09s           2026-02-12T22:51:01
/opt/airflow/dags/dag_test.py                           1           0  0.09s           2026-02-12T22:51:27
================================================================================
[2026-02-12T22:52:02.936+0000] {manager.py:737} INFO - Searching for files in /opt/airflow/dags
[2026-02-12T22:52:02.937+0000] {manager.py:740} INFO - There are 2 files in /opt/airflow/dags
[2026-02-12T22:52:02.943+0000] {manager.py:878} INFO - 
================================================================================
DAG File Processing Stats

File Path                      PID    Runtime      # DAGs    # Errors  Last Runtime    Last Run
-----------------------------  -----  ---------  --------  ----------  --------------  -------------------
/opt/airflow/dags/dag_test.py                           1           0  0.12s           2026-02-12T22:51:57
/opt/airflow/dags/dag2.py                               1           0  0.09s           2026-02-12T22:52:01
================================================================================
[2026-02-12T22:52:36.461+0000] {manager.py:878} INFO - 
================================================================================
DAG File Processing Stats

File Path                      PID    Runtime      # DAGs    # Errors  Last Runtime    Last Run
-----------------------------  -----  ---------  --------  ----------  --------------  -------------------
/opt/airflow/dags/dag2.py                               1           0  0.09s           2026-02-12T22:52:29
/opt/airflow/dags/dag_test.py                           1           0  0.09s           2026-02-12T22:52:28
================================================================================
[2026-02-12T22:53:09.954+0000] {manager.py:878} INFO - 
================================================================================
DAG File Processing Stats

File Path                      PID    Runtime      # DAGs    # Errors  Last Runtime    Last Run
-----------------------------  -----  ---------  --------  ----------  --------------  -------------------
/opt/airflow/dags/dag2.py                               1           0  0.09s           2026-02-12T22:52:54
/opt/airflow/dags/dag_test.py                           1           0  0.09s           2026-02-12T22:52:58
================================================================================
[2026-02-12T22:53:43.358+0000] {manager.py:878} INFO - 
================================================================================
DAG File Processing Stats

File Path                      PID    Runtime      # DAGs    # Errors  Last Runtime    Last Run
-----------------------------  -----  ---------  --------  ----------  --------------  -------------------
/opt/airflow/dags/dag_test.py                           1           0  0.10s           2026-02-12T22:53:29
/opt/airflow/dags/dag2.py                               1           0  0.09s           2026-02-12T22:53:28
================================================================================
[2026-02-12T22:54:16.625+0000] {manager.py:878} INFO - 
================================================================================
DAG File Processing Stats

File Path                      PID    Runtime      # DAGs    # Errors  Last Runtime    Last Run
-----------------------------  -----  ---------  --------  ----------  --------------  -------------------
/opt/airflow/dags/dag2.py                               1           0  0.09s           2026-02-12T22:54:01
/opt/airflow/dags/dag_test.py                           1           0  0.08s           2026-02-12T22:54:01
================================================================================
[2026-02-12T22:54:50.106+0000] {manager.py:878} INFO - 
================================================================================
DAG File Processing Stats

File Path                      PID    Runtime      # DAGs    # Errors  Last Runtime    Last Run
-----------------------------  -----  ---------  --------  ----------  --------------  -------------------
/opt/airflow/dags/dag2.py                               1           0  0.09s           2026-02-12T22:54:35
/opt/airflow/dags/dag_test.py                           1           0  0.09s           2026-02-12T22:54:35
================================================================================
[2026-02-12T22:55:23.469+0000] {manager.py:878} INFO - 
================================================================================
DAG File Processing Stats

File Path                      PID    Runtime      # DAGs    # Errors  Last Runtime    Last Run
-----------------------------  -----  ---------  --------  ----------  --------------  -------------------
/opt/airflow/dags/dag2.py                               1           0  0.10s           2026-02-12T22:55:08
/opt/airflow/dags/dag_test.py                           1           0  0.09s           2026-02-12T22:55:08
================================================================================
[2026-02-12T22:55:56.873+0000] {manager.py:878} INFO - 
================================================================================
DAG File Processing Stats

File Path                      PID    Runtime      # DAGs    # Errors  Last Runtime    Last Run
-----------------------------  -----  ---------  --------  ----------  --------------  -------------------
/opt/airflow/dags/dag2.py                               1           0  2.11s           2026-02-12T22:55:40
/opt/airflow/dags/dag_test.py                           1           0  2.11s           2026-02-12T22:55:40
================================================================================
[2026-02-12T22:56:30.142+0000] {manager.py:878} INFO - 
================================================================================
DAG File Processing Stats

File Path                      PID    Runtime      # DAGs    # Errors  Last Runtime    Last Run
-----------------------------  -----  ---------  --------  ----------  --------------  -------------------
/opt/airflow/dags/dag2.py                               1           0  0.10s           2026-02-12T22:56:14
/opt/airflow/dags/dag_test.py                           1           0  0.09s           2026-02-12T22:56:14
================================================================================
[2026-02-12T22:57:03.686+0000] {manager.py:737} INFO - Searching for files in /opt/airflow/dags
[2026-02-12T22:57:03.687+0000] {manager.py:740} INFO - There are 2 files in /opt/airflow/dags
[2026-02-12T22:57:03.693+0000] {manager.py:878} INFO - 
================================================================================
DAG File Processing Stats

File Path                      PID    Runtime      # DAGs    # Errors  Last Runtime    Last Run
-----------------------------  -----  ---------  --------  ----------  --------------  -------------------
/opt/airflow/dags/dag_test.py                           1           0  0.13s           2026-02-12T22:56:47
/opt/airflow/dags/dag2.py                               1           0  0.12s           2026-02-12T22:56:47
================================================================================
[2026-02-12T22:57:37.071+0000] {manager.py:878} INFO - 
================================================================================
DAG File Processing Stats

File Path                      PID    Runtime      # DAGs    # Errors  Last Runtime    Last Run
-----------------------------  -----  ---------  --------  ----------  --------------  -------------------
/opt/airflow/dags/dag2.py                               1           0  0.09s           2026-02-12T22:57:21
/opt/airflow/dags/dag_test.py                           1           0  0.09s           2026-02-12T22:57:21
================================================================================
[2026-02-12T22:58:10.490+0000] {manager.py:878} INFO - 
================================================================================
DAG File Processing Stats

File Path                      PID    Runtime      # DAGs    # Errors  Last Runtime    Last Run
-----------------------------  -----  ---------  --------  ----------  --------------  -------------------
/opt/airflow/dags/dag2.py                               1           0  0.10s           2026-02-12T22:57:54
/opt/airflow/dags/dag_test.py                           1           0  0.09s           2026-02-12T22:57:54
================================================================================
[2026-02-12T22:58:43.770+0000] {manager.py:878} INFO - 
================================================================================
DAG File Processing Stats

File Path                      PID    Runtime      # DAGs    # Errors  Last Runtime    Last Run
-----------------------------  -----  ---------  --------  ----------  --------------  -------------------
/opt/airflow/dags/dag2.py                               1           0  0.09s           2026-02-12T22:58:27
/opt/airflow/dags/dag_test.py                           1           0  0.09s           2026-02-12T22:58:27
================================================================================
[2026-02-12T22:59:17.239+0000] {manager.py:878} INFO - 
================================================================================
DAG File Processing Stats

File Path                      PID    Runtime      # DAGs    # Errors  Last Runtime    Last Run
-----------------------------  -----  ---------  --------  ----------  --------------  -------------------
/opt/airflow/dags/dag2.py                               1           0  0.09s           2026-02-12T22:59:01
/opt/airflow/dags/dag_test.py                           1           0  0.09s           2026-02-12T22:59:01
================================================================================
[2026-02-12T22:59:50.593+0000] {manager.py:878} INFO - 
================================================================================
DAG File Processing Stats

File Path                      PID    Runtime      # DAGs    # Errors  Last Runtime    Last Run
-----------------------------  -----  ---------  --------  ----------  --------------  -------------------
/opt/airflow/dags/dag2.py                               1           0  2.16s           2026-02-12T22:59:33
/opt/airflow/dags/dag_test.py                           1           0  2.15s           2026-02-12T22:59:33
================================================================================
[2026-02-12T23:00:24.056+0000] {manager.py:878} INFO - 
================================================================================
DAG File Processing Stats

File Path                      PID    Runtime      # DAGs    # Errors  Last Runtime    Last Run
-----------------------------  -----  ---------  --------  ----------  --------------  -------------------
/opt/airflow/dags/dag2.py                               1           0  0.11s           2026-02-12T23:00:07
/opt/airflow/dags/dag_test.py                           1           0  0.10s           2026-02-12T23:00:07
================================================================================
[2026-02-12T23:00:57.342+0000] {manager.py:878} INFO - 
================================================================================
DAG File Processing Stats

File Path                      PID    Runtime      # DAGs    # Errors  Last Runtime    Last Run
-----------------------------  -----  ---------  --------  ----------  --------------  -------------------
/opt/airflow/dags/dag2.py                               1           0  0.10s           2026-02-12T23:00:40
/opt/airflow/dags/dag_test.py                           1           0  0.10s           2026-02-12T23:00:40
================================================================================
[2026-02-12T23:01:30.822+0000] {manager.py:878} INFO - 
================================================================================
DAG File Processing Stats

File Path                      PID    Runtime      # DAGs    # Errors  Last Runtime    Last Run
-----------------------------  -----  ---------  --------  ----------  --------------  -------------------
/opt/airflow/dags/dag2.py                               1           0  0.10s           2026-02-12T23:01:13
/opt/airflow/dags/dag_test.py                           1           0  0.10s           2026-02-12T23:01:13
================================================================================
[2026-02-12T23:02:04.199+0000] {manager.py:737} INFO - Searching for files in /opt/airflow/dags
[2026-02-12T23:02:04.201+0000] {manager.py:740} INFO - There are 2 files in /opt/airflow/dags
[2026-02-12T23:02:04.207+0000] {manager.py:878} INFO - 
================================================================================
DAG File Processing Stats

File Path                      PID    Runtime      # DAGs    # Errors  Last Runtime    Last Run
-----------------------------  -----  ---------  --------  ----------  --------------  -------------------
/opt/airflow/dags/dag2.py                               1           0  0.10s           2026-02-12T23:01:47
/opt/airflow/dags/dag_test.py                           1           0  0.09s           2026-02-12T23:01:47
================================================================================
[2026-02-12T23:02:37.695+0000] {manager.py:878} INFO - 
================================================================================
DAG File Processing Stats

File Path                        PID  Runtime      # DAGs    # Errors  Last Runtime    Last Run
-----------------------------  -----  ---------  --------  ----------  --------------  -------------------
/opt/airflow/dags/dag2.py       1791  0.01s             1           0  0.10s           2026-02-12T23:02:20
/opt/airflow/dags/dag_test.py                           1           0  0.10s           2026-02-12T23:02:20
================================================================================
[2026-02-12T23:03:11.069+0000] {manager.py:878} INFO - 
================================================================================
DAG File Processing Stats

File Path                      PID    Runtime      # DAGs    # Errors  Last Runtime    Last Run
-----------------------------  -----  ---------  --------  ----------  --------------  -------------------
/opt/airflow/dags/dag_test.py                           1           0  0.10s           2026-02-12T23:02:50
/opt/airflow/dags/dag2.py                               1           0  0.09s           2026-02-12T23:03:08
================================================================================
[2026-02-12T23:03:44.550+0000] {manager.py:878} INFO - 
================================================================================
DAG File Processing Stats

File Path                      PID    Runtime      # DAGs    # Errors  Last Runtime    Last Run
-----------------------------  -----  ---------  --------  ----------  --------------  -------------------
/opt/airflow/dags/dag2.py                               1           0  0.11s           2026-02-12T23:03:38
/opt/airflow/dags/dag_test.py                           1           0  0.09s           2026-02-12T23:03:21
================================================================================
[2026-02-12T23:04:18.011+0000] {manager.py:878} INFO - 
================================================================================
DAG File Processing Stats

File Path                      PID    Runtime      # DAGs    # Errors  Last Runtime    Last Run
-----------------------------  -----  ---------  --------  ----------  --------------  -------------------
/opt/airflow/dags/dag_test.py                           1           0  0.10s           2026-02-12T23:03:51
/opt/airflow/dags/dag2.py                               1           0  0.09s           2026-02-12T23:04:09
================================================================================
[2026-02-12T23:04:51.484+0000] {manager.py:878} INFO - 
================================================================================
DAG File Processing Stats

File Path                      PID    Runtime      # DAGs    # Errors  Last Runtime    Last Run
-----------------------------  -----  ---------  --------  ----------  --------------  -------------------
/opt/airflow/dags/dag_test.py                           1           0  0.10s           2026-02-12T23:04:22
/opt/airflow/dags/dag2.py                               1           0  0.09s           2026-02-12T23:04:39
================================================================================
[2026-02-12T23:05:24.889+0000] {manager.py:878} INFO - 
================================================================================
DAG File Processing Stats

File Path                      PID    Runtime      # DAGs    # Errors  Last Runtime    Last Run
-----------------------------  -----  ---------  --------  ----------  --------------  -------------------
/opt/airflow/dags/dag_test.py                           1           0  0.09s           2026-02-12T23:05:22
/opt/airflow/dags/dag2.py                               1           0  0.09s           2026-02-12T23:05:09
================================================================================
[2026-02-12T23:05:58.377+0000] {manager.py:878} INFO - 
================================================================================
DAG File Processing Stats

File Path                      PID    Runtime      # DAGs    # Errors  Last Runtime    Last Run
-----------------------------  -----  ---------  --------  ----------  --------------  -------------------
/opt/airflow/dags/dag_test.py                           1           0  0.11s           2026-02-12T23:05:53
/opt/airflow/dags/dag2.py                               1           0  0.08s           2026-02-12T23:05:40
================================================================================
[2026-02-12T23:06:31.810+0000] {manager.py:878} INFO - 
================================================================================
DAG File Processing Stats

File Path                      PID    Runtime      # DAGs    # Errors  Last Runtime    Last Run
-----------------------------  -----  ---------  --------  ----------  --------------  -------------------
/opt/airflow/dags/dag2.py                               1           0  0.09s           2026-02-12T23:06:12
/opt/airflow/dags/dag_test.py                           1           0  0.08s           2026-02-12T23:06:23
================================================================================
[2026-02-12T23:07:04.255+0000] {manager.py:737} INFO - Searching for files in /opt/airflow/dags
[2026-02-12T23:07:04.256+0000] {manager.py:740} INFO - There are 2 files in /opt/airflow/dags
[2026-02-12T23:07:05.264+0000] {manager.py:878} INFO - 
================================================================================
DAG File Processing Stats

File Path                      PID    Runtime      # DAGs    # Errors  Last Runtime    Last Run
-----------------------------  -----  ---------  --------  ----------  --------------  -------------------
/opt/airflow/dags/dag2.py                               1           0  0.09s           2026-02-12T23:06:46
/opt/airflow/dags/dag_test.py                           1           0  0.09s           2026-02-12T23:06:54
================================================================================
[2026-02-12T23:07:38.606+0000] {manager.py:878} INFO - 
================================================================================
DAG File Processing Stats

File Path                      PID    Runtime      # DAGs    # Errors  Last Runtime    Last Run
-----------------------------  -----  ---------  --------  ----------  --------------  -------------------
/opt/airflow/dags/dag_test.py                           1           0  0.09s           2026-02-12T23:07:24
/opt/airflow/dags/dag2.py                               1           0  0.08s           2026-02-12T23:07:19
================================================================================
[2026-02-12T23:08:12.119+0000] {manager.py:878} INFO - 
================================================================================
DAG File Processing Stats

File Path                      PID    Runtime      # DAGs    # Errors  Last Runtime    Last Run
-----------------------------  -----  ---------  --------  ----------  --------------  -------------------
/opt/airflow/dags/dag_test.py                           1           0  0.09s           2026-02-12T23:07:55
/opt/airflow/dags/dag2.py                               1           0  0.08s           2026-02-12T23:07:53
================================================================================
[2026-02-12T23:08:45.486+0000] {manager.py:878} INFO - 
================================================================================
DAG File Processing Stats

File Path                      PID    Runtime      # DAGs    # Errors  Last Runtime    Last Run
-----------------------------  -----  ---------  --------  ----------  --------------  -------------------
/opt/airflow/dags/dag2.py                               1           0  0.09s           2026-02-12T23:08:26
/opt/airflow/dags/dag_test.py                           1           0  0.08s           2026-02-12T23:08:26
================================================================================
[2026-02-12T23:09:18.896+0000] {manager.py:878} INFO - 
================================================================================
DAG File Processing Stats

File Path                      PID    Runtime      # DAGs    # Errors  Last Runtime    Last Run
-----------------------------  -----  ---------  --------  ----------  --------------  -------------------
/opt/airflow/dags/dag2.py                               1           0  0.09s           2026-02-12T23:08:56
/opt/airflow/dags/dag_test.py                           1           0  0.09s           2026-02-12T23:08:56
================================================================================
[2026-02-12T23:09:52.227+0000] {manager.py:878} INFO - 
================================================================================
DAG File Processing Stats

File Path                      PID    Runtime      # DAGs    # Errors  Last Runtime    Last Run
-----------------------------  -----  ---------  --------  ----------  --------------  -------------------
/opt/airflow/dags/dag2.py                               1           0  0.09s           2026-02-12T23:09:27
/opt/airflow/dags/dag_test.py                           1           0  0.08s           2026-02-12T23:09:27
================================================================================
[2026-02-12T23:10:25.674+0000] {manager.py:878} INFO - 
================================================================================
DAG File Processing Stats

File Path                      PID    Runtime      # DAGs    # Errors  Last Runtime    Last Run
-----------------------------  -----  ---------  --------  ----------  --------------  -------------------
/opt/airflow/dags/dag2.py                               1           0  0.10s           2026-02-12T23:09:57
/opt/airflow/dags/dag_test.py                           1           0  0.09s           2026-02-12T23:09:57
================================================================================
[2026-02-12T23:10:59.177+0000] {manager.py:878} INFO - 
================================================================================
DAG File Processing Stats

File Path                      PID    Runtime      # DAGs    # Errors  Last Runtime    Last Run
-----------------------------  -----  ---------  --------  ----------  --------------  -------------------
/opt/airflow/dags/dag2.py                               1           0  0.10s           2026-02-12T23:10:58
/opt/airflow/dags/dag_test.py                           1           0  0.09s           2026-02-12T23:10:58
================================================================================
[2026-02-12T23:11:32.591+0000] {manager.py:878} INFO - 
================================================================================
DAG File Processing Stats

File Path                      PID    Runtime      # DAGs    # Errors  Last Runtime    Last Run
-----------------------------  -----  ---------  --------  ----------  --------------  -------------------
/opt/airflow/dags/dag2.py                               1           0  0.10s           2026-02-12T23:11:28
/opt/airflow/dags/dag_test.py                           1           0  0.10s           2026-02-12T23:11:28
================================================================================
[2026-02-12T23:12:04.955+0000] {manager.py:737} INFO - Searching for files in /opt/airflow/dags
[2026-02-12T23:12:04.956+0000] {manager.py:740} INFO - There are 2 files in /opt/airflow/dags
[2026-02-12T23:12:05.966+0000] {manager.py:878} INFO - 
================================================================================
DAG File Processing Stats

File Path                      PID    Runtime      # DAGs    # Errors  Last Runtime    Last Run
-----------------------------  -----  ---------  --------  ----------  --------------  -------------------
/opt/airflow/dags/dag2.py                               1           0  0.10s           2026-02-12T23:11:59
/opt/airflow/dags/dag_test.py                           1           0  0.09s           2026-02-12T23:11:59
================================================================================
[2026-02-12T23:12:39.356+0000] {manager.py:878} INFO - 
================================================================================
DAG File Processing Stats

File Path                      PID    Runtime      # DAGs    # Errors  Last Runtime    Last Run
-----------------------------  -----  ---------  --------  ----------  --------------  -------------------
/opt/airflow/dags/dag2.py                               1           0  0.10s           2026-02-12T23:12:29
/opt/airflow/dags/dag_test.py                           1           0  0.09s           2026-02-12T23:12:29
================================================================================
[2026-02-12T23:13:12.751+0000] {manager.py:878} INFO - 
================================================================================
DAG File Processing Stats

File Path                      PID    Runtime      # DAGs    # Errors  Last Runtime    Last Run
-----------------------------  -----  ---------  --------  ----------  --------------  -------------------
/opt/airflow/dags/dag2.py                               1           0  0.11s           2026-02-12T23:12:59
/opt/airflow/dags/dag_test.py                           1           0  0.10s           2026-02-12T23:12:59
================================================================================
[2026-02-12T23:13:46.181+0000] {manager.py:878} INFO - 
================================================================================
DAG File Processing Stats

File Path                      PID    Runtime      # DAGs    # Errors  Last Runtime    Last Run
-----------------------------  -----  ---------  --------  ----------  --------------  -------------------
/opt/airflow/dags/dag2.py                               1           0  0.11s           2026-02-12T23:13:30
/opt/airflow/dags/dag_test.py                           1           0  0.10s           2026-02-12T23:13:30
================================================================================
[2026-02-12T23:14:21.141+0000] {manager.py:878} INFO - 
================================================================================
DAG File Processing Stats

File Path                      PID    Runtime      # DAGs    # Errors  Last Runtime    Last Run
-----------------------------  -----  ---------  --------  ----------  --------------  -------------------
/opt/airflow/dags/dag2.py                               1           0  0.10s           2026-02-12T23:14:00
/opt/airflow/dags/dag_test.py                           1           0  0.09s           2026-02-12T23:14:00
================================================================================
[2026-02-12T23:14:52.872+0000] {manager.py:878} INFO - 
================================================================================
DAG File Processing Stats

File Path                      PID    Runtime      # DAGs    # Errors  Last Runtime    Last Run
-----------------------------  -----  ---------  --------  ----------  --------------  -------------------
/opt/airflow/dags/dag2.py                               1           0  0.10s           2026-02-12T23:14:31
/opt/airflow/dags/dag_test.py                           1           0  0.10s           2026-02-12T23:14:31
================================================================================
[2026-02-12T23:15:26.335+0000] {manager.py:878} INFO - 
================================================================================
DAG File Processing Stats

File Path                      PID    Runtime      # DAGs    # Errors  Last Runtime    Last Run
-----------------------------  -----  ---------  --------  ----------  --------------  -------------------
/opt/airflow/dags/dag2.py                               1           0  0.12s           2026-02-12T23:15:05
/opt/airflow/dags/dag_test.py                           1           0  0.12s           2026-02-12T23:15:05
================================================================================
[2026-02-12T23:15:59.721+0000] {manager.py:878} INFO - 
================================================================================
DAG File Processing Stats

File Path                      PID    Runtime      # DAGs    # Errors  Last Runtime    Last Run
-----------------------------  -----  ---------  --------  ----------  --------------  -------------------
/opt/airflow/dags/dag2.py                               1           0  0.11s           2026-02-12T23:15:38
/opt/airflow/dags/dag_test.py                           1           0  0.10s           2026-02-12T23:15:38
================================================================================
[2026-02-12T23:16:33.173+0000] {manager.py:878} INFO - 
================================================================================
DAG File Processing Stats

File Path                      PID    Runtime      # DAGs    # Errors  Last Runtime    Last Run
-----------------------------  -----  ---------  --------  ----------  --------------  -------------------
/opt/airflow/dags/dag2.py                               1           0  0.11s           2026-02-12T23:16:12
/opt/airflow/dags/dag_test.py                           1           0  0.10s           2026-02-12T23:16:12
================================================================================
[2026-02-12T23:17:05.602+0000] {manager.py:737} INFO - Searching for files in /opt/airflow/dags
[2026-02-12T23:17:05.603+0000] {manager.py:740} INFO - There are 2 files in /opt/airflow/dags
[2026-02-12T23:17:06.613+0000] {manager.py:878} INFO - 
================================================================================
DAG File Processing Stats

File Path                      PID    Runtime      # DAGs    # Errors  Last Runtime    Last Run
-----------------------------  -----  ---------  --------  ----------  --------------  -------------------
/opt/airflow/dags/dag2.py                               1           0  0.10s           2026-02-12T23:16:45
/opt/airflow/dags/dag_test.py                           1           0  0.10s           2026-02-12T23:16:45
================================================================================
[2026-02-12T23:17:40.007+0000] {manager.py:878} INFO - 
================================================================================
DAG File Processing Stats

File Path                      PID    Runtime      # DAGs    # Errors  Last Runtime    Last Run
-----------------------------  -----  ---------  --------  ----------  --------------  -------------------
/opt/airflow/dags/dag2.py                               1           0  2.16s           2026-02-12T23:17:18
/opt/airflow/dags/dag_test.py                           1           0  2.15s           2026-02-12T23:17:18
================================================================================
[2026-02-12T23:18:13.430+0000] {manager.py:878} INFO - 
================================================================================
DAG File Processing Stats

File Path                      PID    Runtime      # DAGs    # Errors  Last Runtime    Last Run
-----------------------------  -----  ---------  --------  ----------  --------------  -------------------
/opt/airflow/dags/dag2.py                               1           0  0.10s           2026-02-12T23:17:51
/opt/airflow/dags/dag_test.py                           1           0  0.09s           2026-02-12T23:17:51
================================================================================
[2026-02-12T23:18:46.801+0000] {manager.py:878} INFO - 
================================================================================
DAG File Processing Stats

File Path                      PID    Runtime      # DAGs    # Errors  Last Runtime    Last Run
-----------------------------  -----  ---------  --------  ----------  --------------  -------------------
/opt/airflow/dags/dag2.py                               1           0  0.11s           2026-02-12T23:18:24
/opt/airflow/dags/dag_test.py                           1           0  0.10s           2026-02-12T23:18:24
================================================================================
[2026-02-12T23:19:20.160+0000] {manager.py:878} INFO - 
================================================================================
DAG File Processing Stats

File Path                      PID    Runtime      # DAGs    # Errors  Last Runtime    Last Run
-----------------------------  -----  ---------  --------  ----------  --------------  -------------------
/opt/airflow/dags/dag2.py                               1           0  0.10s           2026-02-12T23:18:58
/opt/airflow/dags/dag_test.py                           1           0  0.09s           2026-02-12T23:18:58
================================================================================
[2026-02-12T23:19:53.554+0000] {manager.py:878} INFO - 
================================================================================
DAG File Processing Stats

File Path                      PID    Runtime      # DAGs    # Errors  Last Runtime    Last Run
-----------------------------  -----  ---------  --------  ----------  --------------  -------------------
/opt/airflow/dags/dag2.py                               1           0  0.12s           2026-02-12T23:19:31
/opt/airflow/dags/dag_test.py                           1           0  0.11s           2026-02-12T23:19:31
================================================================================
[2026-02-12T23:20:26.932+0000] {manager.py:878} INFO - 
================================================================================
DAG File Processing Stats

File Path                      PID    Runtime      # DAGs    # Errors  Last Runtime    Last Run
-----------------------------  -----  ---------  --------  ----------  --------------  -------------------
/opt/airflow/dags/dag2.py                               1           0  0.10s           2026-02-12T23:20:04
/opt/airflow/dags/dag_test.py                           1           0  0.09s           2026-02-12T23:20:04
================================================================================
[2026-02-12T23:21:00.340+0000] {manager.py:878} INFO - 
================================================================================
DAG File Processing Stats

File Path                      PID    Runtime      # DAGs    # Errors  Last Runtime    Last Run
-----------------------------  -----  ---------  --------  ----------  --------------  -------------------
/opt/airflow/dags/dag2.py                               1           0  0.10s           2026-02-12T23:20:38
/opt/airflow/dags/dag_test.py                           1           0  0.10s           2026-02-12T23:20:38
================================================================================
[2026-02-12T23:21:33.784+0000] {manager.py:878} INFO - 
================================================================================
DAG File Processing Stats

File Path                      PID    Runtime      # DAGs    # Errors  Last Runtime    Last Run
-----------------------------  -----  ---------  --------  ----------  --------------  -------------------
/opt/airflow/dags/dag2.py                               1           0  2.16s           2026-02-12T23:21:10
/opt/airflow/dags/dag_test.py                           1           0  2.16s           2026-02-12T23:21:10
================================================================================
[2026-02-12T23:22:06.259+0000] {manager.py:737} INFO - Searching for files in /opt/airflow/dags
[2026-02-12T23:22:06.260+0000] {manager.py:740} INFO - There are 2 files in /opt/airflow/dags
[2026-02-12T23:22:07.270+0000] {manager.py:878} INFO - 
================================================================================
DAG File Processing Stats

File Path                      PID    Runtime      # DAGs    # Errors  Last Runtime    Last Run
-----------------------------  -----  ---------  --------  ----------  --------------  -------------------
/opt/airflow/dags/dag_test.py                           1           0  0.11s           2026-02-12T23:21:44
/opt/airflow/dags/dag2.py                               1           0  0.11s           2026-02-12T23:21:44
================================================================================
[2026-02-12T23:22:40.598+0000] {manager.py:878} INFO - 
================================================================================
DAG File Processing Stats

File Path                      PID    Runtime      # DAGs    # Errors  Last Runtime    Last Run
-----------------------------  -----  ---------  --------  ----------  --------------  -------------------
/opt/airflow/dags/dag2.py                               1           0  0.12s           2026-02-12T23:22:17
/opt/airflow/dags/dag_test.py                           1           0  0.11s           2026-02-12T23:22:17
================================================================================
[2026-02-12T23:23:14.127+0000] {manager.py:878} INFO - 
================================================================================
DAG File Processing Stats

File Path                      PID    Runtime      # DAGs    # Errors  Last Runtime    Last Run
-----------------------------  -----  ---------  --------  ----------  --------------  -------------------
/opt/airflow/dags/dag2.py                               1           0  0.10s           2026-02-12T23:22:51
/opt/airflow/dags/dag_test.py                           1           0  0.10s           2026-02-12T23:22:51
================================================================================
[2026-02-12T23:23:47.461+0000] {manager.py:878} INFO - 
================================================================================
DAG File Processing Stats

File Path                      PID    Runtime      # DAGs    # Errors  Last Runtime    Last Run
-----------------------------  -----  ---------  --------  ----------  --------------  -------------------
/opt/airflow/dags/dag2.py                               1           0  0.11s           2026-02-12T23:23:24
/opt/airflow/dags/dag_test.py                           1           0  0.10s           2026-02-12T23:23:24
================================================================================
[2026-02-12T23:24:22.372+0000] {manager.py:878} INFO - 
================================================================================
DAG File Processing Stats

File Path                      PID    Runtime      # DAGs    # Errors  Last Runtime    Last Run
-----------------------------  -----  ---------  --------  ----------  --------------  -------------------
/opt/airflow/dags/dag2.py                               1           0  0.09s           2026-02-12T23:23:55
/opt/airflow/dags/dag_test.py                           1           0  0.09s           2026-02-12T23:23:55
================================================================================
[2026-02-12T23:24:53.933+0000] {manager.py:878} INFO - 
================================================================================
DAG File Processing Stats

File Path                      PID    Runtime      # DAGs    # Errors  Last Runtime    Last Run
-----------------------------  -----  ---------  --------  ----------  --------------  -------------------
/opt/airflow/dags/dag2.py                               1           0  0.10s           2026-02-12T23:24:26
/opt/airflow/dags/dag_test.py                           1           0  0.09s           2026-02-12T23:24:26
================================================================================
[2026-02-12T23:25:27.444+0000] {manager.py:878} INFO - 
================================================================================
DAG File Processing Stats

File Path                        PID  Runtime      # DAGs    # Errors  Last Runtime    Last Run
-----------------------------  -----  ---------  --------  ----------  --------------  -------------------
/opt/airflow/dags/dag2.py       4510  0.01s             1           0  0.11s           2026-02-12T23:24:57
/opt/airflow/dags/dag_test.py   4513  0.00s             1           0  0.10s           2026-02-12T23:24:57
================================================================================
[2026-02-12T23:26:00.922+0000] {manager.py:878} INFO - 
================================================================================
DAG File Processing Stats

File Path                      PID    Runtime      # DAGs    # Errors  Last Runtime    Last Run
-----------------------------  -----  ---------  --------  ----------  --------------  -------------------
/opt/airflow/dags/dag2.py                               1           0  0.10s           2026-02-12T23:25:57
/opt/airflow/dags/dag_test.py                           1           0  0.10s           2026-02-12T23:25:57
================================================================================
[2026-02-12T23:26:34.274+0000] {manager.py:878} INFO - 
================================================================================
DAG File Processing Stats

File Path                      PID    Runtime      # DAGs    # Errors  Last Runtime    Last Run
-----------------------------  -----  ---------  --------  ----------  --------------  -------------------
/opt/airflow/dags/dag2.py                               1           0  0.10s           2026-02-12T23:26:28
/opt/airflow/dags/dag_test.py                           1           0  0.09s           2026-02-12T23:26:28
================================================================================
[2026-02-12T23:27:06.597+0000] {manager.py:737} INFO - Searching for files in /opt/airflow/dags
[2026-02-12T23:27:06.599+0000] {manager.py:740} INFO - There are 2 files in /opt/airflow/dags
[2026-02-12T23:27:07.607+0000] {manager.py:878} INFO - 
================================================================================
DAG File Processing Stats

File Path                      PID    Runtime      # DAGs    # Errors  Last Runtime    Last Run
-----------------------------  -----  ---------  --------  ----------  --------------  -------------------
/opt/airflow/dags/dag2.py                               1           0  0.10s           2026-02-12T23:26:58
/opt/airflow/dags/dag_test.py                           1           0  0.09s           2026-02-12T23:26:58
================================================================================
[2026-02-12T23:27:41.047+0000] {manager.py:878} INFO - 
================================================================================
DAG File Processing Stats

File Path                      PID    Runtime      # DAGs    # Errors  Last Runtime    Last Run
-----------------------------  -----  ---------  --------  ----------  --------------  -------------------
/opt/airflow/dags/dag2.py                               1           0  0.10s           2026-02-12T23:27:29
/opt/airflow/dags/dag_test.py                           1           0  0.09s           2026-02-12T23:27:29
================================================================================
[2026-02-12T23:28:14.518+0000] {manager.py:878} INFO - 
================================================================================
DAG File Processing Stats

File Path                      PID    Runtime      # DAGs    # Errors  Last Runtime    Last Run
-----------------------------  -----  ---------  --------  ----------  --------------  -------------------
/opt/airflow/dags/dag2.py                               1           0  0.10s           2026-02-12T23:27:59
/opt/airflow/dags/dag_test.py                           1           0  0.09s           2026-02-12T23:27:59
================================================================================
[2026-02-12T23:28:47.407+0000] {manager.py:470} INFO - Processing files using up to 2 processes at a time 
[2026-02-12T23:28:47.408+0000] {manager.py:471} INFO - Process each file at most once every 30 seconds
[2026-02-12T23:28:47.408+0000] {manager.py:472} INFO - Checking for new files in /opt/airflow/dags every 300 seconds
[2026-02-12T23:28:47.408+0000] {manager.py:737} INFO - Searching for files in /opt/airflow/dags
[2026-02-12T23:28:47.410+0000] {manager.py:740} INFO - There are 2 files in /opt/airflow/dags
[2026-02-12T23:28:47.572+0000] {manager.py:878} INFO - 
================================================================================
DAG File Processing Stats

File Path                        PID  Runtime      # DAGs    # Errors  Last Runtime    Last Run
-----------------------------  -----  ---------  --------  ----------  --------------  ----------
/opt/airflow/dags/dag_test.py    172  0.06s             0           0
/opt/airflow/dags/dag2.py        169  0.07s             0           0
================================================================================
[2026-02-12T23:29:20.940+0000] {manager.py:878} INFO - 
================================================================================
DAG File Processing Stats

File Path                      PID    Runtime      # DAGs    # Errors  Last Runtime    Last Run
-----------------------------  -----  ---------  --------  ----------  --------------  -------------------
/opt/airflow/dags/dag2.py                               1           0  0.24s           2026-02-12T23:29:18
/opt/airflow/dags/dag_test.py                           1           0  0.24s           2026-02-12T23:29:18
================================================================================
[2026-02-12T23:29:54.498+0000] {manager.py:878} INFO - 
================================================================================
DAG File Processing Stats

File Path                      PID    Runtime      # DAGs    # Errors  Last Runtime    Last Run
-----------------------------  -----  ---------  --------  ----------  --------------  -------------------
/opt/airflow/dags/dag2.py                               1           0  0.17s           2026-02-12T23:29:48
/opt/airflow/dags/dag_test.py                           1           0  0.12s           2026-02-12T23:29:48
================================================================================
[2026-02-12T23:30:27.903+0000] {manager.py:878} INFO - 
================================================================================
DAG File Processing Stats

File Path                      PID    Runtime      # DAGs    # Errors  Last Runtime    Last Run
-----------------------------  -----  ---------  --------  ----------  --------------  -------------------
/opt/airflow/dags/dag2.py                               1           0  0.09s           2026-02-12T23:30:18
/opt/airflow/dags/dag_test.py                           1           0  0.08s           2026-02-12T23:30:18
================================================================================
[2026-02-12T23:31:01.383+0000] {manager.py:878} INFO - 
================================================================================
DAG File Processing Stats

File Path                      PID    Runtime      # DAGs    # Errors  Last Runtime    Last Run
-----------------------------  -----  ---------  --------  ----------  --------------  -------------------
/opt/airflow/dags/dag2.py                               1           0  0.10s           2026-02-12T23:30:49
/opt/airflow/dags/dag_test.py                           1           0  0.10s           2026-02-12T23:30:49
================================================================================
[2026-02-12T23:31:34.663+0000] {manager.py:878} INFO - 
================================================================================
DAG File Processing Stats

File Path                      PID    Runtime      # DAGs    # Errors  Last Runtime    Last Run
-----------------------------  -----  ---------  --------  ----------  --------------  -------------------
/opt/airflow/dags/dag2.py                               1           0  0.11s           2026-02-12T23:31:19
/opt/airflow/dags/dag_test.py                           1           0  0.10s           2026-02-12T23:31:19
================================================================================
[2026-02-12T23:32:08.161+0000] {manager.py:878} INFO - 
================================================================================
DAG File Processing Stats

File Path                      PID    Runtime      # DAGs    # Errors  Last Runtime    Last Run
-----------------------------  -----  ---------  --------  ----------  --------------  -------------------
/opt/airflow/dags/dag2.py                               1           0  0.09s           2026-02-12T23:31:50
/opt/airflow/dags/dag_test.py                           1           0  0.08s           2026-02-12T23:31:50
================================================================================
[2026-02-12T23:32:41.681+0000] {manager.py:878} INFO - 
================================================================================
DAG File Processing Stats

File Path                      PID    Runtime      # DAGs    # Errors  Last Runtime    Last Run
-----------------------------  -----  ---------  --------  ----------  --------------  -------------------
/opt/airflow/dags/dag2.py                               1           0  0.10s           2026-02-12T23:32:20
/opt/airflow/dags/dag_test.py                           1           0  0.09s           2026-02-12T23:32:20
================================================================================
[2026-02-12T23:33:15.198+0000] {manager.py:878} INFO - 
================================================================================
DAG File Processing Stats

File Path                      PID    Runtime      # DAGs    # Errors  Last Runtime    Last Run
-----------------------------  -----  ---------  --------  ----------  --------------  -------------------
/opt/airflow/dags/dag2.py                               1           0  0.12s           2026-02-12T23:32:51
/opt/airflow/dags/dag_test.py                           1           0  0.12s           2026-02-12T23:32:51
================================================================================
[2026-02-12T23:33:47.499+0000] {manager.py:737} INFO - Searching for files in /opt/airflow/dags
[2026-02-12T23:33:47.501+0000] {manager.py:740} INFO - There are 2 files in /opt/airflow/dags
[2026-02-12T23:33:48.511+0000] {manager.py:878} INFO - 
================================================================================
DAG File Processing Stats

File Path                      PID    Runtime      # DAGs    # Errors  Last Runtime    Last Run
-----------------------------  -----  ---------  --------  ----------  --------------  -------------------
/opt/airflow/dags/dag2.py                               1           0  0.10s           2026-02-12T23:33:22
/opt/airflow/dags/dag_test.py                           1           0  0.09s           2026-02-12T23:33:22
================================================================================
[2026-02-12T23:34:22.043+0000] {manager.py:878} INFO - 
================================================================================
DAG File Processing Stats

File Path                      PID    Runtime      # DAGs    # Errors  Last Runtime    Last Run
-----------------------------  -----  ---------  --------  ----------  --------------  -------------------
/opt/airflow/dags/dag2.py                               1           0  0.15s           2026-02-12T23:33:56
/opt/airflow/dags/dag_test.py                           1           0  0.09s           2026-02-12T23:33:55
================================================================================
[2026-02-12T23:34:55.512+0000] {manager.py:878} INFO - 
================================================================================
DAG File Processing Stats

File Path                      PID    Runtime      # DAGs    # Errors  Last Runtime    Last Run
-----------------------------  -----  ---------  --------  ----------  --------------  -------------------
/opt/airflow/dags/dag2.py                               1           0  0.10s           2026-02-12T23:34:29
/opt/airflow/dags/dag_test.py                           1           0  0.10s           2026-02-12T23:34:29
================================================================================
[2026-02-12T23:35:28.960+0000] {manager.py:878} INFO - 
================================================================================
DAG File Processing Stats

File Path                      PID    Runtime      # DAGs    # Errors  Last Runtime    Last Run
-----------------------------  -----  ---------  --------  ----------  --------------  -------------------
/opt/airflow/dags/dag2.py                               1           0  0.11s           2026-02-12T23:35:02
/opt/airflow/dags/dag_test.py                           1           0  0.11s           2026-02-12T23:35:02
================================================================================
[2026-02-12T23:36:02.270+0000] {manager.py:878} INFO - 
================================================================================
DAG File Processing Stats

File Path                      PID    Runtime      # DAGs    # Errors  Last Runtime    Last Run
-----------------------------  -----  ---------  --------  ----------  --------------  -------------------
/opt/airflow/dags/dag2.py                               1           0  0.09s           2026-02-12T23:35:36
/opt/airflow/dags/dag_test.py                           1           0  0.09s           2026-02-12T23:35:36
================================================================================
[2026-02-12T23:36:35.761+0000] {manager.py:878} INFO - 
================================================================================
DAG File Processing Stats

File Path                      PID    Runtime      # DAGs    # Errors  Last Runtime    Last Run
-----------------------------  -----  ---------  --------  ----------  --------------  -------------------
/opt/airflow/dags/dag2.py                               1           0  0.09s           2026-02-12T23:36:06
/opt/airflow/dags/dag_test.py                           1           0  0.09s           2026-02-12T23:36:06
================================================================================
[2026-02-12T23:37:09.268+0000] {manager.py:878} INFO - 
================================================================================
DAG File Processing Stats

File Path                      PID    Runtime      # DAGs    # Errors  Last Runtime    Last Run
-----------------------------  -----  ---------  --------  ----------  --------------  -------------------
/opt/airflow/dags/dag2.py                               1           0  0.09s           2026-02-12T23:37:07
/opt/airflow/dags/dag_test.py                           1           0  0.09s           2026-02-12T23:37:07
================================================================================
[2026-02-12T23:37:42.702+0000] {manager.py:878} INFO - 
================================================================================
DAG File Processing Stats

File Path                      PID    Runtime      # DAGs    # Errors  Last Runtime    Last Run
-----------------------------  -----  ---------  --------  ----------  --------------  -------------------
/opt/airflow/dags/dag2.py                               1           0  0.10s           2026-02-12T23:37:37
/opt/airflow/dags/dag_test.py                           1           0  0.09s           2026-02-12T23:37:37
================================================================================
[2026-02-12T23:38:16.056+0000] {manager.py:878} INFO - 
================================================================================
DAG File Processing Stats

File Path                      PID    Runtime      # DAGs    # Errors  Last Runtime    Last Run
-----------------------------  -----  ---------  --------  ----------  --------------  -------------------
/opt/airflow/dags/dag2.py                               1           0  0.09s           2026-02-12T23:38:08
/opt/airflow/dags/dag_test.py                           1           0  0.09s           2026-02-12T23:38:08
================================================================================
[2026-02-12T23:38:48.458+0000] {manager.py:737} INFO - Searching for files in /opt/airflow/dags
[2026-02-12T23:38:48.460+0000] {manager.py:740} INFO - There are 2 files in /opt/airflow/dags
[2026-02-12T23:38:49.470+0000] {manager.py:878} INFO - 
================================================================================
DAG File Processing Stats

File Path                      PID    Runtime      # DAGs    # Errors  Last Runtime    Last Run
-----------------------------  -----  ---------  --------  ----------  --------------  -------------------
/opt/airflow/dags/dag2.py                               1           0  0.10s           2026-02-12T23:38:38
/opt/airflow/dags/dag_test.py                           1           0  0.09s           2026-02-12T23:38:38
================================================================================
[2026-02-12T23:39:22.935+0000] {manager.py:878} INFO - 
================================================================================
DAG File Processing Stats

File Path                      PID    Runtime      # DAGs    # Errors  Last Runtime    Last Run
-----------------------------  -----  ---------  --------  ----------  --------------  -------------------
/opt/airflow/dags/dag_test.py                           1           0  0.10s           2026-02-12T23:39:08
/opt/airflow/dags/dag2.py                               1           0  0.10s           2026-02-12T23:39:08
================================================================================
[2026-02-12T23:39:56.473+0000] {manager.py:878} INFO - 
================================================================================
DAG File Processing Stats

File Path                      PID    Runtime      # DAGs    # Errors  Last Runtime    Last Run
-----------------------------  -----  ---------  --------  ----------  --------------  -------------------
/opt/airflow/dags/dag2.py                               1           0  0.16s           2026-02-12T23:39:39
/opt/airflow/dags/dag_test.py                           1           0  0.15s           2026-02-12T23:39:39
================================================================================
[2026-02-12T23:40:29.825+0000] {manager.py:878} INFO - 
================================================================================
DAG File Processing Stats

File Path                      PID    Runtime      # DAGs    # Errors  Last Runtime    Last Run
-----------------------------  -----  ---------  --------  ----------  --------------  -------------------
/opt/airflow/dags/dag2.py                               1           0  0.09s           2026-02-12T23:40:09
/opt/airflow/dags/dag_test.py                           1           0  0.09s           2026-02-12T23:40:09
================================================================================
[2026-02-12T23:41:03.226+0000] {manager.py:878} INFO - 
================================================================================
DAG File Processing Stats

File Path                      PID    Runtime      # DAGs    # Errors  Last Runtime    Last Run
-----------------------------  -----  ---------  --------  ----------  --------------  -------------------
/opt/airflow/dags/dag2.py                               1           0  0.10s           2026-02-12T23:40:40
/opt/airflow/dags/dag_test.py                           1           0  0.09s           2026-02-12T23:40:40
================================================================================
[2026-02-12T23:41:36.638+0000] {manager.py:878} INFO - 
================================================================================
DAG File Processing Stats

File Path                      PID    Runtime      # DAGs    # Errors  Last Runtime    Last Run
-----------------------------  -----  ---------  --------  ----------  --------------  -------------------
/opt/airflow/dags/dag2.py                               1           0  0.09s           2026-02-12T23:41:10
/opt/airflow/dags/dag_test.py                           1           0  0.08s           2026-02-12T23:41:10
================================================================================
[2026-02-12T23:42:10.071+0000] {manager.py:878} INFO - 
================================================================================
DAG File Processing Stats

File Path                      PID    Runtime      # DAGs    # Errors  Last Runtime    Last Run
-----------------------------  -----  ---------  --------  ----------  --------------  -------------------
/opt/airflow/dags/dag2.py                               1           0  0.11s           2026-02-12T23:41:42
/opt/airflow/dags/dag_test.py                           1           0  0.10s           2026-02-12T23:41:42
================================================================================
[2026-02-12T23:42:43.497+0000] {manager.py:878} INFO - 
================================================================================
DAG File Processing Stats

File Path                      PID    Runtime      # DAGs    # Errors  Last Runtime    Last Run
-----------------------------  -----  ---------  --------  ----------  --------------  -------------------
/opt/airflow/dags/dag2.py                               1           0  0.09s           2026-02-12T23:42:15
/opt/airflow/dags/dag_test.py                           1           0  0.08s           2026-02-12T23:42:15
================================================================================
[2026-02-12T23:43:16.932+0000] {manager.py:878} INFO - 
================================================================================
DAG File Processing Stats

File Path                      PID    Runtime      # DAGs    # Errors  Last Runtime    Last Run
-----------------------------  -----  ---------  --------  ----------  --------------  -------------------
/opt/airflow/dags/dag_test.py                           1           0  0.10s           2026-02-12T23:42:48
/opt/airflow/dags/dag2.py                               1           0  0.10s           2026-02-12T23:42:48
================================================================================
[2026-02-12T23:43:49.341+0000] {manager.py:737} INFO - Searching for files in /opt/airflow/dags
[2026-02-12T23:43:49.342+0000] {manager.py:740} INFO - There are 2 files in /opt/airflow/dags
[2026-02-12T23:43:50.402+0000] {manager.py:878} INFO - 
================================================================================
DAG File Processing Stats

File Path                      PID    Runtime      # DAGs    # Errors  Last Runtime    Last Run
-----------------------------  -----  ---------  --------  ----------  --------------  -------------------
/opt/airflow/dags/dag2.py                               1           0  0.09s           2026-02-12T23:43:49
/opt/airflow/dags/dag_test.py                           1           0  0.08s           2026-02-12T23:43:49
================================================================================
[2026-02-12T23:44:23.805+0000] {manager.py:878} INFO - 
================================================================================
DAG File Processing Stats

File Path                      PID    Runtime      # DAGs    # Errors  Last Runtime    Last Run
-----------------------------  -----  ---------  --------  ----------  --------------  -------------------
/opt/airflow/dags/dag2.py                               1           0  0.09s           2026-02-12T23:44:19
/opt/airflow/dags/dag_test.py                           1           0  0.08s           2026-02-12T23:44:19
================================================================================
[2026-02-12T23:44:57.245+0000] {manager.py:878} INFO - 
================================================================================
DAG File Processing Stats

File Path                      PID    Runtime      # DAGs    # Errors  Last Runtime    Last Run
-----------------------------  -----  ---------  --------  ----------  --------------  -------------------
/opt/airflow/dags/dag2.py                               1           0  0.11s           2026-02-12T23:44:50
/opt/airflow/dags/dag_test.py                           1           0  0.10s           2026-02-12T23:44:50
================================================================================
[2026-02-12T23:45:30.677+0000] {manager.py:878} INFO - 
================================================================================
DAG File Processing Stats

File Path                      PID    Runtime      # DAGs    # Errors  Last Runtime    Last Run
-----------------------------  -----  ---------  --------  ----------  --------------  -------------------
/opt/airflow/dags/dag2.py                               1           0  0.10s           2026-02-12T23:45:20
/opt/airflow/dags/dag_test.py                           1           0  0.09s           2026-02-12T23:45:20
================================================================================
[2026-02-12T23:46:04.124+0000] {manager.py:878} INFO - 
================================================================================
DAG File Processing Stats

File Path                      PID    Runtime      # DAGs    # Errors  Last Runtime    Last Run
-----------------------------  -----  ---------  --------  ----------  --------------  -------------------
/opt/airflow/dags/dag2.py                               1           0  0.09s           2026-02-12T23:45:51
/opt/airflow/dags/dag_test.py                           1           0  0.09s           2026-02-12T23:45:51
================================================================================
[2026-02-12T23:46:37.516+0000] {manager.py:878} INFO - 
================================================================================
DAG File Processing Stats

File Path                      PID    Runtime      # DAGs    # Errors  Last Runtime    Last Run
-----------------------------  -----  ---------  --------  ----------  --------------  -------------------
/opt/airflow/dags/dag2.py                               1           0  0.09s           2026-02-12T23:46:21
/opt/airflow/dags/dag_test.py                           1           0  0.09s           2026-02-12T23:46:21
================================================================================
[2026-02-12T23:47:12.260+0000] {manager.py:878} INFO - 
================================================================================
DAG File Processing Stats

File Path                      PID    Runtime      # DAGs    # Errors  Last Runtime    Last Run
-----------------------------  -----  ---------  --------  ----------  --------------  -------------------
/opt/airflow/dags/dag_test.py                           1           0  0.13s           2026-02-12T23:46:52
/opt/airflow/dags/dag2.py                               1           0  0.12s           2026-02-12T23:46:52
================================================================================
[2026-02-12T23:47:47.745+0000] {manager.py:878} INFO - 
================================================================================
DAG File Processing Stats

File Path                      PID    Runtime      # DAGs    # Errors  Last Runtime    Last Run
-----------------------------  -----  ---------  --------  ----------  --------------  -------------------
/opt/airflow/dags/dag2.py                               1           0  0.10s           2026-02-12T23:47:22
/opt/airflow/dags/dag_test.py                           1           0  0.09s           2026-02-12T23:47:22
================================================================================
[2026-02-12T23:48:21.130+0000] {manager.py:878} INFO - 
================================================================================
DAG File Processing Stats

File Path                      PID    Runtime      # DAGs    # Errors  Last Runtime    Last Run
-----------------------------  -----  ---------  --------  ----------  --------------  -------------------
/opt/airflow/dags/dag_test.py                           1           0  0.17s           2026-02-12T23:47:52
/opt/airflow/dags/dag2.py                               1           0  0.12s           2026-02-12T23:47:52
================================================================================
[2026-02-12T23:48:50.248+0000] {manager.py:737} INFO - Searching for files in /opt/airflow/dags
[2026-02-12T23:48:50.250+0000] {manager.py:740} INFO - There are 2 files in /opt/airflow/dags
[2026-02-12T23:48:54.605+0000] {manager.py:878} INFO - 
================================================================================
DAG File Processing Stats

File Path                        PID  Runtime      # DAGs    # Errors  Last Runtime    Last Run
-----------------------------  -----  ---------  --------  ----------  --------------  -------------------
/opt/airflow/dags/dag2.py       9074  0.01s             1           0  0.10s           2026-02-12T23:48:23
/opt/airflow/dags/dag_test.py   9077  0.00s             1           0  0.09s           2026-02-12T23:48:23
================================================================================
[2026-02-12T23:49:28.065+0000] {manager.py:878} INFO - 
================================================================================
DAG File Processing Stats

File Path                        PID  Runtime      # DAGs    # Errors  Last Runtime    Last Run
-----------------------------  -----  ---------  --------  ----------  --------------  -------------------
/opt/airflow/dags/dag2.py       9084  0.01s             1           0  0.10s           2026-02-12T23:48:54
/opt/airflow/dags/dag_test.py   9087  0.00s             1           0  0.09s           2026-02-12T23:48:54
================================================================================
[2026-02-12T23:50:01.519+0000] {manager.py:878} INFO - 
================================================================================
DAG File Processing Stats

File Path                        PID  Runtime      # DAGs    # Errors  Last Runtime    Last Run
-----------------------------  -----  ---------  --------  ----------  --------------  -------------------
/opt/airflow/dags/dag2.py       9094  0.01s             1           0  0.10s           2026-02-12T23:49:28
/opt/airflow/dags/dag_test.py   9097  0.00s             1           0  0.09s           2026-02-12T23:49:28
================================================================================
[2026-02-12T23:50:34.981+0000] {manager.py:878} INFO - 
================================================================================
DAG File Processing Stats

File Path                        PID  Runtime      # DAGs    # Errors  Last Runtime    Last Run
-----------------------------  -----  ---------  --------  ----------  --------------  -------------------
/opt/airflow/dags/dag2.py       9104  0.01s             1           0  0.10s           2026-02-12T23:50:01
/opt/airflow/dags/dag_test.py   9107  0.00s             1           0  0.09s           2026-02-12T23:50:01
================================================================================
[2026-02-12T23:51:08.421+0000] {manager.py:878} INFO - 
================================================================================
DAG File Processing Stats

File Path                      PID    Runtime      # DAGs    # Errors  Last Runtime    Last Run
-----------------------------  -----  ---------  --------  ----------  --------------  -------------------
/opt/airflow/dags/dag2.py                               1           0  0.09s           2026-02-12T23:51:05
/opt/airflow/dags/dag_test.py                           1           0  0.09s           2026-02-12T23:51:05
================================================================================
[2026-02-12T23:51:41.859+0000] {manager.py:878} INFO - 
================================================================================
DAG File Processing Stats

File Path                      PID    Runtime      # DAGs    # Errors  Last Runtime    Last Run
-----------------------------  -----  ---------  --------  ----------  --------------  -------------------
/opt/airflow/dags/dag2.py                               1           0  0.10s           2026-02-12T23:51:35
/opt/airflow/dags/dag_test.py                           1           0  0.09s           2026-02-12T23:51:35
================================================================================
[2026-02-12T23:52:15.249+0000] {manager.py:878} INFO - 
================================================================================
DAG File Processing Stats

File Path                      PID    Runtime      # DAGs    # Errors  Last Runtime    Last Run
-----------------------------  -----  ---------  --------  ----------  --------------  -------------------
/opt/airflow/dags/dag2.py                               1           0  0.09s           2026-02-12T23:52:06
/opt/airflow/dags/dag_test.py                           1           0  0.09s           2026-02-12T23:52:06
================================================================================
[2026-02-12T23:52:48.538+0000] {manager.py:878} INFO - 
================================================================================
DAG File Processing Stats

File Path                      PID    Runtime      # DAGs    # Errors  Last Runtime    Last Run
-----------------------------  -----  ---------  --------  ----------  --------------  -------------------
/opt/airflow/dags/dag2.py                               1           0  0.09s           2026-02-12T23:52:36
/opt/airflow/dags/dag_test.py                           1           0  0.09s           2026-02-12T23:52:36
================================================================================
[2026-02-12T23:53:22.015+0000] {manager.py:878} INFO - 
================================================================================
DAG File Processing Stats

File Path                      PID    Runtime      # DAGs    # Errors  Last Runtime    Last Run
-----------------------------  -----  ---------  --------  ----------  --------------  -------------------
/opt/airflow/dags/dag2.py                               1           0  0.09s           2026-02-12T23:53:06
/opt/airflow/dags/dag_test.py                           1           0  0.09s           2026-02-12T23:53:06
================================================================================
[2026-02-12T23:53:54.452+0000] {manager.py:737} INFO - Searching for files in /opt/airflow/dags
[2026-02-12T23:53:54.453+0000] {manager.py:740} INFO - There are 2 files in /opt/airflow/dags
[2026-02-12T23:53:55.462+0000] {manager.py:878} INFO - 
================================================================================
DAG File Processing Stats

File Path                      PID    Runtime      # DAGs    # Errors  Last Runtime    Last Run
-----------------------------  -----  ---------  --------  ----------  --------------  -------------------
/opt/airflow/dags/dag2.py                               1           0  0.09s           2026-02-12T23:53:37
/opt/airflow/dags/dag_test.py                           1           0  0.09s           2026-02-12T23:53:37
================================================================================
[2026-02-12T23:54:28.950+0000] {manager.py:878} INFO - 
================================================================================
DAG File Processing Stats

File Path                      PID    Runtime      # DAGs    # Errors  Last Runtime    Last Run
-----------------------------  -----  ---------  --------  ----------  --------------  -------------------
/opt/airflow/dags/dag2.py                               1           0  0.24s           2026-02-12T23:54:07
/opt/airflow/dags/dag_test.py                           1           0  0.22s           2026-02-12T23:54:07
================================================================================
[2026-02-12T23:55:02.371+0000] {manager.py:878} INFO - 
================================================================================
DAG File Processing Stats

File Path                      PID    Runtime      # DAGs    # Errors  Last Runtime    Last Run
-----------------------------  -----  ---------  --------  ----------  --------------  -------------------
/opt/airflow/dags/dag2.py                               1           0  0.10s           2026-02-12T23:54:38
/opt/airflow/dags/dag_test.py                           1           0  0.10s           2026-02-12T23:54:38
================================================================================
[2026-02-13T00:05:55.503+0000] {manager.py:737} INFO - Searching for files in /opt/airflow/dags
[2026-02-13T00:05:55.514+0000] {manager.py:740} INFO - There are 2 files in /opt/airflow/dags
[2026-02-13T00:05:58.833+0000] {manager.py:878} INFO - 
================================================================================
DAG File Processing Stats

File Path                      PID    Runtime      # DAGs    # Errors  Last Runtime    Last Run
-----------------------------  -----  ---------  --------  ----------  --------------  -------------------
/opt/airflow/dags/dag2.py                               1           0  0.18s           2026-02-13T00:05:55
/opt/airflow/dags/dag_test.py                           1           0  0.18s           2026-02-13T00:05:55
================================================================================
[2026-02-13T00:06:32.552+0000] {manager.py:878} INFO - 
================================================================================
DAG File Processing Stats

File Path                      PID    Runtime      # DAGs    # Errors  Last Runtime    Last Run
-----------------------------  -----  ---------  --------  ----------  --------------  -------------------
/opt/airflow/dags/dag2.py                               1           0  0.15s           2026-02-13T00:06:26
/opt/airflow/dags/dag_test.py                           1           0  0.14s           2026-02-13T00:06:26
================================================================================
[2026-02-13T00:07:04.028+0000] {manager.py:878} INFO - 
================================================================================
DAG File Processing Stats

File Path                      PID    Runtime      # DAGs    # Errors  Last Runtime    Last Run
-----------------------------  -----  ---------  --------  ----------  --------------  -------------------
/opt/airflow/dags/dag2.py                               1           0  0.13s           2026-02-13T00:06:56
/opt/airflow/dags/dag_test.py                           1           0  0.12s           2026-02-13T00:06:56
================================================================================
[2026-02-13T00:07:36.732+0000] {manager.py:878} INFO - 
================================================================================
DAG File Processing Stats

File Path                      PID    Runtime      # DAGs    # Errors  Last Runtime    Last Run
-----------------------------  -----  ---------  --------  ----------  --------------  -------------------
/opt/airflow/dags/dag2.py                               1           0  0.11s           2026-02-13T00:07:27
/opt/airflow/dags/dag_test.py                           1           0  0.10s           2026-02-13T00:07:27
================================================================================
[2026-02-13T00:08:08.918+0000] {manager.py:878} INFO - 
================================================================================
DAG File Processing Stats

File Path                      PID    Runtime      # DAGs    # Errors  Last Runtime    Last Run
-----------------------------  -----  ---------  --------  ----------  --------------  -------------------
/opt/airflow/dags/dag2.py                               1           0  0.11s           2026-02-13T00:07:57
/opt/airflow/dags/dag_test.py                           1           0  0.10s           2026-02-13T00:07:57
================================================================================
[2026-02-13T00:08:41.437+0000] {manager.py:878} INFO - 
================================================================================
DAG File Processing Stats

File Path                      PID    Runtime      # DAGs    # Errors  Last Runtime    Last Run
-----------------------------  -----  ---------  --------  ----------  --------------  -------------------
/opt/airflow/dags/dag_test.py                           1           0  0.16s           2026-02-13T00:08:28
/opt/airflow/dags/dag2.py                               1           0  0.11s           2026-02-13T00:08:28
================================================================================
[2026-02-13T00:09:13.968+0000] {manager.py:878} INFO - 
================================================================================
DAG File Processing Stats

File Path                      PID    Runtime      # DAGs    # Errors  Last Runtime    Last Run
-----------------------------  -----  ---------  --------  ----------  --------------  -------------------
/opt/airflow/dags/dag2.py                               1           0  0.12s           2026-02-13T00:08:58
/opt/airflow/dags/dag_test.py                           1           0  0.11s           2026-02-13T00:08:58
================================================================================
[2026-02-13T00:09:46.311+0000] {manager.py:878} INFO - 
================================================================================
DAG File Processing Stats

File Path                      PID    Runtime      # DAGs    # Errors  Last Runtime    Last Run
-----------------------------  -----  ---------  --------  ----------  --------------  -------------------
/opt/airflow/dags/dag2.py                               1           0  0.09s           2026-02-13T00:09:29
/opt/airflow/dags/dag_test.py                           1           0  0.08s           2026-02-13T00:09:29
================================================================================
[2026-02-13T00:10:18.731+0000] {manager.py:878} INFO - 
================================================================================
DAG File Processing Stats

File Path                      PID    Runtime      # DAGs    # Errors  Last Runtime    Last Run
-----------------------------  -----  ---------  --------  ----------  --------------  -------------------
/opt/airflow/dags/dag2.py                               1           0  0.12s           2026-02-13T00:09:59
/opt/airflow/dags/dag_test.py                           1           0  0.11s           2026-02-13T00:09:59
================================================================================
[2026-02-13T00:10:51.076+0000] {manager.py:878} INFO - 
================================================================================
DAG File Processing Stats

File Path                      PID    Runtime      # DAGs    # Errors  Last Runtime    Last Run
-----------------------------  -----  ---------  --------  ----------  --------------  -------------------
/opt/airflow/dags/dag2.py                               1           0  0.10s           2026-02-13T00:10:29
/opt/airflow/dags/dag_test.py                           1           0  0.10s           2026-02-13T00:10:29
================================================================================
[2026-02-13T00:10:56.094+0000] {manager.py:737} INFO - Searching for files in /opt/airflow/dags
[2026-02-13T00:10:56.096+0000] {manager.py:740} INFO - There are 2 files in /opt/airflow/dags
[2026-02-13T00:11:23.671+0000] {manager.py:878} INFO - 
================================================================================
DAG File Processing Stats

File Path                      PID    Runtime      # DAGs    # Errors  Last Runtime    Last Run
-----------------------------  -----  ---------  --------  ----------  --------------  -------------------
/opt/airflow/dags/dag2.py                               1           0  0.11s           2026-02-13T00:11:00
/opt/airflow/dags/dag_test.py                           1           0  0.10s           2026-02-13T00:11:00
================================================================================
[2026-02-13T00:11:55.913+0000] {manager.py:878} INFO - 
================================================================================
DAG File Processing Stats

File Path                      PID    Runtime      # DAGs    # Errors  Last Runtime    Last Run
-----------------------------  -----  ---------  --------  ----------  --------------  -------------------
/opt/airflow/dags/dag2.py                               1           0  0.10s           2026-02-13T00:11:30
/opt/airflow/dags/dag_test.py                           1           0  0.09s           2026-02-13T00:11:30
================================================================================
[2026-02-13T00:12:28.314+0000] {manager.py:878} INFO - 
================================================================================
DAG File Processing Stats

File Path                      PID    Runtime      # DAGs    # Errors  Last Runtime    Last Run
-----------------------------  -----  ---------  --------  ----------  --------------  -------------------
/opt/airflow/dags/dag2.py                               1           0  0.10s           2026-02-13T00:12:01
/opt/airflow/dags/dag_test.py                           1           0  0.10s           2026-02-13T00:12:01
================================================================================
[2026-02-13T00:13:00.683+0000] {manager.py:878} INFO - 
================================================================================
DAG File Processing Stats

File Path                      PID    Runtime      # DAGs    # Errors  Last Runtime    Last Run
-----------------------------  -----  ---------  --------  ----------  --------------  -------------------
/opt/airflow/dags/dag2.py                               1           0  0.11s           2026-02-13T00:12:31
/opt/airflow/dags/dag_test.py                           1           0  0.10s           2026-02-13T00:12:31
================================================================================
[2026-02-13T00:13:33.270+0000] {manager.py:878} INFO - 
================================================================================
DAG File Processing Stats

File Path                      PID    Runtime      # DAGs    # Errors  Last Runtime    Last Run
-----------------------------  -----  ---------  --------  ----------  --------------  -------------------
/opt/airflow/dags/dag2.py                               1           0  0.11s           2026-02-13T00:13:32
/opt/airflow/dags/dag_test.py                           1           0  0.11s           2026-02-13T00:13:32
================================================================================
[2026-02-13T00:14:05.766+0000] {manager.py:878} INFO - 
================================================================================
DAG File Processing Stats

File Path                      PID    Runtime      # DAGs    # Errors  Last Runtime    Last Run
-----------------------------  -----  ---------  --------  ----------  --------------  -------------------
/opt/airflow/dags/dag2.py                               1           0  0.10s           2026-02-13T00:14:02
/opt/airflow/dags/dag_test.py                           1           0  0.10s           2026-02-13T00:14:02
================================================================================
[2026-02-13T00:14:38.174+0000] {manager.py:878} INFO - 
================================================================================
DAG File Processing Stats

File Path                      PID    Runtime      # DAGs    # Errors  Last Runtime    Last Run
-----------------------------  -----  ---------  --------  ----------  --------------  -------------------
/opt/airflow/dags/dag2.py                               1           0  0.10s           2026-02-13T00:14:34
/opt/airflow/dags/dag_test.py                           1           0  0.09s           2026-02-13T00:14:34
================================================================================
[2026-02-13T00:15:10.870+0000] {manager.py:878} INFO - 
================================================================================
DAG File Processing Stats

File Path                      PID    Runtime      # DAGs    # Errors  Last Runtime    Last Run
-----------------------------  -----  ---------  --------  ----------  --------------  -------------------
/opt/airflow/dags/dag2.py                               1           0  0.11s           2026-02-13T00:15:04
/opt/airflow/dags/dag_test.py                           1           0  0.11s           2026-02-13T00:15:04
================================================================================
[2026-02-13T00:15:43.379+0000] {manager.py:878} INFO - 
================================================================================
DAG File Processing Stats

File Path                      PID    Runtime      # DAGs    # Errors  Last Runtime    Last Run
-----------------------------  -----  ---------  --------  ----------  --------------  -------------------
/opt/airflow/dags/dag2.py                               1           0  0.10s           2026-02-13T00:15:35
/opt/airflow/dags/dag_test.py                           1           0  0.09s           2026-02-13T00:15:35
================================================================================
[2026-02-13T00:15:56.420+0000] {manager.py:737} INFO - Searching for files in /opt/airflow/dags
[2026-02-13T00:15:56.421+0000] {manager.py:740} INFO - There are 2 files in /opt/airflow/dags
[2026-02-13T00:16:15.836+0000] {manager.py:878} INFO - 
================================================================================
DAG File Processing Stats

File Path                      PID    Runtime      # DAGs    # Errors  Last Runtime    Last Run
-----------------------------  -----  ---------  --------  ----------  --------------  -------------------
/opt/airflow/dags/dag2.py                               1           0  0.12s           2026-02-13T00:16:05
/opt/airflow/dags/dag_test.py                           1           0  0.11s           2026-02-13T00:16:05
================================================================================
[2026-02-13T00:16:48.293+0000] {manager.py:878} INFO - 
================================================================================
DAG File Processing Stats

File Path                      PID    Runtime      # DAGs    # Errors  Last Runtime    Last Run
-----------------------------  -----  ---------  --------  ----------  --------------  -------------------
/opt/airflow/dags/dag2.py                               1           0  0.10s           2026-02-13T00:16:36
/opt/airflow/dags/dag_test.py                           1           0  0.09s           2026-02-13T00:16:35
================================================================================
[2026-02-13T00:17:20.806+0000] {manager.py:878} INFO - 
================================================================================
DAG File Processing Stats

File Path                      PID    Runtime      # DAGs    # Errors  Last Runtime    Last Run
-----------------------------  -----  ---------  --------  ----------  --------------  -------------------
/opt/airflow/dags/dag_test.py                           1           0  0.10s           2026-02-13T00:17:06
/opt/airflow/dags/dag2.py                               1           0  0.10s           2026-02-13T00:17:06
================================================================================
[2026-02-13T00:17:53.241+0000] {manager.py:878} INFO - 
================================================================================
DAG File Processing Stats

File Path                      PID    Runtime      # DAGs    # Errors  Last Runtime    Last Run
-----------------------------  -----  ---------  --------  ----------  --------------  -------------------
/opt/airflow/dags/dag2.py                               1           0  0.10s           2026-02-13T00:17:36
/opt/airflow/dags/dag_test.py                           1           0  0.09s           2026-02-13T00:17:36
================================================================================
[2026-02-13T00:18:25.768+0000] {manager.py:878} INFO - 
================================================================================
DAG File Processing Stats

File Path                      PID    Runtime      # DAGs    # Errors  Last Runtime    Last Run
-----------------------------  -----  ---------  --------  ----------  --------------  -------------------
/opt/airflow/dags/dag2.py                               1           0  0.10s           2026-02-13T00:18:07
/opt/airflow/dags/dag_test.py                           1           0  0.10s           2026-02-13T00:18:07
================================================================================
[2026-02-13T00:18:58.249+0000] {manager.py:878} INFO - 
================================================================================
DAG File Processing Stats

File Path                      PID    Runtime      # DAGs    # Errors  Last Runtime    Last Run
-----------------------------  -----  ---------  --------  ----------  --------------  -------------------
/opt/airflow/dags/dag2.py                               1           0  0.11s           2026-02-13T00:18:37
/opt/airflow/dags/dag_test.py                           1           0  0.10s           2026-02-13T00:18:37
================================================================================
[2026-02-13T00:19:30.774+0000] {manager.py:878} INFO - 
================================================================================
DAG File Processing Stats

File Path                      PID    Runtime      # DAGs    # Errors  Last Runtime    Last Run
-----------------------------  -----  ---------  --------  ----------  --------------  -------------------
/opt/airflow/dags/dag2.py                               1           0  0.10s           2026-02-13T00:19:08
/opt/airflow/dags/dag_test.py                           1           0  0.09s           2026-02-13T00:19:08
================================================================================
[2026-02-13T00:20:03.367+0000] {manager.py:878} INFO - 
================================================================================
DAG File Processing Stats

File Path                      PID    Runtime      # DAGs    # Errors  Last Runtime    Last Run
-----------------------------  -----  ---------  --------  ----------  --------------  -------------------
/opt/airflow/dags/dag2.py                               1           0  0.11s           2026-02-13T00:19:53
/opt/airflow/dags/dag_test.py                           1           0  0.09s           2026-02-13T00:19:38
================================================================================
[2026-02-13T00:20:35.948+0000] {manager.py:878} INFO - 
================================================================================
DAG File Processing Stats

File Path                      PID    Runtime      # DAGs    # Errors  Last Runtime    Last Run
-----------------------------  -----  ---------  --------  ----------  --------------  -------------------
/opt/airflow/dags/dag2.py                               1           0  0.18s           2026-02-13T00:20:23
/opt/airflow/dags/dag_test.py                           1           0  0.10s           2026-02-13T00:20:09
================================================================================
[2026-02-13T00:20:57.104+0000] {manager.py:737} INFO - Searching for files in /opt/airflow/dags
[2026-02-13T00:20:57.106+0000] {manager.py:740} INFO - There are 2 files in /opt/airflow/dags
[2026-02-13T00:21:08.476+0000] {manager.py:878} INFO - 
================================================================================
DAG File Processing Stats

File Path                      PID    Runtime      # DAGs    # Errors  Last Runtime    Last Run
-----------------------------  -----  ---------  --------  ----------  --------------  -------------------
/opt/airflow/dags/dag2.py                               1           0  0.10s           2026-02-13T00:20:54
/opt/airflow/dags/dag_test.py                           1           0  0.10s           2026-02-13T00:20:40
================================================================================
[2026-02-13T00:21:41.000+0000] {manager.py:878} INFO - 
================================================================================
DAG File Processing Stats

File Path                        PID  Runtime      # DAGs    # Errors  Last Runtime    Last Run
-----------------------------  -----  ---------  --------  ----------  --------------  -------------------
/opt/airflow/dags/dag2.py                               1           0  0.11s           2026-02-13T00:21:24
/opt/airflow/dags/dag_test.py   9521  0.01s             1           0  0.09s           2026-02-13T00:21:10
================================================================================
[2026-02-13T00:22:13.645+0000] {manager.py:878} INFO - 
================================================================================
DAG File Processing Stats

File Path                      PID    Runtime      # DAGs    # Errors  Last Runtime    Last Run
-----------------------------  -----  ---------  --------  ----------  --------------  -------------------
/opt/airflow/dags/dag2.py                               1           0  0.16s           2026-02-13T00:21:55
/opt/airflow/dags/dag_test.py                           1           0  0.11s           2026-02-13T00:22:11
================================================================================
[2026-02-13T00:22:46.147+0000] {manager.py:878} INFO - 
================================================================================
DAG File Processing Stats

File Path                      PID    Runtime      # DAGs    # Errors  Last Runtime    Last Run
-----------------------------  -----  ---------  --------  ----------  --------------  -------------------
/opt/airflow/dags/dag2.py                               1           0  0.14s           2026-02-13T00:22:25
/opt/airflow/dags/dag_test.py                           1           0  0.10s           2026-02-13T00:22:42
================================================================================
