[2026-02-12T23:30:58.382+0000] {local_task_job_runner.py:120} INFO - ::group::Pre task execution logs
[2026-02-12T23:30:58.395+0000] {taskinstance.py:2076} INFO - Dependencies all met for dep_context=non-requeueable deps ti=<TaskInstance: twitter_pipeline_2.transform_twitter_datascience scheduled__2026-02-06T00:00:00+00:00 [queued]>
[2026-02-12T23:30:58.400+0000] {taskinstance.py:2076} INFO - Dependencies all met for dep_context=requeueable deps ti=<TaskInstance: twitter_pipeline_2.transform_twitter_datascience scheduled__2026-02-06T00:00:00+00:00 [queued]>
[2026-02-12T23:30:58.400+0000] {taskinstance.py:2306} INFO - Starting attempt 1 of 1
[2026-02-12T23:30:58.409+0000] {taskinstance.py:2330} INFO - Executing <Task(SparkSubmitOperator): transform_twitter_datascience> on 2026-02-06 00:00:00+00:00
[2026-02-12T23:30:58.414+0000] {standard_task_runner.py:64} INFO - Started process 1183 to run task
[2026-02-12T23:30:58.417+0000] {standard_task_runner.py:90} INFO - Running: ['airflow', 'tasks', 'run', 'twitter_pipeline_2', 'transform_twitter_datascience', 'scheduled__2026-02-06T00:00:00+00:00', '--job-id', '176', '--raw', '--subdir', 'DAGS_FOLDER/dag2.py', '--cfg-path', '/tmp/tmpylaw50nr']
[2026-02-12T23:30:58.419+0000] {standard_task_runner.py:91} INFO - Job 176: Subtask transform_twitter_datascience
[2026-02-12T23:30:58.461+0000] {task_command.py:426} INFO - Running <TaskInstance: twitter_pipeline_2.transform_twitter_datascience scheduled__2026-02-06T00:00:00+00:00 [running]> on host 0bc7f8c4ce9d
[2026-02-12T23:30:58.532+0000] {taskinstance.py:2648} INFO - Exporting env vars: AIRFLOW_CTX_DAG_OWNER='airflow' AIRFLOW_CTX_DAG_ID='twitter_pipeline_2' AIRFLOW_CTX_TASK_ID='transform_twitter_datascience' AIRFLOW_CTX_EXECUTION_DATE='2026-02-06T00:00:00+00:00' AIRFLOW_CTX_TRY_NUMBER='1' AIRFLOW_CTX_DAG_RUN_ID='scheduled__2026-02-06T00:00:00+00:00'
[2026-02-12T23:30:58.533+0000] {taskinstance.py:430} INFO - ::endgroup::
[2026-02-12T23:30:58.542+0000] {base.py:84} INFO - Using connection ID 'spark_default' for task execution.
[2026-02-12T23:30:58.543+0000] {spark_submit.py:341} INFO - Spark-Submit cmd: spark-submit --master local --name twitter_transformation --queue root.default /opt/airflow/src/spark/transformation.py --src /opt/airflow/data/raw --dest /opt/airflow/data/silver
[2026-02-12T23:31:00.389+0000] {spark_submit.py:492} INFO - 26/02/12 23:31:00 INFO ShutdownHookManager: Shutdown hook called
[2026-02-12T23:31:00.391+0000] {spark_submit.py:492} INFO - 26/02/12 23:31:00 INFO ShutdownHookManager: Deleting directory /tmp/spark-14b3836c-e442-47cc-981e-3f5563a352ca
[2026-02-12T23:31:00.430+0000] {taskinstance.py:441} INFO - ::group::Post task execution logs
[2026-02-12T23:31:00.439+0000] {taskinstance.py:1206} INFO - Marking task as SUCCESS. dag_id=twitter_pipeline_2, task_id=transform_twitter_datascience, run_id=scheduled__2026-02-06T00:00:00+00:00, execution_date=20260206T000000, start_date=20260212T233058, end_date=20260212T233100
[2026-02-12T23:31:00.473+0000] {local_task_job_runner.py:243} INFO - Task exited with return code 0
[2026-02-12T23:31:00.492+0000] {taskinstance.py:3503} INFO - 1 downstream tasks scheduled from follow-on schedule check
[2026-02-12T23:31:00.493+0000] {local_task_job_runner.py:222} INFO - ::endgroup::
[2026-02-12T23:41:10.786+0000] {local_task_job_runner.py:120} INFO - ::group::Pre task execution logs
[2026-02-12T23:41:10.799+0000] {taskinstance.py:2076} INFO - Dependencies all met for dep_context=non-requeueable deps ti=<TaskInstance: twitter_pipeline_2.transform_twitter_datascience scheduled__2026-02-06T00:00:00+00:00 [queued]>
[2026-02-12T23:41:10.804+0000] {taskinstance.py:2076} INFO - Dependencies all met for dep_context=requeueable deps ti=<TaskInstance: twitter_pipeline_2.transform_twitter_datascience scheduled__2026-02-06T00:00:00+00:00 [queued]>
[2026-02-12T23:41:10.804+0000] {taskinstance.py:2306} INFO - Starting attempt 1 of 1
[2026-02-12T23:41:10.812+0000] {taskinstance.py:2330} INFO - Executing <Task(SparkSubmitOperator): transform_twitter_datascience> on 2026-02-06 00:00:00+00:00
[2026-02-12T23:41:10.817+0000] {standard_task_runner.py:64} INFO - Started process 5923 to run task
[2026-02-12T23:41:10.820+0000] {standard_task_runner.py:90} INFO - Running: ['airflow', 'tasks', 'run', 'twitter_pipeline_2', 'transform_twitter_datascience', 'scheduled__2026-02-06T00:00:00+00:00', '--job-id', '218', '--raw', '--subdir', 'DAGS_FOLDER/dag2.py', '--cfg-path', '/tmp/tmp0y2bo0r9']
[2026-02-12T23:41:10.822+0000] {standard_task_runner.py:91} INFO - Job 218: Subtask transform_twitter_datascience
[2026-02-12T23:41:10.861+0000] {task_command.py:426} INFO - Running <TaskInstance: twitter_pipeline_2.transform_twitter_datascience scheduled__2026-02-06T00:00:00+00:00 [running]> on host 0bc7f8c4ce9d
[2026-02-12T23:41:10.929+0000] {taskinstance.py:2648} INFO - Exporting env vars: AIRFLOW_CTX_DAG_OWNER='airflow' AIRFLOW_CTX_DAG_ID='twitter_pipeline_2' AIRFLOW_CTX_TASK_ID='transform_twitter_datascience' AIRFLOW_CTX_EXECUTION_DATE='2026-02-06T00:00:00+00:00' AIRFLOW_CTX_TRY_NUMBER='1' AIRFLOW_CTX_DAG_RUN_ID='scheduled__2026-02-06T00:00:00+00:00'
[2026-02-12T23:41:10.930+0000] {taskinstance.py:430} INFO - ::endgroup::
[2026-02-12T23:41:10.937+0000] {base.py:84} INFO - Using connection ID 'spark_default' for task execution.
[2026-02-12T23:41:10.937+0000] {spark_submit.py:341} INFO - Spark-Submit cmd: spark-submit --master local --name twitter_transformation --queue root.default /opt/airflow/src/spark/transformation.py --src /opt/airflow/data/raw --dest /opt/airflow/data/silver
[2026-02-12T23:41:12.594+0000] {spark_submit.py:492} INFO - 26/02/12 23:41:12 INFO SparkContext: Running Spark version 3.4.1
[2026-02-12T23:41:12.629+0000] {spark_submit.py:492} INFO - 26/02/12 23:41:12 WARN NativeCodeLoader: Unable to load native-hadoop library for your platform... using builtin-java classes where applicable
[2026-02-12T23:41:12.684+0000] {spark_submit.py:492} INFO - 26/02/12 23:41:12 INFO ResourceUtils: ==============================================================
[2026-02-12T23:41:12.685+0000] {spark_submit.py:492} INFO - 26/02/12 23:41:12 INFO ResourceUtils: No custom resources configured for spark.driver.
[2026-02-12T23:41:12.685+0000] {spark_submit.py:492} INFO - 26/02/12 23:41:12 INFO ResourceUtils: ==============================================================
[2026-02-12T23:41:12.685+0000] {spark_submit.py:492} INFO - 26/02/12 23:41:12 INFO SparkContext: Submitted application: twitter_transformation
[2026-02-12T23:41:12.697+0000] {spark_submit.py:492} INFO - 26/02/12 23:41:12 INFO ResourceProfile: Default ResourceProfile created, executor resources: Map(cores -> name: cores, amount: 1, script: , vendor: , memory -> name: memory, amount: 1024, script: , vendor: , offHeap -> name: offHeap, amount: 0, script: , vendor: ), task resources: Map(cpus -> name: cpus, amount: 1.0)
[2026-02-12T23:41:12.702+0000] {spark_submit.py:492} INFO - 26/02/12 23:41:12 INFO ResourceProfile: Limiting resource is cpu
[2026-02-12T23:41:12.703+0000] {spark_submit.py:492} INFO - 26/02/12 23:41:12 INFO ResourceProfileManager: Added ResourceProfile id: 0
[2026-02-12T23:41:12.731+0000] {spark_submit.py:492} INFO - 26/02/12 23:41:12 INFO SecurityManager: Changing view acls to: default
[2026-02-12T23:41:12.732+0000] {spark_submit.py:492} INFO - 26/02/12 23:41:12 INFO SecurityManager: Changing modify acls to: default
[2026-02-12T23:41:12.732+0000] {spark_submit.py:492} INFO - 26/02/12 23:41:12 INFO SecurityManager: Changing view acls groups to:
[2026-02-12T23:41:12.732+0000] {spark_submit.py:492} INFO - 26/02/12 23:41:12 INFO SecurityManager: Changing modify acls groups to:
[2026-02-12T23:41:12.733+0000] {spark_submit.py:492} INFO - 26/02/12 23:41:12 INFO SecurityManager: SecurityManager: authentication disabled; ui acls disabled; users with view permissions: default; groups with view permissions: EMPTY; users with modify permissions: default; groups with modify permissions: EMPTY
[2026-02-12T23:41:12.863+0000] {spark_submit.py:492} INFO - 26/02/12 23:41:12 INFO Utils: Successfully started service 'sparkDriver' on port 40101.
[2026-02-12T23:41:12.880+0000] {spark_submit.py:492} INFO - 26/02/12 23:41:12 INFO SparkEnv: Registering MapOutputTracker
[2026-02-12T23:41:12.904+0000] {spark_submit.py:492} INFO - 26/02/12 23:41:12 INFO SparkEnv: Registering BlockManagerMaster
[2026-02-12T23:41:12.916+0000] {spark_submit.py:492} INFO - 26/02/12 23:41:12 INFO BlockManagerMasterEndpoint: Using org.apache.spark.storage.DefaultTopologyMapper for getting topology information
[2026-02-12T23:41:12.916+0000] {spark_submit.py:492} INFO - 26/02/12 23:41:12 INFO BlockManagerMasterEndpoint: BlockManagerMasterEndpoint up
[2026-02-12T23:41:12.919+0000] {spark_submit.py:492} INFO - 26/02/12 23:41:12 INFO SparkEnv: Registering BlockManagerMasterHeartbeat
[2026-02-12T23:41:12.930+0000] {spark_submit.py:492} INFO - 26/02/12 23:41:12 INFO DiskBlockManager: Created local directory at /tmp/blockmgr-82274c3a-104a-4b23-966f-57a01668d057
[2026-02-12T23:41:12.940+0000] {spark_submit.py:492} INFO - 26/02/12 23:41:12 INFO MemoryStore: MemoryStore started with capacity 434.4 MiB
[2026-02-12T23:41:12.949+0000] {spark_submit.py:492} INFO - 26/02/12 23:41:12 INFO SparkEnv: Registering OutputCommitCoordinator
[2026-02-12T23:41:13.026+0000] {spark_submit.py:492} INFO - 26/02/12 23:41:13 INFO JettyUtils: Start Jetty 0.0.0.0:4040 for SparkUI
[2026-02-12T23:41:13.059+0000] {spark_submit.py:492} INFO - 26/02/12 23:41:13 INFO Utils: Successfully started service 'SparkUI' on port 4040.
[2026-02-12T23:41:13.117+0000] {spark_submit.py:492} INFO - 26/02/12 23:41:13 INFO Executor: Starting executor ID driver on host 0bc7f8c4ce9d
[2026-02-12T23:41:13.121+0000] {spark_submit.py:492} INFO - 26/02/12 23:41:13 INFO Executor: Starting executor with user classpath (userClassPathFirst = false): ''
[2026-02-12T23:41:13.131+0000] {spark_submit.py:492} INFO - 26/02/12 23:41:13 INFO Utils: Successfully started service 'org.apache.spark.network.netty.NettyBlockTransferService' on port 43223.
[2026-02-12T23:41:13.131+0000] {spark_submit.py:492} INFO - 26/02/12 23:41:13 INFO NettyBlockTransferService: Server created on 0bc7f8c4ce9d:43223
[2026-02-12T23:41:13.132+0000] {spark_submit.py:492} INFO - 26/02/12 23:41:13 INFO BlockManager: Using org.apache.spark.storage.RandomBlockReplicationPolicy for block replication policy
[2026-02-12T23:41:13.135+0000] {spark_submit.py:492} INFO - 26/02/12 23:41:13 INFO BlockManagerMaster: Registering BlockManager BlockManagerId(driver, 0bc7f8c4ce9d, 43223, None)
[2026-02-12T23:41:13.137+0000] {spark_submit.py:492} INFO - 26/02/12 23:41:13 INFO BlockManagerMasterEndpoint: Registering block manager 0bc7f8c4ce9d:43223 with 434.4 MiB RAM, BlockManagerId(driver, 0bc7f8c4ce9d, 43223, None)
[2026-02-12T23:41:13.138+0000] {spark_submit.py:492} INFO - 26/02/12 23:41:13 INFO BlockManagerMaster: Registered BlockManager BlockManagerId(driver, 0bc7f8c4ce9d, 43223, None)
[2026-02-12T23:41:13.139+0000] {spark_submit.py:492} INFO - 26/02/12 23:41:13 INFO BlockManager: Initialized BlockManager: BlockManagerId(driver, 0bc7f8c4ce9d, 43223, None)
[2026-02-12T23:41:13.366+0000] {spark_submit.py:492} INFO - 26/02/12 23:41:13 INFO SharedState: Setting hive.metastore.warehouse.dir ('null') to the value of spark.sql.warehouse.dir.
[2026-02-12T23:41:13.370+0000] {spark_submit.py:492} INFO - 26/02/12 23:41:13 INFO SharedState: Warehouse path is 'file:/opt/airflow/spark-warehouse'.
[2026-02-12T23:41:13.792+0000] {spark_submit.py:492} INFO - 26/02/12 23:41:13 INFO InMemoryFileIndex: It took 29 ms to list leaf files for 1 paths.
[2026-02-12T23:41:13.837+0000] {spark_submit.py:492} INFO - 26/02/12 23:41:13 INFO InMemoryFileIndex: It took 8 ms to list leaf files for 12 paths.
[2026-02-12T23:41:14.951+0000] {spark_submit.py:492} INFO - 26/02/12 23:41:14 INFO FileSourceStrategy: Pushed Filters:
[2026-02-12T23:41:14.958+0000] {spark_submit.py:492} INFO - 26/02/12 23:41:14 INFO FileSourceStrategy: Post-Scan Filters:
[2026-02-12T23:41:15.092+0000] {spark_submit.py:492} INFO - 26/02/12 23:41:15 INFO MemoryStore: Block broadcast_0 stored as values in memory (estimated size 199.2 KiB, free 434.2 MiB)
[2026-02-12T23:41:15.128+0000] {spark_submit.py:492} INFO - 26/02/12 23:41:15 INFO MemoryStore: Block broadcast_0_piece0 stored as bytes in memory (estimated size 34.2 KiB, free 434.2 MiB)
[2026-02-12T23:41:15.131+0000] {spark_submit.py:492} INFO - 26/02/12 23:41:15 INFO BlockManagerInfo: Added broadcast_0_piece0 in memory on 0bc7f8c4ce9d:43223 (size: 34.2 KiB, free: 434.4 MiB)
[2026-02-12T23:41:15.134+0000] {spark_submit.py:492} INFO - 26/02/12 23:41:15 INFO SparkContext: Created broadcast 0 from json at NativeMethodAccessorImpl.java:0
[2026-02-12T23:41:15.140+0000] {spark_submit.py:492} INFO - 26/02/12 23:41:15 INFO FileSourceScanExec: Planning scan with bin packing, max size: 50383607 bytes, open cost is considered as scanning 4194304 bytes.
[2026-02-12T23:41:15.236+0000] {spark_submit.py:492} INFO - 26/02/12 23:41:15 INFO SparkContext: Starting job: json at NativeMethodAccessorImpl.java:0
[2026-02-12T23:41:15.245+0000] {spark_submit.py:492} INFO - 26/02/12 23:41:15 INFO DAGScheduler: Got job 0 (json at NativeMethodAccessorImpl.java:0) with 1 output partitions
[2026-02-12T23:41:15.245+0000] {spark_submit.py:492} INFO - 26/02/12 23:41:15 INFO DAGScheduler: Final stage: ResultStage 0 (json at NativeMethodAccessorImpl.java:0)
[2026-02-12T23:41:15.245+0000] {spark_submit.py:492} INFO - 26/02/12 23:41:15 INFO DAGScheduler: Parents of final stage: List()
[2026-02-12T23:41:15.246+0000] {spark_submit.py:492} INFO - 26/02/12 23:41:15 INFO DAGScheduler: Missing parents: List()
[2026-02-12T23:41:15.248+0000] {spark_submit.py:492} INFO - 26/02/12 23:41:15 INFO DAGScheduler: Submitting ResultStage 0 (MapPartitionsRDD[3] at json at NativeMethodAccessorImpl.java:0), which has no missing parents
[2026-02-12T23:41:15.299+0000] {spark_submit.py:492} INFO - 26/02/12 23:41:15 INFO MemoryStore: Block broadcast_1 stored as values in memory (estimated size 15.0 KiB, free 434.2 MiB)
[2026-02-12T23:41:15.301+0000] {spark_submit.py:492} INFO - 26/02/12 23:41:15 INFO MemoryStore: Block broadcast_1_piece0 stored as bytes in memory (estimated size 7.2 KiB, free 434.2 MiB)
[2026-02-12T23:41:15.302+0000] {spark_submit.py:492} INFO - 26/02/12 23:41:15 INFO BlockManagerInfo: Added broadcast_1_piece0 in memory on 0bc7f8c4ce9d:43223 (size: 7.2 KiB, free: 434.4 MiB)
[2026-02-12T23:41:15.303+0000] {spark_submit.py:492} INFO - 26/02/12 23:41:15 INFO SparkContext: Created broadcast 1 from broadcast at DAGScheduler.scala:1535
[2026-02-12T23:41:15.312+0000] {spark_submit.py:492} INFO - 26/02/12 23:41:15 INFO DAGScheduler: Submitting 1 missing tasks from ResultStage 0 (MapPartitionsRDD[3] at json at NativeMethodAccessorImpl.java:0) (first 15 tasks are for partitions Vector(0))
[2026-02-12T23:41:15.312+0000] {spark_submit.py:492} INFO - 26/02/12 23:41:15 INFO TaskSchedulerImpl: Adding task set 0.0 with 1 tasks resource profile 0
[2026-02-12T23:41:15.341+0000] {spark_submit.py:492} INFO - 26/02/12 23:41:15 INFO TaskSetManager: Starting task 0.0 in stage 0.0 (TID 0) (0bc7f8c4ce9d, executor driver, partition 0, PROCESS_LOCAL, 9064 bytes)
[2026-02-12T23:41:15.349+0000] {spark_submit.py:492} INFO - 26/02/12 23:41:15 INFO Executor: Running task 0.0 in stage 0.0 (TID 0)
[2026-02-12T23:41:15.405+0000] {spark_submit.py:492} INFO - 26/02/12 23:41:15 INFO FileScanRDD: Reading File path: file:///opt/airflow/data/raw/tweets_2026-02-05.json, range: 0-10349, partition values: [empty row]
[2026-02-12T23:41:15.531+0000] {spark_submit.py:492} INFO - 26/02/12 23:41:15 INFO CodeGenerator: Code generated in 108.398843 ms
[2026-02-12T23:41:15.559+0000] {spark_submit.py:492} INFO - 26/02/12 23:41:15 INFO FileScanRDD: Reading File path: file:///opt/airflow/data/raw/tweets_2026-02-10.json, range: 0-6957, partition values: [empty row]
[2026-02-12T23:41:15.565+0000] {spark_submit.py:492} INFO - 26/02/12 23:41:15 INFO FileScanRDD: Reading File path: file:///opt/airflow/data/raw/tweets_2026-02-03.json, range: 0-3511, partition values: [empty row]
[2026-02-12T23:41:15.568+0000] {spark_submit.py:492} INFO - 26/02/12 23:41:15 INFO FileScanRDD: Reading File path: file:///opt/airflow/data/raw/tweets_2026-02-07.json, range: 0-3508, partition values: [empty row]
[2026-02-12T23:41:15.571+0000] {spark_submit.py:492} INFO - 26/02/12 23:41:15 INFO FileScanRDD: Reading File path: file:///opt/airflow/data/raw/tweets_2026-02-02.json, range: 0-3495, partition values: [empty row]
[2026-02-12T23:41:15.573+0000] {spark_submit.py:492} INFO - 26/02/12 23:41:15 INFO FileScanRDD: Reading File path: file:///opt/airflow/data/raw/tweets_2026-02-01.json, range: 0-3492, partition values: [empty row]
[2026-02-12T23:41:15.576+0000] {spark_submit.py:492} INFO - 26/02/12 23:41:15 INFO FileScanRDD: Reading File path: file:///opt/airflow/data/raw/tweets_2026-02-06.json, range: 0-3482, partition values: [empty row]
[2026-02-12T23:41:15.578+0000] {spark_submit.py:492} INFO - 26/02/12 23:41:15 INFO FileScanRDD: Reading File path: file:///opt/airflow/data/raw/tweets_2026-02-12.json, range: 0-3463, partition values: [empty row]
[2026-02-12T23:41:15.580+0000] {spark_submit.py:492} INFO - 26/02/12 23:41:15 INFO FileScanRDD: Reading File path: file:///opt/airflow/data/raw/tweets_2026-02-08.json, range: 0-3449, partition values: [empty row]
[2026-02-12T23:41:15.581+0000] {spark_submit.py:492} INFO - 26/02/12 23:41:15 INFO FileScanRDD: Reading File path: file:///opt/airflow/data/raw/tweets_2026-02-09.json, range: 0-3435, partition values: [empty row]
[2026-02-12T23:41:15.584+0000] {spark_submit.py:492} INFO - 26/02/12 23:41:15 INFO FileScanRDD: Reading File path: file:///opt/airflow/data/raw/tweets_2026-02-11.json, range: 0-3424, partition values: [empty row]
[2026-02-12T23:41:15.585+0000] {spark_submit.py:492} INFO - 26/02/12 23:41:15 INFO FileScanRDD: Reading File path: file:///opt/airflow/data/raw/tweets_2026-02-04.json, range: 0-3394, partition values: [empty row]
[2026-02-12T23:41:15.603+0000] {spark_submit.py:492} INFO - 26/02/12 23:41:15 INFO Executor: Finished task 0.0 in stage 0.0 (TID 0). 2649 bytes result sent to driver
[2026-02-12T23:41:15.612+0000] {spark_submit.py:492} INFO - 26/02/12 23:41:15 INFO TaskSetManager: Finished task 0.0 in stage 0.0 (TID 0) in 277 ms on 0bc7f8c4ce9d (executor driver) (1/1)
[2026-02-12T23:41:15.613+0000] {spark_submit.py:492} INFO - 26/02/12 23:41:15 INFO TaskSchedulerImpl: Removed TaskSet 0.0, whose tasks have all completed, from pool
[2026-02-12T23:41:15.616+0000] {spark_submit.py:492} INFO - 26/02/12 23:41:15 INFO DAGScheduler: ResultStage 0 (json at NativeMethodAccessorImpl.java:0) finished in 0.359 s
[2026-02-12T23:41:15.618+0000] {spark_submit.py:492} INFO - 26/02/12 23:41:15 INFO DAGScheduler: Job 0 is finished. Cancelling potential speculative or zombie tasks for this job
[2026-02-12T23:41:15.618+0000] {spark_submit.py:492} INFO - 26/02/12 23:41:15 INFO TaskSchedulerImpl: Killing all running tasks in stage 0: Stage finished
[2026-02-12T23:41:15.619+0000] {spark_submit.py:492} INFO - 26/02/12 23:41:15 INFO DAGScheduler: Job 0 finished: json at NativeMethodAccessorImpl.java:0, took 0.383329 s
[2026-02-12T23:41:15.835+0000] {spark_submit.py:492} INFO - 26/02/12 23:41:15 INFO FileSourceStrategy: Pushed Filters:
[2026-02-12T23:41:15.836+0000] {spark_submit.py:492} INFO - 26/02/12 23:41:15 INFO FileSourceStrategy: Post-Scan Filters:
[2026-02-12T23:41:15.876+0000] {spark_submit.py:492} INFO - 26/02/12 23:41:15 INFO ParquetUtils: Using default output committer for Parquet: org.apache.parquet.hadoop.ParquetOutputCommitter
[2026-02-12T23:41:15.887+0000] {spark_submit.py:492} INFO - 26/02/12 23:41:15 INFO FileOutputCommitter: File Output Committer Algorithm version is 1
[2026-02-12T23:41:15.887+0000] {spark_submit.py:492} INFO - 26/02/12 23:41:15 INFO FileOutputCommitter: FileOutputCommitter skip cleanup _temporary folders under output directory:false, ignore cleanup failures: false
[2026-02-12T23:41:15.887+0000] {spark_submit.py:492} INFO - 26/02/12 23:41:15 INFO SQLHadoopMapReduceCommitProtocol: Using user defined output committer class org.apache.parquet.hadoop.ParquetOutputCommitter
[2026-02-12T23:41:15.888+0000] {spark_submit.py:492} INFO - 26/02/12 23:41:15 INFO FileOutputCommitter: File Output Committer Algorithm version is 1
[2026-02-12T23:41:15.888+0000] {spark_submit.py:492} INFO - 26/02/12 23:41:15 INFO FileOutputCommitter: FileOutputCommitter skip cleanup _temporary folders under output directory:false, ignore cleanup failures: false
[2026-02-12T23:41:15.888+0000] {spark_submit.py:492} INFO - 26/02/12 23:41:15 INFO SQLHadoopMapReduceCommitProtocol: Using output committer class org.apache.parquet.hadoop.ParquetOutputCommitter
[2026-02-12T23:41:15.959+0000] {spark_submit.py:492} INFO - 26/02/12 23:41:15 INFO CodeGenerator: Code generated in 31.075313 ms
[2026-02-12T23:41:15.962+0000] {spark_submit.py:492} INFO - 26/02/12 23:41:15 INFO MemoryStore: Block broadcast_2 stored as values in memory (estimated size 199.1 KiB, free 434.0 MiB)
[2026-02-12T23:41:15.969+0000] {spark_submit.py:492} INFO - 26/02/12 23:41:15 INFO MemoryStore: Block broadcast_2_piece0 stored as bytes in memory (estimated size 34.1 KiB, free 433.9 MiB)
[2026-02-12T23:41:15.970+0000] {spark_submit.py:492} INFO - 26/02/12 23:41:15 INFO BlockManagerInfo: Added broadcast_2_piece0 in memory on 0bc7f8c4ce9d:43223 (size: 34.1 KiB, free: 434.3 MiB)
[2026-02-12T23:41:15.971+0000] {spark_submit.py:492} INFO - 26/02/12 23:41:15 INFO SparkContext: Created broadcast 2 from parquet at NativeMethodAccessorImpl.java:0
[2026-02-12T23:41:15.974+0000] {spark_submit.py:492} INFO - 26/02/12 23:41:15 INFO FileSourceScanExec: Planning scan with bin packing, max size: 50383607 bytes, open cost is considered as scanning 4194304 bytes.
[2026-02-12T23:41:16.004+0000] {spark_submit.py:492} INFO - 26/02/12 23:41:16 INFO SparkContext: Starting job: parquet at NativeMethodAccessorImpl.java:0
[2026-02-12T23:41:16.004+0000] {spark_submit.py:492} INFO - 26/02/12 23:41:16 INFO DAGScheduler: Got job 1 (parquet at NativeMethodAccessorImpl.java:0) with 1 output partitions
[2026-02-12T23:41:16.004+0000] {spark_submit.py:492} INFO - 26/02/12 23:41:16 INFO DAGScheduler: Final stage: ResultStage 1 (parquet at NativeMethodAccessorImpl.java:0)
[2026-02-12T23:41:16.004+0000] {spark_submit.py:492} INFO - 26/02/12 23:41:16 INFO DAGScheduler: Parents of final stage: List()
[2026-02-12T23:41:16.005+0000] {spark_submit.py:492} INFO - 26/02/12 23:41:16 INFO DAGScheduler: Missing parents: List()
[2026-02-12T23:41:16.005+0000] {spark_submit.py:492} INFO - 26/02/12 23:41:16 INFO DAGScheduler: Submitting ResultStage 1 (MapPartitionsRDD[7] at parquet at NativeMethodAccessorImpl.java:0), which has no missing parents
[2026-02-12T23:41:16.019+0000] {spark_submit.py:492} INFO - 26/02/12 23:41:16 INFO MemoryStore: Block broadcast_3 stored as values in memory (estimated size 236.4 KiB, free 433.7 MiB)
[2026-02-12T23:41:16.022+0000] {spark_submit.py:492} INFO - 26/02/12 23:41:16 INFO MemoryStore: Block broadcast_3_piece0 stored as bytes in memory (estimated size 86.3 KiB, free 433.6 MiB)
[2026-02-12T23:41:16.022+0000] {spark_submit.py:492} INFO - 26/02/12 23:41:16 INFO BlockManagerInfo: Added broadcast_3_piece0 in memory on 0bc7f8c4ce9d:43223 (size: 86.3 KiB, free: 434.2 MiB)
[2026-02-12T23:41:16.023+0000] {spark_submit.py:492} INFO - 26/02/12 23:41:16 INFO SparkContext: Created broadcast 3 from broadcast at DAGScheduler.scala:1535
[2026-02-12T23:41:16.023+0000] {spark_submit.py:492} INFO - 26/02/12 23:41:16 INFO DAGScheduler: Submitting 1 missing tasks from ResultStage 1 (MapPartitionsRDD[7] at parquet at NativeMethodAccessorImpl.java:0) (first 15 tasks are for partitions Vector(0))
[2026-02-12T23:41:16.023+0000] {spark_submit.py:492} INFO - 26/02/12 23:41:16 INFO TaskSchedulerImpl: Adding task set 1.0 with 1 tasks resource profile 0
[2026-02-12T23:41:16.024+0000] {spark_submit.py:492} INFO - 26/02/12 23:41:16 INFO TaskSetManager: Starting task 0.0 in stage 1.0 (TID 1) (0bc7f8c4ce9d, executor driver, partition 0, PROCESS_LOCAL, 9064 bytes)
[2026-02-12T23:41:16.025+0000] {spark_submit.py:492} INFO - 26/02/12 23:41:16 INFO Executor: Running task 0.0 in stage 1.0 (TID 1)
[2026-02-12T23:41:16.067+0000] {spark_submit.py:492} INFO - 26/02/12 23:41:16 INFO CodeGenerator: Code generated in 9.018333 ms
[2026-02-12T23:41:16.079+0000] {spark_submit.py:492} INFO - 26/02/12 23:41:16 INFO CodeGenerator: Code generated in 5.968926 ms
[2026-02-12T23:41:16.085+0000] {spark_submit.py:492} INFO - 26/02/12 23:41:16 INFO FileOutputCommitter: File Output Committer Algorithm version is 1
[2026-02-12T23:41:16.086+0000] {spark_submit.py:492} INFO - 26/02/12 23:41:16 INFO FileOutputCommitter: FileOutputCommitter skip cleanup _temporary folders under output directory:false, ignore cleanup failures: false
[2026-02-12T23:41:16.086+0000] {spark_submit.py:492} INFO - 26/02/12 23:41:16 INFO SQLHadoopMapReduceCommitProtocol: Using user defined output committer class org.apache.parquet.hadoop.ParquetOutputCommitter
[2026-02-12T23:41:16.086+0000] {spark_submit.py:492} INFO - 26/02/12 23:41:16 INFO FileOutputCommitter: File Output Committer Algorithm version is 1
[2026-02-12T23:41:16.086+0000] {spark_submit.py:492} INFO - 26/02/12 23:41:16 INFO FileOutputCommitter: FileOutputCommitter skip cleanup _temporary folders under output directory:false, ignore cleanup failures: false
[2026-02-12T23:41:16.086+0000] {spark_submit.py:492} INFO - 26/02/12 23:41:16 INFO SQLHadoopMapReduceCommitProtocol: Using output committer class org.apache.parquet.hadoop.ParquetOutputCommitter
[2026-02-12T23:41:16.106+0000] {spark_submit.py:492} INFO - 26/02/12 23:41:16 INFO CodeGenerator: Code generated in 11.585149 ms
[2026-02-12T23:41:16.108+0000] {spark_submit.py:492} INFO - 26/02/12 23:41:16 INFO FileScanRDD: Reading File path: file:///opt/airflow/data/raw/tweets_2026-02-05.json, range: 0-10349, partition values: [empty row]
[2026-02-12T23:41:16.123+0000] {spark_submit.py:492} INFO - 26/02/12 23:41:16 INFO CodeGenerator: Code generated in 10.946474 ms
[2026-02-12T23:41:16.143+0000] {spark_submit.py:492} INFO - 26/02/12 23:41:16 INFO FileScanRDD: Reading File path: file:///opt/airflow/data/raw/tweets_2026-02-10.json, range: 0-6957, partition values: [empty row]
[2026-02-12T23:41:16.149+0000] {spark_submit.py:492} INFO - 26/02/12 23:41:16 INFO FileScanRDD: Reading File path: file:///opt/airflow/data/raw/tweets_2026-02-03.json, range: 0-3511, partition values: [empty row]
[2026-02-12T23:41:16.152+0000] {spark_submit.py:492} INFO - 26/02/12 23:41:16 INFO FileScanRDD: Reading File path: file:///opt/airflow/data/raw/tweets_2026-02-07.json, range: 0-3508, partition values: [empty row]
[2026-02-12T23:41:16.154+0000] {spark_submit.py:492} INFO - 26/02/12 23:41:16 INFO FileScanRDD: Reading File path: file:///opt/airflow/data/raw/tweets_2026-02-02.json, range: 0-3495, partition values: [empty row]
[2026-02-12T23:41:16.157+0000] {spark_submit.py:492} INFO - 26/02/12 23:41:16 INFO FileScanRDD: Reading File path: file:///opt/airflow/data/raw/tweets_2026-02-01.json, range: 0-3492, partition values: [empty row]
[2026-02-12T23:41:16.159+0000] {spark_submit.py:492} INFO - 26/02/12 23:41:16 INFO FileScanRDD: Reading File path: file:///opt/airflow/data/raw/tweets_2026-02-06.json, range: 0-3482, partition values: [empty row]
[2026-02-12T23:41:16.161+0000] {spark_submit.py:492} INFO - 26/02/12 23:41:16 INFO FileScanRDD: Reading File path: file:///opt/airflow/data/raw/tweets_2026-02-12.json, range: 0-3463, partition values: [empty row]
[2026-02-12T23:41:16.164+0000] {spark_submit.py:492} INFO - 26/02/12 23:41:16 INFO FileScanRDD: Reading File path: file:///opt/airflow/data/raw/tweets_2026-02-08.json, range: 0-3449, partition values: [empty row]
[2026-02-12T23:41:16.166+0000] {spark_submit.py:492} INFO - 26/02/12 23:41:16 INFO FileScanRDD: Reading File path: file:///opt/airflow/data/raw/tweets_2026-02-09.json, range: 0-3435, partition values: [empty row]
[2026-02-12T23:41:16.168+0000] {spark_submit.py:492} INFO - 26/02/12 23:41:16 INFO FileScanRDD: Reading File path: file:///opt/airflow/data/raw/tweets_2026-02-11.json, range: 0-3424, partition values: [empty row]
[2026-02-12T23:41:16.171+0000] {spark_submit.py:492} INFO - 26/02/12 23:41:16 INFO FileScanRDD: Reading File path: file:///opt/airflow/data/raw/tweets_2026-02-04.json, range: 0-3394, partition values: [empty row]
[2026-02-12T23:41:16.183+0000] {spark_submit.py:492} INFO - 26/02/12 23:41:16 INFO CodeGenerator: Code generated in 4.784192 ms
[2026-02-12T23:41:16.204+0000] {spark_submit.py:492} INFO - 26/02/12 23:41:16 INFO CodeGenerator: Code generated in 13.02246 ms
[2026-02-12T23:41:16.211+0000] {spark_submit.py:492} INFO - 26/02/12 23:41:16 INFO CodecConfig: Compression: SNAPPY
[2026-02-12T23:41:16.213+0000] {spark_submit.py:492} INFO - 26/02/12 23:41:16 INFO CodecConfig: Compression: SNAPPY
[2026-02-12T23:41:16.223+0000] {spark_submit.py:492} INFO - 26/02/12 23:41:16 INFO ParquetOutputFormat: ParquetRecordWriter [block size: 134217728b, row group padding size: 8388608b, validating: false]
[2026-02-12T23:41:16.239+0000] {spark_submit.py:492} INFO - 26/02/12 23:41:16 INFO ParquetWriteSupport: Initialized Parquet WriteSupport with Catalyst schema:
[2026-02-12T23:41:16.239+0000] {spark_submit.py:492} INFO - {
[2026-02-12T23:41:16.240+0000] {spark_submit.py:492} INFO - "type" : "struct",
[2026-02-12T23:41:16.240+0000] {spark_submit.py:492} INFO - "fields" : [ {
[2026-02-12T23:41:16.240+0000] {spark_submit.py:492} INFO - "name" : "user_id",
[2026-02-12T23:41:16.240+0000] {spark_submit.py:492} INFO - "type" : "string",
[2026-02-12T23:41:16.240+0000] {spark_submit.py:492} INFO - "nullable" : true,
[2026-02-12T23:41:16.240+0000] {spark_submit.py:492} INFO - "metadata" : { }
[2026-02-12T23:41:16.240+0000] {spark_submit.py:492} INFO - }, {
[2026-02-12T23:41:16.240+0000] {spark_submit.py:492} INFO - "name" : "thread_id",
[2026-02-12T23:41:16.240+0000] {spark_submit.py:492} INFO - "type" : "string",
[2026-02-12T23:41:16.240+0000] {spark_submit.py:492} INFO - "nullable" : true,
[2026-02-12T23:41:16.240+0000] {spark_submit.py:492} INFO - "metadata" : { }
[2026-02-12T23:41:16.240+0000] {spark_submit.py:492} INFO - }, {
[2026-02-12T23:41:16.241+0000] {spark_submit.py:492} INFO - "name" : "created_at",
[2026-02-12T23:41:16.241+0000] {spark_submit.py:492} INFO - "type" : "string",
[2026-02-12T23:41:16.241+0000] {spark_submit.py:492} INFO - "nullable" : true,
[2026-02-12T23:41:16.241+0000] {spark_submit.py:492} INFO - "metadata" : { }
[2026-02-12T23:41:16.241+0000] {spark_submit.py:492} INFO - }, {
[2026-02-12T23:41:16.241+0000] {spark_submit.py:492} INFO - "name" : "edit_versions_ids",
[2026-02-12T23:41:16.241+0000] {spark_submit.py:492} INFO - "type" : {
[2026-02-12T23:41:16.241+0000] {spark_submit.py:492} INFO - "type" : "array",
[2026-02-12T23:41:16.241+0000] {spark_submit.py:492} INFO - "elementType" : "long",
[2026-02-12T23:41:16.241+0000] {spark_submit.py:492} INFO - "containsNull" : true
[2026-02-12T23:41:16.242+0000] {spark_submit.py:492} INFO - },
[2026-02-12T23:41:16.242+0000] {spark_submit.py:492} INFO - "nullable" : true,
[2026-02-12T23:41:16.242+0000] {spark_submit.py:492} INFO - "metadata" : { }
[2026-02-12T23:41:16.242+0000] {spark_submit.py:492} INFO - }, {
[2026-02-12T23:41:16.242+0000] {spark_submit.py:492} INFO - "name" : "tweet_id",
[2026-02-12T23:41:16.242+0000] {spark_submit.py:492} INFO - "type" : "string",
[2026-02-12T23:41:16.242+0000] {spark_submit.py:492} INFO - "nullable" : true,
[2026-02-12T23:41:16.242+0000] {spark_submit.py:492} INFO - "metadata" : { }
[2026-02-12T23:41:16.242+0000] {spark_submit.py:492} INFO - }, {
[2026-02-12T23:41:16.242+0000] {spark_submit.py:492} INFO - "name" : "reply_to_user_id",
[2026-02-12T23:41:16.243+0000] {spark_submit.py:492} INFO - "type" : "string",
[2026-02-12T23:41:16.243+0000] {spark_submit.py:492} INFO - "nullable" : true,
[2026-02-12T23:41:16.243+0000] {spark_submit.py:492} INFO - "metadata" : { }
[2026-02-12T23:41:16.243+0000] {spark_submit.py:492} INFO - }, {
[2026-02-12T23:41:16.243+0000] {spark_submit.py:492} INFO - "name" : "language",
[2026-02-12T23:41:16.243+0000] {spark_submit.py:492} INFO - "type" : "string",
[2026-02-12T23:41:16.243+0000] {spark_submit.py:492} INFO - "nullable" : true,
[2026-02-12T23:41:16.243+0000] {spark_submit.py:492} INFO - "metadata" : { }
[2026-02-12T23:41:16.243+0000] {spark_submit.py:492} INFO - }, {
[2026-02-12T23:41:16.243+0000] {spark_submit.py:492} INFO - "name" : "tweet_text",
[2026-02-12T23:41:16.243+0000] {spark_submit.py:492} INFO - "type" : "string",
[2026-02-12T23:41:16.243+0000] {spark_submit.py:492} INFO - "nullable" : true,
[2026-02-12T23:41:16.244+0000] {spark_submit.py:492} INFO - "metadata" : { }
[2026-02-12T23:41:16.244+0000] {spark_submit.py:492} INFO - }, {
[2026-02-12T23:41:16.244+0000] {spark_submit.py:492} INFO - "name" : "likes",
[2026-02-12T23:41:16.244+0000] {spark_submit.py:492} INFO - "type" : "long",
[2026-02-12T23:41:16.244+0000] {spark_submit.py:492} INFO - "nullable" : true,
[2026-02-12T23:41:16.244+0000] {spark_submit.py:492} INFO - "metadata" : { }
[2026-02-12T23:41:16.244+0000] {spark_submit.py:492} INFO - }, {
[2026-02-12T23:41:16.244+0000] {spark_submit.py:492} INFO - "name" : "quotes",
[2026-02-12T23:41:16.245+0000] {spark_submit.py:492} INFO - "type" : "long",
[2026-02-12T23:41:16.245+0000] {spark_submit.py:492} INFO - "nullable" : true,
[2026-02-12T23:41:16.245+0000] {spark_submit.py:492} INFO - "metadata" : { }
[2026-02-12T23:41:16.245+0000] {spark_submit.py:492} INFO - }, {
[2026-02-12T23:41:16.245+0000] {spark_submit.py:492} INFO - "name" : "replies",
[2026-02-12T23:41:16.245+0000] {spark_submit.py:492} INFO - "type" : "long",
[2026-02-12T23:41:16.245+0000] {spark_submit.py:492} INFO - "nullable" : true,
[2026-02-12T23:41:16.245+0000] {spark_submit.py:492} INFO - "metadata" : { }
[2026-02-12T23:41:16.245+0000] {spark_submit.py:492} INFO - }, {
[2026-02-12T23:41:16.246+0000] {spark_submit.py:492} INFO - "name" : "retweets",
[2026-02-12T23:41:16.246+0000] {spark_submit.py:492} INFO - "type" : "long",
[2026-02-12T23:41:16.246+0000] {spark_submit.py:492} INFO - "nullable" : true,
[2026-02-12T23:41:16.246+0000] {spark_submit.py:492} INFO - "metadata" : { }
[2026-02-12T23:41:16.246+0000] {spark_submit.py:492} INFO - }, {
[2026-02-12T23:41:16.246+0000] {spark_submit.py:492} INFO - "name" : "processing_date",
[2026-02-12T23:41:16.246+0000] {spark_submit.py:492} INFO - "type" : "date",
[2026-02-12T23:41:16.246+0000] {spark_submit.py:492} INFO - "nullable" : false,
[2026-02-12T23:41:16.247+0000] {spark_submit.py:492} INFO - "metadata" : { }
[2026-02-12T23:41:16.247+0000] {spark_submit.py:492} INFO - } ]
[2026-02-12T23:41:16.247+0000] {spark_submit.py:492} INFO - }
[2026-02-12T23:41:16.247+0000] {spark_submit.py:492} INFO - and corresponding Parquet message type:
[2026-02-12T23:41:16.247+0000] {spark_submit.py:492} INFO - message spark_schema {
[2026-02-12T23:41:16.247+0000] {spark_submit.py:492} INFO - optional binary user_id (STRING);
[2026-02-12T23:41:16.247+0000] {spark_submit.py:492} INFO - optional binary thread_id (STRING);
[2026-02-12T23:41:16.247+0000] {spark_submit.py:492} INFO - optional binary created_at (STRING);
[2026-02-12T23:41:16.247+0000] {spark_submit.py:492} INFO - optional group edit_versions_ids (LIST) {
[2026-02-12T23:41:16.247+0000] {spark_submit.py:492} INFO - repeated group list {
[2026-02-12T23:41:16.248+0000] {spark_submit.py:492} INFO - optional int64 element;
[2026-02-12T23:41:16.248+0000] {spark_submit.py:492} INFO - }
[2026-02-12T23:41:16.248+0000] {spark_submit.py:492} INFO - }
[2026-02-12T23:41:16.248+0000] {spark_submit.py:492} INFO - optional binary tweet_id (STRING);
[2026-02-12T23:41:16.248+0000] {spark_submit.py:492} INFO - optional binary reply_to_user_id (STRING);
[2026-02-12T23:41:16.248+0000] {spark_submit.py:492} INFO - optional binary language (STRING);
[2026-02-12T23:41:16.248+0000] {spark_submit.py:492} INFO - optional binary tweet_text (STRING);
[2026-02-12T23:41:16.248+0000] {spark_submit.py:492} INFO - optional int64 likes;
[2026-02-12T23:41:16.248+0000] {spark_submit.py:492} INFO - optional int64 quotes;
[2026-02-12T23:41:16.248+0000] {spark_submit.py:492} INFO - optional int64 replies;
[2026-02-12T23:41:16.249+0000] {spark_submit.py:492} INFO - optional int64 retweets;
[2026-02-12T23:41:16.249+0000] {spark_submit.py:492} INFO - required int32 processing_date (DATE);
[2026-02-12T23:41:16.249+0000] {spark_submit.py:492} INFO - }
[2026-02-12T23:41:16.249+0000] {spark_submit.py:492} INFO - 
[2026-02-12T23:41:16.249+0000] {spark_submit.py:492} INFO - 
[2026-02-12T23:41:16.279+0000] {spark_submit.py:492} INFO - 26/02/12 23:41:16 INFO CodecPool: Got brand-new compressor [.snappy]
[2026-02-12T23:41:16.532+0000] {spark_submit.py:492} INFO - 26/02/12 23:41:16 INFO CodecConfig: Compression: SNAPPY
[2026-02-12T23:41:16.532+0000] {spark_submit.py:492} INFO - 26/02/12 23:41:16 INFO CodecConfig: Compression: SNAPPY
[2026-02-12T23:41:16.533+0000] {spark_submit.py:492} INFO - 26/02/12 23:41:16 INFO ParquetOutputFormat: ParquetRecordWriter [block size: 134217728b, row group padding size: 8388608b, validating: false]
[2026-02-12T23:41:16.534+0000] {spark_submit.py:492} INFO - 26/02/12 23:41:16 INFO ParquetWriteSupport: Initialized Parquet WriteSupport with Catalyst schema:
[2026-02-12T23:41:16.535+0000] {spark_submit.py:492} INFO - {
[2026-02-12T23:41:16.535+0000] {spark_submit.py:492} INFO - "type" : "struct",
[2026-02-12T23:41:16.535+0000] {spark_submit.py:492} INFO - "fields" : [ {
[2026-02-12T23:41:16.535+0000] {spark_submit.py:492} INFO - "name" : "user_id",
[2026-02-12T23:41:16.535+0000] {spark_submit.py:492} INFO - "type" : "string",
[2026-02-12T23:41:16.535+0000] {spark_submit.py:492} INFO - "nullable" : true,
[2026-02-12T23:41:16.535+0000] {spark_submit.py:492} INFO - "metadata" : { }
[2026-02-12T23:41:16.535+0000] {spark_submit.py:492} INFO - }, {
[2026-02-12T23:41:16.535+0000] {spark_submit.py:492} INFO - "name" : "thread_id",
[2026-02-12T23:41:16.536+0000] {spark_submit.py:492} INFO - "type" : "string",
[2026-02-12T23:41:16.536+0000] {spark_submit.py:492} INFO - "nullable" : true,
[2026-02-12T23:41:16.536+0000] {spark_submit.py:492} INFO - "metadata" : { }
[2026-02-12T23:41:16.536+0000] {spark_submit.py:492} INFO - }, {
[2026-02-12T23:41:16.536+0000] {spark_submit.py:492} INFO - "name" : "created_at",
[2026-02-12T23:41:16.536+0000] {spark_submit.py:492} INFO - "type" : "string",
[2026-02-12T23:41:16.536+0000] {spark_submit.py:492} INFO - "nullable" : true,
[2026-02-12T23:41:16.536+0000] {spark_submit.py:492} INFO - "metadata" : { }
[2026-02-12T23:41:16.536+0000] {spark_submit.py:492} INFO - }, {
[2026-02-12T23:41:16.536+0000] {spark_submit.py:492} INFO - "name" : "edit_versions_ids",
[2026-02-12T23:41:16.536+0000] {spark_submit.py:492} INFO - "type" : {
[2026-02-12T23:41:16.536+0000] {spark_submit.py:492} INFO - "type" : "array",
[2026-02-12T23:41:16.537+0000] {spark_submit.py:492} INFO - "elementType" : "long",
[2026-02-12T23:41:16.537+0000] {spark_submit.py:492} INFO - "containsNull" : true
[2026-02-12T23:41:16.537+0000] {spark_submit.py:492} INFO - },
[2026-02-12T23:41:16.537+0000] {spark_submit.py:492} INFO - "nullable" : true,
[2026-02-12T23:41:16.537+0000] {spark_submit.py:492} INFO - "metadata" : { }
[2026-02-12T23:41:16.537+0000] {spark_submit.py:492} INFO - }, {
[2026-02-12T23:41:16.537+0000] {spark_submit.py:492} INFO - "name" : "tweet_id",
[2026-02-12T23:41:16.537+0000] {spark_submit.py:492} INFO - "type" : "string",
[2026-02-12T23:41:16.537+0000] {spark_submit.py:492} INFO - "nullable" : true,
[2026-02-12T23:41:16.537+0000] {spark_submit.py:492} INFO - "metadata" : { }
[2026-02-12T23:41:16.537+0000] {spark_submit.py:492} INFO - }, {
[2026-02-12T23:41:16.538+0000] {spark_submit.py:492} INFO - "name" : "reply_to_user_id",
[2026-02-12T23:41:16.538+0000] {spark_submit.py:492} INFO - "type" : "string",
[2026-02-12T23:41:16.538+0000] {spark_submit.py:492} INFO - "nullable" : true,
[2026-02-12T23:41:16.538+0000] {spark_submit.py:492} INFO - "metadata" : { }
[2026-02-12T23:41:16.538+0000] {spark_submit.py:492} INFO - }, {
[2026-02-12T23:41:16.538+0000] {spark_submit.py:492} INFO - "name" : "language",
[2026-02-12T23:41:16.538+0000] {spark_submit.py:492} INFO - "type" : "string",
[2026-02-12T23:41:16.538+0000] {spark_submit.py:492} INFO - "nullable" : true,
[2026-02-12T23:41:16.538+0000] {spark_submit.py:492} INFO - "metadata" : { }
[2026-02-12T23:41:16.539+0000] {spark_submit.py:492} INFO - }, {
[2026-02-12T23:41:16.539+0000] {spark_submit.py:492} INFO - "name" : "tweet_text",
[2026-02-12T23:41:16.539+0000] {spark_submit.py:492} INFO - "type" : "string",
[2026-02-12T23:41:16.539+0000] {spark_submit.py:492} INFO - "nullable" : true,
[2026-02-12T23:41:16.539+0000] {spark_submit.py:492} INFO - "metadata" : { }
[2026-02-12T23:41:16.539+0000] {spark_submit.py:492} INFO - }, {
[2026-02-12T23:41:16.539+0000] {spark_submit.py:492} INFO - "name" : "likes",
[2026-02-12T23:41:16.539+0000] {spark_submit.py:492} INFO - "type" : "long",
[2026-02-12T23:41:16.539+0000] {spark_submit.py:492} INFO - "nullable" : true,
[2026-02-12T23:41:16.540+0000] {spark_submit.py:492} INFO - "metadata" : { }
[2026-02-12T23:41:16.540+0000] {spark_submit.py:492} INFO - }, {
[2026-02-12T23:41:16.540+0000] {spark_submit.py:492} INFO - "name" : "quotes",
[2026-02-12T23:41:16.540+0000] {spark_submit.py:492} INFO - "type" : "long",
[2026-02-12T23:41:16.540+0000] {spark_submit.py:492} INFO - "nullable" : true,
[2026-02-12T23:41:16.540+0000] {spark_submit.py:492} INFO - "metadata" : { }
[2026-02-12T23:41:16.540+0000] {spark_submit.py:492} INFO - }, {
[2026-02-12T23:41:16.540+0000] {spark_submit.py:492} INFO - "name" : "replies",
[2026-02-12T23:41:16.540+0000] {spark_submit.py:492} INFO - "type" : "long",
[2026-02-12T23:41:16.540+0000] {spark_submit.py:492} INFO - "nullable" : true,
[2026-02-12T23:41:16.541+0000] {spark_submit.py:492} INFO - "metadata" : { }
[2026-02-12T23:41:16.541+0000] {spark_submit.py:492} INFO - }, {
[2026-02-12T23:41:16.541+0000] {spark_submit.py:492} INFO - "name" : "retweets",
[2026-02-12T23:41:16.541+0000] {spark_submit.py:492} INFO - "type" : "long",
[2026-02-12T23:41:16.541+0000] {spark_submit.py:492} INFO - "nullable" : true,
[2026-02-12T23:41:16.541+0000] {spark_submit.py:492} INFO - "metadata" : { }
[2026-02-12T23:41:16.541+0000] {spark_submit.py:492} INFO - }, {
[2026-02-12T23:41:16.541+0000] {spark_submit.py:492} INFO - "name" : "processing_date",
[2026-02-12T23:41:16.541+0000] {spark_submit.py:492} INFO - "type" : "date",
[2026-02-12T23:41:16.542+0000] {spark_submit.py:492} INFO - "nullable" : false,
[2026-02-12T23:41:16.542+0000] {spark_submit.py:492} INFO - "metadata" : { }
[2026-02-12T23:41:16.542+0000] {spark_submit.py:492} INFO - } ]
[2026-02-12T23:41:16.542+0000] {spark_submit.py:492} INFO - }
[2026-02-12T23:41:16.542+0000] {spark_submit.py:492} INFO - and corresponding Parquet message type:
[2026-02-12T23:41:16.542+0000] {spark_submit.py:492} INFO - message spark_schema {
[2026-02-12T23:41:16.542+0000] {spark_submit.py:492} INFO - optional binary user_id (STRING);
[2026-02-12T23:41:16.542+0000] {spark_submit.py:492} INFO - optional binary thread_id (STRING);
[2026-02-12T23:41:16.542+0000] {spark_submit.py:492} INFO - optional binary created_at (STRING);
[2026-02-12T23:41:16.542+0000] {spark_submit.py:492} INFO - optional group edit_versions_ids (LIST) {
[2026-02-12T23:41:16.543+0000] {spark_submit.py:492} INFO - repeated group list {
[2026-02-12T23:41:16.543+0000] {spark_submit.py:492} INFO - optional int64 element;
[2026-02-12T23:41:16.543+0000] {spark_submit.py:492} INFO - }
[2026-02-12T23:41:16.543+0000] {spark_submit.py:492} INFO - }
[2026-02-12T23:41:16.543+0000] {spark_submit.py:492} INFO - optional binary tweet_id (STRING);
[2026-02-12T23:41:16.543+0000] {spark_submit.py:492} INFO - optional binary reply_to_user_id (STRING);
[2026-02-12T23:41:16.543+0000] {spark_submit.py:492} INFO - optional binary language (STRING);
[2026-02-12T23:41:16.543+0000] {spark_submit.py:492} INFO - optional binary tweet_text (STRING);
[2026-02-12T23:41:16.543+0000] {spark_submit.py:492} INFO - optional int64 likes;
[2026-02-12T23:41:16.543+0000] {spark_submit.py:492} INFO - optional int64 quotes;
[2026-02-12T23:41:16.544+0000] {spark_submit.py:492} INFO - optional int64 replies;
[2026-02-12T23:41:16.544+0000] {spark_submit.py:492} INFO - optional int64 retweets;
[2026-02-12T23:41:16.544+0000] {spark_submit.py:492} INFO - required int32 processing_date (DATE);
[2026-02-12T23:41:16.544+0000] {spark_submit.py:492} INFO - }
[2026-02-12T23:41:16.544+0000] {spark_submit.py:492} INFO - 
[2026-02-12T23:41:16.544+0000] {spark_submit.py:492} INFO - 
[2026-02-12T23:41:16.559+0000] {spark_submit.py:492} INFO - 26/02/12 23:41:16 INFO CodecConfig: Compression: SNAPPY
[2026-02-12T23:41:16.560+0000] {spark_submit.py:492} INFO - 26/02/12 23:41:16 INFO CodecConfig: Compression: SNAPPY
[2026-02-12T23:41:16.561+0000] {spark_submit.py:492} INFO - 26/02/12 23:41:16 INFO ParquetOutputFormat: ParquetRecordWriter [block size: 134217728b, row group padding size: 8388608b, validating: false]
[2026-02-12T23:41:16.563+0000] {spark_submit.py:492} INFO - 26/02/12 23:41:16 INFO ParquetWriteSupport: Initialized Parquet WriteSupport with Catalyst schema:
[2026-02-12T23:41:16.563+0000] {spark_submit.py:492} INFO - {
[2026-02-12T23:41:16.563+0000] {spark_submit.py:492} INFO - "type" : "struct",
[2026-02-12T23:41:16.563+0000] {spark_submit.py:492} INFO - "fields" : [ {
[2026-02-12T23:41:16.563+0000] {spark_submit.py:492} INFO - "name" : "user_id",
[2026-02-12T23:41:16.563+0000] {spark_submit.py:492} INFO - "type" : "string",
[2026-02-12T23:41:16.563+0000] {spark_submit.py:492} INFO - "nullable" : true,
[2026-02-12T23:41:16.564+0000] {spark_submit.py:492} INFO - "metadata" : { }
[2026-02-12T23:41:16.564+0000] {spark_submit.py:492} INFO - }, {
[2026-02-12T23:41:16.564+0000] {spark_submit.py:492} INFO - "name" : "thread_id",
[2026-02-12T23:41:16.564+0000] {spark_submit.py:492} INFO - "type" : "string",
[2026-02-12T23:41:16.564+0000] {spark_submit.py:492} INFO - "nullable" : true,
[2026-02-12T23:41:16.564+0000] {spark_submit.py:492} INFO - "metadata" : { }
[2026-02-12T23:41:16.564+0000] {spark_submit.py:492} INFO - }, {
[2026-02-12T23:41:16.564+0000] {spark_submit.py:492} INFO - "name" : "created_at",
[2026-02-12T23:41:16.564+0000] {spark_submit.py:492} INFO - "type" : "string",
[2026-02-12T23:41:16.565+0000] {spark_submit.py:492} INFO - "nullable" : true,
[2026-02-12T23:41:16.565+0000] {spark_submit.py:492} INFO - "metadata" : { }
[2026-02-12T23:41:16.565+0000] {spark_submit.py:492} INFO - }, {
[2026-02-12T23:41:16.565+0000] {spark_submit.py:492} INFO - "name" : "edit_versions_ids",
[2026-02-12T23:41:16.565+0000] {spark_submit.py:492} INFO - "type" : {
[2026-02-12T23:41:16.565+0000] {spark_submit.py:492} INFO - "type" : "array",
[2026-02-12T23:41:16.565+0000] {spark_submit.py:492} INFO - "elementType" : "long",
[2026-02-12T23:41:16.565+0000] {spark_submit.py:492} INFO - "containsNull" : true
[2026-02-12T23:41:16.565+0000] {spark_submit.py:492} INFO - },
[2026-02-12T23:41:16.565+0000] {spark_submit.py:492} INFO - "nullable" : true,
[2026-02-12T23:41:16.566+0000] {spark_submit.py:492} INFO - "metadata" : { }
[2026-02-12T23:41:16.566+0000] {spark_submit.py:492} INFO - }, {
[2026-02-12T23:41:16.566+0000] {spark_submit.py:492} INFO - "name" : "tweet_id",
[2026-02-12T23:41:16.566+0000] {spark_submit.py:492} INFO - "type" : "string",
[2026-02-12T23:41:16.566+0000] {spark_submit.py:492} INFO - "nullable" : true,
[2026-02-12T23:41:16.566+0000] {spark_submit.py:492} INFO - "metadata" : { }
[2026-02-12T23:41:16.566+0000] {spark_submit.py:492} INFO - }, {
[2026-02-12T23:41:16.566+0000] {spark_submit.py:492} INFO - "name" : "reply_to_user_id",
[2026-02-12T23:41:16.566+0000] {spark_submit.py:492} INFO - "type" : "string",
[2026-02-12T23:41:16.567+0000] {spark_submit.py:492} INFO - "nullable" : true,
[2026-02-12T23:41:16.567+0000] {spark_submit.py:492} INFO - "metadata" : { }
[2026-02-12T23:41:16.567+0000] {spark_submit.py:492} INFO - }, {
[2026-02-12T23:41:16.567+0000] {spark_submit.py:492} INFO - "name" : "language",
[2026-02-12T23:41:16.567+0000] {spark_submit.py:492} INFO - "type" : "string",
[2026-02-12T23:41:16.567+0000] {spark_submit.py:492} INFO - "nullable" : true,
[2026-02-12T23:41:16.567+0000] {spark_submit.py:492} INFO - "metadata" : { }
[2026-02-12T23:41:16.567+0000] {spark_submit.py:492} INFO - }, {
[2026-02-12T23:41:16.567+0000] {spark_submit.py:492} INFO - "name" : "tweet_text",
[2026-02-12T23:41:16.568+0000] {spark_submit.py:492} INFO - "type" : "string",
[2026-02-12T23:41:16.568+0000] {spark_submit.py:492} INFO - "nullable" : true,
[2026-02-12T23:41:16.568+0000] {spark_submit.py:492} INFO - "metadata" : { }
[2026-02-12T23:41:16.568+0000] {spark_submit.py:492} INFO - }, {
[2026-02-12T23:41:16.568+0000] {spark_submit.py:492} INFO - "name" : "likes",
[2026-02-12T23:41:16.568+0000] {spark_submit.py:492} INFO - "type" : "long",
[2026-02-12T23:41:16.568+0000] {spark_submit.py:492} INFO - "nullable" : true,
[2026-02-12T23:41:16.568+0000] {spark_submit.py:492} INFO - "metadata" : { }
[2026-02-12T23:41:16.568+0000] {spark_submit.py:492} INFO - }, {
[2026-02-12T23:41:16.568+0000] {spark_submit.py:492} INFO - "name" : "quotes",
[2026-02-12T23:41:16.568+0000] {spark_submit.py:492} INFO - "type" : "long",
[2026-02-12T23:41:16.569+0000] {spark_submit.py:492} INFO - "nullable" : true,
[2026-02-12T23:41:16.569+0000] {spark_submit.py:492} INFO - "metadata" : { }
[2026-02-12T23:41:16.569+0000] {spark_submit.py:492} INFO - }, {
[2026-02-12T23:41:16.569+0000] {spark_submit.py:492} INFO - "name" : "replies",
[2026-02-12T23:41:16.569+0000] {spark_submit.py:492} INFO - "type" : "long",
[2026-02-12T23:41:16.569+0000] {spark_submit.py:492} INFO - "nullable" : true,
[2026-02-12T23:41:16.569+0000] {spark_submit.py:492} INFO - "metadata" : { }
[2026-02-12T23:41:16.569+0000] {spark_submit.py:492} INFO - }, {
[2026-02-12T23:41:16.569+0000] {spark_submit.py:492} INFO - "name" : "retweets",
[2026-02-12T23:41:16.569+0000] {spark_submit.py:492} INFO - "type" : "long",
[2026-02-12T23:41:16.569+0000] {spark_submit.py:492} INFO - "nullable" : true,
[2026-02-12T23:41:16.570+0000] {spark_submit.py:492} INFO - "metadata" : { }
[2026-02-12T23:41:16.570+0000] {spark_submit.py:492} INFO - }, {
[2026-02-12T23:41:16.570+0000] {spark_submit.py:492} INFO - "name" : "processing_date",
[2026-02-12T23:41:16.570+0000] {spark_submit.py:492} INFO - "type" : "date",
[2026-02-12T23:41:16.570+0000] {spark_submit.py:492} INFO - "nullable" : false,
[2026-02-12T23:41:16.570+0000] {spark_submit.py:492} INFO - "metadata" : { }
[2026-02-12T23:41:16.570+0000] {spark_submit.py:492} INFO - } ]
[2026-02-12T23:41:16.570+0000] {spark_submit.py:492} INFO - }
[2026-02-12T23:41:16.570+0000] {spark_submit.py:492} INFO - and corresponding Parquet message type:
[2026-02-12T23:41:16.570+0000] {spark_submit.py:492} INFO - message spark_schema {
[2026-02-12T23:41:16.570+0000] {spark_submit.py:492} INFO - optional binary user_id (STRING);
[2026-02-12T23:41:16.570+0000] {spark_submit.py:492} INFO - optional binary thread_id (STRING);
[2026-02-12T23:41:16.570+0000] {spark_submit.py:492} INFO - optional binary created_at (STRING);
[2026-02-12T23:41:16.570+0000] {spark_submit.py:492} INFO - optional group edit_versions_ids (LIST) {
[2026-02-12T23:41:16.571+0000] {spark_submit.py:492} INFO - repeated group list {
[2026-02-12T23:41:16.571+0000] {spark_submit.py:492} INFO - optional int64 element;
[2026-02-12T23:41:16.571+0000] {spark_submit.py:492} INFO - }
[2026-02-12T23:41:16.571+0000] {spark_submit.py:492} INFO - }
[2026-02-12T23:41:16.571+0000] {spark_submit.py:492} INFO - optional binary tweet_id (STRING);
[2026-02-12T23:41:16.571+0000] {spark_submit.py:492} INFO - optional binary reply_to_user_id (STRING);
[2026-02-12T23:41:16.571+0000] {spark_submit.py:492} INFO - optional binary language (STRING);
[2026-02-12T23:41:16.571+0000] {spark_submit.py:492} INFO - optional binary tweet_text (STRING);
[2026-02-12T23:41:16.571+0000] {spark_submit.py:492} INFO - optional int64 likes;
[2026-02-12T23:41:16.571+0000] {spark_submit.py:492} INFO - optional int64 quotes;
[2026-02-12T23:41:16.571+0000] {spark_submit.py:492} INFO - optional int64 replies;
[2026-02-12T23:41:16.571+0000] {spark_submit.py:492} INFO - optional int64 retweets;
[2026-02-12T23:41:16.571+0000] {spark_submit.py:492} INFO - required int32 processing_date (DATE);
[2026-02-12T23:41:16.572+0000] {spark_submit.py:492} INFO - }
[2026-02-12T23:41:16.572+0000] {spark_submit.py:492} INFO - 
[2026-02-12T23:41:16.572+0000] {spark_submit.py:492} INFO - 
[2026-02-12T23:41:16.586+0000] {spark_submit.py:492} INFO - 26/02/12 23:41:16 INFO CodecConfig: Compression: SNAPPY
[2026-02-12T23:41:16.586+0000] {spark_submit.py:492} INFO - 26/02/12 23:41:16 INFO CodecConfig: Compression: SNAPPY
[2026-02-12T23:41:16.587+0000] {spark_submit.py:492} INFO - 26/02/12 23:41:16 INFO ParquetOutputFormat: ParquetRecordWriter [block size: 134217728b, row group padding size: 8388608b, validating: false]
[2026-02-12T23:41:16.589+0000] {spark_submit.py:492} INFO - 26/02/12 23:41:16 INFO ParquetWriteSupport: Initialized Parquet WriteSupport with Catalyst schema:
[2026-02-12T23:41:16.589+0000] {spark_submit.py:492} INFO - {
[2026-02-12T23:41:16.589+0000] {spark_submit.py:492} INFO - "type" : "struct",
[2026-02-12T23:41:16.589+0000] {spark_submit.py:492} INFO - "fields" : [ {
[2026-02-12T23:41:16.589+0000] {spark_submit.py:492} INFO - "name" : "user_id",
[2026-02-12T23:41:16.589+0000] {spark_submit.py:492} INFO - "type" : "string",
[2026-02-12T23:41:16.590+0000] {spark_submit.py:492} INFO - "nullable" : true,
[2026-02-12T23:41:16.590+0000] {spark_submit.py:492} INFO - "metadata" : { }
[2026-02-12T23:41:16.590+0000] {spark_submit.py:492} INFO - }, {
[2026-02-12T23:41:16.590+0000] {spark_submit.py:492} INFO - "name" : "thread_id",
[2026-02-12T23:41:16.590+0000] {spark_submit.py:492} INFO - "type" : "string",
[2026-02-12T23:41:16.590+0000] {spark_submit.py:492} INFO - "nullable" : true,
[2026-02-12T23:41:16.590+0000] {spark_submit.py:492} INFO - "metadata" : { }
[2026-02-12T23:41:16.590+0000] {spark_submit.py:492} INFO - }, {
[2026-02-12T23:41:16.591+0000] {spark_submit.py:492} INFO - "name" : "created_at",
[2026-02-12T23:41:16.591+0000] {spark_submit.py:492} INFO - "type" : "string",
[2026-02-12T23:41:16.591+0000] {spark_submit.py:492} INFO - "nullable" : true,
[2026-02-12T23:41:16.591+0000] {spark_submit.py:492} INFO - "metadata" : { }
[2026-02-12T23:41:16.591+0000] {spark_submit.py:492} INFO - }, {
[2026-02-12T23:41:16.591+0000] {spark_submit.py:492} INFO - "name" : "edit_versions_ids",
[2026-02-12T23:41:16.591+0000] {spark_submit.py:492} INFO - "type" : {
[2026-02-12T23:41:16.591+0000] {spark_submit.py:492} INFO - "type" : "array",
[2026-02-12T23:41:16.591+0000] {spark_submit.py:492} INFO - "elementType" : "long",
[2026-02-12T23:41:16.591+0000] {spark_submit.py:492} INFO - "containsNull" : true
[2026-02-12T23:41:16.591+0000] {spark_submit.py:492} INFO - },
[2026-02-12T23:41:16.591+0000] {spark_submit.py:492} INFO - "nullable" : true,
[2026-02-12T23:41:16.592+0000] {spark_submit.py:492} INFO - "metadata" : { }
[2026-02-12T23:41:16.592+0000] {spark_submit.py:492} INFO - }, {
[2026-02-12T23:41:16.592+0000] {spark_submit.py:492} INFO - "name" : "tweet_id",
[2026-02-12T23:41:16.592+0000] {spark_submit.py:492} INFO - "type" : "string",
[2026-02-12T23:41:16.592+0000] {spark_submit.py:492} INFO - "nullable" : true,
[2026-02-12T23:41:16.592+0000] {spark_submit.py:492} INFO - "metadata" : { }
[2026-02-12T23:41:16.592+0000] {spark_submit.py:492} INFO - }, {
[2026-02-12T23:41:16.592+0000] {spark_submit.py:492} INFO - "name" : "reply_to_user_id",
[2026-02-12T23:41:16.593+0000] {spark_submit.py:492} INFO - "type" : "string",
[2026-02-12T23:41:16.593+0000] {spark_submit.py:492} INFO - "nullable" : true,
[2026-02-12T23:41:16.593+0000] {spark_submit.py:492} INFO - "metadata" : { }
[2026-02-12T23:41:16.593+0000] {spark_submit.py:492} INFO - }, {
[2026-02-12T23:41:16.593+0000] {spark_submit.py:492} INFO - "name" : "language",
[2026-02-12T23:41:16.593+0000] {spark_submit.py:492} INFO - "type" : "string",
[2026-02-12T23:41:16.593+0000] {spark_submit.py:492} INFO - "nullable" : true,
[2026-02-12T23:41:16.593+0000] {spark_submit.py:492} INFO - "metadata" : { }
[2026-02-12T23:41:16.593+0000] {spark_submit.py:492} INFO - }, {
[2026-02-12T23:41:16.593+0000] {spark_submit.py:492} INFO - "name" : "tweet_text",
[2026-02-12T23:41:16.593+0000] {spark_submit.py:492} INFO - "type" : "string",
[2026-02-12T23:41:16.594+0000] {spark_submit.py:492} INFO - "nullable" : true,
[2026-02-12T23:41:16.594+0000] {spark_submit.py:492} INFO - "metadata" : { }
[2026-02-12T23:41:16.594+0000] {spark_submit.py:492} INFO - }, {
[2026-02-12T23:41:16.594+0000] {spark_submit.py:492} INFO - "name" : "likes",
[2026-02-12T23:41:16.594+0000] {spark_submit.py:492} INFO - "type" : "long",
[2026-02-12T23:41:16.594+0000] {spark_submit.py:492} INFO - "nullable" : true,
[2026-02-12T23:41:16.594+0000] {spark_submit.py:492} INFO - "metadata" : { }
[2026-02-12T23:41:16.594+0000] {spark_submit.py:492} INFO - }, {
[2026-02-12T23:41:16.594+0000] {spark_submit.py:492} INFO - "name" : "quotes",
[2026-02-12T23:41:16.594+0000] {spark_submit.py:492} INFO - "type" : "long",
[2026-02-12T23:41:16.595+0000] {spark_submit.py:492} INFO - "nullable" : true,
[2026-02-12T23:41:16.595+0000] {spark_submit.py:492} INFO - "metadata" : { }
[2026-02-12T23:41:16.595+0000] {spark_submit.py:492} INFO - }, {
[2026-02-12T23:41:16.595+0000] {spark_submit.py:492} INFO - "name" : "replies",
[2026-02-12T23:41:16.595+0000] {spark_submit.py:492} INFO - "type" : "long",
[2026-02-12T23:41:16.595+0000] {spark_submit.py:492} INFO - "nullable" : true,
[2026-02-12T23:41:16.595+0000] {spark_submit.py:492} INFO - "metadata" : { }
[2026-02-12T23:41:16.595+0000] {spark_submit.py:492} INFO - }, {
[2026-02-12T23:41:16.595+0000] {spark_submit.py:492} INFO - "name" : "retweets",
[2026-02-12T23:41:16.595+0000] {spark_submit.py:492} INFO - "type" : "long",
[2026-02-12T23:41:16.596+0000] {spark_submit.py:492} INFO - "nullable" : true,
[2026-02-12T23:41:16.596+0000] {spark_submit.py:492} INFO - "metadata" : { }
[2026-02-12T23:41:16.596+0000] {spark_submit.py:492} INFO - }, {
[2026-02-12T23:41:16.596+0000] {spark_submit.py:492} INFO - "name" : "processing_date",
[2026-02-12T23:41:16.596+0000] {spark_submit.py:492} INFO - "type" : "date",
[2026-02-12T23:41:16.596+0000] {spark_submit.py:492} INFO - "nullable" : false,
[2026-02-12T23:41:16.597+0000] {spark_submit.py:492} INFO - "metadata" : { }
[2026-02-12T23:41:16.597+0000] {spark_submit.py:492} INFO - } ]
[2026-02-12T23:41:16.597+0000] {spark_submit.py:492} INFO - }
[2026-02-12T23:41:16.597+0000] {spark_submit.py:492} INFO - and corresponding Parquet message type:
[2026-02-12T23:41:16.597+0000] {spark_submit.py:492} INFO - message spark_schema {
[2026-02-12T23:41:16.597+0000] {spark_submit.py:492} INFO - optional binary user_id (STRING);
[2026-02-12T23:41:16.597+0000] {spark_submit.py:492} INFO - optional binary thread_id (STRING);
[2026-02-12T23:41:16.597+0000] {spark_submit.py:492} INFO - optional binary created_at (STRING);
[2026-02-12T23:41:16.598+0000] {spark_submit.py:492} INFO - optional group edit_versions_ids (LIST) {
[2026-02-12T23:41:16.598+0000] {spark_submit.py:492} INFO - repeated group list {
[2026-02-12T23:41:16.598+0000] {spark_submit.py:492} INFO - optional int64 element;
[2026-02-12T23:41:16.598+0000] {spark_submit.py:492} INFO - }
[2026-02-12T23:41:16.598+0000] {spark_submit.py:492} INFO - }
[2026-02-12T23:41:16.598+0000] {spark_submit.py:492} INFO - optional binary tweet_id (STRING);
[2026-02-12T23:41:16.598+0000] {spark_submit.py:492} INFO - optional binary reply_to_user_id (STRING);
[2026-02-12T23:41:16.598+0000] {spark_submit.py:492} INFO - optional binary language (STRING);
[2026-02-12T23:41:16.598+0000] {spark_submit.py:492} INFO - optional binary tweet_text (STRING);
[2026-02-12T23:41:16.598+0000] {spark_submit.py:492} INFO - optional int64 likes;
[2026-02-12T23:41:16.598+0000] {spark_submit.py:492} INFO - optional int64 quotes;
[2026-02-12T23:41:16.598+0000] {spark_submit.py:492} INFO - optional int64 replies;
[2026-02-12T23:41:16.598+0000] {spark_submit.py:492} INFO - optional int64 retweets;
[2026-02-12T23:41:16.599+0000] {spark_submit.py:492} INFO - required int32 processing_date (DATE);
[2026-02-12T23:41:16.599+0000] {spark_submit.py:492} INFO - }
[2026-02-12T23:41:16.599+0000] {spark_submit.py:492} INFO - 
[2026-02-12T23:41:16.599+0000] {spark_submit.py:492} INFO - 
[2026-02-12T23:41:16.616+0000] {spark_submit.py:492} INFO - 26/02/12 23:41:16 INFO CodecConfig: Compression: SNAPPY
[2026-02-12T23:41:16.616+0000] {spark_submit.py:492} INFO - 26/02/12 23:41:16 INFO CodecConfig: Compression: SNAPPY
[2026-02-12T23:41:16.617+0000] {spark_submit.py:492} INFO - 26/02/12 23:41:16 INFO ParquetOutputFormat: ParquetRecordWriter [block size: 134217728b, row group padding size: 8388608b, validating: false]
[2026-02-12T23:41:16.618+0000] {spark_submit.py:492} INFO - 26/02/12 23:41:16 INFO ParquetWriteSupport: Initialized Parquet WriteSupport with Catalyst schema:
[2026-02-12T23:41:16.618+0000] {spark_submit.py:492} INFO - {
[2026-02-12T23:41:16.618+0000] {spark_submit.py:492} INFO - "type" : "struct",
[2026-02-12T23:41:16.619+0000] {spark_submit.py:492} INFO - "fields" : [ {
[2026-02-12T23:41:16.619+0000] {spark_submit.py:492} INFO - "name" : "user_id",
[2026-02-12T23:41:16.619+0000] {spark_submit.py:492} INFO - "type" : "string",
[2026-02-12T23:41:16.619+0000] {spark_submit.py:492} INFO - "nullable" : true,
[2026-02-12T23:41:16.619+0000] {spark_submit.py:492} INFO - "metadata" : { }
[2026-02-12T23:41:16.619+0000] {spark_submit.py:492} INFO - }, {
[2026-02-12T23:41:16.619+0000] {spark_submit.py:492} INFO - "name" : "thread_id",
[2026-02-12T23:41:16.619+0000] {spark_submit.py:492} INFO - "type" : "string",
[2026-02-12T23:41:16.619+0000] {spark_submit.py:492} INFO - "nullable" : true,
[2026-02-12T23:41:16.619+0000] {spark_submit.py:492} INFO - "metadata" : { }
[2026-02-12T23:41:16.619+0000] {spark_submit.py:492} INFO - }, {
[2026-02-12T23:41:16.620+0000] {spark_submit.py:492} INFO - "name" : "created_at",
[2026-02-12T23:41:16.620+0000] {spark_submit.py:492} INFO - "type" : "string",
[2026-02-12T23:41:16.620+0000] {spark_submit.py:492} INFO - "nullable" : true,
[2026-02-12T23:41:16.620+0000] {spark_submit.py:492} INFO - "metadata" : { }
[2026-02-12T23:41:16.620+0000] {spark_submit.py:492} INFO - }, {
[2026-02-12T23:41:16.620+0000] {spark_submit.py:492} INFO - "name" : "edit_versions_ids",
[2026-02-12T23:41:16.620+0000] {spark_submit.py:492} INFO - "type" : {
[2026-02-12T23:41:16.620+0000] {spark_submit.py:492} INFO - "type" : "array",
[2026-02-12T23:41:16.620+0000] {spark_submit.py:492} INFO - "elementType" : "long",
[2026-02-12T23:41:16.621+0000] {spark_submit.py:492} INFO - "containsNull" : true
[2026-02-12T23:41:16.621+0000] {spark_submit.py:492} INFO - },
[2026-02-12T23:41:16.621+0000] {spark_submit.py:492} INFO - "nullable" : true,
[2026-02-12T23:41:16.621+0000] {spark_submit.py:492} INFO - "metadata" : { }
[2026-02-12T23:41:16.621+0000] {spark_submit.py:492} INFO - }, {
[2026-02-12T23:41:16.621+0000] {spark_submit.py:492} INFO - "name" : "tweet_id",
[2026-02-12T23:41:16.621+0000] {spark_submit.py:492} INFO - "type" : "string",
[2026-02-12T23:41:16.621+0000] {spark_submit.py:492} INFO - "nullable" : true,
[2026-02-12T23:41:16.621+0000] {spark_submit.py:492} INFO - "metadata" : { }
[2026-02-12T23:41:16.621+0000] {spark_submit.py:492} INFO - }, {
[2026-02-12T23:41:16.621+0000] {spark_submit.py:492} INFO - "name" : "reply_to_user_id",
[2026-02-12T23:41:16.621+0000] {spark_submit.py:492} INFO - "type" : "string",
[2026-02-12T23:41:16.622+0000] {spark_submit.py:492} INFO - "nullable" : true,
[2026-02-12T23:41:16.622+0000] {spark_submit.py:492} INFO - "metadata" : { }
[2026-02-12T23:41:16.622+0000] {spark_submit.py:492} INFO - }, {
[2026-02-12T23:41:16.622+0000] {spark_submit.py:492} INFO - "name" : "language",
[2026-02-12T23:41:16.622+0000] {spark_submit.py:492} INFO - "type" : "string",
[2026-02-12T23:41:16.622+0000] {spark_submit.py:492} INFO - "nullable" : true,
[2026-02-12T23:41:16.622+0000] {spark_submit.py:492} INFO - "metadata" : { }
[2026-02-12T23:41:16.622+0000] {spark_submit.py:492} INFO - }, {
[2026-02-12T23:41:16.623+0000] {spark_submit.py:492} INFO - "name" : "tweet_text",
[2026-02-12T23:41:16.623+0000] {spark_submit.py:492} INFO - "type" : "string",
[2026-02-12T23:41:16.623+0000] {spark_submit.py:492} INFO - "nullable" : true,
[2026-02-12T23:41:16.623+0000] {spark_submit.py:492} INFO - "metadata" : { }
[2026-02-12T23:41:16.623+0000] {spark_submit.py:492} INFO - }, {
[2026-02-12T23:41:16.623+0000] {spark_submit.py:492} INFO - "name" : "likes",
[2026-02-12T23:41:16.623+0000] {spark_submit.py:492} INFO - "type" : "long",
[2026-02-12T23:41:16.623+0000] {spark_submit.py:492} INFO - "nullable" : true,
[2026-02-12T23:41:16.623+0000] {spark_submit.py:492} INFO - "metadata" : { }
[2026-02-12T23:41:16.624+0000] {spark_submit.py:492} INFO - }, {
[2026-02-12T23:41:16.624+0000] {spark_submit.py:492} INFO - "name" : "quotes",
[2026-02-12T23:41:16.624+0000] {spark_submit.py:492} INFO - "type" : "long",
[2026-02-12T23:41:16.624+0000] {spark_submit.py:492} INFO - "nullable" : true,
[2026-02-12T23:41:16.624+0000] {spark_submit.py:492} INFO - "metadata" : { }
[2026-02-12T23:41:16.624+0000] {spark_submit.py:492} INFO - }, {
[2026-02-12T23:41:16.624+0000] {spark_submit.py:492} INFO - "name" : "replies",
[2026-02-12T23:41:16.624+0000] {spark_submit.py:492} INFO - "type" : "long",
[2026-02-12T23:41:16.624+0000] {spark_submit.py:492} INFO - "nullable" : true,
[2026-02-12T23:41:16.625+0000] {spark_submit.py:492} INFO - "metadata" : { }
[2026-02-12T23:41:16.625+0000] {spark_submit.py:492} INFO - }, {
[2026-02-12T23:41:16.625+0000] {spark_submit.py:492} INFO - "name" : "retweets",
[2026-02-12T23:41:16.625+0000] {spark_submit.py:492} INFO - "type" : "long",
[2026-02-12T23:41:16.625+0000] {spark_submit.py:492} INFO - "nullable" : true,
[2026-02-12T23:41:16.625+0000] {spark_submit.py:492} INFO - "metadata" : { }
[2026-02-12T23:41:16.625+0000] {spark_submit.py:492} INFO - }, {
[2026-02-12T23:41:16.625+0000] {spark_submit.py:492} INFO - "name" : "processing_date",
[2026-02-12T23:41:16.625+0000] {spark_submit.py:492} INFO - "type" : "date",
[2026-02-12T23:41:16.625+0000] {spark_submit.py:492} INFO - "nullable" : false,
[2026-02-12T23:41:16.625+0000] {spark_submit.py:492} INFO - "metadata" : { }
[2026-02-12T23:41:16.625+0000] {spark_submit.py:492} INFO - } ]
[2026-02-12T23:41:16.626+0000] {spark_submit.py:492} INFO - }
[2026-02-12T23:41:16.626+0000] {spark_submit.py:492} INFO - and corresponding Parquet message type:
[2026-02-12T23:41:16.626+0000] {spark_submit.py:492} INFO - message spark_schema {
[2026-02-12T23:41:16.626+0000] {spark_submit.py:492} INFO - optional binary user_id (STRING);
[2026-02-12T23:41:16.626+0000] {spark_submit.py:492} INFO - optional binary thread_id (STRING);
[2026-02-12T23:41:16.626+0000] {spark_submit.py:492} INFO - optional binary created_at (STRING);
[2026-02-12T23:41:16.626+0000] {spark_submit.py:492} INFO - optional group edit_versions_ids (LIST) {
[2026-02-12T23:41:16.626+0000] {spark_submit.py:492} INFO - repeated group list {
[2026-02-12T23:41:16.626+0000] {spark_submit.py:492} INFO - optional int64 element;
[2026-02-12T23:41:16.626+0000] {spark_submit.py:492} INFO - }
[2026-02-12T23:41:16.626+0000] {spark_submit.py:492} INFO - }
[2026-02-12T23:41:16.626+0000] {spark_submit.py:492} INFO - optional binary tweet_id (STRING);
[2026-02-12T23:41:16.627+0000] {spark_submit.py:492} INFO - optional binary reply_to_user_id (STRING);
[2026-02-12T23:41:16.627+0000] {spark_submit.py:492} INFO - optional binary language (STRING);
[2026-02-12T23:41:16.627+0000] {spark_submit.py:492} INFO - optional binary tweet_text (STRING);
[2026-02-12T23:41:16.627+0000] {spark_submit.py:492} INFO - optional int64 likes;
[2026-02-12T23:41:16.627+0000] {spark_submit.py:492} INFO - optional int64 quotes;
[2026-02-12T23:41:16.627+0000] {spark_submit.py:492} INFO - optional int64 replies;
[2026-02-12T23:41:16.627+0000] {spark_submit.py:492} INFO - optional int64 retweets;
[2026-02-12T23:41:16.627+0000] {spark_submit.py:492} INFO - required int32 processing_date (DATE);
[2026-02-12T23:41:16.627+0000] {spark_submit.py:492} INFO - }
[2026-02-12T23:41:16.628+0000] {spark_submit.py:492} INFO - 
[2026-02-12T23:41:16.628+0000] {spark_submit.py:492} INFO - 
[2026-02-12T23:41:16.644+0000] {spark_submit.py:492} INFO - 26/02/12 23:41:16 INFO CodecConfig: Compression: SNAPPY
[2026-02-12T23:41:16.644+0000] {spark_submit.py:492} INFO - 26/02/12 23:41:16 INFO CodecConfig: Compression: SNAPPY
[2026-02-12T23:41:16.645+0000] {spark_submit.py:492} INFO - 26/02/12 23:41:16 INFO ParquetOutputFormat: ParquetRecordWriter [block size: 134217728b, row group padding size: 8388608b, validating: false]
[2026-02-12T23:41:16.647+0000] {spark_submit.py:492} INFO - 26/02/12 23:41:16 INFO ParquetWriteSupport: Initialized Parquet WriteSupport with Catalyst schema:
[2026-02-12T23:41:16.647+0000] {spark_submit.py:492} INFO - {
[2026-02-12T23:41:16.647+0000] {spark_submit.py:492} INFO - "type" : "struct",
[2026-02-12T23:41:16.648+0000] {spark_submit.py:492} INFO - "fields" : [ {
[2026-02-12T23:41:16.648+0000] {spark_submit.py:492} INFO - "name" : "user_id",
[2026-02-12T23:41:16.648+0000] {spark_submit.py:492} INFO - "type" : "string",
[2026-02-12T23:41:16.648+0000] {spark_submit.py:492} INFO - "nullable" : true,
[2026-02-12T23:41:16.648+0000] {spark_submit.py:492} INFO - "metadata" : { }
[2026-02-12T23:41:16.648+0000] {spark_submit.py:492} INFO - }, {
[2026-02-12T23:41:16.648+0000] {spark_submit.py:492} INFO - "name" : "thread_id",
[2026-02-12T23:41:16.648+0000] {spark_submit.py:492} INFO - "type" : "string",
[2026-02-12T23:41:16.648+0000] {spark_submit.py:492} INFO - "nullable" : true,
[2026-02-12T23:41:16.648+0000] {spark_submit.py:492} INFO - "metadata" : { }
[2026-02-12T23:41:16.649+0000] {spark_submit.py:492} INFO - }, {
[2026-02-12T23:41:16.649+0000] {spark_submit.py:492} INFO - "name" : "created_at",
[2026-02-12T23:41:16.649+0000] {spark_submit.py:492} INFO - "type" : "string",
[2026-02-12T23:41:16.649+0000] {spark_submit.py:492} INFO - "nullable" : true,
[2026-02-12T23:41:16.649+0000] {spark_submit.py:492} INFO - "metadata" : { }
[2026-02-12T23:41:16.649+0000] {spark_submit.py:492} INFO - }, {
[2026-02-12T23:41:16.650+0000] {spark_submit.py:492} INFO - "name" : "edit_versions_ids",
[2026-02-12T23:41:16.650+0000] {spark_submit.py:492} INFO - "type" : {
[2026-02-12T23:41:16.650+0000] {spark_submit.py:492} INFO - "type" : "array",
[2026-02-12T23:41:16.650+0000] {spark_submit.py:492} INFO - "elementType" : "long",
[2026-02-12T23:41:16.650+0000] {spark_submit.py:492} INFO - "containsNull" : true
[2026-02-12T23:41:16.650+0000] {spark_submit.py:492} INFO - },
[2026-02-12T23:41:16.650+0000] {spark_submit.py:492} INFO - "nullable" : true,
[2026-02-12T23:41:16.650+0000] {spark_submit.py:492} INFO - "metadata" : { }
[2026-02-12T23:41:16.651+0000] {spark_submit.py:492} INFO - }, {
[2026-02-12T23:41:16.651+0000] {spark_submit.py:492} INFO - "name" : "tweet_id",
[2026-02-12T23:41:16.651+0000] {spark_submit.py:492} INFO - "type" : "string",
[2026-02-12T23:41:16.651+0000] {spark_submit.py:492} INFO - "nullable" : true,
[2026-02-12T23:41:16.651+0000] {spark_submit.py:492} INFO - "metadata" : { }
[2026-02-12T23:41:16.651+0000] {spark_submit.py:492} INFO - }, {
[2026-02-12T23:41:16.651+0000] {spark_submit.py:492} INFO - "name" : "reply_to_user_id",
[2026-02-12T23:41:16.651+0000] {spark_submit.py:492} INFO - "type" : "string",
[2026-02-12T23:41:16.651+0000] {spark_submit.py:492} INFO - "nullable" : true,
[2026-02-12T23:41:16.651+0000] {spark_submit.py:492} INFO - "metadata" : { }
[2026-02-12T23:41:16.651+0000] {spark_submit.py:492} INFO - }, {
[2026-02-12T23:41:16.651+0000] {spark_submit.py:492} INFO - "name" : "language",
[2026-02-12T23:41:16.651+0000] {spark_submit.py:492} INFO - "type" : "string",
[2026-02-12T23:41:16.652+0000] {spark_submit.py:492} INFO - "nullable" : true,
[2026-02-12T23:41:16.652+0000] {spark_submit.py:492} INFO - "metadata" : { }
[2026-02-12T23:41:16.652+0000] {spark_submit.py:492} INFO - }, {
[2026-02-12T23:41:16.652+0000] {spark_submit.py:492} INFO - "name" : "tweet_text",
[2026-02-12T23:41:16.652+0000] {spark_submit.py:492} INFO - "type" : "string",
[2026-02-12T23:41:16.652+0000] {spark_submit.py:492} INFO - "nullable" : true,
[2026-02-12T23:41:16.652+0000] {spark_submit.py:492} INFO - "metadata" : { }
[2026-02-12T23:41:16.652+0000] {spark_submit.py:492} INFO - }, {
[2026-02-12T23:41:16.652+0000] {spark_submit.py:492} INFO - "name" : "likes",
[2026-02-12T23:41:16.652+0000] {spark_submit.py:492} INFO - "type" : "long",
[2026-02-12T23:41:16.652+0000] {spark_submit.py:492} INFO - "nullable" : true,
[2026-02-12T23:41:16.653+0000] {spark_submit.py:492} INFO - "metadata" : { }
[2026-02-12T23:41:16.653+0000] {spark_submit.py:492} INFO - }, {
[2026-02-12T23:41:16.653+0000] {spark_submit.py:492} INFO - "name" : "quotes",
[2026-02-12T23:41:16.653+0000] {spark_submit.py:492} INFO - "type" : "long",
[2026-02-12T23:41:16.653+0000] {spark_submit.py:492} INFO - "nullable" : true,
[2026-02-12T23:41:16.653+0000] {spark_submit.py:492} INFO - "metadata" : { }
[2026-02-12T23:41:16.653+0000] {spark_submit.py:492} INFO - }, {
[2026-02-12T23:41:16.653+0000] {spark_submit.py:492} INFO - "name" : "replies",
[2026-02-12T23:41:16.653+0000] {spark_submit.py:492} INFO - "type" : "long",
[2026-02-12T23:41:16.653+0000] {spark_submit.py:492} INFO - "nullable" : true,
[2026-02-12T23:41:16.653+0000] {spark_submit.py:492} INFO - "metadata" : { }
[2026-02-12T23:41:16.653+0000] {spark_submit.py:492} INFO - }, {
[2026-02-12T23:41:16.653+0000] {spark_submit.py:492} INFO - "name" : "retweets",
[2026-02-12T23:41:16.653+0000] {spark_submit.py:492} INFO - "type" : "long",
[2026-02-12T23:41:16.654+0000] {spark_submit.py:492} INFO - "nullable" : true,
[2026-02-12T23:41:16.654+0000] {spark_submit.py:492} INFO - "metadata" : { }
[2026-02-12T23:41:16.654+0000] {spark_submit.py:492} INFO - }, {
[2026-02-12T23:41:16.654+0000] {spark_submit.py:492} INFO - "name" : "processing_date",
[2026-02-12T23:41:16.654+0000] {spark_submit.py:492} INFO - "type" : "date",
[2026-02-12T23:41:16.654+0000] {spark_submit.py:492} INFO - "nullable" : false,
[2026-02-12T23:41:16.654+0000] {spark_submit.py:492} INFO - "metadata" : { }
[2026-02-12T23:41:16.654+0000] {spark_submit.py:492} INFO - } ]
[2026-02-12T23:41:16.654+0000] {spark_submit.py:492} INFO - }
[2026-02-12T23:41:16.654+0000] {spark_submit.py:492} INFO - and corresponding Parquet message type:
[2026-02-12T23:41:16.654+0000] {spark_submit.py:492} INFO - message spark_schema {
[2026-02-12T23:41:16.654+0000] {spark_submit.py:492} INFO - optional binary user_id (STRING);
[2026-02-12T23:41:16.654+0000] {spark_submit.py:492} INFO - optional binary thread_id (STRING);
[2026-02-12T23:41:16.654+0000] {spark_submit.py:492} INFO - optional binary created_at (STRING);
[2026-02-12T23:41:16.655+0000] {spark_submit.py:492} INFO - optional group edit_versions_ids (LIST) {
[2026-02-12T23:41:16.655+0000] {spark_submit.py:492} INFO - repeated group list {
[2026-02-12T23:41:16.655+0000] {spark_submit.py:492} INFO - optional int64 element;
[2026-02-12T23:41:16.655+0000] {spark_submit.py:492} INFO - }
[2026-02-12T23:41:16.655+0000] {spark_submit.py:492} INFO - }
[2026-02-12T23:41:16.655+0000] {spark_submit.py:492} INFO - optional binary tweet_id (STRING);
[2026-02-12T23:41:16.655+0000] {spark_submit.py:492} INFO - optional binary reply_to_user_id (STRING);
[2026-02-12T23:41:16.655+0000] {spark_submit.py:492} INFO - optional binary language (STRING);
[2026-02-12T23:41:16.655+0000] {spark_submit.py:492} INFO - optional binary tweet_text (STRING);
[2026-02-12T23:41:16.655+0000] {spark_submit.py:492} INFO - optional int64 likes;
[2026-02-12T23:41:16.655+0000] {spark_submit.py:492} INFO - optional int64 quotes;
[2026-02-12T23:41:16.655+0000] {spark_submit.py:492} INFO - optional int64 replies;
[2026-02-12T23:41:16.655+0000] {spark_submit.py:492} INFO - optional int64 retweets;
[2026-02-12T23:41:16.656+0000] {spark_submit.py:492} INFO - required int32 processing_date (DATE);
[2026-02-12T23:41:16.656+0000] {spark_submit.py:492} INFO - }
[2026-02-12T23:41:16.656+0000] {spark_submit.py:492} INFO - 
[2026-02-12T23:41:16.656+0000] {spark_submit.py:492} INFO - 
[2026-02-12T23:41:16.671+0000] {spark_submit.py:492} INFO - 26/02/12 23:41:16 INFO CodecConfig: Compression: SNAPPY
[2026-02-12T23:41:16.671+0000] {spark_submit.py:492} INFO - 26/02/12 23:41:16 INFO CodecConfig: Compression: SNAPPY
[2026-02-12T23:41:16.672+0000] {spark_submit.py:492} INFO - 26/02/12 23:41:16 INFO ParquetOutputFormat: ParquetRecordWriter [block size: 134217728b, row group padding size: 8388608b, validating: false]
[2026-02-12T23:41:16.673+0000] {spark_submit.py:492} INFO - 26/02/12 23:41:16 INFO ParquetWriteSupport: Initialized Parquet WriteSupport with Catalyst schema:
[2026-02-12T23:41:16.673+0000] {spark_submit.py:492} INFO - {
[2026-02-12T23:41:16.674+0000] {spark_submit.py:492} INFO - "type" : "struct",
[2026-02-12T23:41:16.674+0000] {spark_submit.py:492} INFO - "fields" : [ {
[2026-02-12T23:41:16.674+0000] {spark_submit.py:492} INFO - "name" : "user_id",
[2026-02-12T23:41:16.674+0000] {spark_submit.py:492} INFO - "type" : "string",
[2026-02-12T23:41:16.674+0000] {spark_submit.py:492} INFO - "nullable" : true,
[2026-02-12T23:41:16.674+0000] {spark_submit.py:492} INFO - "metadata" : { }
[2026-02-12T23:41:16.674+0000] {spark_submit.py:492} INFO - }, {
[2026-02-12T23:41:16.674+0000] {spark_submit.py:492} INFO - "name" : "thread_id",
[2026-02-12T23:41:16.674+0000] {spark_submit.py:492} INFO - "type" : "string",
[2026-02-12T23:41:16.674+0000] {spark_submit.py:492} INFO - "nullable" : true,
[2026-02-12T23:41:16.674+0000] {spark_submit.py:492} INFO - "metadata" : { }
[2026-02-12T23:41:16.675+0000] {spark_submit.py:492} INFO - }, {
[2026-02-12T23:41:16.675+0000] {spark_submit.py:492} INFO - "name" : "created_at",
[2026-02-12T23:41:16.675+0000] {spark_submit.py:492} INFO - "type" : "string",
[2026-02-12T23:41:16.675+0000] {spark_submit.py:492} INFO - "nullable" : true,
[2026-02-12T23:41:16.675+0000] {spark_submit.py:492} INFO - "metadata" : { }
[2026-02-12T23:41:16.675+0000] {spark_submit.py:492} INFO - }, {
[2026-02-12T23:41:16.675+0000] {spark_submit.py:492} INFO - "name" : "edit_versions_ids",
[2026-02-12T23:41:16.675+0000] {spark_submit.py:492} INFO - "type" : {
[2026-02-12T23:41:16.675+0000] {spark_submit.py:492} INFO - "type" : "array",
[2026-02-12T23:41:16.675+0000] {spark_submit.py:492} INFO - "elementType" : "long",
[2026-02-12T23:41:16.675+0000] {spark_submit.py:492} INFO - "containsNull" : true
[2026-02-12T23:41:16.675+0000] {spark_submit.py:492} INFO - },
[2026-02-12T23:41:16.675+0000] {spark_submit.py:492} INFO - "nullable" : true,
[2026-02-12T23:41:16.676+0000] {spark_submit.py:492} INFO - "metadata" : { }
[2026-02-12T23:41:16.676+0000] {spark_submit.py:492} INFO - }, {
[2026-02-12T23:41:16.676+0000] {spark_submit.py:492} INFO - "name" : "tweet_id",
[2026-02-12T23:41:16.676+0000] {spark_submit.py:492} INFO - "type" : "string",
[2026-02-12T23:41:16.676+0000] {spark_submit.py:492} INFO - "nullable" : true,
[2026-02-12T23:41:16.676+0000] {spark_submit.py:492} INFO - "metadata" : { }
[2026-02-12T23:41:16.676+0000] {spark_submit.py:492} INFO - }, {
[2026-02-12T23:41:16.676+0000] {spark_submit.py:492} INFO - "name" : "reply_to_user_id",
[2026-02-12T23:41:16.676+0000] {spark_submit.py:492} INFO - "type" : "string",
[2026-02-12T23:41:16.676+0000] {spark_submit.py:492} INFO - "nullable" : true,
[2026-02-12T23:41:16.676+0000] {spark_submit.py:492} INFO - "metadata" : { }
[2026-02-12T23:41:16.676+0000] {spark_submit.py:492} INFO - }, {
[2026-02-12T23:41:16.677+0000] {spark_submit.py:492} INFO - "name" : "language",
[2026-02-12T23:41:16.677+0000] {spark_submit.py:492} INFO - "type" : "string",
[2026-02-12T23:41:16.677+0000] {spark_submit.py:492} INFO - "nullable" : true,
[2026-02-12T23:41:16.677+0000] {spark_submit.py:492} INFO - "metadata" : { }
[2026-02-12T23:41:16.677+0000] {spark_submit.py:492} INFO - }, {
[2026-02-12T23:41:16.677+0000] {spark_submit.py:492} INFO - "name" : "tweet_text",
[2026-02-12T23:41:16.677+0000] {spark_submit.py:492} INFO - "type" : "string",
[2026-02-12T23:41:16.677+0000] {spark_submit.py:492} INFO - "nullable" : true,
[2026-02-12T23:41:16.677+0000] {spark_submit.py:492} INFO - "metadata" : { }
[2026-02-12T23:41:16.677+0000] {spark_submit.py:492} INFO - }, {
[2026-02-12T23:41:16.677+0000] {spark_submit.py:492} INFO - "name" : "likes",
[2026-02-12T23:41:16.678+0000] {spark_submit.py:492} INFO - "type" : "long",
[2026-02-12T23:41:16.678+0000] {spark_submit.py:492} INFO - "nullable" : true,
[2026-02-12T23:41:16.678+0000] {spark_submit.py:492} INFO - "metadata" : { }
[2026-02-12T23:41:16.678+0000] {spark_submit.py:492} INFO - }, {
[2026-02-12T23:41:16.678+0000] {spark_submit.py:492} INFO - "name" : "quotes",
[2026-02-12T23:41:16.678+0000] {spark_submit.py:492} INFO - "type" : "long",
[2026-02-12T23:41:16.678+0000] {spark_submit.py:492} INFO - "nullable" : true,
[2026-02-12T23:41:16.678+0000] {spark_submit.py:492} INFO - "metadata" : { }
[2026-02-12T23:41:16.678+0000] {spark_submit.py:492} INFO - }, {
[2026-02-12T23:41:16.678+0000] {spark_submit.py:492} INFO - "name" : "replies",
[2026-02-12T23:41:16.678+0000] {spark_submit.py:492} INFO - "type" : "long",
[2026-02-12T23:41:16.678+0000] {spark_submit.py:492} INFO - "nullable" : true,
[2026-02-12T23:41:16.678+0000] {spark_submit.py:492} INFO - "metadata" : { }
[2026-02-12T23:41:16.678+0000] {spark_submit.py:492} INFO - }, {
[2026-02-12T23:41:16.679+0000] {spark_submit.py:492} INFO - "name" : "retweets",
[2026-02-12T23:41:16.679+0000] {spark_submit.py:492} INFO - "type" : "long",
[2026-02-12T23:41:16.679+0000] {spark_submit.py:492} INFO - "nullable" : true,
[2026-02-12T23:41:16.679+0000] {spark_submit.py:492} INFO - "metadata" : { }
[2026-02-12T23:41:16.679+0000] {spark_submit.py:492} INFO - }, {
[2026-02-12T23:41:16.679+0000] {spark_submit.py:492} INFO - "name" : "processing_date",
[2026-02-12T23:41:16.679+0000] {spark_submit.py:492} INFO - "type" : "date",
[2026-02-12T23:41:16.679+0000] {spark_submit.py:492} INFO - "nullable" : false,
[2026-02-12T23:41:16.679+0000] {spark_submit.py:492} INFO - "metadata" : { }
[2026-02-12T23:41:16.679+0000] {spark_submit.py:492} INFO - } ]
[2026-02-12T23:41:16.679+0000] {spark_submit.py:492} INFO - }
[2026-02-12T23:41:16.679+0000] {spark_submit.py:492} INFO - and corresponding Parquet message type:
[2026-02-12T23:41:16.680+0000] {spark_submit.py:492} INFO - message spark_schema {
[2026-02-12T23:41:16.680+0000] {spark_submit.py:492} INFO - optional binary user_id (STRING);
[2026-02-12T23:41:16.680+0000] {spark_submit.py:492} INFO - optional binary thread_id (STRING);
[2026-02-12T23:41:16.680+0000] {spark_submit.py:492} INFO - optional binary created_at (STRING);
[2026-02-12T23:41:16.680+0000] {spark_submit.py:492} INFO - optional group edit_versions_ids (LIST) {
[2026-02-12T23:41:16.680+0000] {spark_submit.py:492} INFO - repeated group list {
[2026-02-12T23:41:16.680+0000] {spark_submit.py:492} INFO - optional int64 element;
[2026-02-12T23:41:16.680+0000] {spark_submit.py:492} INFO - }
[2026-02-12T23:41:16.680+0000] {spark_submit.py:492} INFO - }
[2026-02-12T23:41:16.680+0000] {spark_submit.py:492} INFO - optional binary tweet_id (STRING);
[2026-02-12T23:41:16.680+0000] {spark_submit.py:492} INFO - optional binary reply_to_user_id (STRING);
[2026-02-12T23:41:16.681+0000] {spark_submit.py:492} INFO - optional binary language (STRING);
[2026-02-12T23:41:16.681+0000] {spark_submit.py:492} INFO - optional binary tweet_text (STRING);
[2026-02-12T23:41:16.681+0000] {spark_submit.py:492} INFO - optional int64 likes;
[2026-02-12T23:41:16.681+0000] {spark_submit.py:492} INFO - optional int64 quotes;
[2026-02-12T23:41:16.681+0000] {spark_submit.py:492} INFO - optional int64 replies;
[2026-02-12T23:41:16.681+0000] {spark_submit.py:492} INFO - optional int64 retweets;
[2026-02-12T23:41:16.681+0000] {spark_submit.py:492} INFO - required int32 processing_date (DATE);
[2026-02-12T23:41:16.681+0000] {spark_submit.py:492} INFO - }
[2026-02-12T23:41:16.681+0000] {spark_submit.py:492} INFO - 
[2026-02-12T23:41:16.681+0000] {spark_submit.py:492} INFO - 
[2026-02-12T23:41:16.693+0000] {spark_submit.py:492} INFO - 26/02/12 23:41:16 INFO CodecConfig: Compression: SNAPPY
[2026-02-12T23:41:16.693+0000] {spark_submit.py:492} INFO - 26/02/12 23:41:16 INFO CodecConfig: Compression: SNAPPY
[2026-02-12T23:41:16.694+0000] {spark_submit.py:492} INFO - 26/02/12 23:41:16 INFO ParquetOutputFormat: ParquetRecordWriter [block size: 134217728b, row group padding size: 8388608b, validating: false]
[2026-02-12T23:41:16.696+0000] {spark_submit.py:492} INFO - 26/02/12 23:41:16 INFO ParquetWriteSupport: Initialized Parquet WriteSupport with Catalyst schema:
[2026-02-12T23:41:16.696+0000] {spark_submit.py:492} INFO - {
[2026-02-12T23:41:16.696+0000] {spark_submit.py:492} INFO - "type" : "struct",
[2026-02-12T23:41:16.696+0000] {spark_submit.py:492} INFO - "fields" : [ {
[2026-02-12T23:41:16.696+0000] {spark_submit.py:492} INFO - "name" : "user_id",
[2026-02-12T23:41:16.696+0000] {spark_submit.py:492} INFO - "type" : "string",
[2026-02-12T23:41:16.696+0000] {spark_submit.py:492} INFO - "nullable" : true,
[2026-02-12T23:41:16.697+0000] {spark_submit.py:492} INFO - "metadata" : { }
[2026-02-12T23:41:16.697+0000] {spark_submit.py:492} INFO - }, {
[2026-02-12T23:41:16.697+0000] {spark_submit.py:492} INFO - "name" : "thread_id",
[2026-02-12T23:41:16.697+0000] {spark_submit.py:492} INFO - "type" : "string",
[2026-02-12T23:41:16.697+0000] {spark_submit.py:492} INFO - "nullable" : true,
[2026-02-12T23:41:16.697+0000] {spark_submit.py:492} INFO - "metadata" : { }
[2026-02-12T23:41:16.697+0000] {spark_submit.py:492} INFO - }, {
[2026-02-12T23:41:16.697+0000] {spark_submit.py:492} INFO - "name" : "created_at",
[2026-02-12T23:41:16.697+0000] {spark_submit.py:492} INFO - "type" : "string",
[2026-02-12T23:41:16.697+0000] {spark_submit.py:492} INFO - "nullable" : true,
[2026-02-12T23:41:16.698+0000] {spark_submit.py:492} INFO - "metadata" : { }
[2026-02-12T23:41:16.698+0000] {spark_submit.py:492} INFO - }, {
[2026-02-12T23:41:16.698+0000] {spark_submit.py:492} INFO - "name" : "edit_versions_ids",
[2026-02-12T23:41:16.698+0000] {spark_submit.py:492} INFO - "type" : {
[2026-02-12T23:41:16.698+0000] {spark_submit.py:492} INFO - "type" : "array",
[2026-02-12T23:41:16.698+0000] {spark_submit.py:492} INFO - "elementType" : "long",
[2026-02-12T23:41:16.698+0000] {spark_submit.py:492} INFO - "containsNull" : true
[2026-02-12T23:41:16.698+0000] {spark_submit.py:492} INFO - },
[2026-02-12T23:41:16.698+0000] {spark_submit.py:492} INFO - "nullable" : true,
[2026-02-12T23:41:16.699+0000] {spark_submit.py:492} INFO - "metadata" : { }
[2026-02-12T23:41:16.699+0000] {spark_submit.py:492} INFO - }, {
[2026-02-12T23:41:16.699+0000] {spark_submit.py:492} INFO - "name" : "tweet_id",
[2026-02-12T23:41:16.699+0000] {spark_submit.py:492} INFO - "type" : "string",
[2026-02-12T23:41:16.699+0000] {spark_submit.py:492} INFO - "nullable" : true,
[2026-02-12T23:41:16.699+0000] {spark_submit.py:492} INFO - "metadata" : { }
[2026-02-12T23:41:16.699+0000] {spark_submit.py:492} INFO - }, {
[2026-02-12T23:41:16.699+0000] {spark_submit.py:492} INFO - "name" : "reply_to_user_id",
[2026-02-12T23:41:16.699+0000] {spark_submit.py:492} INFO - "type" : "string",
[2026-02-12T23:41:16.699+0000] {spark_submit.py:492} INFO - "nullable" : true,
[2026-02-12T23:41:16.699+0000] {spark_submit.py:492} INFO - "metadata" : { }
[2026-02-12T23:41:16.700+0000] {spark_submit.py:492} INFO - }, {
[2026-02-12T23:41:16.700+0000] {spark_submit.py:492} INFO - "name" : "language",
[2026-02-12T23:41:16.700+0000] {spark_submit.py:492} INFO - "type" : "string",
[2026-02-12T23:41:16.700+0000] {spark_submit.py:492} INFO - "nullable" : true,
[2026-02-12T23:41:16.700+0000] {spark_submit.py:492} INFO - "metadata" : { }
[2026-02-12T23:41:16.700+0000] {spark_submit.py:492} INFO - }, {
[2026-02-12T23:41:16.700+0000] {spark_submit.py:492} INFO - "name" : "tweet_text",
[2026-02-12T23:41:16.700+0000] {spark_submit.py:492} INFO - "type" : "string",
[2026-02-12T23:41:16.700+0000] {spark_submit.py:492} INFO - "nullable" : true,
[2026-02-12T23:41:16.700+0000] {spark_submit.py:492} INFO - "metadata" : { }
[2026-02-12T23:41:16.700+0000] {spark_submit.py:492} INFO - }, {
[2026-02-12T23:41:16.700+0000] {spark_submit.py:492} INFO - "name" : "likes",
[2026-02-12T23:41:16.701+0000] {spark_submit.py:492} INFO - "type" : "long",
[2026-02-12T23:41:16.701+0000] {spark_submit.py:492} INFO - "nullable" : true,
[2026-02-12T23:41:16.701+0000] {spark_submit.py:492} INFO - "metadata" : { }
[2026-02-12T23:41:16.701+0000] {spark_submit.py:492} INFO - }, {
[2026-02-12T23:41:16.701+0000] {spark_submit.py:492} INFO - "name" : "quotes",
[2026-02-12T23:41:16.701+0000] {spark_submit.py:492} INFO - "type" : "long",
[2026-02-12T23:41:16.701+0000] {spark_submit.py:492} INFO - "nullable" : true,
[2026-02-12T23:41:16.701+0000] {spark_submit.py:492} INFO - "metadata" : { }
[2026-02-12T23:41:16.701+0000] {spark_submit.py:492} INFO - }, {
[2026-02-12T23:41:16.701+0000] {spark_submit.py:492} INFO - "name" : "replies",
[2026-02-12T23:41:16.701+0000] {spark_submit.py:492} INFO - "type" : "long",
[2026-02-12T23:41:16.702+0000] {spark_submit.py:492} INFO - "nullable" : true,
[2026-02-12T23:41:16.702+0000] {spark_submit.py:492} INFO - "metadata" : { }
[2026-02-12T23:41:16.702+0000] {spark_submit.py:492} INFO - }, {
[2026-02-12T23:41:16.702+0000] {spark_submit.py:492} INFO - "name" : "retweets",
[2026-02-12T23:41:16.702+0000] {spark_submit.py:492} INFO - "type" : "long",
[2026-02-12T23:41:16.702+0000] {spark_submit.py:492} INFO - "nullable" : true,
[2026-02-12T23:41:16.702+0000] {spark_submit.py:492} INFO - "metadata" : { }
[2026-02-12T23:41:16.702+0000] {spark_submit.py:492} INFO - }, {
[2026-02-12T23:41:16.702+0000] {spark_submit.py:492} INFO - "name" : "processing_date",
[2026-02-12T23:41:16.702+0000] {spark_submit.py:492} INFO - "type" : "date",
[2026-02-12T23:41:16.703+0000] {spark_submit.py:492} INFO - "nullable" : false,
[2026-02-12T23:41:16.703+0000] {spark_submit.py:492} INFO - "metadata" : { }
[2026-02-12T23:41:16.703+0000] {spark_submit.py:492} INFO - } ]
[2026-02-12T23:41:16.703+0000] {spark_submit.py:492} INFO - }
[2026-02-12T23:41:16.703+0000] {spark_submit.py:492} INFO - and corresponding Parquet message type:
[2026-02-12T23:41:16.703+0000] {spark_submit.py:492} INFO - message spark_schema {
[2026-02-12T23:41:16.703+0000] {spark_submit.py:492} INFO - optional binary user_id (STRING);
[2026-02-12T23:41:16.703+0000] {spark_submit.py:492} INFO - optional binary thread_id (STRING);
[2026-02-12T23:41:16.703+0000] {spark_submit.py:492} INFO - optional binary created_at (STRING);
[2026-02-12T23:41:16.704+0000] {spark_submit.py:492} INFO - optional group edit_versions_ids (LIST) {
[2026-02-12T23:41:16.704+0000] {spark_submit.py:492} INFO - repeated group list {
[2026-02-12T23:41:16.704+0000] {spark_submit.py:492} INFO - optional int64 element;
[2026-02-12T23:41:16.704+0000] {spark_submit.py:492} INFO - }
[2026-02-12T23:41:16.704+0000] {spark_submit.py:492} INFO - }
[2026-02-12T23:41:16.704+0000] {spark_submit.py:492} INFO - optional binary tweet_id (STRING);
[2026-02-12T23:41:16.704+0000] {spark_submit.py:492} INFO - optional binary reply_to_user_id (STRING);
[2026-02-12T23:41:16.705+0000] {spark_submit.py:492} INFO - optional binary language (STRING);
[2026-02-12T23:41:16.705+0000] {spark_submit.py:492} INFO - optional binary tweet_text (STRING);
[2026-02-12T23:41:16.705+0000] {spark_submit.py:492} INFO - optional int64 likes;
[2026-02-12T23:41:16.705+0000] {spark_submit.py:492} INFO - optional int64 quotes;
[2026-02-12T23:41:16.705+0000] {spark_submit.py:492} INFO - optional int64 replies;
[2026-02-12T23:41:16.705+0000] {spark_submit.py:492} INFO - optional int64 retweets;
[2026-02-12T23:41:16.705+0000] {spark_submit.py:492} INFO - required int32 processing_date (DATE);
[2026-02-12T23:41:16.705+0000] {spark_submit.py:492} INFO - }
[2026-02-12T23:41:16.705+0000] {spark_submit.py:492} INFO - 
[2026-02-12T23:41:16.706+0000] {spark_submit.py:492} INFO - 
[2026-02-12T23:41:16.718+0000] {spark_submit.py:492} INFO - 26/02/12 23:41:16 INFO CodecConfig: Compression: SNAPPY
[2026-02-12T23:41:16.718+0000] {spark_submit.py:492} INFO - 26/02/12 23:41:16 INFO CodecConfig: Compression: SNAPPY
[2026-02-12T23:41:16.719+0000] {spark_submit.py:492} INFO - 26/02/12 23:41:16 INFO ParquetOutputFormat: ParquetRecordWriter [block size: 134217728b, row group padding size: 8388608b, validating: false]
[2026-02-12T23:41:16.720+0000] {spark_submit.py:492} INFO - 26/02/12 23:41:16 INFO ParquetWriteSupport: Initialized Parquet WriteSupport with Catalyst schema:
[2026-02-12T23:41:16.720+0000] {spark_submit.py:492} INFO - {
[2026-02-12T23:41:16.721+0000] {spark_submit.py:492} INFO - "type" : "struct",
[2026-02-12T23:41:16.721+0000] {spark_submit.py:492} INFO - "fields" : [ {
[2026-02-12T23:41:16.721+0000] {spark_submit.py:492} INFO - "name" : "user_id",
[2026-02-12T23:41:16.721+0000] {spark_submit.py:492} INFO - "type" : "string",
[2026-02-12T23:41:16.721+0000] {spark_submit.py:492} INFO - "nullable" : true,
[2026-02-12T23:41:16.721+0000] {spark_submit.py:492} INFO - "metadata" : { }
[2026-02-12T23:41:16.721+0000] {spark_submit.py:492} INFO - }, {
[2026-02-12T23:41:16.721+0000] {spark_submit.py:492} INFO - "name" : "thread_id",
[2026-02-12T23:41:16.722+0000] {spark_submit.py:492} INFO - "type" : "string",
[2026-02-12T23:41:16.722+0000] {spark_submit.py:492} INFO - "nullable" : true,
[2026-02-12T23:41:16.722+0000] {spark_submit.py:492} INFO - "metadata" : { }
[2026-02-12T23:41:16.722+0000] {spark_submit.py:492} INFO - }, {
[2026-02-12T23:41:16.722+0000] {spark_submit.py:492} INFO - "name" : "created_at",
[2026-02-12T23:41:16.722+0000] {spark_submit.py:492} INFO - "type" : "string",
[2026-02-12T23:41:16.722+0000] {spark_submit.py:492} INFO - "nullable" : true,
[2026-02-12T23:41:16.722+0000] {spark_submit.py:492} INFO - "metadata" : { }
[2026-02-12T23:41:16.722+0000] {spark_submit.py:492} INFO - }, {
[2026-02-12T23:41:16.723+0000] {spark_submit.py:492} INFO - "name" : "edit_versions_ids",
[2026-02-12T23:41:16.723+0000] {spark_submit.py:492} INFO - "type" : {
[2026-02-12T23:41:16.723+0000] {spark_submit.py:492} INFO - "type" : "array",
[2026-02-12T23:41:16.723+0000] {spark_submit.py:492} INFO - "elementType" : "long",
[2026-02-12T23:41:16.723+0000] {spark_submit.py:492} INFO - "containsNull" : true
[2026-02-12T23:41:16.723+0000] {spark_submit.py:492} INFO - },
[2026-02-12T23:41:16.723+0000] {spark_submit.py:492} INFO - "nullable" : true,
[2026-02-12T23:41:16.723+0000] {spark_submit.py:492} INFO - "metadata" : { }
[2026-02-12T23:41:16.723+0000] {spark_submit.py:492} INFO - }, {
[2026-02-12T23:41:16.724+0000] {spark_submit.py:492} INFO - "name" : "tweet_id",
[2026-02-12T23:41:16.724+0000] {spark_submit.py:492} INFO - "type" : "string",
[2026-02-12T23:41:16.724+0000] {spark_submit.py:492} INFO - "nullable" : true,
[2026-02-12T23:41:16.724+0000] {spark_submit.py:492} INFO - "metadata" : { }
[2026-02-12T23:41:16.724+0000] {spark_submit.py:492} INFO - }, {
[2026-02-12T23:41:16.724+0000] {spark_submit.py:492} INFO - "name" : "reply_to_user_id",
[2026-02-12T23:41:16.724+0000] {spark_submit.py:492} INFO - "type" : "string",
[2026-02-12T23:41:16.724+0000] {spark_submit.py:492} INFO - "nullable" : true,
[2026-02-12T23:41:16.724+0000] {spark_submit.py:492} INFO - "metadata" : { }
[2026-02-12T23:41:16.724+0000] {spark_submit.py:492} INFO - }, {
[2026-02-12T23:41:16.725+0000] {spark_submit.py:492} INFO - "name" : "language",
[2026-02-12T23:41:16.725+0000] {spark_submit.py:492} INFO - "type" : "string",
[2026-02-12T23:41:16.725+0000] {spark_submit.py:492} INFO - "nullable" : true,
[2026-02-12T23:41:16.725+0000] {spark_submit.py:492} INFO - "metadata" : { }
[2026-02-12T23:41:16.725+0000] {spark_submit.py:492} INFO - }, {
[2026-02-12T23:41:16.725+0000] {spark_submit.py:492} INFO - "name" : "tweet_text",
[2026-02-12T23:41:16.725+0000] {spark_submit.py:492} INFO - "type" : "string",
[2026-02-12T23:41:16.725+0000] {spark_submit.py:492} INFO - "nullable" : true,
[2026-02-12T23:41:16.725+0000] {spark_submit.py:492} INFO - "metadata" : { }
[2026-02-12T23:41:16.725+0000] {spark_submit.py:492} INFO - }, {
[2026-02-12T23:41:16.725+0000] {spark_submit.py:492} INFO - "name" : "likes",
[2026-02-12T23:41:16.725+0000] {spark_submit.py:492} INFO - "type" : "long",
[2026-02-12T23:41:16.726+0000] {spark_submit.py:492} INFO - "nullable" : true,
[2026-02-12T23:41:16.726+0000] {spark_submit.py:492} INFO - "metadata" : { }
[2026-02-12T23:41:16.726+0000] {spark_submit.py:492} INFO - }, {
[2026-02-12T23:41:16.726+0000] {spark_submit.py:492} INFO - "name" : "quotes",
[2026-02-12T23:41:16.726+0000] {spark_submit.py:492} INFO - "type" : "long",
[2026-02-12T23:41:16.726+0000] {spark_submit.py:492} INFO - "nullable" : true,
[2026-02-12T23:41:16.726+0000] {spark_submit.py:492} INFO - "metadata" : { }
[2026-02-12T23:41:16.726+0000] {spark_submit.py:492} INFO - }, {
[2026-02-12T23:41:16.726+0000] {spark_submit.py:492} INFO - "name" : "replies",
[2026-02-12T23:41:16.726+0000] {spark_submit.py:492} INFO - "type" : "long",
[2026-02-12T23:41:16.726+0000] {spark_submit.py:492} INFO - "nullable" : true,
[2026-02-12T23:41:16.726+0000] {spark_submit.py:492} INFO - "metadata" : { }
[2026-02-12T23:41:16.727+0000] {spark_submit.py:492} INFO - }, {
[2026-02-12T23:41:16.727+0000] {spark_submit.py:492} INFO - "name" : "retweets",
[2026-02-12T23:41:16.727+0000] {spark_submit.py:492} INFO - "type" : "long",
[2026-02-12T23:41:16.727+0000] {spark_submit.py:492} INFO - "nullable" : true,
[2026-02-12T23:41:16.727+0000] {spark_submit.py:492} INFO - "metadata" : { }
[2026-02-12T23:41:16.727+0000] {spark_submit.py:492} INFO - }, {
[2026-02-12T23:41:16.727+0000] {spark_submit.py:492} INFO - "name" : "processing_date",
[2026-02-12T23:41:16.727+0000] {spark_submit.py:492} INFO - "type" : "date",
[2026-02-12T23:41:16.727+0000] {spark_submit.py:492} INFO - "nullable" : false,
[2026-02-12T23:41:16.727+0000] {spark_submit.py:492} INFO - "metadata" : { }
[2026-02-12T23:41:16.727+0000] {spark_submit.py:492} INFO - } ]
[2026-02-12T23:41:16.728+0000] {spark_submit.py:492} INFO - }
[2026-02-12T23:41:16.728+0000] {spark_submit.py:492} INFO - and corresponding Parquet message type:
[2026-02-12T23:41:16.728+0000] {spark_submit.py:492} INFO - message spark_schema {
[2026-02-12T23:41:16.728+0000] {spark_submit.py:492} INFO - optional binary user_id (STRING);
[2026-02-12T23:41:16.728+0000] {spark_submit.py:492} INFO - optional binary thread_id (STRING);
[2026-02-12T23:41:16.728+0000] {spark_submit.py:492} INFO - optional binary created_at (STRING);
[2026-02-12T23:41:16.728+0000] {spark_submit.py:492} INFO - optional group edit_versions_ids (LIST) {
[2026-02-12T23:41:16.728+0000] {spark_submit.py:492} INFO - repeated group list {
[2026-02-12T23:41:16.728+0000] {spark_submit.py:492} INFO - optional int64 element;
[2026-02-12T23:41:16.729+0000] {spark_submit.py:492} INFO - }
[2026-02-12T23:41:16.729+0000] {spark_submit.py:492} INFO - }
[2026-02-12T23:41:16.729+0000] {spark_submit.py:492} INFO - optional binary tweet_id (STRING);
[2026-02-12T23:41:16.729+0000] {spark_submit.py:492} INFO - optional binary reply_to_user_id (STRING);
[2026-02-12T23:41:16.729+0000] {spark_submit.py:492} INFO - optional binary language (STRING);
[2026-02-12T23:41:16.729+0000] {spark_submit.py:492} INFO - optional binary tweet_text (STRING);
[2026-02-12T23:41:16.729+0000] {spark_submit.py:492} INFO - optional int64 likes;
[2026-02-12T23:41:16.729+0000] {spark_submit.py:492} INFO - optional int64 quotes;
[2026-02-12T23:41:16.729+0000] {spark_submit.py:492} INFO - optional int64 replies;
[2026-02-12T23:41:16.729+0000] {spark_submit.py:492} INFO - optional int64 retweets;
[2026-02-12T23:41:16.730+0000] {spark_submit.py:492} INFO - required int32 processing_date (DATE);
[2026-02-12T23:41:16.730+0000] {spark_submit.py:492} INFO - }
[2026-02-12T23:41:16.730+0000] {spark_submit.py:492} INFO - 
[2026-02-12T23:41:16.730+0000] {spark_submit.py:492} INFO - 
[2026-02-12T23:41:16.741+0000] {spark_submit.py:492} INFO - 26/02/12 23:41:16 INFO CodecConfig: Compression: SNAPPY
[2026-02-12T23:41:16.742+0000] {spark_submit.py:492} INFO - 26/02/12 23:41:16 INFO CodecConfig: Compression: SNAPPY
[2026-02-12T23:41:16.742+0000] {spark_submit.py:492} INFO - 26/02/12 23:41:16 INFO ParquetOutputFormat: ParquetRecordWriter [block size: 134217728b, row group padding size: 8388608b, validating: false]
[2026-02-12T23:41:16.743+0000] {spark_submit.py:492} INFO - 26/02/12 23:41:16 INFO ParquetWriteSupport: Initialized Parquet WriteSupport with Catalyst schema:
[2026-02-12T23:41:16.744+0000] {spark_submit.py:492} INFO - {
[2026-02-12T23:41:16.744+0000] {spark_submit.py:492} INFO - "type" : "struct",
[2026-02-12T23:41:16.744+0000] {spark_submit.py:492} INFO - "fields" : [ {
[2026-02-12T23:41:16.744+0000] {spark_submit.py:492} INFO - "name" : "user_id",
[2026-02-12T23:41:16.744+0000] {spark_submit.py:492} INFO - "type" : "string",
[2026-02-12T23:41:16.744+0000] {spark_submit.py:492} INFO - "nullable" : true,
[2026-02-12T23:41:16.744+0000] {spark_submit.py:492} INFO - "metadata" : { }
[2026-02-12T23:41:16.744+0000] {spark_submit.py:492} INFO - }, {
[2026-02-12T23:41:16.744+0000] {spark_submit.py:492} INFO - "name" : "thread_id",
[2026-02-12T23:41:16.744+0000] {spark_submit.py:492} INFO - "type" : "string",
[2026-02-12T23:41:16.744+0000] {spark_submit.py:492} INFO - "nullable" : true,
[2026-02-12T23:41:16.745+0000] {spark_submit.py:492} INFO - "metadata" : { }
[2026-02-12T23:41:16.745+0000] {spark_submit.py:492} INFO - }, {
[2026-02-12T23:41:16.745+0000] {spark_submit.py:492} INFO - "name" : "created_at",
[2026-02-12T23:41:16.745+0000] {spark_submit.py:492} INFO - "type" : "string",
[2026-02-12T23:41:16.745+0000] {spark_submit.py:492} INFO - "nullable" : true,
[2026-02-12T23:41:16.745+0000] {spark_submit.py:492} INFO - "metadata" : { }
[2026-02-12T23:41:16.745+0000] {spark_submit.py:492} INFO - }, {
[2026-02-12T23:41:16.745+0000] {spark_submit.py:492} INFO - "name" : "edit_versions_ids",
[2026-02-12T23:41:16.745+0000] {spark_submit.py:492} INFO - "type" : {
[2026-02-12T23:41:16.745+0000] {spark_submit.py:492} INFO - "type" : "array",
[2026-02-12T23:41:16.745+0000] {spark_submit.py:492} INFO - "elementType" : "long",
[2026-02-12T23:41:16.745+0000] {spark_submit.py:492} INFO - "containsNull" : true
[2026-02-12T23:41:16.746+0000] {spark_submit.py:492} INFO - },
[2026-02-12T23:41:16.746+0000] {spark_submit.py:492} INFO - "nullable" : true,
[2026-02-12T23:41:16.746+0000] {spark_submit.py:492} INFO - "metadata" : { }
[2026-02-12T23:41:16.746+0000] {spark_submit.py:492} INFO - }, {
[2026-02-12T23:41:16.746+0000] {spark_submit.py:492} INFO - "name" : "tweet_id",
[2026-02-12T23:41:16.746+0000] {spark_submit.py:492} INFO - "type" : "string",
[2026-02-12T23:41:16.746+0000] {spark_submit.py:492} INFO - "nullable" : true,
[2026-02-12T23:41:16.746+0000] {spark_submit.py:492} INFO - "metadata" : { }
[2026-02-12T23:41:16.746+0000] {spark_submit.py:492} INFO - }, {
[2026-02-12T23:41:16.746+0000] {spark_submit.py:492} INFO - "name" : "reply_to_user_id",
[2026-02-12T23:41:16.747+0000] {spark_submit.py:492} INFO - "type" : "string",
[2026-02-12T23:41:16.747+0000] {spark_submit.py:492} INFO - "nullable" : true,
[2026-02-12T23:41:16.747+0000] {spark_submit.py:492} INFO - "metadata" : { }
[2026-02-12T23:41:16.747+0000] {spark_submit.py:492} INFO - }, {
[2026-02-12T23:41:16.747+0000] {spark_submit.py:492} INFO - "name" : "language",
[2026-02-12T23:41:16.747+0000] {spark_submit.py:492} INFO - "type" : "string",
[2026-02-12T23:41:16.747+0000] {spark_submit.py:492} INFO - "nullable" : true,
[2026-02-12T23:41:16.747+0000] {spark_submit.py:492} INFO - "metadata" : { }
[2026-02-12T23:41:16.747+0000] {spark_submit.py:492} INFO - }, {
[2026-02-12T23:41:16.747+0000] {spark_submit.py:492} INFO - "name" : "tweet_text",
[2026-02-12T23:41:16.747+0000] {spark_submit.py:492} INFO - "type" : "string",
[2026-02-12T23:41:16.747+0000] {spark_submit.py:492} INFO - "nullable" : true,
[2026-02-12T23:41:16.748+0000] {spark_submit.py:492} INFO - "metadata" : { }
[2026-02-12T23:41:16.748+0000] {spark_submit.py:492} INFO - }, {
[2026-02-12T23:41:16.748+0000] {spark_submit.py:492} INFO - "name" : "likes",
[2026-02-12T23:41:16.748+0000] {spark_submit.py:492} INFO - "type" : "long",
[2026-02-12T23:41:16.748+0000] {spark_submit.py:492} INFO - "nullable" : true,
[2026-02-12T23:41:16.748+0000] {spark_submit.py:492} INFO - "metadata" : { }
[2026-02-12T23:41:16.748+0000] {spark_submit.py:492} INFO - }, {
[2026-02-12T23:41:16.748+0000] {spark_submit.py:492} INFO - "name" : "quotes",
[2026-02-12T23:41:16.748+0000] {spark_submit.py:492} INFO - "type" : "long",
[2026-02-12T23:41:16.748+0000] {spark_submit.py:492} INFO - "nullable" : true,
[2026-02-12T23:41:16.748+0000] {spark_submit.py:492} INFO - "metadata" : { }
[2026-02-12T23:41:16.748+0000] {spark_submit.py:492} INFO - }, {
[2026-02-12T23:41:16.748+0000] {spark_submit.py:492} INFO - "name" : "replies",
[2026-02-12T23:41:16.749+0000] {spark_submit.py:492} INFO - "type" : "long",
[2026-02-12T23:41:16.749+0000] {spark_submit.py:492} INFO - "nullable" : true,
[2026-02-12T23:41:16.749+0000] {spark_submit.py:492} INFO - "metadata" : { }
[2026-02-12T23:41:16.749+0000] {spark_submit.py:492} INFO - }, {
[2026-02-12T23:41:16.749+0000] {spark_submit.py:492} INFO - "name" : "retweets",
[2026-02-12T23:41:16.749+0000] {spark_submit.py:492} INFO - "type" : "long",
[2026-02-12T23:41:16.749+0000] {spark_submit.py:492} INFO - "nullable" : true,
[2026-02-12T23:41:16.749+0000] {spark_submit.py:492} INFO - "metadata" : { }
[2026-02-12T23:41:16.749+0000] {spark_submit.py:492} INFO - }, {
[2026-02-12T23:41:16.749+0000] {spark_submit.py:492} INFO - "name" : "processing_date",
[2026-02-12T23:41:16.749+0000] {spark_submit.py:492} INFO - "type" : "date",
[2026-02-12T23:41:16.749+0000] {spark_submit.py:492} INFO - "nullable" : false,
[2026-02-12T23:41:16.749+0000] {spark_submit.py:492} INFO - "metadata" : { }
[2026-02-12T23:41:16.749+0000] {spark_submit.py:492} INFO - } ]
[2026-02-12T23:41:16.749+0000] {spark_submit.py:492} INFO - }
[2026-02-12T23:41:16.750+0000] {spark_submit.py:492} INFO - and corresponding Parquet message type:
[2026-02-12T23:41:16.750+0000] {spark_submit.py:492} INFO - message spark_schema {
[2026-02-12T23:41:16.750+0000] {spark_submit.py:492} INFO - optional binary user_id (STRING);
[2026-02-12T23:41:16.750+0000] {spark_submit.py:492} INFO - optional binary thread_id (STRING);
[2026-02-12T23:41:16.750+0000] {spark_submit.py:492} INFO - optional binary created_at (STRING);
[2026-02-12T23:41:16.750+0000] {spark_submit.py:492} INFO - optional group edit_versions_ids (LIST) {
[2026-02-12T23:41:16.750+0000] {spark_submit.py:492} INFO - repeated group list {
[2026-02-12T23:41:16.750+0000] {spark_submit.py:492} INFO - optional int64 element;
[2026-02-12T23:41:16.750+0000] {spark_submit.py:492} INFO - }
[2026-02-12T23:41:16.750+0000] {spark_submit.py:492} INFO - }
[2026-02-12T23:41:16.750+0000] {spark_submit.py:492} INFO - optional binary tweet_id (STRING);
[2026-02-12T23:41:16.750+0000] {spark_submit.py:492} INFO - optional binary reply_to_user_id (STRING);
[2026-02-12T23:41:16.750+0000] {spark_submit.py:492} INFO - optional binary language (STRING);
[2026-02-12T23:41:16.750+0000] {spark_submit.py:492} INFO - optional binary tweet_text (STRING);
[2026-02-12T23:41:16.751+0000] {spark_submit.py:492} INFO - optional int64 likes;
[2026-02-12T23:41:16.751+0000] {spark_submit.py:492} INFO - optional int64 quotes;
[2026-02-12T23:41:16.751+0000] {spark_submit.py:492} INFO - optional int64 replies;
[2026-02-12T23:41:16.751+0000] {spark_submit.py:492} INFO - optional int64 retweets;
[2026-02-12T23:41:16.751+0000] {spark_submit.py:492} INFO - required int32 processing_date (DATE);
[2026-02-12T23:41:16.751+0000] {spark_submit.py:492} INFO - }
[2026-02-12T23:41:16.751+0000] {spark_submit.py:492} INFO - 
[2026-02-12T23:41:16.751+0000] {spark_submit.py:492} INFO - 
[2026-02-12T23:41:16.768+0000] {spark_submit.py:492} INFO - 26/02/12 23:41:16 INFO CodecConfig: Compression: SNAPPY
[2026-02-12T23:41:16.768+0000] {spark_submit.py:492} INFO - 26/02/12 23:41:16 INFO CodecConfig: Compression: SNAPPY
[2026-02-12T23:41:16.769+0000] {spark_submit.py:492} INFO - 26/02/12 23:41:16 INFO ParquetOutputFormat: ParquetRecordWriter [block size: 134217728b, row group padding size: 8388608b, validating: false]
[2026-02-12T23:41:16.771+0000] {spark_submit.py:492} INFO - 26/02/12 23:41:16 INFO ParquetWriteSupport: Initialized Parquet WriteSupport with Catalyst schema:
[2026-02-12T23:41:16.771+0000] {spark_submit.py:492} INFO - {
[2026-02-12T23:41:16.771+0000] {spark_submit.py:492} INFO - "type" : "struct",
[2026-02-12T23:41:16.771+0000] {spark_submit.py:492} INFO - "fields" : [ {
[2026-02-12T23:41:16.771+0000] {spark_submit.py:492} INFO - "name" : "user_id",
[2026-02-12T23:41:16.771+0000] {spark_submit.py:492} INFO - "type" : "string",
[2026-02-12T23:41:16.771+0000] {spark_submit.py:492} INFO - "nullable" : true,
[2026-02-12T23:41:16.771+0000] {spark_submit.py:492} INFO - "metadata" : { }
[2026-02-12T23:41:16.772+0000] {spark_submit.py:492} INFO - }, {
[2026-02-12T23:41:16.772+0000] {spark_submit.py:492} INFO - "name" : "thread_id",
[2026-02-12T23:41:16.772+0000] {spark_submit.py:492} INFO - "type" : "string",
[2026-02-12T23:41:16.772+0000] {spark_submit.py:492} INFO - "nullable" : true,
[2026-02-12T23:41:16.772+0000] {spark_submit.py:492} INFO - "metadata" : { }
[2026-02-12T23:41:16.772+0000] {spark_submit.py:492} INFO - }, {
[2026-02-12T23:41:16.772+0000] {spark_submit.py:492} INFO - "name" : "created_at",
[2026-02-12T23:41:16.772+0000] {spark_submit.py:492} INFO - "type" : "string",
[2026-02-12T23:41:16.773+0000] {spark_submit.py:492} INFO - "nullable" : true,
[2026-02-12T23:41:16.773+0000] {spark_submit.py:492} INFO - "metadata" : { }
[2026-02-12T23:41:16.773+0000] {spark_submit.py:492} INFO - }, {
[2026-02-12T23:41:16.773+0000] {spark_submit.py:492} INFO - "name" : "edit_versions_ids",
[2026-02-12T23:41:16.773+0000] {spark_submit.py:492} INFO - "type" : {
[2026-02-12T23:41:16.773+0000] {spark_submit.py:492} INFO - "type" : "array",
[2026-02-12T23:41:16.773+0000] {spark_submit.py:492} INFO - "elementType" : "long",
[2026-02-12T23:41:16.773+0000] {spark_submit.py:492} INFO - "containsNull" : true
[2026-02-12T23:41:16.773+0000] {spark_submit.py:492} INFO - },
[2026-02-12T23:41:16.773+0000] {spark_submit.py:492} INFO - "nullable" : true,
[2026-02-12T23:41:16.773+0000] {spark_submit.py:492} INFO - "metadata" : { }
[2026-02-12T23:41:16.773+0000] {spark_submit.py:492} INFO - }, {
[2026-02-12T23:41:16.773+0000] {spark_submit.py:492} INFO - "name" : "tweet_id",
[2026-02-12T23:41:16.774+0000] {spark_submit.py:492} INFO - "type" : "string",
[2026-02-12T23:41:16.774+0000] {spark_submit.py:492} INFO - "nullable" : true,
[2026-02-12T23:41:16.774+0000] {spark_submit.py:492} INFO - "metadata" : { }
[2026-02-12T23:41:16.774+0000] {spark_submit.py:492} INFO - }, {
[2026-02-12T23:41:16.774+0000] {spark_submit.py:492} INFO - "name" : "reply_to_user_id",
[2026-02-12T23:41:16.774+0000] {spark_submit.py:492} INFO - "type" : "string",
[2026-02-12T23:41:16.774+0000] {spark_submit.py:492} INFO - "nullable" : true,
[2026-02-12T23:41:16.774+0000] {spark_submit.py:492} INFO - "metadata" : { }
[2026-02-12T23:41:16.774+0000] {spark_submit.py:492} INFO - }, {
[2026-02-12T23:41:16.774+0000] {spark_submit.py:492} INFO - "name" : "language",
[2026-02-12T23:41:16.774+0000] {spark_submit.py:492} INFO - "type" : "string",
[2026-02-12T23:41:16.774+0000] {spark_submit.py:492} INFO - "nullable" : true,
[2026-02-12T23:41:16.775+0000] {spark_submit.py:492} INFO - "metadata" : { }
[2026-02-12T23:41:16.775+0000] {spark_submit.py:492} INFO - }, {
[2026-02-12T23:41:16.775+0000] {spark_submit.py:492} INFO - "name" : "tweet_text",
[2026-02-12T23:41:16.775+0000] {spark_submit.py:492} INFO - "type" : "string",
[2026-02-12T23:41:16.775+0000] {spark_submit.py:492} INFO - "nullable" : true,
[2026-02-12T23:41:16.775+0000] {spark_submit.py:492} INFO - "metadata" : { }
[2026-02-12T23:41:16.775+0000] {spark_submit.py:492} INFO - }, {
[2026-02-12T23:41:16.775+0000] {spark_submit.py:492} INFO - "name" : "likes",
[2026-02-12T23:41:16.775+0000] {spark_submit.py:492} INFO - "type" : "long",
[2026-02-12T23:41:16.775+0000] {spark_submit.py:492} INFO - "nullable" : true,
[2026-02-12T23:41:16.775+0000] {spark_submit.py:492} INFO - "metadata" : { }
[2026-02-12T23:41:16.775+0000] {spark_submit.py:492} INFO - }, {
[2026-02-12T23:41:16.775+0000] {spark_submit.py:492} INFO - "name" : "quotes",
[2026-02-12T23:41:16.775+0000] {spark_submit.py:492} INFO - "type" : "long",
[2026-02-12T23:41:16.776+0000] {spark_submit.py:492} INFO - "nullable" : true,
[2026-02-12T23:41:16.776+0000] {spark_submit.py:492} INFO - "metadata" : { }
[2026-02-12T23:41:16.776+0000] {spark_submit.py:492} INFO - }, {
[2026-02-12T23:41:16.776+0000] {spark_submit.py:492} INFO - "name" : "replies",
[2026-02-12T23:41:16.776+0000] {spark_submit.py:492} INFO - "type" : "long",
[2026-02-12T23:41:16.776+0000] {spark_submit.py:492} INFO - "nullable" : true,
[2026-02-12T23:41:16.776+0000] {spark_submit.py:492} INFO - "metadata" : { }
[2026-02-12T23:41:16.776+0000] {spark_submit.py:492} INFO - }, {
[2026-02-12T23:41:16.776+0000] {spark_submit.py:492} INFO - "name" : "retweets",
[2026-02-12T23:41:16.776+0000] {spark_submit.py:492} INFO - "type" : "long",
[2026-02-12T23:41:16.777+0000] {spark_submit.py:492} INFO - "nullable" : true,
[2026-02-12T23:41:16.777+0000] {spark_submit.py:492} INFO - "metadata" : { }
[2026-02-12T23:41:16.777+0000] {spark_submit.py:492} INFO - }, {
[2026-02-12T23:41:16.777+0000] {spark_submit.py:492} INFO - "name" : "processing_date",
[2026-02-12T23:41:16.777+0000] {spark_submit.py:492} INFO - "type" : "date",
[2026-02-12T23:41:16.777+0000] {spark_submit.py:492} INFO - "nullable" : false,
[2026-02-12T23:41:16.777+0000] {spark_submit.py:492} INFO - "metadata" : { }
[2026-02-12T23:41:16.777+0000] {spark_submit.py:492} INFO - } ]
[2026-02-12T23:41:16.777+0000] {spark_submit.py:492} INFO - }
[2026-02-12T23:41:16.777+0000] {spark_submit.py:492} INFO - and corresponding Parquet message type:
[2026-02-12T23:41:16.777+0000] {spark_submit.py:492} INFO - message spark_schema {
[2026-02-12T23:41:16.778+0000] {spark_submit.py:492} INFO - optional binary user_id (STRING);
[2026-02-12T23:41:16.778+0000] {spark_submit.py:492} INFO - optional binary thread_id (STRING);
[2026-02-12T23:41:16.778+0000] {spark_submit.py:492} INFO - optional binary created_at (STRING);
[2026-02-12T23:41:16.778+0000] {spark_submit.py:492} INFO - optional group edit_versions_ids (LIST) {
[2026-02-12T23:41:16.778+0000] {spark_submit.py:492} INFO - repeated group list {
[2026-02-12T23:41:16.778+0000] {spark_submit.py:492} INFO - optional int64 element;
[2026-02-12T23:41:16.778+0000] {spark_submit.py:492} INFO - }
[2026-02-12T23:41:16.778+0000] {spark_submit.py:492} INFO - }
[2026-02-12T23:41:16.778+0000] {spark_submit.py:492} INFO - optional binary tweet_id (STRING);
[2026-02-12T23:41:16.778+0000] {spark_submit.py:492} INFO - optional binary reply_to_user_id (STRING);
[2026-02-12T23:41:16.778+0000] {spark_submit.py:492} INFO - optional binary language (STRING);
[2026-02-12T23:41:16.778+0000] {spark_submit.py:492} INFO - optional binary tweet_text (STRING);
[2026-02-12T23:41:16.778+0000] {spark_submit.py:492} INFO - optional int64 likes;
[2026-02-12T23:41:16.778+0000] {spark_submit.py:492} INFO - optional int64 quotes;
[2026-02-12T23:41:16.778+0000] {spark_submit.py:492} INFO - optional int64 replies;
[2026-02-12T23:41:16.779+0000] {spark_submit.py:492} INFO - optional int64 retweets;
[2026-02-12T23:41:16.779+0000] {spark_submit.py:492} INFO - required int32 processing_date (DATE);
[2026-02-12T23:41:16.779+0000] {spark_submit.py:492} INFO - }
[2026-02-12T23:41:16.779+0000] {spark_submit.py:492} INFO - 
[2026-02-12T23:41:16.779+0000] {spark_submit.py:492} INFO - 
[2026-02-12T23:41:16.794+0000] {spark_submit.py:492} INFO - 26/02/12 23:41:16 INFO FileOutputCommitter: Saved output of task 'attempt_202602122341169095014518137704454_0001_m_000000_1' to file:/opt/airflow/data/silver/_temporary/0/task_202602122341169095014518137704454_0001_m_000000
[2026-02-12T23:41:16.794+0000] {spark_submit.py:492} INFO - 26/02/12 23:41:16 INFO SparkHadoopMapRedUtil: attempt_202602122341169095014518137704454_0001_m_000000_1: Committed. Elapsed time: 0 ms.
[2026-02-12T23:41:16.809+0000] {spark_submit.py:492} INFO - 26/02/12 23:41:16 INFO Executor: Finished task 0.0 in stage 1.0 (TID 1). 3930 bytes result sent to driver
[2026-02-12T23:41:16.811+0000] {spark_submit.py:492} INFO - 26/02/12 23:41:16 INFO TaskSetManager: Finished task 0.0 in stage 1.0 (TID 1) in 787 ms on 0bc7f8c4ce9d (executor driver) (1/1)
[2026-02-12T23:41:16.812+0000] {spark_submit.py:492} INFO - 26/02/12 23:41:16 INFO TaskSchedulerImpl: Removed TaskSet 1.0, whose tasks have all completed, from pool
[2026-02-12T23:41:16.813+0000] {spark_submit.py:492} INFO - 26/02/12 23:41:16 INFO DAGScheduler: ResultStage 1 (parquet at NativeMethodAccessorImpl.java:0) finished in 0.806 s
[2026-02-12T23:41:16.813+0000] {spark_submit.py:492} INFO - 26/02/12 23:41:16 INFO DAGScheduler: Job 1 is finished. Cancelling potential speculative or zombie tasks for this job
[2026-02-12T23:41:16.813+0000] {spark_submit.py:492} INFO - 26/02/12 23:41:16 INFO TaskSchedulerImpl: Killing all running tasks in stage 1: Stage finished
[2026-02-12T23:41:16.813+0000] {spark_submit.py:492} INFO - 26/02/12 23:41:16 INFO DAGScheduler: Job 1 finished: parquet at NativeMethodAccessorImpl.java:0, took 0.809800 s
[2026-02-12T23:41:16.815+0000] {spark_submit.py:492} INFO - 26/02/12 23:41:16 INFO FileFormatWriter: Start to commit write Job 55f49305-8556-450a-ba08-0157e41a0400.
[2026-02-12T23:41:16.830+0000] {spark_submit.py:492} INFO - 26/02/12 23:41:16 INFO FileFormatWriter: Write Job 55f49305-8556-450a-ba08-0157e41a0400 committed. Elapsed time: 14 ms.
[2026-02-12T23:41:16.832+0000] {spark_submit.py:492} INFO - 26/02/12 23:41:16 INFO FileFormatWriter: Finished processing stats for write job 55f49305-8556-450a-ba08-0157e41a0400.
[2026-02-12T23:41:16.862+0000] {spark_submit.py:492} INFO - 26/02/12 23:41:16 INFO SparkContext: Invoking stop() from shutdown hook
[2026-02-12T23:41:16.862+0000] {spark_submit.py:492} INFO - 26/02/12 23:41:16 INFO SparkContext: SparkContext is stopping with exitCode 0.
[2026-02-12T23:41:16.870+0000] {spark_submit.py:492} INFO - 26/02/12 23:41:16 INFO SparkUI: Stopped Spark web UI at http://0bc7f8c4ce9d:4040
[2026-02-12T23:41:16.877+0000] {spark_submit.py:492} INFO - 26/02/12 23:41:16 INFO MapOutputTrackerMasterEndpoint: MapOutputTrackerMasterEndpoint stopped!
[2026-02-12T23:41:16.886+0000] {spark_submit.py:492} INFO - 26/02/12 23:41:16 INFO MemoryStore: MemoryStore cleared
[2026-02-12T23:41:16.886+0000] {spark_submit.py:492} INFO - 26/02/12 23:41:16 INFO BlockManager: BlockManager stopped
[2026-02-12T23:41:16.890+0000] {spark_submit.py:492} INFO - 26/02/12 23:41:16 INFO BlockManagerMaster: BlockManagerMaster stopped
[2026-02-12T23:41:16.891+0000] {spark_submit.py:492} INFO - 26/02/12 23:41:16 INFO OutputCommitCoordinator$OutputCommitCoordinatorEndpoint: OutputCommitCoordinator stopped!
[2026-02-12T23:41:16.896+0000] {spark_submit.py:492} INFO - 26/02/12 23:41:16 INFO SparkContext: Successfully stopped SparkContext
[2026-02-12T23:41:16.897+0000] {spark_submit.py:492} INFO - 26/02/12 23:41:16 INFO ShutdownHookManager: Shutdown hook called
[2026-02-12T23:41:16.897+0000] {spark_submit.py:492} INFO - 26/02/12 23:41:16 INFO ShutdownHookManager: Deleting directory /tmp/spark-9e02b6d9-6672-48d5-9544-b72dd985df29/pyspark-bce63870-ecfd-4e18-94a0-0a7d5fb15135
[2026-02-12T23:41:16.902+0000] {spark_submit.py:492} INFO - 26/02/12 23:41:16 INFO ShutdownHookManager: Deleting directory /tmp/spark-8a4f87db-996f-4af0-ac9e-5fe9914124b9
[2026-02-12T23:41:16.906+0000] {spark_submit.py:492} INFO - 26/02/12 23:41:16 INFO ShutdownHookManager: Deleting directory /tmp/spark-9e02b6d9-6672-48d5-9544-b72dd985df29
[2026-02-12T23:41:16.972+0000] {taskinstance.py:441} INFO - ::group::Post task execution logs
[2026-02-12T23:41:16.981+0000] {taskinstance.py:1206} INFO - Marking task as SUCCESS. dag_id=twitter_pipeline_2, task_id=transform_twitter_datascience, run_id=scheduled__2026-02-06T00:00:00+00:00, execution_date=20260206T000000, start_date=20260212T234110, end_date=20260212T234116
[2026-02-12T23:41:17.000+0000] {local_task_job_runner.py:243} INFO - Task exited with return code 0
[2026-02-12T23:41:17.015+0000] {taskinstance.py:3503} INFO - 1 downstream tasks scheduled from follow-on schedule check
[2026-02-12T23:41:17.017+0000] {local_task_job_runner.py:222} INFO - ::endgroup::
