[2026-02-12T23:31:16.691+0000] {local_task_job_runner.py:120} INFO - ::group::Pre task execution logs
[2026-02-12T23:31:16.707+0000] {taskinstance.py:2076} INFO - Dependencies all met for dep_context=non-requeueable deps ti=<TaskInstance: twitter_pipeline_2.transform_twitter_datascience scheduled__2026-02-08T00:00:00+00:00 [queued]>
[2026-02-12T23:31:16.713+0000] {taskinstance.py:2076} INFO - Dependencies all met for dep_context=requeueable deps ti=<TaskInstance: twitter_pipeline_2.transform_twitter_datascience scheduled__2026-02-08T00:00:00+00:00 [queued]>
[2026-02-12T23:31:16.713+0000] {taskinstance.py:2306} INFO - Starting attempt 1 of 1
[2026-02-12T23:31:16.723+0000] {taskinstance.py:2330} INFO - Executing <Task(SparkSubmitOperator): transform_twitter_datascience> on 2026-02-08 00:00:00+00:00
[2026-02-12T23:31:16.729+0000] {standard_task_runner.py:64} INFO - Started process 1506 to run task
[2026-02-12T23:31:16.732+0000] {standard_task_runner.py:90} INFO - Running: ['airflow', 'tasks', 'run', 'twitter_pipeline_2', 'transform_twitter_datascience', 'scheduled__2026-02-08T00:00:00+00:00', '--job-id', '182', '--raw', '--subdir', 'DAGS_FOLDER/dag2.py', '--cfg-path', '/tmp/tmpqv1tyxy0']
[2026-02-12T23:31:16.733+0000] {standard_task_runner.py:91} INFO - Job 182: Subtask transform_twitter_datascience
[2026-02-12T23:31:16.779+0000] {task_command.py:426} INFO - Running <TaskInstance: twitter_pipeline_2.transform_twitter_datascience scheduled__2026-02-08T00:00:00+00:00 [running]> on host 0bc7f8c4ce9d
[2026-02-12T23:31:16.853+0000] {taskinstance.py:2648} INFO - Exporting env vars: AIRFLOW_CTX_DAG_OWNER='airflow' AIRFLOW_CTX_DAG_ID='twitter_pipeline_2' AIRFLOW_CTX_TASK_ID='transform_twitter_datascience' AIRFLOW_CTX_EXECUTION_DATE='2026-02-08T00:00:00+00:00' AIRFLOW_CTX_TRY_NUMBER='1' AIRFLOW_CTX_DAG_RUN_ID='scheduled__2026-02-08T00:00:00+00:00'
[2026-02-12T23:31:16.854+0000] {taskinstance.py:430} INFO - ::endgroup::
[2026-02-12T23:31:16.863+0000] {base.py:84} INFO - Using connection ID 'spark_default' for task execution.
[2026-02-12T23:31:16.864+0000] {spark_submit.py:341} INFO - Spark-Submit cmd: spark-submit --master local --name twitter_transformation --queue root.default /opt/airflow/src/spark/transformation.py --src /opt/airflow/data/raw --dest /opt/airflow/data/silver
[2026-02-12T23:31:18.857+0000] {spark_submit.py:492} INFO - 26/02/12 23:31:18 INFO ShutdownHookManager: Shutdown hook called
[2026-02-12T23:31:18.859+0000] {spark_submit.py:492} INFO - 26/02/12 23:31:18 INFO ShutdownHookManager: Deleting directory /tmp/spark-6fff7161-b425-43ef-b2f8-6b7b33d8e1fd
[2026-02-12T23:31:18.898+0000] {taskinstance.py:441} INFO - ::group::Post task execution logs
[2026-02-12T23:31:18.908+0000] {taskinstance.py:1206} INFO - Marking task as SUCCESS. dag_id=twitter_pipeline_2, task_id=transform_twitter_datascience, run_id=scheduled__2026-02-08T00:00:00+00:00, execution_date=20260208T000000, start_date=20260212T233116, end_date=20260212T233118
[2026-02-12T23:31:18.948+0000] {local_task_job_runner.py:243} INFO - Task exited with return code 0
[2026-02-12T23:31:18.970+0000] {taskinstance.py:3503} INFO - 1 downstream tasks scheduled from follow-on schedule check
[2026-02-12T23:31:18.972+0000] {local_task_job_runner.py:222} INFO - ::endgroup::
[2026-02-12T23:41:47.227+0000] {local_task_job_runner.py:120} INFO - ::group::Pre task execution logs
[2026-02-12T23:41:47.241+0000] {taskinstance.py:2076} INFO - Dependencies all met for dep_context=non-requeueable deps ti=<TaskInstance: twitter_pipeline_2.transform_twitter_datascience scheduled__2026-02-08T00:00:00+00:00 [queued]>
[2026-02-12T23:41:47.246+0000] {taskinstance.py:2076} INFO - Dependencies all met for dep_context=requeueable deps ti=<TaskInstance: twitter_pipeline_2.transform_twitter_datascience scheduled__2026-02-08T00:00:00+00:00 [queued]>
[2026-02-12T23:41:47.246+0000] {taskinstance.py:2306} INFO - Starting attempt 1 of 1
[2026-02-12T23:41:47.254+0000] {taskinstance.py:2330} INFO - Executing <Task(SparkSubmitOperator): transform_twitter_datascience> on 2026-02-08 00:00:00+00:00
[2026-02-12T23:41:47.259+0000] {standard_task_runner.py:64} INFO - Started process 6944 to run task
[2026-02-12T23:41:47.262+0000] {standard_task_runner.py:90} INFO - Running: ['airflow', 'tasks', 'run', 'twitter_pipeline_2', 'transform_twitter_datascience', 'scheduled__2026-02-08T00:00:00+00:00', '--job-id', '224', '--raw', '--subdir', 'DAGS_FOLDER/dag2.py', '--cfg-path', '/tmp/tmpe4p2qiz4']
[2026-02-12T23:41:47.263+0000] {standard_task_runner.py:91} INFO - Job 224: Subtask transform_twitter_datascience
[2026-02-12T23:41:47.304+0000] {task_command.py:426} INFO - Running <TaskInstance: twitter_pipeline_2.transform_twitter_datascience scheduled__2026-02-08T00:00:00+00:00 [running]> on host 0bc7f8c4ce9d
[2026-02-12T23:41:47.368+0000] {taskinstance.py:2648} INFO - Exporting env vars: AIRFLOW_CTX_DAG_OWNER='airflow' AIRFLOW_CTX_DAG_ID='twitter_pipeline_2' AIRFLOW_CTX_TASK_ID='transform_twitter_datascience' AIRFLOW_CTX_EXECUTION_DATE='2026-02-08T00:00:00+00:00' AIRFLOW_CTX_TRY_NUMBER='1' AIRFLOW_CTX_DAG_RUN_ID='scheduled__2026-02-08T00:00:00+00:00'
[2026-02-12T23:41:47.369+0000] {taskinstance.py:430} INFO - ::endgroup::
[2026-02-12T23:41:47.376+0000] {base.py:84} INFO - Using connection ID 'spark_default' for task execution.
[2026-02-12T23:41:47.377+0000] {spark_submit.py:341} INFO - Spark-Submit cmd: spark-submit --master local --name twitter_transformation --queue root.default /opt/airflow/src/spark/transformation.py --src /opt/airflow/data/raw --dest /opt/airflow/data/silver
[2026-02-12T23:41:49.034+0000] {spark_submit.py:492} INFO - 26/02/12 23:41:49 INFO SparkContext: Running Spark version 3.4.1
[2026-02-12T23:41:49.067+0000] {spark_submit.py:492} INFO - 26/02/12 23:41:49 WARN NativeCodeLoader: Unable to load native-hadoop library for your platform... using builtin-java classes where applicable
[2026-02-12T23:41:49.119+0000] {spark_submit.py:492} INFO - 26/02/12 23:41:49 INFO ResourceUtils: ==============================================================
[2026-02-12T23:41:49.119+0000] {spark_submit.py:492} INFO - 26/02/12 23:41:49 INFO ResourceUtils: No custom resources configured for spark.driver.
[2026-02-12T23:41:49.119+0000] {spark_submit.py:492} INFO - 26/02/12 23:41:49 INFO ResourceUtils: ==============================================================
[2026-02-12T23:41:49.119+0000] {spark_submit.py:492} INFO - 26/02/12 23:41:49 INFO SparkContext: Submitted application: twitter_transformation
[2026-02-12T23:41:49.132+0000] {spark_submit.py:492} INFO - 26/02/12 23:41:49 INFO ResourceProfile: Default ResourceProfile created, executor resources: Map(cores -> name: cores, amount: 1, script: , vendor: , memory -> name: memory, amount: 1024, script: , vendor: , offHeap -> name: offHeap, amount: 0, script: , vendor: ), task resources: Map(cpus -> name: cpus, amount: 1.0)
[2026-02-12T23:41:49.137+0000] {spark_submit.py:492} INFO - 26/02/12 23:41:49 INFO ResourceProfile: Limiting resource is cpu
[2026-02-12T23:41:49.138+0000] {spark_submit.py:492} INFO - 26/02/12 23:41:49 INFO ResourceProfileManager: Added ResourceProfile id: 0
[2026-02-12T23:41:49.165+0000] {spark_submit.py:492} INFO - 26/02/12 23:41:49 INFO SecurityManager: Changing view acls to: default
[2026-02-12T23:41:49.165+0000] {spark_submit.py:492} INFO - 26/02/12 23:41:49 INFO SecurityManager: Changing modify acls to: default
[2026-02-12T23:41:49.166+0000] {spark_submit.py:492} INFO - 26/02/12 23:41:49 INFO SecurityManager: Changing view acls groups to:
[2026-02-12T23:41:49.166+0000] {spark_submit.py:492} INFO - 26/02/12 23:41:49 INFO SecurityManager: Changing modify acls groups to:
[2026-02-12T23:41:49.166+0000] {spark_submit.py:492} INFO - 26/02/12 23:41:49 INFO SecurityManager: SecurityManager: authentication disabled; ui acls disabled; users with view permissions: default; groups with view permissions: EMPTY; users with modify permissions: default; groups with modify permissions: EMPTY
[2026-02-12T23:41:49.291+0000] {spark_submit.py:492} INFO - 26/02/12 23:41:49 INFO Utils: Successfully started service 'sparkDriver' on port 36013.
[2026-02-12T23:41:49.309+0000] {spark_submit.py:492} INFO - 26/02/12 23:41:49 INFO SparkEnv: Registering MapOutputTracker
[2026-02-12T23:41:49.329+0000] {spark_submit.py:492} INFO - 26/02/12 23:41:49 INFO SparkEnv: Registering BlockManagerMaster
[2026-02-12T23:41:49.341+0000] {spark_submit.py:492} INFO - 26/02/12 23:41:49 INFO BlockManagerMasterEndpoint: Using org.apache.spark.storage.DefaultTopologyMapper for getting topology information
[2026-02-12T23:41:49.341+0000] {spark_submit.py:492} INFO - 26/02/12 23:41:49 INFO BlockManagerMasterEndpoint: BlockManagerMasterEndpoint up
[2026-02-12T23:41:49.344+0000] {spark_submit.py:492} INFO - 26/02/12 23:41:49 INFO SparkEnv: Registering BlockManagerMasterHeartbeat
[2026-02-12T23:41:49.358+0000] {spark_submit.py:492} INFO - 26/02/12 23:41:49 INFO DiskBlockManager: Created local directory at /tmp/blockmgr-527ffbf0-acac-4274-aefd-219fc9bd0e22
[2026-02-12T23:41:49.369+0000] {spark_submit.py:492} INFO - 26/02/12 23:41:49 INFO MemoryStore: MemoryStore started with capacity 434.4 MiB
[2026-02-12T23:41:49.379+0000] {spark_submit.py:492} INFO - 26/02/12 23:41:49 INFO SparkEnv: Registering OutputCommitCoordinator
[2026-02-12T23:41:49.455+0000] {spark_submit.py:492} INFO - 26/02/12 23:41:49 INFO JettyUtils: Start Jetty 0.0.0.0:4040 for SparkUI
[2026-02-12T23:41:49.487+0000] {spark_submit.py:492} INFO - 26/02/12 23:41:49 INFO Utils: Successfully started service 'SparkUI' on port 4040.
[2026-02-12T23:41:49.552+0000] {spark_submit.py:492} INFO - 26/02/12 23:41:49 INFO Executor: Starting executor ID driver on host 0bc7f8c4ce9d
[2026-02-12T23:41:49.555+0000] {spark_submit.py:492} INFO - 26/02/12 23:41:49 INFO Executor: Starting executor with user classpath (userClassPathFirst = false): ''
[2026-02-12T23:41:49.565+0000] {spark_submit.py:492} INFO - 26/02/12 23:41:49 INFO Utils: Successfully started service 'org.apache.spark.network.netty.NettyBlockTransferService' on port 43361.
[2026-02-12T23:41:49.565+0000] {spark_submit.py:492} INFO - 26/02/12 23:41:49 INFO NettyBlockTransferService: Server created on 0bc7f8c4ce9d:43361
[2026-02-12T23:41:49.566+0000] {spark_submit.py:492} INFO - 26/02/12 23:41:49 INFO BlockManager: Using org.apache.spark.storage.RandomBlockReplicationPolicy for block replication policy
[2026-02-12T23:41:49.570+0000] {spark_submit.py:492} INFO - 26/02/12 23:41:49 INFO BlockManagerMaster: Registering BlockManager BlockManagerId(driver, 0bc7f8c4ce9d, 43361, None)
[2026-02-12T23:41:49.572+0000] {spark_submit.py:492} INFO - 26/02/12 23:41:49 INFO BlockManagerMasterEndpoint: Registering block manager 0bc7f8c4ce9d:43361 with 434.4 MiB RAM, BlockManagerId(driver, 0bc7f8c4ce9d, 43361, None)
[2026-02-12T23:41:49.573+0000] {spark_submit.py:492} INFO - 26/02/12 23:41:49 INFO BlockManagerMaster: Registered BlockManager BlockManagerId(driver, 0bc7f8c4ce9d, 43361, None)
[2026-02-12T23:41:49.574+0000] {spark_submit.py:492} INFO - 26/02/12 23:41:49 INFO BlockManager: Initialized BlockManager: BlockManagerId(driver, 0bc7f8c4ce9d, 43361, None)
[2026-02-12T23:41:49.810+0000] {spark_submit.py:492} INFO - 26/02/12 23:41:49 INFO SharedState: Setting hive.metastore.warehouse.dir ('null') to the value of spark.sql.warehouse.dir.
[2026-02-12T23:41:49.814+0000] {spark_submit.py:492} INFO - 26/02/12 23:41:49 INFO SharedState: Warehouse path is 'file:/opt/airflow/spark-warehouse'.
[2026-02-12T23:41:50.221+0000] {spark_submit.py:492} INFO - 26/02/12 23:41:50 INFO InMemoryFileIndex: It took 26 ms to list leaf files for 1 paths.
[2026-02-12T23:41:50.265+0000] {spark_submit.py:492} INFO - 26/02/12 23:41:50 INFO InMemoryFileIndex: It took 7 ms to list leaf files for 12 paths.
[2026-02-12T23:41:51.305+0000] {spark_submit.py:492} INFO - 26/02/12 23:41:51 INFO FileSourceStrategy: Pushed Filters:
[2026-02-12T23:41:51.311+0000] {spark_submit.py:492} INFO - 26/02/12 23:41:51 INFO FileSourceStrategy: Post-Scan Filters:
[2026-02-12T23:41:51.437+0000] {spark_submit.py:492} INFO - 26/02/12 23:41:51 INFO MemoryStore: Block broadcast_0 stored as values in memory (estimated size 199.2 KiB, free 434.2 MiB)
[2026-02-12T23:41:51.473+0000] {spark_submit.py:492} INFO - 26/02/12 23:41:51 INFO MemoryStore: Block broadcast_0_piece0 stored as bytes in memory (estimated size 34.2 KiB, free 434.2 MiB)
[2026-02-12T23:41:51.475+0000] {spark_submit.py:492} INFO - 26/02/12 23:41:51 INFO BlockManagerInfo: Added broadcast_0_piece0 in memory on 0bc7f8c4ce9d:43361 (size: 34.2 KiB, free: 434.4 MiB)
[2026-02-12T23:41:51.478+0000] {spark_submit.py:492} INFO - 26/02/12 23:41:51 INFO SparkContext: Created broadcast 0 from json at NativeMethodAccessorImpl.java:0
[2026-02-12T23:41:51.484+0000] {spark_submit.py:492} INFO - 26/02/12 23:41:51 INFO FileSourceScanExec: Planning scan with bin packing, max size: 50387013 bytes, open cost is considered as scanning 4194304 bytes.
[2026-02-12T23:41:51.567+0000] {spark_submit.py:492} INFO - 26/02/12 23:41:51 INFO SparkContext: Starting job: json at NativeMethodAccessorImpl.java:0
[2026-02-12T23:41:51.575+0000] {spark_submit.py:492} INFO - 26/02/12 23:41:51 INFO DAGScheduler: Got job 0 (json at NativeMethodAccessorImpl.java:0) with 1 output partitions
[2026-02-12T23:41:51.576+0000] {spark_submit.py:492} INFO - 26/02/12 23:41:51 INFO DAGScheduler: Final stage: ResultStage 0 (json at NativeMethodAccessorImpl.java:0)
[2026-02-12T23:41:51.576+0000] {spark_submit.py:492} INFO - 26/02/12 23:41:51 INFO DAGScheduler: Parents of final stage: List()
[2026-02-12T23:41:51.576+0000] {spark_submit.py:492} INFO - 26/02/12 23:41:51 INFO DAGScheduler: Missing parents: List()
[2026-02-12T23:41:51.578+0000] {spark_submit.py:492} INFO - 26/02/12 23:41:51 INFO DAGScheduler: Submitting ResultStage 0 (MapPartitionsRDD[3] at json at NativeMethodAccessorImpl.java:0), which has no missing parents
[2026-02-12T23:41:51.622+0000] {spark_submit.py:492} INFO - 26/02/12 23:41:51 INFO MemoryStore: Block broadcast_1 stored as values in memory (estimated size 15.0 KiB, free 434.2 MiB)
[2026-02-12T23:41:51.627+0000] {spark_submit.py:492} INFO - 26/02/12 23:41:51 INFO MemoryStore: Block broadcast_1_piece0 stored as bytes in memory (estimated size 7.2 KiB, free 434.2 MiB)
[2026-02-12T23:41:51.628+0000] {spark_submit.py:492} INFO - 26/02/12 23:41:51 INFO BlockManagerInfo: Added broadcast_1_piece0 in memory on 0bc7f8c4ce9d:43361 (size: 7.2 KiB, free: 434.4 MiB)
[2026-02-12T23:41:51.629+0000] {spark_submit.py:492} INFO - 26/02/12 23:41:51 INFO SparkContext: Created broadcast 1 from broadcast at DAGScheduler.scala:1535
[2026-02-12T23:41:51.637+0000] {spark_submit.py:492} INFO - 26/02/12 23:41:51 INFO DAGScheduler: Submitting 1 missing tasks from ResultStage 0 (MapPartitionsRDD[3] at json at NativeMethodAccessorImpl.java:0) (first 15 tasks are for partitions Vector(0))
[2026-02-12T23:41:51.637+0000] {spark_submit.py:492} INFO - 26/02/12 23:41:51 INFO TaskSchedulerImpl: Adding task set 0.0 with 1 tasks resource profile 0
[2026-02-12T23:41:51.661+0000] {spark_submit.py:492} INFO - 26/02/12 23:41:51 INFO TaskSetManager: Starting task 0.0 in stage 0.0 (TID 0) (0bc7f8c4ce9d, executor driver, partition 0, PROCESS_LOCAL, 9064 bytes)
[2026-02-12T23:41:51.668+0000] {spark_submit.py:492} INFO - 26/02/12 23:41:51 INFO Executor: Running task 0.0 in stage 0.0 (TID 0)
[2026-02-12T23:41:51.723+0000] {spark_submit.py:492} INFO - 26/02/12 23:41:51 INFO FileScanRDD: Reading File path: file:///opt/airflow/data/raw/tweets_2026-02-05.json, range: 0-10349, partition values: [empty row]
[2026-02-12T23:41:51.846+0000] {spark_submit.py:492} INFO - 26/02/12 23:41:51 INFO CodeGenerator: Code generated in 104.752137 ms
[2026-02-12T23:41:51.872+0000] {spark_submit.py:492} INFO - 26/02/12 23:41:51 INFO FileScanRDD: Reading File path: file:///opt/airflow/data/raw/tweets_2026-02-10.json, range: 0-6957, partition values: [empty row]
[2026-02-12T23:41:51.878+0000] {spark_submit.py:492} INFO - 26/02/12 23:41:51 INFO FileScanRDD: Reading File path: file:///opt/airflow/data/raw/tweets_2026-02-08.json, range: 0-6904, partition values: [empty row]
[2026-02-12T23:41:51.881+0000] {spark_submit.py:492} INFO - 26/02/12 23:41:51 INFO FileScanRDD: Reading File path: file:///opt/airflow/data/raw/tweets_2026-02-03.json, range: 0-3511, partition values: [empty row]
[2026-02-12T23:41:51.884+0000] {spark_submit.py:492} INFO - 26/02/12 23:41:51 INFO FileScanRDD: Reading File path: file:///opt/airflow/data/raw/tweets_2026-02-02.json, range: 0-3495, partition values: [empty row]
[2026-02-12T23:41:51.886+0000] {spark_submit.py:492} INFO - 26/02/12 23:41:51 INFO FileScanRDD: Reading File path: file:///opt/airflow/data/raw/tweets_2026-02-01.json, range: 0-3492, partition values: [empty row]
[2026-02-12T23:41:51.888+0000] {spark_submit.py:492} INFO - 26/02/12 23:41:51 INFO FileScanRDD: Reading File path: file:///opt/airflow/data/raw/tweets_2026-02-06.json, range: 0-3482, partition values: [empty row]
[2026-02-12T23:41:51.890+0000] {spark_submit.py:492} INFO - 26/02/12 23:41:51 INFO FileScanRDD: Reading File path: file:///opt/airflow/data/raw/tweets_2026-02-12.json, range: 0-3463, partition values: [empty row]
[2026-02-12T23:41:51.893+0000] {spark_submit.py:492} INFO - 26/02/12 23:41:51 INFO FileScanRDD: Reading File path: file:///opt/airflow/data/raw/tweets_2026-02-07.json, range: 0-3459, partition values: [empty row]
[2026-02-12T23:41:51.896+0000] {spark_submit.py:492} INFO - 26/02/12 23:41:51 INFO FileScanRDD: Reading File path: file:///opt/airflow/data/raw/tweets_2026-02-09.json, range: 0-3435, partition values: [empty row]
[2026-02-12T23:41:51.897+0000] {spark_submit.py:492} INFO - 26/02/12 23:41:51 INFO FileScanRDD: Reading File path: file:///opt/airflow/data/raw/tweets_2026-02-11.json, range: 0-3424, partition values: [empty row]
[2026-02-12T23:41:51.899+0000] {spark_submit.py:492} INFO - 26/02/12 23:41:51 INFO FileScanRDD: Reading File path: file:///opt/airflow/data/raw/tweets_2026-02-04.json, range: 0-3394, partition values: [empty row]
[2026-02-12T23:41:51.911+0000] {spark_submit.py:492} INFO - 26/02/12 23:41:51 INFO Executor: Finished task 0.0 in stage 0.0 (TID 0). 2606 bytes result sent to driver
[2026-02-12T23:41:51.917+0000] {spark_submit.py:492} INFO - 26/02/12 23:41:51 INFO TaskSetManager: Finished task 0.0 in stage 0.0 (TID 0) in 260 ms on 0bc7f8c4ce9d (executor driver) (1/1)
[2026-02-12T23:41:51.918+0000] {spark_submit.py:492} INFO - 26/02/12 23:41:51 INFO TaskSchedulerImpl: Removed TaskSet 0.0, whose tasks have all completed, from pool
[2026-02-12T23:41:51.921+0000] {spark_submit.py:492} INFO - 26/02/12 23:41:51 INFO DAGScheduler: ResultStage 0 (json at NativeMethodAccessorImpl.java:0) finished in 0.335 s
[2026-02-12T23:41:51.923+0000] {spark_submit.py:492} INFO - 26/02/12 23:41:51 INFO DAGScheduler: Job 0 is finished. Cancelling potential speculative or zombie tasks for this job
[2026-02-12T23:41:51.923+0000] {spark_submit.py:492} INFO - 26/02/12 23:41:51 INFO TaskSchedulerImpl: Killing all running tasks in stage 0: Stage finished
[2026-02-12T23:41:51.924+0000] {spark_submit.py:492} INFO - 26/02/12 23:41:51 INFO DAGScheduler: Job 0 finished: json at NativeMethodAccessorImpl.java:0, took 0.356835 s
[2026-02-12T23:41:52.149+0000] {spark_submit.py:492} INFO - 26/02/12 23:41:52 INFO FileSourceStrategy: Pushed Filters:
[2026-02-12T23:41:52.149+0000] {spark_submit.py:492} INFO - 26/02/12 23:41:52 INFO FileSourceStrategy: Post-Scan Filters:
[2026-02-12T23:41:52.189+0000] {spark_submit.py:492} INFO - 26/02/12 23:41:52 INFO ParquetUtils: Using default output committer for Parquet: org.apache.parquet.hadoop.ParquetOutputCommitter
[2026-02-12T23:41:52.199+0000] {spark_submit.py:492} INFO - 26/02/12 23:41:52 INFO FileOutputCommitter: File Output Committer Algorithm version is 1
[2026-02-12T23:41:52.199+0000] {spark_submit.py:492} INFO - 26/02/12 23:41:52 INFO FileOutputCommitter: FileOutputCommitter skip cleanup _temporary folders under output directory:false, ignore cleanup failures: false
[2026-02-12T23:41:52.199+0000] {spark_submit.py:492} INFO - 26/02/12 23:41:52 INFO SQLHadoopMapReduceCommitProtocol: Using user defined output committer class org.apache.parquet.hadoop.ParquetOutputCommitter
[2026-02-12T23:41:52.200+0000] {spark_submit.py:492} INFO - 26/02/12 23:41:52 INFO FileOutputCommitter: File Output Committer Algorithm version is 1
[2026-02-12T23:41:52.200+0000] {spark_submit.py:492} INFO - 26/02/12 23:41:52 INFO FileOutputCommitter: FileOutputCommitter skip cleanup _temporary folders under output directory:false, ignore cleanup failures: false
[2026-02-12T23:41:52.200+0000] {spark_submit.py:492} INFO - 26/02/12 23:41:52 INFO SQLHadoopMapReduceCommitProtocol: Using output committer class org.apache.parquet.hadoop.ParquetOutputCommitter
[2026-02-12T23:41:52.272+0000] {spark_submit.py:492} INFO - 26/02/12 23:41:52 INFO CodeGenerator: Code generated in 31.084419 ms
[2026-02-12T23:41:52.275+0000] {spark_submit.py:492} INFO - 26/02/12 23:41:52 INFO MemoryStore: Block broadcast_2 stored as values in memory (estimated size 199.1 KiB, free 434.0 MiB)
[2026-02-12T23:41:52.281+0000] {spark_submit.py:492} INFO - 26/02/12 23:41:52 INFO MemoryStore: Block broadcast_2_piece0 stored as bytes in memory (estimated size 34.1 KiB, free 433.9 MiB)
[2026-02-12T23:41:52.282+0000] {spark_submit.py:492} INFO - 26/02/12 23:41:52 INFO BlockManagerInfo: Added broadcast_2_piece0 in memory on 0bc7f8c4ce9d:43361 (size: 34.1 KiB, free: 434.3 MiB)
[2026-02-12T23:41:52.283+0000] {spark_submit.py:492} INFO - 26/02/12 23:41:52 INFO SparkContext: Created broadcast 2 from parquet at NativeMethodAccessorImpl.java:0
[2026-02-12T23:41:52.285+0000] {spark_submit.py:492} INFO - 26/02/12 23:41:52 INFO FileSourceScanExec: Planning scan with bin packing, max size: 50387013 bytes, open cost is considered as scanning 4194304 bytes.
[2026-02-12T23:41:52.321+0000] {spark_submit.py:492} INFO - 26/02/12 23:41:52 INFO SparkContext: Starting job: parquet at NativeMethodAccessorImpl.java:0
[2026-02-12T23:41:52.322+0000] {spark_submit.py:492} INFO - 26/02/12 23:41:52 INFO DAGScheduler: Got job 1 (parquet at NativeMethodAccessorImpl.java:0) with 1 output partitions
[2026-02-12T23:41:52.322+0000] {spark_submit.py:492} INFO - 26/02/12 23:41:52 INFO DAGScheduler: Final stage: ResultStage 1 (parquet at NativeMethodAccessorImpl.java:0)
[2026-02-12T23:41:52.322+0000] {spark_submit.py:492} INFO - 26/02/12 23:41:52 INFO DAGScheduler: Parents of final stage: List()
[2026-02-12T23:41:52.323+0000] {spark_submit.py:492} INFO - 26/02/12 23:41:52 INFO DAGScheduler: Missing parents: List()
[2026-02-12T23:41:52.323+0000] {spark_submit.py:492} INFO - 26/02/12 23:41:52 INFO DAGScheduler: Submitting ResultStage 1 (MapPartitionsRDD[7] at parquet at NativeMethodAccessorImpl.java:0), which has no missing parents
[2026-02-12T23:41:52.329+0000] {spark_submit.py:492} INFO - 26/02/12 23:41:52 INFO BlockManagerInfo: Removed broadcast_1_piece0 on 0bc7f8c4ce9d:43361 in memory (size: 7.2 KiB, free: 434.3 MiB)
[2026-02-12T23:41:52.333+0000] {spark_submit.py:492} INFO - 26/02/12 23:41:52 INFO BlockManagerInfo: Removed broadcast_0_piece0 on 0bc7f8c4ce9d:43361 in memory (size: 34.2 KiB, free: 434.4 MiB)
[2026-02-12T23:41:52.338+0000] {spark_submit.py:492} INFO - 26/02/12 23:41:52 INFO MemoryStore: Block broadcast_3 stored as values in memory (estimated size 236.4 KiB, free 433.9 MiB)
[2026-02-12T23:41:52.340+0000] {spark_submit.py:492} INFO - 26/02/12 23:41:52 INFO MemoryStore: Block broadcast_3_piece0 stored as bytes in memory (estimated size 86.3 KiB, free 433.9 MiB)
[2026-02-12T23:41:52.340+0000] {spark_submit.py:492} INFO - 26/02/12 23:41:52 INFO BlockManagerInfo: Added broadcast_3_piece0 in memory on 0bc7f8c4ce9d:43361 (size: 86.3 KiB, free: 434.3 MiB)
[2026-02-12T23:41:52.341+0000] {spark_submit.py:492} INFO - 26/02/12 23:41:52 INFO SparkContext: Created broadcast 3 from broadcast at DAGScheduler.scala:1535
[2026-02-12T23:41:52.341+0000] {spark_submit.py:492} INFO - 26/02/12 23:41:52 INFO DAGScheduler: Submitting 1 missing tasks from ResultStage 1 (MapPartitionsRDD[7] at parquet at NativeMethodAccessorImpl.java:0) (first 15 tasks are for partitions Vector(0))
[2026-02-12T23:41:52.341+0000] {spark_submit.py:492} INFO - 26/02/12 23:41:52 INFO TaskSchedulerImpl: Adding task set 1.0 with 1 tasks resource profile 0
[2026-02-12T23:41:52.342+0000] {spark_submit.py:492} INFO - 26/02/12 23:41:52 INFO TaskSetManager: Starting task 0.0 in stage 1.0 (TID 1) (0bc7f8c4ce9d, executor driver, partition 0, PROCESS_LOCAL, 9064 bytes)
[2026-02-12T23:41:52.343+0000] {spark_submit.py:492} INFO - 26/02/12 23:41:52 INFO Executor: Running task 0.0 in stage 1.0 (TID 1)
[2026-02-12T23:41:52.382+0000] {spark_submit.py:492} INFO - 26/02/12 23:41:52 INFO CodeGenerator: Code generated in 7.720286 ms
[2026-02-12T23:41:52.392+0000] {spark_submit.py:492} INFO - 26/02/12 23:41:52 INFO CodeGenerator: Code generated in 5.562632 ms
[2026-02-12T23:41:52.399+0000] {spark_submit.py:492} INFO - 26/02/12 23:41:52 INFO FileOutputCommitter: File Output Committer Algorithm version is 1
[2026-02-12T23:41:52.399+0000] {spark_submit.py:492} INFO - 26/02/12 23:41:52 INFO FileOutputCommitter: FileOutputCommitter skip cleanup _temporary folders under output directory:false, ignore cleanup failures: false
[2026-02-12T23:41:52.399+0000] {spark_submit.py:492} INFO - 26/02/12 23:41:52 INFO SQLHadoopMapReduceCommitProtocol: Using user defined output committer class org.apache.parquet.hadoop.ParquetOutputCommitter
[2026-02-12T23:41:52.399+0000] {spark_submit.py:492} INFO - 26/02/12 23:41:52 INFO FileOutputCommitter: File Output Committer Algorithm version is 1
[2026-02-12T23:41:52.400+0000] {spark_submit.py:492} INFO - 26/02/12 23:41:52 INFO FileOutputCommitter: FileOutputCommitter skip cleanup _temporary folders under output directory:false, ignore cleanup failures: false
[2026-02-12T23:41:52.400+0000] {spark_submit.py:492} INFO - 26/02/12 23:41:52 INFO SQLHadoopMapReduceCommitProtocol: Using output committer class org.apache.parquet.hadoop.ParquetOutputCommitter
[2026-02-12T23:41:52.420+0000] {spark_submit.py:492} INFO - 26/02/12 23:41:52 INFO CodeGenerator: Code generated in 13.62479 ms
[2026-02-12T23:41:52.421+0000] {spark_submit.py:492} INFO - 26/02/12 23:41:52 INFO FileScanRDD: Reading File path: file:///opt/airflow/data/raw/tweets_2026-02-05.json, range: 0-10349, partition values: [empty row]
[2026-02-12T23:41:52.436+0000] {spark_submit.py:492} INFO - 26/02/12 23:41:52 INFO CodeGenerator: Code generated in 10.729188 ms
[2026-02-12T23:41:52.462+0000] {spark_submit.py:492} INFO - 26/02/12 23:41:52 INFO FileScanRDD: Reading File path: file:///opt/airflow/data/raw/tweets_2026-02-10.json, range: 0-6957, partition values: [empty row]
[2026-02-12T23:41:52.468+0000] {spark_submit.py:492} INFO - 26/02/12 23:41:52 INFO FileScanRDD: Reading File path: file:///opt/airflow/data/raw/tweets_2026-02-08.json, range: 0-6904, partition values: [empty row]
[2026-02-12T23:41:52.471+0000] {spark_submit.py:492} INFO - 26/02/12 23:41:52 INFO FileScanRDD: Reading File path: file:///opt/airflow/data/raw/tweets_2026-02-03.json, range: 0-3511, partition values: [empty row]
[2026-02-12T23:41:52.474+0000] {spark_submit.py:492} INFO - 26/02/12 23:41:52 INFO FileScanRDD: Reading File path: file:///opt/airflow/data/raw/tweets_2026-02-02.json, range: 0-3495, partition values: [empty row]
[2026-02-12T23:41:52.476+0000] {spark_submit.py:492} INFO - 26/02/12 23:41:52 INFO FileScanRDD: Reading File path: file:///opt/airflow/data/raw/tweets_2026-02-01.json, range: 0-3492, partition values: [empty row]
[2026-02-12T23:41:52.479+0000] {spark_submit.py:492} INFO - 26/02/12 23:41:52 INFO FileScanRDD: Reading File path: file:///opt/airflow/data/raw/tweets_2026-02-06.json, range: 0-3482, partition values: [empty row]
[2026-02-12T23:41:52.481+0000] {spark_submit.py:492} INFO - 26/02/12 23:41:52 INFO FileScanRDD: Reading File path: file:///opt/airflow/data/raw/tweets_2026-02-12.json, range: 0-3463, partition values: [empty row]
[2026-02-12T23:41:52.483+0000] {spark_submit.py:492} INFO - 26/02/12 23:41:52 INFO FileScanRDD: Reading File path: file:///opt/airflow/data/raw/tweets_2026-02-07.json, range: 0-3459, partition values: [empty row]
[2026-02-12T23:41:52.486+0000] {spark_submit.py:492} INFO - 26/02/12 23:41:52 INFO FileScanRDD: Reading File path: file:///opt/airflow/data/raw/tweets_2026-02-09.json, range: 0-3435, partition values: [empty row]
[2026-02-12T23:41:52.488+0000] {spark_submit.py:492} INFO - 26/02/12 23:41:52 INFO FileScanRDD: Reading File path: file:///opt/airflow/data/raw/tweets_2026-02-11.json, range: 0-3424, partition values: [empty row]
[2026-02-12T23:41:52.490+0000] {spark_submit.py:492} INFO - 26/02/12 23:41:52 INFO FileScanRDD: Reading File path: file:///opt/airflow/data/raw/tweets_2026-02-04.json, range: 0-3394, partition values: [empty row]
[2026-02-12T23:41:52.503+0000] {spark_submit.py:492} INFO - 26/02/12 23:41:52 INFO CodeGenerator: Code generated in 5.396951 ms
[2026-02-12T23:41:52.526+0000] {spark_submit.py:492} INFO - 26/02/12 23:41:52 INFO CodeGenerator: Code generated in 14.857673 ms
[2026-02-12T23:41:52.532+0000] {spark_submit.py:492} INFO - 26/02/12 23:41:52 INFO CodecConfig: Compression: SNAPPY
[2026-02-12T23:41:52.534+0000] {spark_submit.py:492} INFO - 26/02/12 23:41:52 INFO CodecConfig: Compression: SNAPPY
[2026-02-12T23:41:52.545+0000] {spark_submit.py:492} INFO - 26/02/12 23:41:52 INFO ParquetOutputFormat: ParquetRecordWriter [block size: 134217728b, row group padding size: 8388608b, validating: false]
[2026-02-12T23:41:52.564+0000] {spark_submit.py:492} INFO - 26/02/12 23:41:52 INFO ParquetWriteSupport: Initialized Parquet WriteSupport with Catalyst schema:
[2026-02-12T23:41:52.565+0000] {spark_submit.py:492} INFO - {
[2026-02-12T23:41:52.565+0000] {spark_submit.py:492} INFO - "type" : "struct",
[2026-02-12T23:41:52.565+0000] {spark_submit.py:492} INFO - "fields" : [ {
[2026-02-12T23:41:52.565+0000] {spark_submit.py:492} INFO - "name" : "user_id",
[2026-02-12T23:41:52.565+0000] {spark_submit.py:492} INFO - "type" : "string",
[2026-02-12T23:41:52.565+0000] {spark_submit.py:492} INFO - "nullable" : true,
[2026-02-12T23:41:52.565+0000] {spark_submit.py:492} INFO - "metadata" : { }
[2026-02-12T23:41:52.565+0000] {spark_submit.py:492} INFO - }, {
[2026-02-12T23:41:52.565+0000] {spark_submit.py:492} INFO - "name" : "thread_id",
[2026-02-12T23:41:52.566+0000] {spark_submit.py:492} INFO - "type" : "string",
[2026-02-12T23:41:52.566+0000] {spark_submit.py:492} INFO - "nullable" : true,
[2026-02-12T23:41:52.566+0000] {spark_submit.py:492} INFO - "metadata" : { }
[2026-02-12T23:41:52.566+0000] {spark_submit.py:492} INFO - }, {
[2026-02-12T23:41:52.566+0000] {spark_submit.py:492} INFO - "name" : "created_at",
[2026-02-12T23:41:52.566+0000] {spark_submit.py:492} INFO - "type" : "string",
[2026-02-12T23:41:52.566+0000] {spark_submit.py:492} INFO - "nullable" : true,
[2026-02-12T23:41:52.566+0000] {spark_submit.py:492} INFO - "metadata" : { }
[2026-02-12T23:41:52.567+0000] {spark_submit.py:492} INFO - }, {
[2026-02-12T23:41:52.567+0000] {spark_submit.py:492} INFO - "name" : "edit_versions_ids",
[2026-02-12T23:41:52.567+0000] {spark_submit.py:492} INFO - "type" : {
[2026-02-12T23:41:52.567+0000] {spark_submit.py:492} INFO - "type" : "array",
[2026-02-12T23:41:52.567+0000] {spark_submit.py:492} INFO - "elementType" : "long",
[2026-02-12T23:41:52.567+0000] {spark_submit.py:492} INFO - "containsNull" : true
[2026-02-12T23:41:52.567+0000] {spark_submit.py:492} INFO - },
[2026-02-12T23:41:52.567+0000] {spark_submit.py:492} INFO - "nullable" : true,
[2026-02-12T23:41:52.567+0000] {spark_submit.py:492} INFO - "metadata" : { }
[2026-02-12T23:41:52.567+0000] {spark_submit.py:492} INFO - }, {
[2026-02-12T23:41:52.568+0000] {spark_submit.py:492} INFO - "name" : "tweet_id",
[2026-02-12T23:41:52.568+0000] {spark_submit.py:492} INFO - "type" : "string",
[2026-02-12T23:41:52.568+0000] {spark_submit.py:492} INFO - "nullable" : true,
[2026-02-12T23:41:52.568+0000] {spark_submit.py:492} INFO - "metadata" : { }
[2026-02-12T23:41:52.568+0000] {spark_submit.py:492} INFO - }, {
[2026-02-12T23:41:52.568+0000] {spark_submit.py:492} INFO - "name" : "reply_to_user_id",
[2026-02-12T23:41:52.568+0000] {spark_submit.py:492} INFO - "type" : "string",
[2026-02-12T23:41:52.568+0000] {spark_submit.py:492} INFO - "nullable" : true,
[2026-02-12T23:41:52.568+0000] {spark_submit.py:492} INFO - "metadata" : { }
[2026-02-12T23:41:52.568+0000] {spark_submit.py:492} INFO - }, {
[2026-02-12T23:41:52.568+0000] {spark_submit.py:492} INFO - "name" : "language",
[2026-02-12T23:41:52.569+0000] {spark_submit.py:492} INFO - "type" : "string",
[2026-02-12T23:41:52.569+0000] {spark_submit.py:492} INFO - "nullable" : true,
[2026-02-12T23:41:52.569+0000] {spark_submit.py:492} INFO - "metadata" : { }
[2026-02-12T23:41:52.569+0000] {spark_submit.py:492} INFO - }, {
[2026-02-12T23:41:52.569+0000] {spark_submit.py:492} INFO - "name" : "tweet_text",
[2026-02-12T23:41:52.569+0000] {spark_submit.py:492} INFO - "type" : "string",
[2026-02-12T23:41:52.569+0000] {spark_submit.py:492} INFO - "nullable" : true,
[2026-02-12T23:41:52.569+0000] {spark_submit.py:492} INFO - "metadata" : { }
[2026-02-12T23:41:52.569+0000] {spark_submit.py:492} INFO - }, {
[2026-02-12T23:41:52.569+0000] {spark_submit.py:492} INFO - "name" : "likes",
[2026-02-12T23:41:52.569+0000] {spark_submit.py:492} INFO - "type" : "long",
[2026-02-12T23:41:52.569+0000] {spark_submit.py:492} INFO - "nullable" : true,
[2026-02-12T23:41:52.569+0000] {spark_submit.py:492} INFO - "metadata" : { }
[2026-02-12T23:41:52.569+0000] {spark_submit.py:492} INFO - }, {
[2026-02-12T23:41:52.570+0000] {spark_submit.py:492} INFO - "name" : "quotes",
[2026-02-12T23:41:52.570+0000] {spark_submit.py:492} INFO - "type" : "long",
[2026-02-12T23:41:52.570+0000] {spark_submit.py:492} INFO - "nullable" : true,
[2026-02-12T23:41:52.570+0000] {spark_submit.py:492} INFO - "metadata" : { }
[2026-02-12T23:41:52.570+0000] {spark_submit.py:492} INFO - }, {
[2026-02-12T23:41:52.570+0000] {spark_submit.py:492} INFO - "name" : "replies",
[2026-02-12T23:41:52.570+0000] {spark_submit.py:492} INFO - "type" : "long",
[2026-02-12T23:41:52.570+0000] {spark_submit.py:492} INFO - "nullable" : true,
[2026-02-12T23:41:52.570+0000] {spark_submit.py:492} INFO - "metadata" : { }
[2026-02-12T23:41:52.570+0000] {spark_submit.py:492} INFO - }, {
[2026-02-12T23:41:52.570+0000] {spark_submit.py:492} INFO - "name" : "retweets",
[2026-02-12T23:41:52.570+0000] {spark_submit.py:492} INFO - "type" : "long",
[2026-02-12T23:41:52.570+0000] {spark_submit.py:492} INFO - "nullable" : true,
[2026-02-12T23:41:52.570+0000] {spark_submit.py:492} INFO - "metadata" : { }
[2026-02-12T23:41:52.571+0000] {spark_submit.py:492} INFO - }, {
[2026-02-12T23:41:52.571+0000] {spark_submit.py:492} INFO - "name" : "processing_date",
[2026-02-12T23:41:52.571+0000] {spark_submit.py:492} INFO - "type" : "date",
[2026-02-12T23:41:52.571+0000] {spark_submit.py:492} INFO - "nullable" : false,
[2026-02-12T23:41:52.571+0000] {spark_submit.py:492} INFO - "metadata" : { }
[2026-02-12T23:41:52.571+0000] {spark_submit.py:492} INFO - } ]
[2026-02-12T23:41:52.571+0000] {spark_submit.py:492} INFO - }
[2026-02-12T23:41:52.571+0000] {spark_submit.py:492} INFO - and corresponding Parquet message type:
[2026-02-12T23:41:52.571+0000] {spark_submit.py:492} INFO - message spark_schema {
[2026-02-12T23:41:52.571+0000] {spark_submit.py:492} INFO - optional binary user_id (STRING);
[2026-02-12T23:41:52.571+0000] {spark_submit.py:492} INFO - optional binary thread_id (STRING);
[2026-02-12T23:41:52.571+0000] {spark_submit.py:492} INFO - optional binary created_at (STRING);
[2026-02-12T23:41:52.572+0000] {spark_submit.py:492} INFO - optional group edit_versions_ids (LIST) {
[2026-02-12T23:41:52.572+0000] {spark_submit.py:492} INFO - repeated group list {
[2026-02-12T23:41:52.572+0000] {spark_submit.py:492} INFO - optional int64 element;
[2026-02-12T23:41:52.572+0000] {spark_submit.py:492} INFO - }
[2026-02-12T23:41:52.572+0000] {spark_submit.py:492} INFO - }
[2026-02-12T23:41:52.572+0000] {spark_submit.py:492} INFO - optional binary tweet_id (STRING);
[2026-02-12T23:41:52.572+0000] {spark_submit.py:492} INFO - optional binary reply_to_user_id (STRING);
[2026-02-12T23:41:52.572+0000] {spark_submit.py:492} INFO - optional binary language (STRING);
[2026-02-12T23:41:52.573+0000] {spark_submit.py:492} INFO - optional binary tweet_text (STRING);
[2026-02-12T23:41:52.573+0000] {spark_submit.py:492} INFO - optional int64 likes;
[2026-02-12T23:41:52.573+0000] {spark_submit.py:492} INFO - optional int64 quotes;
[2026-02-12T23:41:52.573+0000] {spark_submit.py:492} INFO - optional int64 replies;
[2026-02-12T23:41:52.573+0000] {spark_submit.py:492} INFO - optional int64 retweets;
[2026-02-12T23:41:52.573+0000] {spark_submit.py:492} INFO - required int32 processing_date (DATE);
[2026-02-12T23:41:52.573+0000] {spark_submit.py:492} INFO - }
[2026-02-12T23:41:52.573+0000] {spark_submit.py:492} INFO - 
[2026-02-12T23:41:52.573+0000] {spark_submit.py:492} INFO - 
[2026-02-12T23:41:52.604+0000] {spark_submit.py:492} INFO - 26/02/12 23:41:52 INFO CodecPool: Got brand-new compressor [.snappy]
[2026-02-12T23:41:52.859+0000] {spark_submit.py:492} INFO - 26/02/12 23:41:52 INFO CodecConfig: Compression: SNAPPY
[2026-02-12T23:41:52.860+0000] {spark_submit.py:492} INFO - 26/02/12 23:41:52 INFO CodecConfig: Compression: SNAPPY
[2026-02-12T23:41:52.860+0000] {spark_submit.py:492} INFO - 26/02/12 23:41:52 INFO ParquetOutputFormat: ParquetRecordWriter [block size: 134217728b, row group padding size: 8388608b, validating: false]
[2026-02-12T23:41:52.862+0000] {spark_submit.py:492} INFO - 26/02/12 23:41:52 INFO ParquetWriteSupport: Initialized Parquet WriteSupport with Catalyst schema:
[2026-02-12T23:41:52.862+0000] {spark_submit.py:492} INFO - {
[2026-02-12T23:41:52.862+0000] {spark_submit.py:492} INFO - "type" : "struct",
[2026-02-12T23:41:52.862+0000] {spark_submit.py:492} INFO - "fields" : [ {
[2026-02-12T23:41:52.863+0000] {spark_submit.py:492} INFO - "name" : "user_id",
[2026-02-12T23:41:52.863+0000] {spark_submit.py:492} INFO - "type" : "string",
[2026-02-12T23:41:52.863+0000] {spark_submit.py:492} INFO - "nullable" : true,
[2026-02-12T23:41:52.863+0000] {spark_submit.py:492} INFO - "metadata" : { }
[2026-02-12T23:41:52.863+0000] {spark_submit.py:492} INFO - }, {
[2026-02-12T23:41:52.863+0000] {spark_submit.py:492} INFO - "name" : "thread_id",
[2026-02-12T23:41:52.863+0000] {spark_submit.py:492} INFO - "type" : "string",
[2026-02-12T23:41:52.863+0000] {spark_submit.py:492} INFO - "nullable" : true,
[2026-02-12T23:41:52.863+0000] {spark_submit.py:492} INFO - "metadata" : { }
[2026-02-12T23:41:52.863+0000] {spark_submit.py:492} INFO - }, {
[2026-02-12T23:41:52.863+0000] {spark_submit.py:492} INFO - "name" : "created_at",
[2026-02-12T23:41:52.864+0000] {spark_submit.py:492} INFO - "type" : "string",
[2026-02-12T23:41:52.864+0000] {spark_submit.py:492} INFO - "nullable" : true,
[2026-02-12T23:41:52.864+0000] {spark_submit.py:492} INFO - "metadata" : { }
[2026-02-12T23:41:52.864+0000] {spark_submit.py:492} INFO - }, {
[2026-02-12T23:41:52.864+0000] {spark_submit.py:492} INFO - "name" : "edit_versions_ids",
[2026-02-12T23:41:52.864+0000] {spark_submit.py:492} INFO - "type" : {
[2026-02-12T23:41:52.864+0000] {spark_submit.py:492} INFO - "type" : "array",
[2026-02-12T23:41:52.865+0000] {spark_submit.py:492} INFO - "elementType" : "long",
[2026-02-12T23:41:52.865+0000] {spark_submit.py:492} INFO - "containsNull" : true
[2026-02-12T23:41:52.865+0000] {spark_submit.py:492} INFO - },
[2026-02-12T23:41:52.865+0000] {spark_submit.py:492} INFO - "nullable" : true,
[2026-02-12T23:41:52.865+0000] {spark_submit.py:492} INFO - "metadata" : { }
[2026-02-12T23:41:52.865+0000] {spark_submit.py:492} INFO - }, {
[2026-02-12T23:41:52.865+0000] {spark_submit.py:492} INFO - "name" : "tweet_id",
[2026-02-12T23:41:52.865+0000] {spark_submit.py:492} INFO - "type" : "string",
[2026-02-12T23:41:52.866+0000] {spark_submit.py:492} INFO - "nullable" : true,
[2026-02-12T23:41:52.866+0000] {spark_submit.py:492} INFO - "metadata" : { }
[2026-02-12T23:41:52.866+0000] {spark_submit.py:492} INFO - }, {
[2026-02-12T23:41:52.866+0000] {spark_submit.py:492} INFO - "name" : "reply_to_user_id",
[2026-02-12T23:41:52.866+0000] {spark_submit.py:492} INFO - "type" : "string",
[2026-02-12T23:41:52.866+0000] {spark_submit.py:492} INFO - "nullable" : true,
[2026-02-12T23:41:52.866+0000] {spark_submit.py:492} INFO - "metadata" : { }
[2026-02-12T23:41:52.866+0000] {spark_submit.py:492} INFO - }, {
[2026-02-12T23:41:52.866+0000] {spark_submit.py:492} INFO - "name" : "language",
[2026-02-12T23:41:52.866+0000] {spark_submit.py:492} INFO - "type" : "string",
[2026-02-12T23:41:52.866+0000] {spark_submit.py:492} INFO - "nullable" : true,
[2026-02-12T23:41:52.867+0000] {spark_submit.py:492} INFO - "metadata" : { }
[2026-02-12T23:41:52.867+0000] {spark_submit.py:492} INFO - }, {
[2026-02-12T23:41:52.867+0000] {spark_submit.py:492} INFO - "name" : "tweet_text",
[2026-02-12T23:41:52.867+0000] {spark_submit.py:492} INFO - "type" : "string",
[2026-02-12T23:41:52.867+0000] {spark_submit.py:492} INFO - "nullable" : true,
[2026-02-12T23:41:52.867+0000] {spark_submit.py:492} INFO - "metadata" : { }
[2026-02-12T23:41:52.867+0000] {spark_submit.py:492} INFO - }, {
[2026-02-12T23:41:52.867+0000] {spark_submit.py:492} INFO - "name" : "likes",
[2026-02-12T23:41:52.868+0000] {spark_submit.py:492} INFO - "type" : "long",
[2026-02-12T23:41:52.868+0000] {spark_submit.py:492} INFO - "nullable" : true,
[2026-02-12T23:41:52.868+0000] {spark_submit.py:492} INFO - "metadata" : { }
[2026-02-12T23:41:52.868+0000] {spark_submit.py:492} INFO - }, {
[2026-02-12T23:41:52.868+0000] {spark_submit.py:492} INFO - "name" : "quotes",
[2026-02-12T23:41:52.868+0000] {spark_submit.py:492} INFO - "type" : "long",
[2026-02-12T23:41:52.868+0000] {spark_submit.py:492} INFO - "nullable" : true,
[2026-02-12T23:41:52.868+0000] {spark_submit.py:492} INFO - "metadata" : { }
[2026-02-12T23:41:52.868+0000] {spark_submit.py:492} INFO - }, {
[2026-02-12T23:41:52.868+0000] {spark_submit.py:492} INFO - "name" : "replies",
[2026-02-12T23:41:52.868+0000] {spark_submit.py:492} INFO - "type" : "long",
[2026-02-12T23:41:52.868+0000] {spark_submit.py:492} INFO - "nullable" : true,
[2026-02-12T23:41:52.868+0000] {spark_submit.py:492} INFO - "metadata" : { }
[2026-02-12T23:41:52.869+0000] {spark_submit.py:492} INFO - }, {
[2026-02-12T23:41:52.869+0000] {spark_submit.py:492} INFO - "name" : "retweets",
[2026-02-12T23:41:52.869+0000] {spark_submit.py:492} INFO - "type" : "long",
[2026-02-12T23:41:52.869+0000] {spark_submit.py:492} INFO - "nullable" : true,
[2026-02-12T23:41:52.869+0000] {spark_submit.py:492} INFO - "metadata" : { }
[2026-02-12T23:41:52.869+0000] {spark_submit.py:492} INFO - }, {
[2026-02-12T23:41:52.869+0000] {spark_submit.py:492} INFO - "name" : "processing_date",
[2026-02-12T23:41:52.869+0000] {spark_submit.py:492} INFO - "type" : "date",
[2026-02-12T23:41:52.869+0000] {spark_submit.py:492} INFO - "nullable" : false,
[2026-02-12T23:41:52.869+0000] {spark_submit.py:492} INFO - "metadata" : { }
[2026-02-12T23:41:52.869+0000] {spark_submit.py:492} INFO - } ]
[2026-02-12T23:41:52.869+0000] {spark_submit.py:492} INFO - }
[2026-02-12T23:41:52.869+0000] {spark_submit.py:492} INFO - and corresponding Parquet message type:
[2026-02-12T23:41:52.869+0000] {spark_submit.py:492} INFO - message spark_schema {
[2026-02-12T23:41:52.870+0000] {spark_submit.py:492} INFO - optional binary user_id (STRING);
[2026-02-12T23:41:52.870+0000] {spark_submit.py:492} INFO - optional binary thread_id (STRING);
[2026-02-12T23:41:52.870+0000] {spark_submit.py:492} INFO - optional binary created_at (STRING);
[2026-02-12T23:41:52.870+0000] {spark_submit.py:492} INFO - optional group edit_versions_ids (LIST) {
[2026-02-12T23:41:52.870+0000] {spark_submit.py:492} INFO - repeated group list {
[2026-02-12T23:41:52.870+0000] {spark_submit.py:492} INFO - optional int64 element;
[2026-02-12T23:41:52.870+0000] {spark_submit.py:492} INFO - }
[2026-02-12T23:41:52.870+0000] {spark_submit.py:492} INFO - }
[2026-02-12T23:41:52.870+0000] {spark_submit.py:492} INFO - optional binary tweet_id (STRING);
[2026-02-12T23:41:52.870+0000] {spark_submit.py:492} INFO - optional binary reply_to_user_id (STRING);
[2026-02-12T23:41:52.870+0000] {spark_submit.py:492} INFO - optional binary language (STRING);
[2026-02-12T23:41:52.870+0000] {spark_submit.py:492} INFO - optional binary tweet_text (STRING);
[2026-02-12T23:41:52.870+0000] {spark_submit.py:492} INFO - optional int64 likes;
[2026-02-12T23:41:52.870+0000] {spark_submit.py:492} INFO - optional int64 quotes;
[2026-02-12T23:41:52.871+0000] {spark_submit.py:492} INFO - optional int64 replies;
[2026-02-12T23:41:52.871+0000] {spark_submit.py:492} INFO - optional int64 retweets;
[2026-02-12T23:41:52.871+0000] {spark_submit.py:492} INFO - required int32 processing_date (DATE);
[2026-02-12T23:41:52.871+0000] {spark_submit.py:492} INFO - }
[2026-02-12T23:41:52.871+0000] {spark_submit.py:492} INFO - 
[2026-02-12T23:41:52.871+0000] {spark_submit.py:492} INFO - 
[2026-02-12T23:41:52.890+0000] {spark_submit.py:492} INFO - 26/02/12 23:41:52 INFO CodecConfig: Compression: SNAPPY
[2026-02-12T23:41:52.890+0000] {spark_submit.py:492} INFO - 26/02/12 23:41:52 INFO CodecConfig: Compression: SNAPPY
[2026-02-12T23:41:52.893+0000] {spark_submit.py:492} INFO - 26/02/12 23:41:52 INFO ParquetOutputFormat: ParquetRecordWriter [block size: 134217728b, row group padding size: 8388608b, validating: false]
[2026-02-12T23:41:52.895+0000] {spark_submit.py:492} INFO - 26/02/12 23:41:52 INFO ParquetWriteSupport: Initialized Parquet WriteSupport with Catalyst schema:
[2026-02-12T23:41:52.896+0000] {spark_submit.py:492} INFO - {
[2026-02-12T23:41:52.896+0000] {spark_submit.py:492} INFO - "type" : "struct",
[2026-02-12T23:41:52.896+0000] {spark_submit.py:492} INFO - "fields" : [ {
[2026-02-12T23:41:52.896+0000] {spark_submit.py:492} INFO - "name" : "user_id",
[2026-02-12T23:41:52.896+0000] {spark_submit.py:492} INFO - "type" : "string",
[2026-02-12T23:41:52.896+0000] {spark_submit.py:492} INFO - "nullable" : true,
[2026-02-12T23:41:52.896+0000] {spark_submit.py:492} INFO - "metadata" : { }
[2026-02-12T23:41:52.896+0000] {spark_submit.py:492} INFO - }, {
[2026-02-12T23:41:52.896+0000] {spark_submit.py:492} INFO - "name" : "thread_id",
[2026-02-12T23:41:52.897+0000] {spark_submit.py:492} INFO - "type" : "string",
[2026-02-12T23:41:52.897+0000] {spark_submit.py:492} INFO - "nullable" : true,
[2026-02-12T23:41:52.897+0000] {spark_submit.py:492} INFO - "metadata" : { }
[2026-02-12T23:41:52.897+0000] {spark_submit.py:492} INFO - }, {
[2026-02-12T23:41:52.897+0000] {spark_submit.py:492} INFO - "name" : "created_at",
[2026-02-12T23:41:52.897+0000] {spark_submit.py:492} INFO - "type" : "string",
[2026-02-12T23:41:52.897+0000] {spark_submit.py:492} INFO - "nullable" : true,
[2026-02-12T23:41:52.897+0000] {spark_submit.py:492} INFO - "metadata" : { }
[2026-02-12T23:41:52.897+0000] {spark_submit.py:492} INFO - }, {
[2026-02-12T23:41:52.897+0000] {spark_submit.py:492} INFO - "name" : "edit_versions_ids",
[2026-02-12T23:41:52.898+0000] {spark_submit.py:492} INFO - "type" : {
[2026-02-12T23:41:52.898+0000] {spark_submit.py:492} INFO - "type" : "array",
[2026-02-12T23:41:52.898+0000] {spark_submit.py:492} INFO - "elementType" : "long",
[2026-02-12T23:41:52.898+0000] {spark_submit.py:492} INFO - "containsNull" : true
[2026-02-12T23:41:52.898+0000] {spark_submit.py:492} INFO - },
[2026-02-12T23:41:52.898+0000] {spark_submit.py:492} INFO - "nullable" : true,
[2026-02-12T23:41:52.898+0000] {spark_submit.py:492} INFO - "metadata" : { }
[2026-02-12T23:41:52.898+0000] {spark_submit.py:492} INFO - }, {
[2026-02-12T23:41:52.898+0000] {spark_submit.py:492} INFO - "name" : "tweet_id",
[2026-02-12T23:41:52.898+0000] {spark_submit.py:492} INFO - "type" : "string",
[2026-02-12T23:41:52.898+0000] {spark_submit.py:492} INFO - "nullable" : true,
[2026-02-12T23:41:52.898+0000] {spark_submit.py:492} INFO - "metadata" : { }
[2026-02-12T23:41:52.899+0000] {spark_submit.py:492} INFO - }, {
[2026-02-12T23:41:52.899+0000] {spark_submit.py:492} INFO - "name" : "reply_to_user_id",
[2026-02-12T23:41:52.899+0000] {spark_submit.py:492} INFO - "type" : "string",
[2026-02-12T23:41:52.899+0000] {spark_submit.py:492} INFO - "nullable" : true,
[2026-02-12T23:41:52.899+0000] {spark_submit.py:492} INFO - "metadata" : { }
[2026-02-12T23:41:52.899+0000] {spark_submit.py:492} INFO - }, {
[2026-02-12T23:41:52.899+0000] {spark_submit.py:492} INFO - "name" : "language",
[2026-02-12T23:41:52.899+0000] {spark_submit.py:492} INFO - "type" : "string",
[2026-02-12T23:41:52.899+0000] {spark_submit.py:492} INFO - "nullable" : true,
[2026-02-12T23:41:52.899+0000] {spark_submit.py:492} INFO - "metadata" : { }
[2026-02-12T23:41:52.899+0000] {spark_submit.py:492} INFO - }, {
[2026-02-12T23:41:52.899+0000] {spark_submit.py:492} INFO - "name" : "tweet_text",
[2026-02-12T23:41:52.900+0000] {spark_submit.py:492} INFO - "type" : "string",
[2026-02-12T23:41:52.900+0000] {spark_submit.py:492} INFO - "nullable" : true,
[2026-02-12T23:41:52.900+0000] {spark_submit.py:492} INFO - "metadata" : { }
[2026-02-12T23:41:52.900+0000] {spark_submit.py:492} INFO - }, {
[2026-02-12T23:41:52.900+0000] {spark_submit.py:492} INFO - "name" : "likes",
[2026-02-12T23:41:52.900+0000] {spark_submit.py:492} INFO - "type" : "long",
[2026-02-12T23:41:52.900+0000] {spark_submit.py:492} INFO - "nullable" : true,
[2026-02-12T23:41:52.900+0000] {spark_submit.py:492} INFO - "metadata" : { }
[2026-02-12T23:41:52.900+0000] {spark_submit.py:492} INFO - }, {
[2026-02-12T23:41:52.900+0000] {spark_submit.py:492} INFO - "name" : "quotes",
[2026-02-12T23:41:52.900+0000] {spark_submit.py:492} INFO - "type" : "long",
[2026-02-12T23:41:52.900+0000] {spark_submit.py:492} INFO - "nullable" : true,
[2026-02-12T23:41:52.900+0000] {spark_submit.py:492} INFO - "metadata" : { }
[2026-02-12T23:41:52.901+0000] {spark_submit.py:492} INFO - }, {
[2026-02-12T23:41:52.901+0000] {spark_submit.py:492} INFO - "name" : "replies",
[2026-02-12T23:41:52.901+0000] {spark_submit.py:492} INFO - "type" : "long",
[2026-02-12T23:41:52.901+0000] {spark_submit.py:492} INFO - "nullable" : true,
[2026-02-12T23:41:52.901+0000] {spark_submit.py:492} INFO - "metadata" : { }
[2026-02-12T23:41:52.901+0000] {spark_submit.py:492} INFO - }, {
[2026-02-12T23:41:52.901+0000] {spark_submit.py:492} INFO - "name" : "retweets",
[2026-02-12T23:41:52.901+0000] {spark_submit.py:492} INFO - "type" : "long",
[2026-02-12T23:41:52.901+0000] {spark_submit.py:492} INFO - "nullable" : true,
[2026-02-12T23:41:52.901+0000] {spark_submit.py:492} INFO - "metadata" : { }
[2026-02-12T23:41:52.901+0000] {spark_submit.py:492} INFO - }, {
[2026-02-12T23:41:52.901+0000] {spark_submit.py:492} INFO - "name" : "processing_date",
[2026-02-12T23:41:52.901+0000] {spark_submit.py:492} INFO - "type" : "date",
[2026-02-12T23:41:52.902+0000] {spark_submit.py:492} INFO - "nullable" : false,
[2026-02-12T23:41:52.902+0000] {spark_submit.py:492} INFO - "metadata" : { }
[2026-02-12T23:41:52.902+0000] {spark_submit.py:492} INFO - } ]
[2026-02-12T23:41:52.902+0000] {spark_submit.py:492} INFO - }
[2026-02-12T23:41:52.902+0000] {spark_submit.py:492} INFO - and corresponding Parquet message type:
[2026-02-12T23:41:52.902+0000] {spark_submit.py:492} INFO - message spark_schema {
[2026-02-12T23:41:52.902+0000] {spark_submit.py:492} INFO - optional binary user_id (STRING);
[2026-02-12T23:41:52.902+0000] {spark_submit.py:492} INFO - optional binary thread_id (STRING);
[2026-02-12T23:41:52.902+0000] {spark_submit.py:492} INFO - optional binary created_at (STRING);
[2026-02-12T23:41:52.902+0000] {spark_submit.py:492} INFO - optional group edit_versions_ids (LIST) {
[2026-02-12T23:41:52.902+0000] {spark_submit.py:492} INFO - repeated group list {
[2026-02-12T23:41:52.902+0000] {spark_submit.py:492} INFO - optional int64 element;
[2026-02-12T23:41:52.902+0000] {spark_submit.py:492} INFO - }
[2026-02-12T23:41:52.903+0000] {spark_submit.py:492} INFO - }
[2026-02-12T23:41:52.903+0000] {spark_submit.py:492} INFO - optional binary tweet_id (STRING);
[2026-02-12T23:41:52.903+0000] {spark_submit.py:492} INFO - optional binary reply_to_user_id (STRING);
[2026-02-12T23:41:52.903+0000] {spark_submit.py:492} INFO - optional binary language (STRING);
[2026-02-12T23:41:52.903+0000] {spark_submit.py:492} INFO - optional binary tweet_text (STRING);
[2026-02-12T23:41:52.903+0000] {spark_submit.py:492} INFO - optional int64 likes;
[2026-02-12T23:41:52.903+0000] {spark_submit.py:492} INFO - optional int64 quotes;
[2026-02-12T23:41:52.903+0000] {spark_submit.py:492} INFO - optional int64 replies;
[2026-02-12T23:41:52.903+0000] {spark_submit.py:492} INFO - optional int64 retweets;
[2026-02-12T23:41:52.903+0000] {spark_submit.py:492} INFO - required int32 processing_date (DATE);
[2026-02-12T23:41:52.903+0000] {spark_submit.py:492} INFO - }
[2026-02-12T23:41:52.903+0000] {spark_submit.py:492} INFO - 
[2026-02-12T23:41:52.904+0000] {spark_submit.py:492} INFO - 
[2026-02-12T23:41:52.921+0000] {spark_submit.py:492} INFO - 26/02/12 23:41:52 INFO CodecConfig: Compression: SNAPPY
[2026-02-12T23:41:52.922+0000] {spark_submit.py:492} INFO - 26/02/12 23:41:52 INFO CodecConfig: Compression: SNAPPY
[2026-02-12T23:41:52.922+0000] {spark_submit.py:492} INFO - 26/02/12 23:41:52 INFO ParquetOutputFormat: ParquetRecordWriter [block size: 134217728b, row group padding size: 8388608b, validating: false]
[2026-02-12T23:41:52.924+0000] {spark_submit.py:492} INFO - 26/02/12 23:41:52 INFO ParquetWriteSupport: Initialized Parquet WriteSupport with Catalyst schema:
[2026-02-12T23:41:52.924+0000] {spark_submit.py:492} INFO - {
[2026-02-12T23:41:52.924+0000] {spark_submit.py:492} INFO - "type" : "struct",
[2026-02-12T23:41:52.924+0000] {spark_submit.py:492} INFO - "fields" : [ {
[2026-02-12T23:41:52.924+0000] {spark_submit.py:492} INFO - "name" : "user_id",
[2026-02-12T23:41:52.925+0000] {spark_submit.py:492} INFO - "type" : "string",
[2026-02-12T23:41:52.925+0000] {spark_submit.py:492} INFO - "nullable" : true,
[2026-02-12T23:41:52.925+0000] {spark_submit.py:492} INFO - "metadata" : { }
[2026-02-12T23:41:52.925+0000] {spark_submit.py:492} INFO - }, {
[2026-02-12T23:41:52.925+0000] {spark_submit.py:492} INFO - "name" : "thread_id",
[2026-02-12T23:41:52.925+0000] {spark_submit.py:492} INFO - "type" : "string",
[2026-02-12T23:41:52.925+0000] {spark_submit.py:492} INFO - "nullable" : true,
[2026-02-12T23:41:52.925+0000] {spark_submit.py:492} INFO - "metadata" : { }
[2026-02-12T23:41:52.925+0000] {spark_submit.py:492} INFO - }, {
[2026-02-12T23:41:52.925+0000] {spark_submit.py:492} INFO - "name" : "created_at",
[2026-02-12T23:41:52.926+0000] {spark_submit.py:492} INFO - "type" : "string",
[2026-02-12T23:41:52.926+0000] {spark_submit.py:492} INFO - "nullable" : true,
[2026-02-12T23:41:52.926+0000] {spark_submit.py:492} INFO - "metadata" : { }
[2026-02-12T23:41:52.926+0000] {spark_submit.py:492} INFO - }, {
[2026-02-12T23:41:52.926+0000] {spark_submit.py:492} INFO - "name" : "edit_versions_ids",
[2026-02-12T23:41:52.926+0000] {spark_submit.py:492} INFO - "type" : {
[2026-02-12T23:41:52.926+0000] {spark_submit.py:492} INFO - "type" : "array",
[2026-02-12T23:41:52.926+0000] {spark_submit.py:492} INFO - "elementType" : "long",
[2026-02-12T23:41:52.926+0000] {spark_submit.py:492} INFO - "containsNull" : true
[2026-02-12T23:41:52.926+0000] {spark_submit.py:492} INFO - },
[2026-02-12T23:41:52.926+0000] {spark_submit.py:492} INFO - "nullable" : true,
[2026-02-12T23:41:52.926+0000] {spark_submit.py:492} INFO - "metadata" : { }
[2026-02-12T23:41:52.927+0000] {spark_submit.py:492} INFO - }, {
[2026-02-12T23:41:52.927+0000] {spark_submit.py:492} INFO - "name" : "tweet_id",
[2026-02-12T23:41:52.927+0000] {spark_submit.py:492} INFO - "type" : "string",
[2026-02-12T23:41:52.927+0000] {spark_submit.py:492} INFO - "nullable" : true,
[2026-02-12T23:41:52.927+0000] {spark_submit.py:492} INFO - "metadata" : { }
[2026-02-12T23:41:52.927+0000] {spark_submit.py:492} INFO - }, {
[2026-02-12T23:41:52.927+0000] {spark_submit.py:492} INFO - "name" : "reply_to_user_id",
[2026-02-12T23:41:52.927+0000] {spark_submit.py:492} INFO - "type" : "string",
[2026-02-12T23:41:52.927+0000] {spark_submit.py:492} INFO - "nullable" : true,
[2026-02-12T23:41:52.927+0000] {spark_submit.py:492} INFO - "metadata" : { }
[2026-02-12T23:41:52.928+0000] {spark_submit.py:492} INFO - }, {
[2026-02-12T23:41:52.928+0000] {spark_submit.py:492} INFO - "name" : "language",
[2026-02-12T23:41:52.928+0000] {spark_submit.py:492} INFO - "type" : "string",
[2026-02-12T23:41:52.928+0000] {spark_submit.py:492} INFO - "nullable" : true,
[2026-02-12T23:41:52.928+0000] {spark_submit.py:492} INFO - "metadata" : { }
[2026-02-12T23:41:52.928+0000] {spark_submit.py:492} INFO - }, {
[2026-02-12T23:41:52.928+0000] {spark_submit.py:492} INFO - "name" : "tweet_text",
[2026-02-12T23:41:52.928+0000] {spark_submit.py:492} INFO - "type" : "string",
[2026-02-12T23:41:52.928+0000] {spark_submit.py:492} INFO - "nullable" : true,
[2026-02-12T23:41:52.928+0000] {spark_submit.py:492} INFO - "metadata" : { }
[2026-02-12T23:41:52.929+0000] {spark_submit.py:492} INFO - }, {
[2026-02-12T23:41:52.929+0000] {spark_submit.py:492} INFO - "name" : "likes",
[2026-02-12T23:41:52.929+0000] {spark_submit.py:492} INFO - "type" : "long",
[2026-02-12T23:41:52.929+0000] {spark_submit.py:492} INFO - "nullable" : true,
[2026-02-12T23:41:52.929+0000] {spark_submit.py:492} INFO - "metadata" : { }
[2026-02-12T23:41:52.929+0000] {spark_submit.py:492} INFO - }, {
[2026-02-12T23:41:52.929+0000] {spark_submit.py:492} INFO - "name" : "quotes",
[2026-02-12T23:41:52.929+0000] {spark_submit.py:492} INFO - "type" : "long",
[2026-02-12T23:41:52.929+0000] {spark_submit.py:492} INFO - "nullable" : true,
[2026-02-12T23:41:52.929+0000] {spark_submit.py:492} INFO - "metadata" : { }
[2026-02-12T23:41:52.929+0000] {spark_submit.py:492} INFO - }, {
[2026-02-12T23:41:52.930+0000] {spark_submit.py:492} INFO - "name" : "replies",
[2026-02-12T23:41:52.930+0000] {spark_submit.py:492} INFO - "type" : "long",
[2026-02-12T23:41:52.930+0000] {spark_submit.py:492} INFO - "nullable" : true,
[2026-02-12T23:41:52.930+0000] {spark_submit.py:492} INFO - "metadata" : { }
[2026-02-12T23:41:52.930+0000] {spark_submit.py:492} INFO - }, {
[2026-02-12T23:41:52.930+0000] {spark_submit.py:492} INFO - "name" : "retweets",
[2026-02-12T23:41:52.930+0000] {spark_submit.py:492} INFO - "type" : "long",
[2026-02-12T23:41:52.931+0000] {spark_submit.py:492} INFO - "nullable" : true,
[2026-02-12T23:41:52.931+0000] {spark_submit.py:492} INFO - "metadata" : { }
[2026-02-12T23:41:52.931+0000] {spark_submit.py:492} INFO - }, {
[2026-02-12T23:41:52.931+0000] {spark_submit.py:492} INFO - "name" : "processing_date",
[2026-02-12T23:41:52.931+0000] {spark_submit.py:492} INFO - "type" : "date",
[2026-02-12T23:41:52.931+0000] {spark_submit.py:492} INFO - "nullable" : false,
[2026-02-12T23:41:52.931+0000] {spark_submit.py:492} INFO - "metadata" : { }
[2026-02-12T23:41:52.931+0000] {spark_submit.py:492} INFO - } ]
[2026-02-12T23:41:52.931+0000] {spark_submit.py:492} INFO - }
[2026-02-12T23:41:52.931+0000] {spark_submit.py:492} INFO - and corresponding Parquet message type:
[2026-02-12T23:41:52.932+0000] {spark_submit.py:492} INFO - message spark_schema {
[2026-02-12T23:41:52.932+0000] {spark_submit.py:492} INFO - optional binary user_id (STRING);
[2026-02-12T23:41:52.932+0000] {spark_submit.py:492} INFO - optional binary thread_id (STRING);
[2026-02-12T23:41:52.932+0000] {spark_submit.py:492} INFO - optional binary created_at (STRING);
[2026-02-12T23:41:52.932+0000] {spark_submit.py:492} INFO - optional group edit_versions_ids (LIST) {
[2026-02-12T23:41:52.932+0000] {spark_submit.py:492} INFO - repeated group list {
[2026-02-12T23:41:52.932+0000] {spark_submit.py:492} INFO - optional int64 element;
[2026-02-12T23:41:52.932+0000] {spark_submit.py:492} INFO - }
[2026-02-12T23:41:52.932+0000] {spark_submit.py:492} INFO - }
[2026-02-12T23:41:52.932+0000] {spark_submit.py:492} INFO - optional binary tweet_id (STRING);
[2026-02-12T23:41:52.932+0000] {spark_submit.py:492} INFO - optional binary reply_to_user_id (STRING);
[2026-02-12T23:41:52.932+0000] {spark_submit.py:492} INFO - optional binary language (STRING);
[2026-02-12T23:41:52.933+0000] {spark_submit.py:492} INFO - optional binary tweet_text (STRING);
[2026-02-12T23:41:52.933+0000] {spark_submit.py:492} INFO - optional int64 likes;
[2026-02-12T23:41:52.933+0000] {spark_submit.py:492} INFO - optional int64 quotes;
[2026-02-12T23:41:52.933+0000] {spark_submit.py:492} INFO - optional int64 replies;
[2026-02-12T23:41:52.933+0000] {spark_submit.py:492} INFO - optional int64 retweets;
[2026-02-12T23:41:52.933+0000] {spark_submit.py:492} INFO - required int32 processing_date (DATE);
[2026-02-12T23:41:52.933+0000] {spark_submit.py:492} INFO - }
[2026-02-12T23:41:52.933+0000] {spark_submit.py:492} INFO - 
[2026-02-12T23:41:52.933+0000] {spark_submit.py:492} INFO - 
[2026-02-12T23:41:52.949+0000] {spark_submit.py:492} INFO - 26/02/12 23:41:52 INFO CodecConfig: Compression: SNAPPY
[2026-02-12T23:41:52.949+0000] {spark_submit.py:492} INFO - 26/02/12 23:41:52 INFO CodecConfig: Compression: SNAPPY
[2026-02-12T23:41:52.950+0000] {spark_submit.py:492} INFO - 26/02/12 23:41:52 INFO ParquetOutputFormat: ParquetRecordWriter [block size: 134217728b, row group padding size: 8388608b, validating: false]
[2026-02-12T23:41:52.952+0000] {spark_submit.py:492} INFO - 26/02/12 23:41:52 INFO ParquetWriteSupport: Initialized Parquet WriteSupport with Catalyst schema:
[2026-02-12T23:41:52.952+0000] {spark_submit.py:492} INFO - {
[2026-02-12T23:41:52.952+0000] {spark_submit.py:492} INFO - "type" : "struct",
[2026-02-12T23:41:52.952+0000] {spark_submit.py:492} INFO - "fields" : [ {
[2026-02-12T23:41:52.952+0000] {spark_submit.py:492} INFO - "name" : "user_id",
[2026-02-12T23:41:52.952+0000] {spark_submit.py:492} INFO - "type" : "string",
[2026-02-12T23:41:52.952+0000] {spark_submit.py:492} INFO - "nullable" : true,
[2026-02-12T23:41:52.952+0000] {spark_submit.py:492} INFO - "metadata" : { }
[2026-02-12T23:41:52.952+0000] {spark_submit.py:492} INFO - }, {
[2026-02-12T23:41:52.953+0000] {spark_submit.py:492} INFO - "name" : "thread_id",
[2026-02-12T23:41:52.953+0000] {spark_submit.py:492} INFO - "type" : "string",
[2026-02-12T23:41:52.953+0000] {spark_submit.py:492} INFO - "nullable" : true,
[2026-02-12T23:41:52.953+0000] {spark_submit.py:492} INFO - "metadata" : { }
[2026-02-12T23:41:52.953+0000] {spark_submit.py:492} INFO - }, {
[2026-02-12T23:41:52.953+0000] {spark_submit.py:492} INFO - "name" : "created_at",
[2026-02-12T23:41:52.953+0000] {spark_submit.py:492} INFO - "type" : "string",
[2026-02-12T23:41:52.953+0000] {spark_submit.py:492} INFO - "nullable" : true,
[2026-02-12T23:41:52.953+0000] {spark_submit.py:492} INFO - "metadata" : { }
[2026-02-12T23:41:52.953+0000] {spark_submit.py:492} INFO - }, {
[2026-02-12T23:41:52.953+0000] {spark_submit.py:492} INFO - "name" : "edit_versions_ids",
[2026-02-12T23:41:52.953+0000] {spark_submit.py:492} INFO - "type" : {
[2026-02-12T23:41:52.954+0000] {spark_submit.py:492} INFO - "type" : "array",
[2026-02-12T23:41:52.954+0000] {spark_submit.py:492} INFO - "elementType" : "long",
[2026-02-12T23:41:52.954+0000] {spark_submit.py:492} INFO - "containsNull" : true
[2026-02-12T23:41:52.954+0000] {spark_submit.py:492} INFO - },
[2026-02-12T23:41:52.954+0000] {spark_submit.py:492} INFO - "nullable" : true,
[2026-02-12T23:41:52.954+0000] {spark_submit.py:492} INFO - "metadata" : { }
[2026-02-12T23:41:52.954+0000] {spark_submit.py:492} INFO - }, {
[2026-02-12T23:41:52.954+0000] {spark_submit.py:492} INFO - "name" : "tweet_id",
[2026-02-12T23:41:52.954+0000] {spark_submit.py:492} INFO - "type" : "string",
[2026-02-12T23:41:52.954+0000] {spark_submit.py:492} INFO - "nullable" : true,
[2026-02-12T23:41:52.954+0000] {spark_submit.py:492} INFO - "metadata" : { }
[2026-02-12T23:41:52.954+0000] {spark_submit.py:492} INFO - }, {
[2026-02-12T23:41:52.954+0000] {spark_submit.py:492} INFO - "name" : "reply_to_user_id",
[2026-02-12T23:41:52.954+0000] {spark_submit.py:492} INFO - "type" : "string",
[2026-02-12T23:41:52.954+0000] {spark_submit.py:492} INFO - "nullable" : true,
[2026-02-12T23:41:52.955+0000] {spark_submit.py:492} INFO - "metadata" : { }
[2026-02-12T23:41:52.955+0000] {spark_submit.py:492} INFO - }, {
[2026-02-12T23:41:52.955+0000] {spark_submit.py:492} INFO - "name" : "language",
[2026-02-12T23:41:52.955+0000] {spark_submit.py:492} INFO - "type" : "string",
[2026-02-12T23:41:52.955+0000] {spark_submit.py:492} INFO - "nullable" : true,
[2026-02-12T23:41:52.955+0000] {spark_submit.py:492} INFO - "metadata" : { }
[2026-02-12T23:41:52.955+0000] {spark_submit.py:492} INFO - }, {
[2026-02-12T23:41:52.955+0000] {spark_submit.py:492} INFO - "name" : "tweet_text",
[2026-02-12T23:41:52.955+0000] {spark_submit.py:492} INFO - "type" : "string",
[2026-02-12T23:41:52.956+0000] {spark_submit.py:492} INFO - "nullable" : true,
[2026-02-12T23:41:52.956+0000] {spark_submit.py:492} INFO - "metadata" : { }
[2026-02-12T23:41:52.956+0000] {spark_submit.py:492} INFO - }, {
[2026-02-12T23:41:52.956+0000] {spark_submit.py:492} INFO - "name" : "likes",
[2026-02-12T23:41:52.956+0000] {spark_submit.py:492} INFO - "type" : "long",
[2026-02-12T23:41:52.956+0000] {spark_submit.py:492} INFO - "nullable" : true,
[2026-02-12T23:41:52.956+0000] {spark_submit.py:492} INFO - "metadata" : { }
[2026-02-12T23:41:52.957+0000] {spark_submit.py:492} INFO - }, {
[2026-02-12T23:41:52.957+0000] {spark_submit.py:492} INFO - "name" : "quotes",
[2026-02-12T23:41:52.957+0000] {spark_submit.py:492} INFO - "type" : "long",
[2026-02-12T23:41:52.957+0000] {spark_submit.py:492} INFO - "nullable" : true,
[2026-02-12T23:41:52.957+0000] {spark_submit.py:492} INFO - "metadata" : { }
[2026-02-12T23:41:52.957+0000] {spark_submit.py:492} INFO - }, {
[2026-02-12T23:41:52.957+0000] {spark_submit.py:492} INFO - "name" : "replies",
[2026-02-12T23:41:52.957+0000] {spark_submit.py:492} INFO - "type" : "long",
[2026-02-12T23:41:52.957+0000] {spark_submit.py:492} INFO - "nullable" : true,
[2026-02-12T23:41:52.957+0000] {spark_submit.py:492} INFO - "metadata" : { }
[2026-02-12T23:41:52.958+0000] {spark_submit.py:492} INFO - }, {
[2026-02-12T23:41:52.958+0000] {spark_submit.py:492} INFO - "name" : "retweets",
[2026-02-12T23:41:52.958+0000] {spark_submit.py:492} INFO - "type" : "long",
[2026-02-12T23:41:52.958+0000] {spark_submit.py:492} INFO - "nullable" : true,
[2026-02-12T23:41:52.958+0000] {spark_submit.py:492} INFO - "metadata" : { }
[2026-02-12T23:41:52.958+0000] {spark_submit.py:492} INFO - }, {
[2026-02-12T23:41:52.958+0000] {spark_submit.py:492} INFO - "name" : "processing_date",
[2026-02-12T23:41:52.958+0000] {spark_submit.py:492} INFO - "type" : "date",
[2026-02-12T23:41:52.958+0000] {spark_submit.py:492} INFO - "nullable" : false,
[2026-02-12T23:41:52.958+0000] {spark_submit.py:492} INFO - "metadata" : { }
[2026-02-12T23:41:52.958+0000] {spark_submit.py:492} INFO - } ]
[2026-02-12T23:41:52.958+0000] {spark_submit.py:492} INFO - }
[2026-02-12T23:41:52.958+0000] {spark_submit.py:492} INFO - and corresponding Parquet message type:
[2026-02-12T23:41:52.959+0000] {spark_submit.py:492} INFO - message spark_schema {
[2026-02-12T23:41:52.959+0000] {spark_submit.py:492} INFO - optional binary user_id (STRING);
[2026-02-12T23:41:52.959+0000] {spark_submit.py:492} INFO - optional binary thread_id (STRING);
[2026-02-12T23:41:52.959+0000] {spark_submit.py:492} INFO - optional binary created_at (STRING);
[2026-02-12T23:41:52.959+0000] {spark_submit.py:492} INFO - optional group edit_versions_ids (LIST) {
[2026-02-12T23:41:52.959+0000] {spark_submit.py:492} INFO - repeated group list {
[2026-02-12T23:41:52.959+0000] {spark_submit.py:492} INFO - optional int64 element;
[2026-02-12T23:41:52.959+0000] {spark_submit.py:492} INFO - }
[2026-02-12T23:41:52.959+0000] {spark_submit.py:492} INFO - }
[2026-02-12T23:41:52.959+0000] {spark_submit.py:492} INFO - optional binary tweet_id (STRING);
[2026-02-12T23:41:52.959+0000] {spark_submit.py:492} INFO - optional binary reply_to_user_id (STRING);
[2026-02-12T23:41:52.959+0000] {spark_submit.py:492} INFO - optional binary language (STRING);
[2026-02-12T23:41:52.959+0000] {spark_submit.py:492} INFO - optional binary tweet_text (STRING);
[2026-02-12T23:41:52.960+0000] {spark_submit.py:492} INFO - optional int64 likes;
[2026-02-12T23:41:52.960+0000] {spark_submit.py:492} INFO - optional int64 quotes;
[2026-02-12T23:41:52.960+0000] {spark_submit.py:492} INFO - optional int64 replies;
[2026-02-12T23:41:52.960+0000] {spark_submit.py:492} INFO - optional int64 retweets;
[2026-02-12T23:41:52.960+0000] {spark_submit.py:492} INFO - required int32 processing_date (DATE);
[2026-02-12T23:41:52.960+0000] {spark_submit.py:492} INFO - }
[2026-02-12T23:41:52.960+0000] {spark_submit.py:492} INFO - 
[2026-02-12T23:41:52.960+0000] {spark_submit.py:492} INFO - 
[2026-02-12T23:41:52.981+0000] {spark_submit.py:492} INFO - 26/02/12 23:41:52 INFO CodecConfig: Compression: SNAPPY
[2026-02-12T23:41:52.982+0000] {spark_submit.py:492} INFO - 26/02/12 23:41:52 INFO CodecConfig: Compression: SNAPPY
[2026-02-12T23:41:52.983+0000] {spark_submit.py:492} INFO - 26/02/12 23:41:52 INFO ParquetOutputFormat: ParquetRecordWriter [block size: 134217728b, row group padding size: 8388608b, validating: false]
[2026-02-12T23:41:52.985+0000] {spark_submit.py:492} INFO - 26/02/12 23:41:52 INFO ParquetWriteSupport: Initialized Parquet WriteSupport with Catalyst schema:
[2026-02-12T23:41:52.985+0000] {spark_submit.py:492} INFO - {
[2026-02-12T23:41:52.985+0000] {spark_submit.py:492} INFO - "type" : "struct",
[2026-02-12T23:41:52.985+0000] {spark_submit.py:492} INFO - "fields" : [ {
[2026-02-12T23:41:52.985+0000] {spark_submit.py:492} INFO - "name" : "user_id",
[2026-02-12T23:41:52.985+0000] {spark_submit.py:492} INFO - "type" : "string",
[2026-02-12T23:41:52.985+0000] {spark_submit.py:492} INFO - "nullable" : true,
[2026-02-12T23:41:52.985+0000] {spark_submit.py:492} INFO - "metadata" : { }
[2026-02-12T23:41:52.985+0000] {spark_submit.py:492} INFO - }, {
[2026-02-12T23:41:52.985+0000] {spark_submit.py:492} INFO - "name" : "thread_id",
[2026-02-12T23:41:52.986+0000] {spark_submit.py:492} INFO - "type" : "string",
[2026-02-12T23:41:52.986+0000] {spark_submit.py:492} INFO - "nullable" : true,
[2026-02-12T23:41:52.986+0000] {spark_submit.py:492} INFO - "metadata" : { }
[2026-02-12T23:41:52.986+0000] {spark_submit.py:492} INFO - }, {
[2026-02-12T23:41:52.986+0000] {spark_submit.py:492} INFO - "name" : "created_at",
[2026-02-12T23:41:52.986+0000] {spark_submit.py:492} INFO - "type" : "string",
[2026-02-12T23:41:52.986+0000] {spark_submit.py:492} INFO - "nullable" : true,
[2026-02-12T23:41:52.986+0000] {spark_submit.py:492} INFO - "metadata" : { }
[2026-02-12T23:41:52.986+0000] {spark_submit.py:492} INFO - }, {
[2026-02-12T23:41:52.986+0000] {spark_submit.py:492} INFO - "name" : "edit_versions_ids",
[2026-02-12T23:41:52.987+0000] {spark_submit.py:492} INFO - "type" : {
[2026-02-12T23:41:52.987+0000] {spark_submit.py:492} INFO - "type" : "array",
[2026-02-12T23:41:52.987+0000] {spark_submit.py:492} INFO - "elementType" : "long",
[2026-02-12T23:41:52.987+0000] {spark_submit.py:492} INFO - "containsNull" : true
[2026-02-12T23:41:52.987+0000] {spark_submit.py:492} INFO - },
[2026-02-12T23:41:52.987+0000] {spark_submit.py:492} INFO - "nullable" : true,
[2026-02-12T23:41:52.987+0000] {spark_submit.py:492} INFO - "metadata" : { }
[2026-02-12T23:41:52.987+0000] {spark_submit.py:492} INFO - }, {
[2026-02-12T23:41:52.987+0000] {spark_submit.py:492} INFO - "name" : "tweet_id",
[2026-02-12T23:41:52.987+0000] {spark_submit.py:492} INFO - "type" : "string",
[2026-02-12T23:41:52.988+0000] {spark_submit.py:492} INFO - "nullable" : true,
[2026-02-12T23:41:52.988+0000] {spark_submit.py:492} INFO - "metadata" : { }
[2026-02-12T23:41:52.988+0000] {spark_submit.py:492} INFO - }, {
[2026-02-12T23:41:52.988+0000] {spark_submit.py:492} INFO - "name" : "reply_to_user_id",
[2026-02-12T23:41:52.988+0000] {spark_submit.py:492} INFO - "type" : "string",
[2026-02-12T23:41:52.988+0000] {spark_submit.py:492} INFO - "nullable" : true,
[2026-02-12T23:41:52.988+0000] {spark_submit.py:492} INFO - "metadata" : { }
[2026-02-12T23:41:52.988+0000] {spark_submit.py:492} INFO - }, {
[2026-02-12T23:41:52.988+0000] {spark_submit.py:492} INFO - "name" : "language",
[2026-02-12T23:41:52.988+0000] {spark_submit.py:492} INFO - "type" : "string",
[2026-02-12T23:41:52.988+0000] {spark_submit.py:492} INFO - "nullable" : true,
[2026-02-12T23:41:52.989+0000] {spark_submit.py:492} INFO - "metadata" : { }
[2026-02-12T23:41:52.989+0000] {spark_submit.py:492} INFO - }, {
[2026-02-12T23:41:52.989+0000] {spark_submit.py:492} INFO - "name" : "tweet_text",
[2026-02-12T23:41:52.989+0000] {spark_submit.py:492} INFO - "type" : "string",
[2026-02-12T23:41:52.989+0000] {spark_submit.py:492} INFO - "nullable" : true,
[2026-02-12T23:41:52.989+0000] {spark_submit.py:492} INFO - "metadata" : { }
[2026-02-12T23:41:52.989+0000] {spark_submit.py:492} INFO - }, {
[2026-02-12T23:41:52.989+0000] {spark_submit.py:492} INFO - "name" : "likes",
[2026-02-12T23:41:52.989+0000] {spark_submit.py:492} INFO - "type" : "long",
[2026-02-12T23:41:52.989+0000] {spark_submit.py:492} INFO - "nullable" : true,
[2026-02-12T23:41:52.989+0000] {spark_submit.py:492} INFO - "metadata" : { }
[2026-02-12T23:41:52.990+0000] {spark_submit.py:492} INFO - }, {
[2026-02-12T23:41:52.990+0000] {spark_submit.py:492} INFO - "name" : "quotes",
[2026-02-12T23:41:52.990+0000] {spark_submit.py:492} INFO - "type" : "long",
[2026-02-12T23:41:52.990+0000] {spark_submit.py:492} INFO - "nullable" : true,
[2026-02-12T23:41:52.990+0000] {spark_submit.py:492} INFO - "metadata" : { }
[2026-02-12T23:41:52.990+0000] {spark_submit.py:492} INFO - }, {
[2026-02-12T23:41:52.990+0000] {spark_submit.py:492} INFO - "name" : "replies",
[2026-02-12T23:41:52.990+0000] {spark_submit.py:492} INFO - "type" : "long",
[2026-02-12T23:41:52.990+0000] {spark_submit.py:492} INFO - "nullable" : true,
[2026-02-12T23:41:52.990+0000] {spark_submit.py:492} INFO - "metadata" : { }
[2026-02-12T23:41:52.990+0000] {spark_submit.py:492} INFO - }, {
[2026-02-12T23:41:52.990+0000] {spark_submit.py:492} INFO - "name" : "retweets",
[2026-02-12T23:41:52.990+0000] {spark_submit.py:492} INFO - "type" : "long",
[2026-02-12T23:41:52.991+0000] {spark_submit.py:492} INFO - "nullable" : true,
[2026-02-12T23:41:52.991+0000] {spark_submit.py:492} INFO - "metadata" : { }
[2026-02-12T23:41:52.991+0000] {spark_submit.py:492} INFO - }, {
[2026-02-12T23:41:52.991+0000] {spark_submit.py:492} INFO - "name" : "processing_date",
[2026-02-12T23:41:52.991+0000] {spark_submit.py:492} INFO - "type" : "date",
[2026-02-12T23:41:52.991+0000] {spark_submit.py:492} INFO - "nullable" : false,
[2026-02-12T23:41:52.991+0000] {spark_submit.py:492} INFO - "metadata" : { }
[2026-02-12T23:41:52.991+0000] {spark_submit.py:492} INFO - } ]
[2026-02-12T23:41:52.991+0000] {spark_submit.py:492} INFO - }
[2026-02-12T23:41:52.992+0000] {spark_submit.py:492} INFO - and corresponding Parquet message type:
[2026-02-12T23:41:52.992+0000] {spark_submit.py:492} INFO - message spark_schema {
[2026-02-12T23:41:52.992+0000] {spark_submit.py:492} INFO - optional binary user_id (STRING);
[2026-02-12T23:41:52.992+0000] {spark_submit.py:492} INFO - optional binary thread_id (STRING);
[2026-02-12T23:41:52.992+0000] {spark_submit.py:492} INFO - optional binary created_at (STRING);
[2026-02-12T23:41:52.992+0000] {spark_submit.py:492} INFO - optional group edit_versions_ids (LIST) {
[2026-02-12T23:41:52.992+0000] {spark_submit.py:492} INFO - repeated group list {
[2026-02-12T23:41:52.993+0000] {spark_submit.py:492} INFO - optional int64 element;
[2026-02-12T23:41:52.993+0000] {spark_submit.py:492} INFO - }
[2026-02-12T23:41:52.993+0000] {spark_submit.py:492} INFO - }
[2026-02-12T23:41:52.993+0000] {spark_submit.py:492} INFO - optional binary tweet_id (STRING);
[2026-02-12T23:41:52.993+0000] {spark_submit.py:492} INFO - optional binary reply_to_user_id (STRING);
[2026-02-12T23:41:52.993+0000] {spark_submit.py:492} INFO - optional binary language (STRING);
[2026-02-12T23:41:52.993+0000] {spark_submit.py:492} INFO - optional binary tweet_text (STRING);
[2026-02-12T23:41:52.993+0000] {spark_submit.py:492} INFO - optional int64 likes;
[2026-02-12T23:41:52.993+0000] {spark_submit.py:492} INFO - optional int64 quotes;
[2026-02-12T23:41:52.993+0000] {spark_submit.py:492} INFO - optional int64 replies;
[2026-02-12T23:41:52.993+0000] {spark_submit.py:492} INFO - optional int64 retweets;
[2026-02-12T23:41:52.993+0000] {spark_submit.py:492} INFO - required int32 processing_date (DATE);
[2026-02-12T23:41:52.994+0000] {spark_submit.py:492} INFO - }
[2026-02-12T23:41:52.994+0000] {spark_submit.py:492} INFO - 
[2026-02-12T23:41:52.994+0000] {spark_submit.py:492} INFO - 
[2026-02-12T23:41:53.008+0000] {spark_submit.py:492} INFO - 26/02/12 23:41:53 INFO CodecConfig: Compression: SNAPPY
[2026-02-12T23:41:53.009+0000] {spark_submit.py:492} INFO - 26/02/12 23:41:53 INFO CodecConfig: Compression: SNAPPY
[2026-02-12T23:41:53.009+0000] {spark_submit.py:492} INFO - 26/02/12 23:41:53 INFO ParquetOutputFormat: ParquetRecordWriter [block size: 134217728b, row group padding size: 8388608b, validating: false]
[2026-02-12T23:41:53.011+0000] {spark_submit.py:492} INFO - 26/02/12 23:41:53 INFO ParquetWriteSupport: Initialized Parquet WriteSupport with Catalyst schema:
[2026-02-12T23:41:53.011+0000] {spark_submit.py:492} INFO - {
[2026-02-12T23:41:53.011+0000] {spark_submit.py:492} INFO - "type" : "struct",
[2026-02-12T23:41:53.011+0000] {spark_submit.py:492} INFO - "fields" : [ {
[2026-02-12T23:41:53.011+0000] {spark_submit.py:492} INFO - "name" : "user_id",
[2026-02-12T23:41:53.011+0000] {spark_submit.py:492} INFO - "type" : "string",
[2026-02-12T23:41:53.011+0000] {spark_submit.py:492} INFO - "nullable" : true,
[2026-02-12T23:41:53.011+0000] {spark_submit.py:492} INFO - "metadata" : { }
[2026-02-12T23:41:53.011+0000] {spark_submit.py:492} INFO - }, {
[2026-02-12T23:41:53.011+0000] {spark_submit.py:492} INFO - "name" : "thread_id",
[2026-02-12T23:41:53.012+0000] {spark_submit.py:492} INFO - "type" : "string",
[2026-02-12T23:41:53.012+0000] {spark_submit.py:492} INFO - "nullable" : true,
[2026-02-12T23:41:53.012+0000] {spark_submit.py:492} INFO - "metadata" : { }
[2026-02-12T23:41:53.012+0000] {spark_submit.py:492} INFO - }, {
[2026-02-12T23:41:53.012+0000] {spark_submit.py:492} INFO - "name" : "created_at",
[2026-02-12T23:41:53.012+0000] {spark_submit.py:492} INFO - "type" : "string",
[2026-02-12T23:41:53.012+0000] {spark_submit.py:492} INFO - "nullable" : true,
[2026-02-12T23:41:53.012+0000] {spark_submit.py:492} INFO - "metadata" : { }
[2026-02-12T23:41:53.012+0000] {spark_submit.py:492} INFO - }, {
[2026-02-12T23:41:53.012+0000] {spark_submit.py:492} INFO - "name" : "edit_versions_ids",
[2026-02-12T23:41:53.013+0000] {spark_submit.py:492} INFO - "type" : {
[2026-02-12T23:41:53.013+0000] {spark_submit.py:492} INFO - "type" : "array",
[2026-02-12T23:41:53.013+0000] {spark_submit.py:492} INFO - "elementType" : "long",
[2026-02-12T23:41:53.013+0000] {spark_submit.py:492} INFO - "containsNull" : true
[2026-02-12T23:41:53.013+0000] {spark_submit.py:492} INFO - },
[2026-02-12T23:41:53.013+0000] {spark_submit.py:492} INFO - "nullable" : true,
[2026-02-12T23:41:53.013+0000] {spark_submit.py:492} INFO - "metadata" : { }
[2026-02-12T23:41:53.013+0000] {spark_submit.py:492} INFO - }, {
[2026-02-12T23:41:53.013+0000] {spark_submit.py:492} INFO - "name" : "tweet_id",
[2026-02-12T23:41:53.014+0000] {spark_submit.py:492} INFO - "type" : "string",
[2026-02-12T23:41:53.014+0000] {spark_submit.py:492} INFO - "nullable" : true,
[2026-02-12T23:41:53.014+0000] {spark_submit.py:492} INFO - "metadata" : { }
[2026-02-12T23:41:53.014+0000] {spark_submit.py:492} INFO - }, {
[2026-02-12T23:41:53.014+0000] {spark_submit.py:492} INFO - "name" : "reply_to_user_id",
[2026-02-12T23:41:53.014+0000] {spark_submit.py:492} INFO - "type" : "string",
[2026-02-12T23:41:53.014+0000] {spark_submit.py:492} INFO - "nullable" : true,
[2026-02-12T23:41:53.015+0000] {spark_submit.py:492} INFO - "metadata" : { }
[2026-02-12T23:41:53.015+0000] {spark_submit.py:492} INFO - }, {
[2026-02-12T23:41:53.015+0000] {spark_submit.py:492} INFO - "name" : "language",
[2026-02-12T23:41:53.015+0000] {spark_submit.py:492} INFO - "type" : "string",
[2026-02-12T23:41:53.015+0000] {spark_submit.py:492} INFO - "nullable" : true,
[2026-02-12T23:41:53.015+0000] {spark_submit.py:492} INFO - "metadata" : { }
[2026-02-12T23:41:53.015+0000] {spark_submit.py:492} INFO - }, {
[2026-02-12T23:41:53.016+0000] {spark_submit.py:492} INFO - "name" : "tweet_text",
[2026-02-12T23:41:53.016+0000] {spark_submit.py:492} INFO - "type" : "string",
[2026-02-12T23:41:53.016+0000] {spark_submit.py:492} INFO - "nullable" : true,
[2026-02-12T23:41:53.016+0000] {spark_submit.py:492} INFO - "metadata" : { }
[2026-02-12T23:41:53.016+0000] {spark_submit.py:492} INFO - }, {
[2026-02-12T23:41:53.016+0000] {spark_submit.py:492} INFO - "name" : "likes",
[2026-02-12T23:41:53.016+0000] {spark_submit.py:492} INFO - "type" : "long",
[2026-02-12T23:41:53.017+0000] {spark_submit.py:492} INFO - "nullable" : true,
[2026-02-12T23:41:53.017+0000] {spark_submit.py:492} INFO - "metadata" : { }
[2026-02-12T23:41:53.017+0000] {spark_submit.py:492} INFO - }, {
[2026-02-12T23:41:53.017+0000] {spark_submit.py:492} INFO - "name" : "quotes",
[2026-02-12T23:41:53.017+0000] {spark_submit.py:492} INFO - "type" : "long",
[2026-02-12T23:41:53.017+0000] {spark_submit.py:492} INFO - "nullable" : true,
[2026-02-12T23:41:53.017+0000] {spark_submit.py:492} INFO - "metadata" : { }
[2026-02-12T23:41:53.017+0000] {spark_submit.py:492} INFO - }, {
[2026-02-12T23:41:53.017+0000] {spark_submit.py:492} INFO - "name" : "replies",
[2026-02-12T23:41:53.018+0000] {spark_submit.py:492} INFO - "type" : "long",
[2026-02-12T23:41:53.018+0000] {spark_submit.py:492} INFO - "nullable" : true,
[2026-02-12T23:41:53.018+0000] {spark_submit.py:492} INFO - "metadata" : { }
[2026-02-12T23:41:53.018+0000] {spark_submit.py:492} INFO - }, {
[2026-02-12T23:41:53.018+0000] {spark_submit.py:492} INFO - "name" : "retweets",
[2026-02-12T23:41:53.018+0000] {spark_submit.py:492} INFO - "type" : "long",
[2026-02-12T23:41:53.018+0000] {spark_submit.py:492} INFO - "nullable" : true,
[2026-02-12T23:41:53.019+0000] {spark_submit.py:492} INFO - "metadata" : { }
[2026-02-12T23:41:53.019+0000] {spark_submit.py:492} INFO - }, {
[2026-02-12T23:41:53.019+0000] {spark_submit.py:492} INFO - "name" : "processing_date",
[2026-02-12T23:41:53.019+0000] {spark_submit.py:492} INFO - "type" : "date",
[2026-02-12T23:41:53.019+0000] {spark_submit.py:492} INFO - "nullable" : false,
[2026-02-12T23:41:53.019+0000] {spark_submit.py:492} INFO - "metadata" : { }
[2026-02-12T23:41:53.019+0000] {spark_submit.py:492} INFO - } ]
[2026-02-12T23:41:53.020+0000] {spark_submit.py:492} INFO - }
[2026-02-12T23:41:53.020+0000] {spark_submit.py:492} INFO - and corresponding Parquet message type:
[2026-02-12T23:41:53.020+0000] {spark_submit.py:492} INFO - message spark_schema {
[2026-02-12T23:41:53.020+0000] {spark_submit.py:492} INFO - optional binary user_id (STRING);
[2026-02-12T23:41:53.020+0000] {spark_submit.py:492} INFO - optional binary thread_id (STRING);
[2026-02-12T23:41:53.020+0000] {spark_submit.py:492} INFO - optional binary created_at (STRING);
[2026-02-12T23:41:53.020+0000] {spark_submit.py:492} INFO - optional group edit_versions_ids (LIST) {
[2026-02-12T23:41:53.020+0000] {spark_submit.py:492} INFO - repeated group list {
[2026-02-12T23:41:53.020+0000] {spark_submit.py:492} INFO - optional int64 element;
[2026-02-12T23:41:53.021+0000] {spark_submit.py:492} INFO - }
[2026-02-12T23:41:53.021+0000] {spark_submit.py:492} INFO - }
[2026-02-12T23:41:53.021+0000] {spark_submit.py:492} INFO - optional binary tweet_id (STRING);
[2026-02-12T23:41:53.021+0000] {spark_submit.py:492} INFO - optional binary reply_to_user_id (STRING);
[2026-02-12T23:41:53.021+0000] {spark_submit.py:492} INFO - optional binary language (STRING);
[2026-02-12T23:41:53.021+0000] {spark_submit.py:492} INFO - optional binary tweet_text (STRING);
[2026-02-12T23:41:53.021+0000] {spark_submit.py:492} INFO - optional int64 likes;
[2026-02-12T23:41:53.022+0000] {spark_submit.py:492} INFO - optional int64 quotes;
[2026-02-12T23:41:53.022+0000] {spark_submit.py:492} INFO - optional int64 replies;
[2026-02-12T23:41:53.022+0000] {spark_submit.py:492} INFO - optional int64 retweets;
[2026-02-12T23:41:53.022+0000] {spark_submit.py:492} INFO - required int32 processing_date (DATE);
[2026-02-12T23:41:53.022+0000] {spark_submit.py:492} INFO - }
[2026-02-12T23:41:53.022+0000] {spark_submit.py:492} INFO - 
[2026-02-12T23:41:53.022+0000] {spark_submit.py:492} INFO - 
[2026-02-12T23:41:53.033+0000] {spark_submit.py:492} INFO - 26/02/12 23:41:53 INFO CodecConfig: Compression: SNAPPY
[2026-02-12T23:41:53.034+0000] {spark_submit.py:492} INFO - 26/02/12 23:41:53 INFO CodecConfig: Compression: SNAPPY
[2026-02-12T23:41:53.034+0000] {spark_submit.py:492} INFO - 26/02/12 23:41:53 INFO ParquetOutputFormat: ParquetRecordWriter [block size: 134217728b, row group padding size: 8388608b, validating: false]
[2026-02-12T23:41:53.036+0000] {spark_submit.py:492} INFO - 26/02/12 23:41:53 INFO ParquetWriteSupport: Initialized Parquet WriteSupport with Catalyst schema:
[2026-02-12T23:41:53.036+0000] {spark_submit.py:492} INFO - {
[2026-02-12T23:41:53.036+0000] {spark_submit.py:492} INFO - "type" : "struct",
[2026-02-12T23:41:53.036+0000] {spark_submit.py:492} INFO - "fields" : [ {
[2026-02-12T23:41:53.037+0000] {spark_submit.py:492} INFO - "name" : "user_id",
[2026-02-12T23:41:53.037+0000] {spark_submit.py:492} INFO - "type" : "string",
[2026-02-12T23:41:53.037+0000] {spark_submit.py:492} INFO - "nullable" : true,
[2026-02-12T23:41:53.037+0000] {spark_submit.py:492} INFO - "metadata" : { }
[2026-02-12T23:41:53.037+0000] {spark_submit.py:492} INFO - }, {
[2026-02-12T23:41:53.037+0000] {spark_submit.py:492} INFO - "name" : "thread_id",
[2026-02-12T23:41:53.037+0000] {spark_submit.py:492} INFO - "type" : "string",
[2026-02-12T23:41:53.037+0000] {spark_submit.py:492} INFO - "nullable" : true,
[2026-02-12T23:41:53.037+0000] {spark_submit.py:492} INFO - "metadata" : { }
[2026-02-12T23:41:53.037+0000] {spark_submit.py:492} INFO - }, {
[2026-02-12T23:41:53.038+0000] {spark_submit.py:492} INFO - "name" : "created_at",
[2026-02-12T23:41:53.038+0000] {spark_submit.py:492} INFO - "type" : "string",
[2026-02-12T23:41:53.038+0000] {spark_submit.py:492} INFO - "nullable" : true,
[2026-02-12T23:41:53.038+0000] {spark_submit.py:492} INFO - "metadata" : { }
[2026-02-12T23:41:53.038+0000] {spark_submit.py:492} INFO - }, {
[2026-02-12T23:41:53.038+0000] {spark_submit.py:492} INFO - "name" : "edit_versions_ids",
[2026-02-12T23:41:53.038+0000] {spark_submit.py:492} INFO - "type" : {
[2026-02-12T23:41:53.038+0000] {spark_submit.py:492} INFO - "type" : "array",
[2026-02-12T23:41:53.038+0000] {spark_submit.py:492} INFO - "elementType" : "long",
[2026-02-12T23:41:53.038+0000] {spark_submit.py:492} INFO - "containsNull" : true
[2026-02-12T23:41:53.038+0000] {spark_submit.py:492} INFO - },
[2026-02-12T23:41:53.038+0000] {spark_submit.py:492} INFO - "nullable" : true,
[2026-02-12T23:41:53.038+0000] {spark_submit.py:492} INFO - "metadata" : { }
[2026-02-12T23:41:53.039+0000] {spark_submit.py:492} INFO - }, {
[2026-02-12T23:41:53.039+0000] {spark_submit.py:492} INFO - "name" : "tweet_id",
[2026-02-12T23:41:53.039+0000] {spark_submit.py:492} INFO - "type" : "string",
[2026-02-12T23:41:53.039+0000] {spark_submit.py:492} INFO - "nullable" : true,
[2026-02-12T23:41:53.039+0000] {spark_submit.py:492} INFO - "metadata" : { }
[2026-02-12T23:41:53.039+0000] {spark_submit.py:492} INFO - }, {
[2026-02-12T23:41:53.039+0000] {spark_submit.py:492} INFO - "name" : "reply_to_user_id",
[2026-02-12T23:41:53.039+0000] {spark_submit.py:492} INFO - "type" : "string",
[2026-02-12T23:41:53.039+0000] {spark_submit.py:492} INFO - "nullable" : true,
[2026-02-12T23:41:53.039+0000] {spark_submit.py:492} INFO - "metadata" : { }
[2026-02-12T23:41:53.039+0000] {spark_submit.py:492} INFO - }, {
[2026-02-12T23:41:53.039+0000] {spark_submit.py:492} INFO - "name" : "language",
[2026-02-12T23:41:53.040+0000] {spark_submit.py:492} INFO - "type" : "string",
[2026-02-12T23:41:53.040+0000] {spark_submit.py:492} INFO - "nullable" : true,
[2026-02-12T23:41:53.040+0000] {spark_submit.py:492} INFO - "metadata" : { }
[2026-02-12T23:41:53.040+0000] {spark_submit.py:492} INFO - }, {
[2026-02-12T23:41:53.040+0000] {spark_submit.py:492} INFO - "name" : "tweet_text",
[2026-02-12T23:41:53.040+0000] {spark_submit.py:492} INFO - "type" : "string",
[2026-02-12T23:41:53.040+0000] {spark_submit.py:492} INFO - "nullable" : true,
[2026-02-12T23:41:53.040+0000] {spark_submit.py:492} INFO - "metadata" : { }
[2026-02-12T23:41:53.040+0000] {spark_submit.py:492} INFO - }, {
[2026-02-12T23:41:53.040+0000] {spark_submit.py:492} INFO - "name" : "likes",
[2026-02-12T23:41:53.040+0000] {spark_submit.py:492} INFO - "type" : "long",
[2026-02-12T23:41:53.040+0000] {spark_submit.py:492} INFO - "nullable" : true,
[2026-02-12T23:41:53.041+0000] {spark_submit.py:492} INFO - "metadata" : { }
[2026-02-12T23:41:53.041+0000] {spark_submit.py:492} INFO - }, {
[2026-02-12T23:41:53.041+0000] {spark_submit.py:492} INFO - "name" : "quotes",
[2026-02-12T23:41:53.041+0000] {spark_submit.py:492} INFO - "type" : "long",
[2026-02-12T23:41:53.041+0000] {spark_submit.py:492} INFO - "nullable" : true,
[2026-02-12T23:41:53.041+0000] {spark_submit.py:492} INFO - "metadata" : { }
[2026-02-12T23:41:53.041+0000] {spark_submit.py:492} INFO - }, {
[2026-02-12T23:41:53.041+0000] {spark_submit.py:492} INFO - "name" : "replies",
[2026-02-12T23:41:53.041+0000] {spark_submit.py:492} INFO - "type" : "long",
[2026-02-12T23:41:53.041+0000] {spark_submit.py:492} INFO - "nullable" : true,
[2026-02-12T23:41:53.041+0000] {spark_submit.py:492} INFO - "metadata" : { }
[2026-02-12T23:41:53.041+0000] {spark_submit.py:492} INFO - }, {
[2026-02-12T23:41:53.041+0000] {spark_submit.py:492} INFO - "name" : "retweets",
[2026-02-12T23:41:53.042+0000] {spark_submit.py:492} INFO - "type" : "long",
[2026-02-12T23:41:53.042+0000] {spark_submit.py:492} INFO - "nullable" : true,
[2026-02-12T23:41:53.042+0000] {spark_submit.py:492} INFO - "metadata" : { }
[2026-02-12T23:41:53.042+0000] {spark_submit.py:492} INFO - }, {
[2026-02-12T23:41:53.042+0000] {spark_submit.py:492} INFO - "name" : "processing_date",
[2026-02-12T23:41:53.042+0000] {spark_submit.py:492} INFO - "type" : "date",
[2026-02-12T23:41:53.042+0000] {spark_submit.py:492} INFO - "nullable" : false,
[2026-02-12T23:41:53.042+0000] {spark_submit.py:492} INFO - "metadata" : { }
[2026-02-12T23:41:53.042+0000] {spark_submit.py:492} INFO - } ]
[2026-02-12T23:41:53.042+0000] {spark_submit.py:492} INFO - }
[2026-02-12T23:41:53.043+0000] {spark_submit.py:492} INFO - and corresponding Parquet message type:
[2026-02-12T23:41:53.043+0000] {spark_submit.py:492} INFO - message spark_schema {
[2026-02-12T23:41:53.043+0000] {spark_submit.py:492} INFO - optional binary user_id (STRING);
[2026-02-12T23:41:53.043+0000] {spark_submit.py:492} INFO - optional binary thread_id (STRING);
[2026-02-12T23:41:53.043+0000] {spark_submit.py:492} INFO - optional binary created_at (STRING);
[2026-02-12T23:41:53.043+0000] {spark_submit.py:492} INFO - optional group edit_versions_ids (LIST) {
[2026-02-12T23:41:53.043+0000] {spark_submit.py:492} INFO - repeated group list {
[2026-02-12T23:41:53.043+0000] {spark_submit.py:492} INFO - optional int64 element;
[2026-02-12T23:41:53.043+0000] {spark_submit.py:492} INFO - }
[2026-02-12T23:41:53.043+0000] {spark_submit.py:492} INFO - }
[2026-02-12T23:41:53.043+0000] {spark_submit.py:492} INFO - optional binary tweet_id (STRING);
[2026-02-12T23:41:53.044+0000] {spark_submit.py:492} INFO - optional binary reply_to_user_id (STRING);
[2026-02-12T23:41:53.044+0000] {spark_submit.py:492} INFO - optional binary language (STRING);
[2026-02-12T23:41:53.044+0000] {spark_submit.py:492} INFO - optional binary tweet_text (STRING);
[2026-02-12T23:41:53.044+0000] {spark_submit.py:492} INFO - optional int64 likes;
[2026-02-12T23:41:53.044+0000] {spark_submit.py:492} INFO - optional int64 quotes;
[2026-02-12T23:41:53.044+0000] {spark_submit.py:492} INFO - optional int64 replies;
[2026-02-12T23:41:53.044+0000] {spark_submit.py:492} INFO - optional int64 retweets;
[2026-02-12T23:41:53.044+0000] {spark_submit.py:492} INFO - required int32 processing_date (DATE);
[2026-02-12T23:41:53.044+0000] {spark_submit.py:492} INFO - }
[2026-02-12T23:41:53.044+0000] {spark_submit.py:492} INFO - 
[2026-02-12T23:41:53.044+0000] {spark_submit.py:492} INFO - 
[2026-02-12T23:41:53.058+0000] {spark_submit.py:492} INFO - 26/02/12 23:41:53 INFO CodecConfig: Compression: SNAPPY
[2026-02-12T23:41:53.059+0000] {spark_submit.py:492} INFO - 26/02/12 23:41:53 INFO CodecConfig: Compression: SNAPPY
[2026-02-12T23:41:53.059+0000] {spark_submit.py:492} INFO - 26/02/12 23:41:53 INFO ParquetOutputFormat: ParquetRecordWriter [block size: 134217728b, row group padding size: 8388608b, validating: false]
[2026-02-12T23:41:53.061+0000] {spark_submit.py:492} INFO - 26/02/12 23:41:53 INFO ParquetWriteSupport: Initialized Parquet WriteSupport with Catalyst schema:
[2026-02-12T23:41:53.061+0000] {spark_submit.py:492} INFO - {
[2026-02-12T23:41:53.061+0000] {spark_submit.py:492} INFO - "type" : "struct",
[2026-02-12T23:41:53.061+0000] {spark_submit.py:492} INFO - "fields" : [ {
[2026-02-12T23:41:53.061+0000] {spark_submit.py:492} INFO - "name" : "user_id",
[2026-02-12T23:41:53.061+0000] {spark_submit.py:492} INFO - "type" : "string",
[2026-02-12T23:41:53.061+0000] {spark_submit.py:492} INFO - "nullable" : true,
[2026-02-12T23:41:53.061+0000] {spark_submit.py:492} INFO - "metadata" : { }
[2026-02-12T23:41:53.062+0000] {spark_submit.py:492} INFO - }, {
[2026-02-12T23:41:53.062+0000] {spark_submit.py:492} INFO - "name" : "thread_id",
[2026-02-12T23:41:53.062+0000] {spark_submit.py:492} INFO - "type" : "string",
[2026-02-12T23:41:53.062+0000] {spark_submit.py:492} INFO - "nullable" : true,
[2026-02-12T23:41:53.062+0000] {spark_submit.py:492} INFO - "metadata" : { }
[2026-02-12T23:41:53.062+0000] {spark_submit.py:492} INFO - }, {
[2026-02-12T23:41:53.062+0000] {spark_submit.py:492} INFO - "name" : "created_at",
[2026-02-12T23:41:53.062+0000] {spark_submit.py:492} INFO - "type" : "string",
[2026-02-12T23:41:53.062+0000] {spark_submit.py:492} INFO - "nullable" : true,
[2026-02-12T23:41:53.062+0000] {spark_submit.py:492} INFO - "metadata" : { }
[2026-02-12T23:41:53.062+0000] {spark_submit.py:492} INFO - }, {
[2026-02-12T23:41:53.062+0000] {spark_submit.py:492} INFO - "name" : "edit_versions_ids",
[2026-02-12T23:41:53.062+0000] {spark_submit.py:492} INFO - "type" : {
[2026-02-12T23:41:53.063+0000] {spark_submit.py:492} INFO - "type" : "array",
[2026-02-12T23:41:53.063+0000] {spark_submit.py:492} INFO - "elementType" : "long",
[2026-02-12T23:41:53.063+0000] {spark_submit.py:492} INFO - "containsNull" : true
[2026-02-12T23:41:53.063+0000] {spark_submit.py:492} INFO - },
[2026-02-12T23:41:53.063+0000] {spark_submit.py:492} INFO - "nullable" : true,
[2026-02-12T23:41:53.063+0000] {spark_submit.py:492} INFO - "metadata" : { }
[2026-02-12T23:41:53.063+0000] {spark_submit.py:492} INFO - }, {
[2026-02-12T23:41:53.063+0000] {spark_submit.py:492} INFO - "name" : "tweet_id",
[2026-02-12T23:41:53.063+0000] {spark_submit.py:492} INFO - "type" : "string",
[2026-02-12T23:41:53.063+0000] {spark_submit.py:492} INFO - "nullable" : true,
[2026-02-12T23:41:53.063+0000] {spark_submit.py:492} INFO - "metadata" : { }
[2026-02-12T23:41:53.064+0000] {spark_submit.py:492} INFO - }, {
[2026-02-12T23:41:53.064+0000] {spark_submit.py:492} INFO - "name" : "reply_to_user_id",
[2026-02-12T23:41:53.064+0000] {spark_submit.py:492} INFO - "type" : "string",
[2026-02-12T23:41:53.064+0000] {spark_submit.py:492} INFO - "nullable" : true,
[2026-02-12T23:41:53.064+0000] {spark_submit.py:492} INFO - "metadata" : { }
[2026-02-12T23:41:53.064+0000] {spark_submit.py:492} INFO - }, {
[2026-02-12T23:41:53.064+0000] {spark_submit.py:492} INFO - "name" : "language",
[2026-02-12T23:41:53.064+0000] {spark_submit.py:492} INFO - "type" : "string",
[2026-02-12T23:41:53.064+0000] {spark_submit.py:492} INFO - "nullable" : true,
[2026-02-12T23:41:53.064+0000] {spark_submit.py:492} INFO - "metadata" : { }
[2026-02-12T23:41:53.064+0000] {spark_submit.py:492} INFO - }, {
[2026-02-12T23:41:53.064+0000] {spark_submit.py:492} INFO - "name" : "tweet_text",
[2026-02-12T23:41:53.064+0000] {spark_submit.py:492} INFO - "type" : "string",
[2026-02-12T23:41:53.065+0000] {spark_submit.py:492} INFO - "nullable" : true,
[2026-02-12T23:41:53.065+0000] {spark_submit.py:492} INFO - "metadata" : { }
[2026-02-12T23:41:53.065+0000] {spark_submit.py:492} INFO - }, {
[2026-02-12T23:41:53.065+0000] {spark_submit.py:492} INFO - "name" : "likes",
[2026-02-12T23:41:53.065+0000] {spark_submit.py:492} INFO - "type" : "long",
[2026-02-12T23:41:53.065+0000] {spark_submit.py:492} INFO - "nullable" : true,
[2026-02-12T23:41:53.065+0000] {spark_submit.py:492} INFO - "metadata" : { }
[2026-02-12T23:41:53.065+0000] {spark_submit.py:492} INFO - }, {
[2026-02-12T23:41:53.065+0000] {spark_submit.py:492} INFO - "name" : "quotes",
[2026-02-12T23:41:53.065+0000] {spark_submit.py:492} INFO - "type" : "long",
[2026-02-12T23:41:53.065+0000] {spark_submit.py:492} INFO - "nullable" : true,
[2026-02-12T23:41:53.065+0000] {spark_submit.py:492} INFO - "metadata" : { }
[2026-02-12T23:41:53.065+0000] {spark_submit.py:492} INFO - }, {
[2026-02-12T23:41:53.065+0000] {spark_submit.py:492} INFO - "name" : "replies",
[2026-02-12T23:41:53.066+0000] {spark_submit.py:492} INFO - "type" : "long",
[2026-02-12T23:41:53.066+0000] {spark_submit.py:492} INFO - "nullable" : true,
[2026-02-12T23:41:53.066+0000] {spark_submit.py:492} INFO - "metadata" : { }
[2026-02-12T23:41:53.066+0000] {spark_submit.py:492} INFO - }, {
[2026-02-12T23:41:53.066+0000] {spark_submit.py:492} INFO - "name" : "retweets",
[2026-02-12T23:41:53.066+0000] {spark_submit.py:492} INFO - "type" : "long",
[2026-02-12T23:41:53.066+0000] {spark_submit.py:492} INFO - "nullable" : true,
[2026-02-12T23:41:53.066+0000] {spark_submit.py:492} INFO - "metadata" : { }
[2026-02-12T23:41:53.066+0000] {spark_submit.py:492} INFO - }, {
[2026-02-12T23:41:53.066+0000] {spark_submit.py:492} INFO - "name" : "processing_date",
[2026-02-12T23:41:53.066+0000] {spark_submit.py:492} INFO - "type" : "date",
[2026-02-12T23:41:53.066+0000] {spark_submit.py:492} INFO - "nullable" : false,
[2026-02-12T23:41:53.067+0000] {spark_submit.py:492} INFO - "metadata" : { }
[2026-02-12T23:41:53.067+0000] {spark_submit.py:492} INFO - } ]
[2026-02-12T23:41:53.067+0000] {spark_submit.py:492} INFO - }
[2026-02-12T23:41:53.067+0000] {spark_submit.py:492} INFO - and corresponding Parquet message type:
[2026-02-12T23:41:53.067+0000] {spark_submit.py:492} INFO - message spark_schema {
[2026-02-12T23:41:53.067+0000] {spark_submit.py:492} INFO - optional binary user_id (STRING);
[2026-02-12T23:41:53.067+0000] {spark_submit.py:492} INFO - optional binary thread_id (STRING);
[2026-02-12T23:41:53.067+0000] {spark_submit.py:492} INFO - optional binary created_at (STRING);
[2026-02-12T23:41:53.067+0000] {spark_submit.py:492} INFO - optional group edit_versions_ids (LIST) {
[2026-02-12T23:41:53.068+0000] {spark_submit.py:492} INFO - repeated group list {
[2026-02-12T23:41:53.068+0000] {spark_submit.py:492} INFO - optional int64 element;
[2026-02-12T23:41:53.068+0000] {spark_submit.py:492} INFO - }
[2026-02-12T23:41:53.068+0000] {spark_submit.py:492} INFO - }
[2026-02-12T23:41:53.068+0000] {spark_submit.py:492} INFO - optional binary tweet_id (STRING);
[2026-02-12T23:41:53.068+0000] {spark_submit.py:492} INFO - optional binary reply_to_user_id (STRING);
[2026-02-12T23:41:53.068+0000] {spark_submit.py:492} INFO - optional binary language (STRING);
[2026-02-12T23:41:53.068+0000] {spark_submit.py:492} INFO - optional binary tweet_text (STRING);
[2026-02-12T23:41:53.068+0000] {spark_submit.py:492} INFO - optional int64 likes;
[2026-02-12T23:41:53.068+0000] {spark_submit.py:492} INFO - optional int64 quotes;
[2026-02-12T23:41:53.068+0000] {spark_submit.py:492} INFO - optional int64 replies;
[2026-02-12T23:41:53.068+0000] {spark_submit.py:492} INFO - optional int64 retweets;
[2026-02-12T23:41:53.068+0000] {spark_submit.py:492} INFO - required int32 processing_date (DATE);
[2026-02-12T23:41:53.069+0000] {spark_submit.py:492} INFO - }
[2026-02-12T23:41:53.069+0000] {spark_submit.py:492} INFO - 
[2026-02-12T23:41:53.069+0000] {spark_submit.py:492} INFO - 
[2026-02-12T23:41:53.084+0000] {spark_submit.py:492} INFO - 26/02/12 23:41:53 INFO CodecConfig: Compression: SNAPPY
[2026-02-12T23:41:53.084+0000] {spark_submit.py:492} INFO - 26/02/12 23:41:53 INFO CodecConfig: Compression: SNAPPY
[2026-02-12T23:41:53.085+0000] {spark_submit.py:492} INFO - 26/02/12 23:41:53 INFO ParquetOutputFormat: ParquetRecordWriter [block size: 134217728b, row group padding size: 8388608b, validating: false]
[2026-02-12T23:41:53.086+0000] {spark_submit.py:492} INFO - 26/02/12 23:41:53 INFO ParquetWriteSupport: Initialized Parquet WriteSupport with Catalyst schema:
[2026-02-12T23:41:53.086+0000] {spark_submit.py:492} INFO - {
[2026-02-12T23:41:53.086+0000] {spark_submit.py:492} INFO - "type" : "struct",
[2026-02-12T23:41:53.086+0000] {spark_submit.py:492} INFO - "fields" : [ {
[2026-02-12T23:41:53.087+0000] {spark_submit.py:492} INFO - "name" : "user_id",
[2026-02-12T23:41:53.087+0000] {spark_submit.py:492} INFO - "type" : "string",
[2026-02-12T23:41:53.087+0000] {spark_submit.py:492} INFO - "nullable" : true,
[2026-02-12T23:41:53.087+0000] {spark_submit.py:492} INFO - "metadata" : { }
[2026-02-12T23:41:53.087+0000] {spark_submit.py:492} INFO - }, {
[2026-02-12T23:41:53.087+0000] {spark_submit.py:492} INFO - "name" : "thread_id",
[2026-02-12T23:41:53.087+0000] {spark_submit.py:492} INFO - "type" : "string",
[2026-02-12T23:41:53.087+0000] {spark_submit.py:492} INFO - "nullable" : true,
[2026-02-12T23:41:53.087+0000] {spark_submit.py:492} INFO - "metadata" : { }
[2026-02-12T23:41:53.087+0000] {spark_submit.py:492} INFO - }, {
[2026-02-12T23:41:53.087+0000] {spark_submit.py:492} INFO - "name" : "created_at",
[2026-02-12T23:41:53.087+0000] {spark_submit.py:492} INFO - "type" : "string",
[2026-02-12T23:41:53.087+0000] {spark_submit.py:492} INFO - "nullable" : true,
[2026-02-12T23:41:53.088+0000] {spark_submit.py:492} INFO - "metadata" : { }
[2026-02-12T23:41:53.088+0000] {spark_submit.py:492} INFO - }, {
[2026-02-12T23:41:53.088+0000] {spark_submit.py:492} INFO - "name" : "edit_versions_ids",
[2026-02-12T23:41:53.088+0000] {spark_submit.py:492} INFO - "type" : {
[2026-02-12T23:41:53.088+0000] {spark_submit.py:492} INFO - "type" : "array",
[2026-02-12T23:41:53.088+0000] {spark_submit.py:492} INFO - "elementType" : "long",
[2026-02-12T23:41:53.088+0000] {spark_submit.py:492} INFO - "containsNull" : true
[2026-02-12T23:41:53.088+0000] {spark_submit.py:492} INFO - },
[2026-02-12T23:41:53.088+0000] {spark_submit.py:492} INFO - "nullable" : true,
[2026-02-12T23:41:53.088+0000] {spark_submit.py:492} INFO - "metadata" : { }
[2026-02-12T23:41:53.089+0000] {spark_submit.py:492} INFO - }, {
[2026-02-12T23:41:53.089+0000] {spark_submit.py:492} INFO - "name" : "tweet_id",
[2026-02-12T23:41:53.089+0000] {spark_submit.py:492} INFO - "type" : "string",
[2026-02-12T23:41:53.089+0000] {spark_submit.py:492} INFO - "nullable" : true,
[2026-02-12T23:41:53.089+0000] {spark_submit.py:492} INFO - "metadata" : { }
[2026-02-12T23:41:53.089+0000] {spark_submit.py:492} INFO - }, {
[2026-02-12T23:41:53.089+0000] {spark_submit.py:492} INFO - "name" : "reply_to_user_id",
[2026-02-12T23:41:53.089+0000] {spark_submit.py:492} INFO - "type" : "string",
[2026-02-12T23:41:53.089+0000] {spark_submit.py:492} INFO - "nullable" : true,
[2026-02-12T23:41:53.089+0000] {spark_submit.py:492} INFO - "metadata" : { }
[2026-02-12T23:41:53.089+0000] {spark_submit.py:492} INFO - }, {
[2026-02-12T23:41:53.089+0000] {spark_submit.py:492} INFO - "name" : "language",
[2026-02-12T23:41:53.089+0000] {spark_submit.py:492} INFO - "type" : "string",
[2026-02-12T23:41:53.089+0000] {spark_submit.py:492} INFO - "nullable" : true,
[2026-02-12T23:41:53.089+0000] {spark_submit.py:492} INFO - "metadata" : { }
[2026-02-12T23:41:53.090+0000] {spark_submit.py:492} INFO - }, {
[2026-02-12T23:41:53.090+0000] {spark_submit.py:492} INFO - "name" : "tweet_text",
[2026-02-12T23:41:53.090+0000] {spark_submit.py:492} INFO - "type" : "string",
[2026-02-12T23:41:53.090+0000] {spark_submit.py:492} INFO - "nullable" : true,
[2026-02-12T23:41:53.090+0000] {spark_submit.py:492} INFO - "metadata" : { }
[2026-02-12T23:41:53.090+0000] {spark_submit.py:492} INFO - }, {
[2026-02-12T23:41:53.090+0000] {spark_submit.py:492} INFO - "name" : "likes",
[2026-02-12T23:41:53.090+0000] {spark_submit.py:492} INFO - "type" : "long",
[2026-02-12T23:41:53.090+0000] {spark_submit.py:492} INFO - "nullable" : true,
[2026-02-12T23:41:53.090+0000] {spark_submit.py:492} INFO - "metadata" : { }
[2026-02-12T23:41:53.090+0000] {spark_submit.py:492} INFO - }, {
[2026-02-12T23:41:53.090+0000] {spark_submit.py:492} INFO - "name" : "quotes",
[2026-02-12T23:41:53.090+0000] {spark_submit.py:492} INFO - "type" : "long",
[2026-02-12T23:41:53.090+0000] {spark_submit.py:492} INFO - "nullable" : true,
[2026-02-12T23:41:53.090+0000] {spark_submit.py:492} INFO - "metadata" : { }
[2026-02-12T23:41:53.091+0000] {spark_submit.py:492} INFO - }, {
[2026-02-12T23:41:53.091+0000] {spark_submit.py:492} INFO - "name" : "replies",
[2026-02-12T23:41:53.091+0000] {spark_submit.py:492} INFO - "type" : "long",
[2026-02-12T23:41:53.091+0000] {spark_submit.py:492} INFO - "nullable" : true,
[2026-02-12T23:41:53.091+0000] {spark_submit.py:492} INFO - "metadata" : { }
[2026-02-12T23:41:53.091+0000] {spark_submit.py:492} INFO - }, {
[2026-02-12T23:41:53.091+0000] {spark_submit.py:492} INFO - "name" : "retweets",
[2026-02-12T23:41:53.091+0000] {spark_submit.py:492} INFO - "type" : "long",
[2026-02-12T23:41:53.091+0000] {spark_submit.py:492} INFO - "nullable" : true,
[2026-02-12T23:41:53.091+0000] {spark_submit.py:492} INFO - "metadata" : { }
[2026-02-12T23:41:53.092+0000] {spark_submit.py:492} INFO - }, {
[2026-02-12T23:41:53.092+0000] {spark_submit.py:492} INFO - "name" : "processing_date",
[2026-02-12T23:41:53.092+0000] {spark_submit.py:492} INFO - "type" : "date",
[2026-02-12T23:41:53.092+0000] {spark_submit.py:492} INFO - "nullable" : false,
[2026-02-12T23:41:53.092+0000] {spark_submit.py:492} INFO - "metadata" : { }
[2026-02-12T23:41:53.092+0000] {spark_submit.py:492} INFO - } ]
[2026-02-12T23:41:53.092+0000] {spark_submit.py:492} INFO - }
[2026-02-12T23:41:53.092+0000] {spark_submit.py:492} INFO - and corresponding Parquet message type:
[2026-02-12T23:41:53.093+0000] {spark_submit.py:492} INFO - message spark_schema {
[2026-02-12T23:41:53.093+0000] {spark_submit.py:492} INFO - optional binary user_id (STRING);
[2026-02-12T23:41:53.093+0000] {spark_submit.py:492} INFO - optional binary thread_id (STRING);
[2026-02-12T23:41:53.093+0000] {spark_submit.py:492} INFO - optional binary created_at (STRING);
[2026-02-12T23:41:53.093+0000] {spark_submit.py:492} INFO - optional group edit_versions_ids (LIST) {
[2026-02-12T23:41:53.093+0000] {spark_submit.py:492} INFO - repeated group list {
[2026-02-12T23:41:53.093+0000] {spark_submit.py:492} INFO - optional int64 element;
[2026-02-12T23:41:53.093+0000] {spark_submit.py:492} INFO - }
[2026-02-12T23:41:53.093+0000] {spark_submit.py:492} INFO - }
[2026-02-12T23:41:53.093+0000] {spark_submit.py:492} INFO - optional binary tweet_id (STRING);
[2026-02-12T23:41:53.093+0000] {spark_submit.py:492} INFO - optional binary reply_to_user_id (STRING);
[2026-02-12T23:41:53.093+0000] {spark_submit.py:492} INFO - optional binary language (STRING);
[2026-02-12T23:41:53.093+0000] {spark_submit.py:492} INFO - optional binary tweet_text (STRING);
[2026-02-12T23:41:53.094+0000] {spark_submit.py:492} INFO - optional int64 likes;
[2026-02-12T23:41:53.094+0000] {spark_submit.py:492} INFO - optional int64 quotes;
[2026-02-12T23:41:53.094+0000] {spark_submit.py:492} INFO - optional int64 replies;
[2026-02-12T23:41:53.094+0000] {spark_submit.py:492} INFO - optional int64 retweets;
[2026-02-12T23:41:53.094+0000] {spark_submit.py:492} INFO - required int32 processing_date (DATE);
[2026-02-12T23:41:53.094+0000] {spark_submit.py:492} INFO - }
[2026-02-12T23:41:53.094+0000] {spark_submit.py:492} INFO - 
[2026-02-12T23:41:53.094+0000] {spark_submit.py:492} INFO - 
[2026-02-12T23:41:53.111+0000] {spark_submit.py:492} INFO - 26/02/12 23:41:53 INFO CodecConfig: Compression: SNAPPY
[2026-02-12T23:41:53.111+0000] {spark_submit.py:492} INFO - 26/02/12 23:41:53 INFO CodecConfig: Compression: SNAPPY
[2026-02-12T23:41:53.112+0000] {spark_submit.py:492} INFO - 26/02/12 23:41:53 INFO ParquetOutputFormat: ParquetRecordWriter [block size: 134217728b, row group padding size: 8388608b, validating: false]
[2026-02-12T23:41:53.114+0000] {spark_submit.py:492} INFO - 26/02/12 23:41:53 INFO ParquetWriteSupport: Initialized Parquet WriteSupport with Catalyst schema:
[2026-02-12T23:41:53.114+0000] {spark_submit.py:492} INFO - {
[2026-02-12T23:41:53.114+0000] {spark_submit.py:492} INFO - "type" : "struct",
[2026-02-12T23:41:53.114+0000] {spark_submit.py:492} INFO - "fields" : [ {
[2026-02-12T23:41:53.114+0000] {spark_submit.py:492} INFO - "name" : "user_id",
[2026-02-12T23:41:53.114+0000] {spark_submit.py:492} INFO - "type" : "string",
[2026-02-12T23:41:53.114+0000] {spark_submit.py:492} INFO - "nullable" : true,
[2026-02-12T23:41:53.114+0000] {spark_submit.py:492} INFO - "metadata" : { }
[2026-02-12T23:41:53.115+0000] {spark_submit.py:492} INFO - }, {
[2026-02-12T23:41:53.115+0000] {spark_submit.py:492} INFO - "name" : "thread_id",
[2026-02-12T23:41:53.115+0000] {spark_submit.py:492} INFO - "type" : "string",
[2026-02-12T23:41:53.115+0000] {spark_submit.py:492} INFO - "nullable" : true,
[2026-02-12T23:41:53.115+0000] {spark_submit.py:492} INFO - "metadata" : { }
[2026-02-12T23:41:53.115+0000] {spark_submit.py:492} INFO - }, {
[2026-02-12T23:41:53.115+0000] {spark_submit.py:492} INFO - "name" : "created_at",
[2026-02-12T23:41:53.115+0000] {spark_submit.py:492} INFO - "type" : "string",
[2026-02-12T23:41:53.116+0000] {spark_submit.py:492} INFO - "nullable" : true,
[2026-02-12T23:41:53.116+0000] {spark_submit.py:492} INFO - "metadata" : { }
[2026-02-12T23:41:53.116+0000] {spark_submit.py:492} INFO - }, {
[2026-02-12T23:41:53.116+0000] {spark_submit.py:492} INFO - "name" : "edit_versions_ids",
[2026-02-12T23:41:53.116+0000] {spark_submit.py:492} INFO - "type" : {
[2026-02-12T23:41:53.116+0000] {spark_submit.py:492} INFO - "type" : "array",
[2026-02-12T23:41:53.116+0000] {spark_submit.py:492} INFO - "elementType" : "long",
[2026-02-12T23:41:53.116+0000] {spark_submit.py:492} INFO - "containsNull" : true
[2026-02-12T23:41:53.117+0000] {spark_submit.py:492} INFO - },
[2026-02-12T23:41:53.117+0000] {spark_submit.py:492} INFO - "nullable" : true,
[2026-02-12T23:41:53.117+0000] {spark_submit.py:492} INFO - "metadata" : { }
[2026-02-12T23:41:53.117+0000] {spark_submit.py:492} INFO - }, {
[2026-02-12T23:41:53.117+0000] {spark_submit.py:492} INFO - "name" : "tweet_id",
[2026-02-12T23:41:53.117+0000] {spark_submit.py:492} INFO - "type" : "string",
[2026-02-12T23:41:53.117+0000] {spark_submit.py:492} INFO - "nullable" : true,
[2026-02-12T23:41:53.117+0000] {spark_submit.py:492} INFO - "metadata" : { }
[2026-02-12T23:41:53.117+0000] {spark_submit.py:492} INFO - }, {
[2026-02-12T23:41:53.118+0000] {spark_submit.py:492} INFO - "name" : "reply_to_user_id",
[2026-02-12T23:41:53.118+0000] {spark_submit.py:492} INFO - "type" : "string",
[2026-02-12T23:41:53.118+0000] {spark_submit.py:492} INFO - "nullable" : true,
[2026-02-12T23:41:53.118+0000] {spark_submit.py:492} INFO - "metadata" : { }
[2026-02-12T23:41:53.118+0000] {spark_submit.py:492} INFO - }, {
[2026-02-12T23:41:53.118+0000] {spark_submit.py:492} INFO - "name" : "language",
[2026-02-12T23:41:53.118+0000] {spark_submit.py:492} INFO - "type" : "string",
[2026-02-12T23:41:53.118+0000] {spark_submit.py:492} INFO - "nullable" : true,
[2026-02-12T23:41:53.119+0000] {spark_submit.py:492} INFO - "metadata" : { }
[2026-02-12T23:41:53.119+0000] {spark_submit.py:492} INFO - }, {
[2026-02-12T23:41:53.119+0000] {spark_submit.py:492} INFO - "name" : "tweet_text",
[2026-02-12T23:41:53.119+0000] {spark_submit.py:492} INFO - "type" : "string",
[2026-02-12T23:41:53.119+0000] {spark_submit.py:492} INFO - "nullable" : true,
[2026-02-12T23:41:53.119+0000] {spark_submit.py:492} INFO - "metadata" : { }
[2026-02-12T23:41:53.119+0000] {spark_submit.py:492} INFO - }, {
[2026-02-12T23:41:53.120+0000] {spark_submit.py:492} INFO - "name" : "likes",
[2026-02-12T23:41:53.120+0000] {spark_submit.py:492} INFO - "type" : "long",
[2026-02-12T23:41:53.120+0000] {spark_submit.py:492} INFO - "nullable" : true,
[2026-02-12T23:41:53.120+0000] {spark_submit.py:492} INFO - "metadata" : { }
[2026-02-12T23:41:53.120+0000] {spark_submit.py:492} INFO - }, {
[2026-02-12T23:41:53.120+0000] {spark_submit.py:492} INFO - "name" : "quotes",
[2026-02-12T23:41:53.120+0000] {spark_submit.py:492} INFO - "type" : "long",
[2026-02-12T23:41:53.120+0000] {spark_submit.py:492} INFO - "nullable" : true,
[2026-02-12T23:41:53.120+0000] {spark_submit.py:492} INFO - "metadata" : { }
[2026-02-12T23:41:53.120+0000] {spark_submit.py:492} INFO - }, {
[2026-02-12T23:41:53.120+0000] {spark_submit.py:492} INFO - "name" : "replies",
[2026-02-12T23:41:53.121+0000] {spark_submit.py:492} INFO - "type" : "long",
[2026-02-12T23:41:53.121+0000] {spark_submit.py:492} INFO - "nullable" : true,
[2026-02-12T23:41:53.121+0000] {spark_submit.py:492} INFO - "metadata" : { }
[2026-02-12T23:41:53.121+0000] {spark_submit.py:492} INFO - }, {
[2026-02-12T23:41:53.121+0000] {spark_submit.py:492} INFO - "name" : "retweets",
[2026-02-12T23:41:53.121+0000] {spark_submit.py:492} INFO - "type" : "long",
[2026-02-12T23:41:53.121+0000] {spark_submit.py:492} INFO - "nullable" : true,
[2026-02-12T23:41:53.121+0000] {spark_submit.py:492} INFO - "metadata" : { }
[2026-02-12T23:41:53.121+0000] {spark_submit.py:492} INFO - }, {
[2026-02-12T23:41:53.122+0000] {spark_submit.py:492} INFO - "name" : "processing_date",
[2026-02-12T23:41:53.122+0000] {spark_submit.py:492} INFO - "type" : "date",
[2026-02-12T23:41:53.122+0000] {spark_submit.py:492} INFO - "nullable" : false,
[2026-02-12T23:41:53.122+0000] {spark_submit.py:492} INFO - "metadata" : { }
[2026-02-12T23:41:53.122+0000] {spark_submit.py:492} INFO - } ]
[2026-02-12T23:41:53.122+0000] {spark_submit.py:492} INFO - }
[2026-02-12T23:41:53.122+0000] {spark_submit.py:492} INFO - and corresponding Parquet message type:
[2026-02-12T23:41:53.122+0000] {spark_submit.py:492} INFO - message spark_schema {
[2026-02-12T23:41:53.122+0000] {spark_submit.py:492} INFO - optional binary user_id (STRING);
[2026-02-12T23:41:53.122+0000] {spark_submit.py:492} INFO - optional binary thread_id (STRING);
[2026-02-12T23:41:53.122+0000] {spark_submit.py:492} INFO - optional binary created_at (STRING);
[2026-02-12T23:41:53.122+0000] {spark_submit.py:492} INFO - optional group edit_versions_ids (LIST) {
[2026-02-12T23:41:53.123+0000] {spark_submit.py:492} INFO - repeated group list {
[2026-02-12T23:41:53.123+0000] {spark_submit.py:492} INFO - optional int64 element;
[2026-02-12T23:41:53.123+0000] {spark_submit.py:492} INFO - }
[2026-02-12T23:41:53.123+0000] {spark_submit.py:492} INFO - }
[2026-02-12T23:41:53.123+0000] {spark_submit.py:492} INFO - optional binary tweet_id (STRING);
[2026-02-12T23:41:53.123+0000] {spark_submit.py:492} INFO - optional binary reply_to_user_id (STRING);
[2026-02-12T23:41:53.123+0000] {spark_submit.py:492} INFO - optional binary language (STRING);
[2026-02-12T23:41:53.123+0000] {spark_submit.py:492} INFO - optional binary tweet_text (STRING);
[2026-02-12T23:41:53.123+0000] {spark_submit.py:492} INFO - optional int64 likes;
[2026-02-12T23:41:53.123+0000] {spark_submit.py:492} INFO - optional int64 quotes;
[2026-02-12T23:41:53.123+0000] {spark_submit.py:492} INFO - optional int64 replies;
[2026-02-12T23:41:53.124+0000] {spark_submit.py:492} INFO - optional int64 retweets;
[2026-02-12T23:41:53.124+0000] {spark_submit.py:492} INFO - required int32 processing_date (DATE);
[2026-02-12T23:41:53.124+0000] {spark_submit.py:492} INFO - }
[2026-02-12T23:41:53.124+0000] {spark_submit.py:492} INFO - 
[2026-02-12T23:41:53.124+0000] {spark_submit.py:492} INFO - 
[2026-02-12T23:41:53.138+0000] {spark_submit.py:492} INFO - 26/02/12 23:41:53 INFO FileOutputCommitter: Saved output of task 'attempt_202602122341525715093492342397301_0001_m_000000_1' to file:/opt/airflow/data/silver/_temporary/0/task_202602122341525715093492342397301_0001_m_000000
[2026-02-12T23:41:53.138+0000] {spark_submit.py:492} INFO - 26/02/12 23:41:53 INFO SparkHadoopMapRedUtil: attempt_202602122341525715093492342397301_0001_m_000000_1: Committed. Elapsed time: 0 ms.
[2026-02-12T23:41:53.150+0000] {spark_submit.py:492} INFO - 26/02/12 23:41:53 INFO Executor: Finished task 0.0 in stage 1.0 (TID 1). 3930 bytes result sent to driver
[2026-02-12T23:41:53.153+0000] {spark_submit.py:492} INFO - 26/02/12 23:41:53 INFO TaskSetManager: Finished task 0.0 in stage 1.0 (TID 1) in 811 ms on 0bc7f8c4ce9d (executor driver) (1/1)
[2026-02-12T23:41:53.153+0000] {spark_submit.py:492} INFO - 26/02/12 23:41:53 INFO TaskSchedulerImpl: Removed TaskSet 1.0, whose tasks have all completed, from pool
[2026-02-12T23:41:53.154+0000] {spark_submit.py:492} INFO - 26/02/12 23:41:53 INFO DAGScheduler: ResultStage 1 (parquet at NativeMethodAccessorImpl.java:0) finished in 0.830 s
[2026-02-12T23:41:53.154+0000] {spark_submit.py:492} INFO - 26/02/12 23:41:53 INFO DAGScheduler: Job 1 is finished. Cancelling potential speculative or zombie tasks for this job
[2026-02-12T23:41:53.154+0000] {spark_submit.py:492} INFO - 26/02/12 23:41:53 INFO TaskSchedulerImpl: Killing all running tasks in stage 1: Stage finished
[2026-02-12T23:41:53.155+0000] {spark_submit.py:492} INFO - 26/02/12 23:41:53 INFO DAGScheduler: Job 1 finished: parquet at NativeMethodAccessorImpl.java:0, took 0.833249 s
[2026-02-12T23:41:53.156+0000] {spark_submit.py:492} INFO - 26/02/12 23:41:53 INFO FileFormatWriter: Start to commit write Job 2c0666d0-6de5-484b-92fe-780272c4eb3a.
[2026-02-12T23:41:53.172+0000] {spark_submit.py:492} INFO - 26/02/12 23:41:53 INFO FileFormatWriter: Write Job 2c0666d0-6de5-484b-92fe-780272c4eb3a committed. Elapsed time: 14 ms.
[2026-02-12T23:41:53.173+0000] {spark_submit.py:492} INFO - 26/02/12 23:41:53 INFO FileFormatWriter: Finished processing stats for write job 2c0666d0-6de5-484b-92fe-780272c4eb3a.
[2026-02-12T23:41:53.203+0000] {spark_submit.py:492} INFO - 26/02/12 23:41:53 INFO SparkContext: Invoking stop() from shutdown hook
[2026-02-12T23:41:53.203+0000] {spark_submit.py:492} INFO - 26/02/12 23:41:53 INFO SparkContext: SparkContext is stopping with exitCode 0.
[2026-02-12T23:41:53.210+0000] {spark_submit.py:492} INFO - 26/02/12 23:41:53 INFO SparkUI: Stopped Spark web UI at http://0bc7f8c4ce9d:4040
[2026-02-12T23:41:53.217+0000] {spark_submit.py:492} INFO - 26/02/12 23:41:53 INFO MapOutputTrackerMasterEndpoint: MapOutputTrackerMasterEndpoint stopped!
[2026-02-12T23:41:53.225+0000] {spark_submit.py:492} INFO - 26/02/12 23:41:53 INFO MemoryStore: MemoryStore cleared
[2026-02-12T23:41:53.225+0000] {spark_submit.py:492} INFO - 26/02/12 23:41:53 INFO BlockManager: BlockManager stopped
[2026-02-12T23:41:53.227+0000] {spark_submit.py:492} INFO - 26/02/12 23:41:53 INFO BlockManagerMaster: BlockManagerMaster stopped
[2026-02-12T23:41:53.228+0000] {spark_submit.py:492} INFO - 26/02/12 23:41:53 INFO OutputCommitCoordinator$OutputCommitCoordinatorEndpoint: OutputCommitCoordinator stopped!
[2026-02-12T23:41:53.233+0000] {spark_submit.py:492} INFO - 26/02/12 23:41:53 INFO SparkContext: Successfully stopped SparkContext
[2026-02-12T23:41:53.234+0000] {spark_submit.py:492} INFO - 26/02/12 23:41:53 INFO ShutdownHookManager: Shutdown hook called
[2026-02-12T23:41:53.234+0000] {spark_submit.py:492} INFO - 26/02/12 23:41:53 INFO ShutdownHookManager: Deleting directory /tmp/spark-b0af6e12-d32e-428e-82ab-6ff5a71cca0f
[2026-02-12T23:41:53.240+0000] {spark_submit.py:492} INFO - 26/02/12 23:41:53 INFO ShutdownHookManager: Deleting directory /tmp/spark-4477b4be-34fd-4933-adc5-646671adc8e1/pyspark-075feb71-8e61-4176-ba69-89bf43cec0f8
[2026-02-12T23:41:53.245+0000] {spark_submit.py:492} INFO - 26/02/12 23:41:53 INFO ShutdownHookManager: Deleting directory /tmp/spark-4477b4be-34fd-4933-adc5-646671adc8e1
[2026-02-12T23:41:53.306+0000] {taskinstance.py:441} INFO - ::group::Post task execution logs
[2026-02-12T23:41:53.316+0000] {taskinstance.py:1206} INFO - Marking task as SUCCESS. dag_id=twitter_pipeline_2, task_id=transform_twitter_datascience, run_id=scheduled__2026-02-08T00:00:00+00:00, execution_date=20260208T000000, start_date=20260212T234147, end_date=20260212T234153
[2026-02-12T23:41:53.362+0000] {local_task_job_runner.py:243} INFO - Task exited with return code 0
[2026-02-12T23:41:53.379+0000] {taskinstance.py:3503} INFO - 1 downstream tasks scheduled from follow-on schedule check
[2026-02-12T23:41:53.381+0000] {local_task_job_runner.py:222} INFO - ::endgroup::
