[2026-02-12T20:34:49.880+0000] {local_task_job_runner.py:120} INFO - ::group::Pre task execution logs
[2026-02-12T20:34:49.891+0000] {taskinstance.py:2076} INFO - Dependencies all met for dep_context=non-requeueable deps ti=<TaskInstance: twitter_pipeline_2.transform_twitter_datascience scheduled__2026-02-11T00:00:00+00:00 [queued]>
[2026-02-12T20:34:49.896+0000] {taskinstance.py:2076} INFO - Dependencies all met for dep_context=requeueable deps ti=<TaskInstance: twitter_pipeline_2.transform_twitter_datascience scheduled__2026-02-11T00:00:00+00:00 [queued]>
[2026-02-12T20:34:49.897+0000] {taskinstance.py:2306} INFO - Starting attempt 1 of 1
[2026-02-12T20:34:49.904+0000] {taskinstance.py:2330} INFO - Executing <Task(SparkSubmitOperator): transform_twitter_datascience> on 2026-02-11 00:00:00+00:00
[2026-02-12T20:34:49.909+0000] {standard_task_runner.py:64} INFO - Started process 3088 to run task
[2026-02-12T20:34:49.912+0000] {standard_task_runner.py:90} INFO - Running: ['airflow', 'tasks', 'run', 'twitter_pipeline_2', 'transform_twitter_datascience', 'scheduled__2026-02-11T00:00:00+00:00', '--job-id', '92', '--raw', '--subdir', 'DAGS_FOLDER/dag2.py', '--cfg-path', '/tmp/tmpdcd34dxn']
[2026-02-12T20:34:49.913+0000] {standard_task_runner.py:91} INFO - Job 92: Subtask transform_twitter_datascience
[2026-02-12T20:34:49.951+0000] {task_command.py:426} INFO - Running <TaskInstance: twitter_pipeline_2.transform_twitter_datascience scheduled__2026-02-11T00:00:00+00:00 [running]> on host 649004db3ede
[2026-02-12T20:34:50.015+0000] {taskinstance.py:2648} INFO - Exporting env vars: AIRFLOW_CTX_DAG_OWNER='airflow' AIRFLOW_CTX_DAG_ID='twitter_pipeline_2' AIRFLOW_CTX_TASK_ID='transform_twitter_datascience' AIRFLOW_CTX_EXECUTION_DATE='2026-02-11T00:00:00+00:00' AIRFLOW_CTX_TRY_NUMBER='1' AIRFLOW_CTX_DAG_RUN_ID='scheduled__2026-02-11T00:00:00+00:00'
[2026-02-12T20:34:50.016+0000] {taskinstance.py:430} INFO - ::endgroup::
[2026-02-12T20:34:50.023+0000] {base.py:84} INFO - Using connection ID 'spark_default' for task execution.
[2026-02-12T20:34:50.023+0000] {spark_submit.py:341} INFO - Spark-Submit cmd: spark-submit --master local --name twitter_transformation --queue root.default /opt/airflow/src/spark/transformation.py --src /opt/data_lake/twitter_posts_raw --dest /opt/airflow/data/silver
[2026-02-12T20:34:51.743+0000] {spark_submit.py:492} INFO - 26/02/12 20:34:51 INFO SparkContext: Running Spark version 3.4.1
[2026-02-12T20:34:51.779+0000] {spark_submit.py:492} INFO - 26/02/12 20:34:51 WARN NativeCodeLoader: Unable to load native-hadoop library for your platform... using builtin-java classes where applicable
[2026-02-12T20:34:51.830+0000] {spark_submit.py:492} INFO - 26/02/12 20:34:51 INFO ResourceUtils: ==============================================================
[2026-02-12T20:34:51.831+0000] {spark_submit.py:492} INFO - 26/02/12 20:34:51 INFO ResourceUtils: No custom resources configured for spark.driver.
[2026-02-12T20:34:51.831+0000] {spark_submit.py:492} INFO - 26/02/12 20:34:51 INFO ResourceUtils: ==============================================================
[2026-02-12T20:34:51.831+0000] {spark_submit.py:492} INFO - 26/02/12 20:34:51 INFO SparkContext: Submitted application: twitter_transformation
[2026-02-12T20:34:51.844+0000] {spark_submit.py:492} INFO - 26/02/12 20:34:51 INFO ResourceProfile: Default ResourceProfile created, executor resources: Map(cores -> name: cores, amount: 1, script: , vendor: , memory -> name: memory, amount: 1024, script: , vendor: , offHeap -> name: offHeap, amount: 0, script: , vendor: ), task resources: Map(cpus -> name: cpus, amount: 1.0)
[2026-02-12T20:34:51.849+0000] {spark_submit.py:492} INFO - 26/02/12 20:34:51 INFO ResourceProfile: Limiting resource is cpu
[2026-02-12T20:34:51.849+0000] {spark_submit.py:492} INFO - 26/02/12 20:34:51 INFO ResourceProfileManager: Added ResourceProfile id: 0
[2026-02-12T20:34:51.877+0000] {spark_submit.py:492} INFO - 26/02/12 20:34:51 INFO SecurityManager: Changing view acls to: default
[2026-02-12T20:34:51.877+0000] {spark_submit.py:492} INFO - 26/02/12 20:34:51 INFO SecurityManager: Changing modify acls to: default
[2026-02-12T20:34:51.877+0000] {spark_submit.py:492} INFO - 26/02/12 20:34:51 INFO SecurityManager: Changing view acls groups to:
[2026-02-12T20:34:51.877+0000] {spark_submit.py:492} INFO - 26/02/12 20:34:51 INFO SecurityManager: Changing modify acls groups to:
[2026-02-12T20:34:51.878+0000] {spark_submit.py:492} INFO - 26/02/12 20:34:51 INFO SecurityManager: SecurityManager: authentication disabled; ui acls disabled; users with view permissions: default; groups with view permissions: EMPTY; users with modify permissions: default; groups with modify permissions: EMPTY
[2026-02-12T20:34:51.996+0000] {spark_submit.py:492} INFO - 26/02/12 20:34:51 INFO Utils: Successfully started service 'sparkDriver' on port 39309.
[2026-02-12T20:34:52.011+0000] {spark_submit.py:492} INFO - 26/02/12 20:34:52 INFO SparkEnv: Registering MapOutputTracker
[2026-02-12T20:34:52.033+0000] {spark_submit.py:492} INFO - 26/02/12 20:34:52 INFO SparkEnv: Registering BlockManagerMaster
[2026-02-12T20:34:52.045+0000] {spark_submit.py:492} INFO - 26/02/12 20:34:52 INFO BlockManagerMasterEndpoint: Using org.apache.spark.storage.DefaultTopologyMapper for getting topology information
[2026-02-12T20:34:52.046+0000] {spark_submit.py:492} INFO - 26/02/12 20:34:52 INFO BlockManagerMasterEndpoint: BlockManagerMasterEndpoint up
[2026-02-12T20:34:52.048+0000] {spark_submit.py:492} INFO - 26/02/12 20:34:52 INFO SparkEnv: Registering BlockManagerMasterHeartbeat
[2026-02-12T20:34:52.060+0000] {spark_submit.py:492} INFO - 26/02/12 20:34:52 INFO DiskBlockManager: Created local directory at /tmp/blockmgr-0816e612-6c4f-4c1d-bff5-7e55efb4e4bc
[2026-02-12T20:34:52.071+0000] {spark_submit.py:492} INFO - 26/02/12 20:34:52 INFO MemoryStore: MemoryStore started with capacity 434.4 MiB
[2026-02-12T20:34:52.079+0000] {spark_submit.py:492} INFO - 26/02/12 20:34:52 INFO SparkEnv: Registering OutputCommitCoordinator
[2026-02-12T20:34:52.151+0000] {spark_submit.py:492} INFO - 26/02/12 20:34:52 INFO JettyUtils: Start Jetty 0.0.0.0:4040 for SparkUI
[2026-02-12T20:34:52.182+0000] {spark_submit.py:492} INFO - 26/02/12 20:34:52 INFO Utils: Successfully started service 'SparkUI' on port 4040.
[2026-02-12T20:34:52.238+0000] {spark_submit.py:492} INFO - 26/02/12 20:34:52 INFO Executor: Starting executor ID driver on host 649004db3ede
[2026-02-12T20:34:52.242+0000] {spark_submit.py:492} INFO - 26/02/12 20:34:52 INFO Executor: Starting executor with user classpath (userClassPathFirst = false): ''
[2026-02-12T20:34:52.253+0000] {spark_submit.py:492} INFO - 26/02/12 20:34:52 INFO Utils: Successfully started service 'org.apache.spark.network.netty.NettyBlockTransferService' on port 44779.
[2026-02-12T20:34:52.253+0000] {spark_submit.py:492} INFO - 26/02/12 20:34:52 INFO NettyBlockTransferService: Server created on 649004db3ede:44779
[2026-02-12T20:34:52.254+0000] {spark_submit.py:492} INFO - 26/02/12 20:34:52 INFO BlockManager: Using org.apache.spark.storage.RandomBlockReplicationPolicy for block replication policy
[2026-02-12T20:34:52.257+0000] {spark_submit.py:492} INFO - 26/02/12 20:34:52 INFO BlockManagerMaster: Registering BlockManager BlockManagerId(driver, 649004db3ede, 44779, None)
[2026-02-12T20:34:52.259+0000] {spark_submit.py:492} INFO - 26/02/12 20:34:52 INFO BlockManagerMasterEndpoint: Registering block manager 649004db3ede:44779 with 434.4 MiB RAM, BlockManagerId(driver, 649004db3ede, 44779, None)
[2026-02-12T20:34:52.260+0000] {spark_submit.py:492} INFO - 26/02/12 20:34:52 INFO BlockManagerMaster: Registered BlockManager BlockManagerId(driver, 649004db3ede, 44779, None)
[2026-02-12T20:34:52.261+0000] {spark_submit.py:492} INFO - 26/02/12 20:34:52 INFO BlockManager: Initialized BlockManager: BlockManagerId(driver, 649004db3ede, 44779, None)
[2026-02-12T20:34:52.501+0000] {spark_submit.py:492} INFO - 26/02/12 20:34:52 INFO SharedState: Setting hive.metastore.warehouse.dir ('null') to the value of spark.sql.warehouse.dir.
[2026-02-12T20:34:52.507+0000] {spark_submit.py:492} INFO - 26/02/12 20:34:52 INFO SharedState: Warehouse path is 'file:/opt/airflow/spark-warehouse'.
[2026-02-12T20:34:52.933+0000] {spark_submit.py:492} INFO - 26/02/12 20:34:52 INFO InMemoryFileIndex: It took 28 ms to list leaf files for 1 paths.
[2026-02-12T20:34:52.972+0000] {spark_submit.py:492} INFO - 26/02/12 20:34:52 INFO InMemoryFileIndex: It took 7 ms to list leaf files for 12 paths.
[2026-02-12T20:34:53.997+0000] {spark_submit.py:492} INFO - 26/02/12 20:34:53 INFO FileSourceStrategy: Pushed Filters:
[2026-02-12T20:34:54.002+0000] {spark_submit.py:492} INFO - 26/02/12 20:34:54 INFO FileSourceStrategy: Post-Scan Filters:
[2026-02-12T20:34:54.131+0000] {spark_submit.py:492} INFO - 26/02/12 20:34:54 INFO MemoryStore: Block broadcast_0 stored as values in memory (estimated size 199.2 KiB, free 434.2 MiB)
[2026-02-12T20:34:54.167+0000] {spark_submit.py:492} INFO - 26/02/12 20:34:54 INFO MemoryStore: Block broadcast_0_piece0 stored as bytes in memory (estimated size 34.2 KiB, free 434.2 MiB)
[2026-02-12T20:34:54.169+0000] {spark_submit.py:492} INFO - 26/02/12 20:34:54 INFO BlockManagerInfo: Added broadcast_0_piece0 in memory on 649004db3ede:44779 (size: 34.2 KiB, free: 434.4 MiB)
[2026-02-12T20:34:54.172+0000] {spark_submit.py:492} INFO - 26/02/12 20:34:54 INFO SparkContext: Created broadcast 0 from json at NativeMethodAccessorImpl.java:0
[2026-02-12T20:34:54.178+0000] {spark_submit.py:492} INFO - 26/02/12 20:34:54 INFO FileSourceScanExec: Planning scan with bin packing, max size: 50456344 bytes, open cost is considered as scanning 4194304 bytes.
[2026-02-12T20:34:54.265+0000] {spark_submit.py:492} INFO - 26/02/12 20:34:54 INFO SparkContext: Starting job: json at NativeMethodAccessorImpl.java:0
[2026-02-12T20:34:54.273+0000] {spark_submit.py:492} INFO - 26/02/12 20:34:54 INFO DAGScheduler: Got job 0 (json at NativeMethodAccessorImpl.java:0) with 1 output partitions
[2026-02-12T20:34:54.273+0000] {spark_submit.py:492} INFO - 26/02/12 20:34:54 INFO DAGScheduler: Final stage: ResultStage 0 (json at NativeMethodAccessorImpl.java:0)
[2026-02-12T20:34:54.273+0000] {spark_submit.py:492} INFO - 26/02/12 20:34:54 INFO DAGScheduler: Parents of final stage: List()
[2026-02-12T20:34:54.274+0000] {spark_submit.py:492} INFO - 26/02/12 20:34:54 INFO DAGScheduler: Missing parents: List()
[2026-02-12T20:34:54.276+0000] {spark_submit.py:492} INFO - 26/02/12 20:34:54 INFO DAGScheduler: Submitting ResultStage 0 (MapPartitionsRDD[3] at json at NativeMethodAccessorImpl.java:0), which has no missing parents
[2026-02-12T20:34:54.320+0000] {spark_submit.py:492} INFO - 26/02/12 20:34:54 INFO MemoryStore: Block broadcast_1 stored as values in memory (estimated size 15.0 KiB, free 434.2 MiB)
[2026-02-12T20:34:54.326+0000] {spark_submit.py:492} INFO - 26/02/12 20:34:54 INFO MemoryStore: Block broadcast_1_piece0 stored as bytes in memory (estimated size 7.2 KiB, free 434.2 MiB)
[2026-02-12T20:34:54.327+0000] {spark_submit.py:492} INFO - 26/02/12 20:34:54 INFO BlockManagerInfo: Added broadcast_1_piece0 in memory on 649004db3ede:44779 (size: 7.2 KiB, free: 434.4 MiB)
[2026-02-12T20:34:54.327+0000] {spark_submit.py:492} INFO - 26/02/12 20:34:54 INFO SparkContext: Created broadcast 1 from broadcast at DAGScheduler.scala:1535
[2026-02-12T20:34:54.335+0000] {spark_submit.py:492} INFO - 26/02/12 20:34:54 INFO DAGScheduler: Submitting 1 missing tasks from ResultStage 0 (MapPartitionsRDD[3] at json at NativeMethodAccessorImpl.java:0) (first 15 tasks are for partitions Vector(0))
[2026-02-12T20:34:54.336+0000] {spark_submit.py:492} INFO - 26/02/12 20:34:54 INFO TaskSchedulerImpl: Adding task set 0.0 with 1 tasks resource profile 0
[2026-02-12T20:34:54.361+0000] {spark_submit.py:492} INFO - 26/02/12 20:34:54 INFO TaskSetManager: Starting task 0.0 in stage 0.0 (TID 0) (649004db3ede, executor driver, partition 0, PROCESS_LOCAL, 9196 bytes)
[2026-02-12T20:34:54.367+0000] {spark_submit.py:492} INFO - 26/02/12 20:34:54 INFO Executor: Running task 0.0 in stage 0.0 (TID 0)
[2026-02-12T20:34:54.426+0000] {spark_submit.py:492} INFO - 26/02/12 20:34:54 INFO FileScanRDD: Reading File path: file:///opt/data_lake/twitter_posts_raw/tweets_2026-02-02.json, range: 0-31150, partition values: [empty row]
[2026-02-12T20:34:54.550+0000] {spark_submit.py:492} INFO - 26/02/12 20:34:54 INFO CodeGenerator: Code generated in 102.716145 ms
[2026-02-12T20:34:54.585+0000] {spark_submit.py:492} INFO - 26/02/12 20:34:54 INFO FileScanRDD: Reading File path: file:///opt/data_lake/twitter_posts_raw/tweets_2026-02-11.json, range: 0-20613, partition values: [empty row]
[2026-02-12T20:34:54.594+0000] {spark_submit.py:492} INFO - 26/02/12 20:34:54 INFO FileScanRDD: Reading File path: file:///opt/data_lake/twitter_posts_raw/tweets_2026-02-06.json, range: 0-17465, partition values: [empty row]
[2026-02-12T20:34:54.598+0000] {spark_submit.py:492} INFO - 26/02/12 20:34:54 INFO FileScanRDD: Reading File path: file:///opt/data_lake/twitter_posts_raw/tweets_2026-02-04.json, range: 0-10266, partition values: [empty row]
[2026-02-12T20:34:54.601+0000] {spark_submit.py:492} INFO - 26/02/12 20:34:54 INFO FileScanRDD: Reading File path: file:///opt/data_lake/twitter_posts_raw/tweets_2026-02-03.json, range: 0-7059, partition values: [empty row]
[2026-02-12T20:34:54.604+0000] {spark_submit.py:492} INFO - 26/02/12 20:34:54 INFO FileScanRDD: Reading File path: file:///opt/data_lake/twitter_posts_raw/tweets_2026-02-09.json, range: 0-6991, partition values: [empty row]
[2026-02-12T20:34:54.606+0000] {spark_submit.py:492} INFO - 26/02/12 20:34:54 INFO FileScanRDD: Reading File path: file:///opt/data_lake/twitter_posts_raw/tweets_2026-02-08.json, range: 0-6983, partition values: [empty row]
[2026-02-12T20:34:54.608+0000] {spark_submit.py:492} INFO - 26/02/12 20:34:54 INFO FileScanRDD: Reading File path: file:///opt/data_lake/twitter_posts_raw/tweets_2026-02-05.json, range: 0-6920, partition values: [empty row]
[2026-02-12T20:34:54.610+0000] {spark_submit.py:492} INFO - 26/02/12 20:34:54 INFO FileScanRDD: Reading File path: file:///opt/data_lake/twitter_posts_raw/tweets_2026-02-07.json, range: 0-6800, partition values: [empty row]
[2026-02-12T20:34:54.613+0000] {spark_submit.py:492} INFO - 26/02/12 20:34:54 INFO FileScanRDD: Reading File path: file:///opt/data_lake/twitter_posts_raw/tweets_2026-02-01.json, range: 0-3511, partition values: [empty row]
[2026-02-12T20:34:54.614+0000] {spark_submit.py:492} INFO - 26/02/12 20:34:54 INFO FileScanRDD: Reading File path: file:///opt/data_lake/twitter_posts_raw/tweets_2026-02-12.json, range: 0-3472, partition values: [empty row]
[2026-02-12T20:34:54.616+0000] {spark_submit.py:492} INFO - 26/02/12 20:34:54 INFO FileScanRDD: Reading File path: file:///opt/data_lake/twitter_posts_raw/tweets_2026-02-10.json, range: 0-3466, partition values: [empty row]
[2026-02-12T20:34:54.630+0000] {spark_submit.py:492} INFO - 26/02/12 20:34:54 INFO Executor: Finished task 0.0 in stage 0.0 (TID 0). 2606 bytes result sent to driver
[2026-02-12T20:34:54.636+0000] {spark_submit.py:492} INFO - 26/02/12 20:34:54 INFO TaskSetManager: Finished task 0.0 in stage 0.0 (TID 0) in 281 ms on 649004db3ede (executor driver) (1/1)
[2026-02-12T20:34:54.637+0000] {spark_submit.py:492} INFO - 26/02/12 20:34:54 INFO TaskSchedulerImpl: Removed TaskSet 0.0, whose tasks have all completed, from pool
[2026-02-12T20:34:54.640+0000] {spark_submit.py:492} INFO - 26/02/12 20:34:54 INFO DAGScheduler: ResultStage 0 (json at NativeMethodAccessorImpl.java:0) finished in 0.356 s
[2026-02-12T20:34:54.642+0000] {spark_submit.py:492} INFO - 26/02/12 20:34:54 INFO DAGScheduler: Job 0 is finished. Cancelling potential speculative or zombie tasks for this job
[2026-02-12T20:34:54.642+0000] {spark_submit.py:492} INFO - 26/02/12 20:34:54 INFO TaskSchedulerImpl: Killing all running tasks in stage 0: Stage finished
[2026-02-12T20:34:54.644+0000] {spark_submit.py:492} INFO - 26/02/12 20:34:54 INFO DAGScheduler: Job 0 finished: json at NativeMethodAccessorImpl.java:0, took 0.378599 s
[2026-02-12T20:34:54.896+0000] {spark_submit.py:492} INFO - 26/02/12 20:34:54 INFO FileSourceStrategy: Pushed Filters:
[2026-02-12T20:34:54.896+0000] {spark_submit.py:492} INFO - 26/02/12 20:34:54 INFO FileSourceStrategy: Post-Scan Filters:
[2026-02-12T20:34:54.934+0000] {spark_submit.py:492} INFO - 26/02/12 20:34:54 INFO ParquetUtils: Using default output committer for Parquet: org.apache.parquet.hadoop.ParquetOutputCommitter
[2026-02-12T20:34:54.945+0000] {spark_submit.py:492} INFO - 26/02/12 20:34:54 INFO FileOutputCommitter: File Output Committer Algorithm version is 1
[2026-02-12T20:34:54.945+0000] {spark_submit.py:492} INFO - 26/02/12 20:34:54 INFO FileOutputCommitter: FileOutputCommitter skip cleanup _temporary folders under output directory:false, ignore cleanup failures: false
[2026-02-12T20:34:54.945+0000] {spark_submit.py:492} INFO - 26/02/12 20:34:54 INFO SQLHadoopMapReduceCommitProtocol: Using user defined output committer class org.apache.parquet.hadoop.ParquetOutputCommitter
[2026-02-12T20:34:54.946+0000] {spark_submit.py:492} INFO - 26/02/12 20:34:54 INFO FileOutputCommitter: File Output Committer Algorithm version is 1
[2026-02-12T20:34:54.946+0000] {spark_submit.py:492} INFO - 26/02/12 20:34:54 INFO FileOutputCommitter: FileOutputCommitter skip cleanup _temporary folders under output directory:false, ignore cleanup failures: false
[2026-02-12T20:34:54.946+0000] {spark_submit.py:492} INFO - 26/02/12 20:34:54 INFO SQLHadoopMapReduceCommitProtocol: Using output committer class org.apache.parquet.hadoop.ParquetOutputCommitter
[2026-02-12T20:34:54.999+0000] {spark_submit.py:492} INFO - 26/02/12 20:34:54 INFO BlockManagerInfo: Removed broadcast_1_piece0 on 649004db3ede:44779 in memory (size: 7.2 KiB, free: 434.4 MiB)
[2026-02-12T20:34:55.026+0000] {spark_submit.py:492} INFO - 26/02/12 20:34:55 INFO CodeGenerator: Code generated in 32.031475 ms
[2026-02-12T20:34:55.028+0000] {spark_submit.py:492} INFO - 26/02/12 20:34:55 INFO MemoryStore: Block broadcast_2 stored as values in memory (estimated size 199.1 KiB, free 434.0 MiB)
[2026-02-12T20:34:55.034+0000] {spark_submit.py:492} INFO - 26/02/12 20:34:55 INFO MemoryStore: Block broadcast_2_piece0 stored as bytes in memory (estimated size 34.1 KiB, free 433.9 MiB)
[2026-02-12T20:34:55.035+0000] {spark_submit.py:492} INFO - 26/02/12 20:34:55 INFO BlockManagerInfo: Added broadcast_2_piece0 in memory on 649004db3ede:44779 (size: 34.1 KiB, free: 434.3 MiB)
[2026-02-12T20:34:55.036+0000] {spark_submit.py:492} INFO - 26/02/12 20:34:55 INFO SparkContext: Created broadcast 2 from parquet at NativeMethodAccessorImpl.java:0
[2026-02-12T20:34:55.039+0000] {spark_submit.py:492} INFO - 26/02/12 20:34:55 INFO FileSourceScanExec: Planning scan with bin packing, max size: 50456344 bytes, open cost is considered as scanning 4194304 bytes.
[2026-02-12T20:34:55.073+0000] {spark_submit.py:492} INFO - 26/02/12 20:34:55 INFO SparkContext: Starting job: parquet at NativeMethodAccessorImpl.java:0
[2026-02-12T20:34:55.074+0000] {spark_submit.py:492} INFO - 26/02/12 20:34:55 INFO DAGScheduler: Got job 1 (parquet at NativeMethodAccessorImpl.java:0) with 1 output partitions
[2026-02-12T20:34:55.074+0000] {spark_submit.py:492} INFO - 26/02/12 20:34:55 INFO DAGScheduler: Final stage: ResultStage 1 (parquet at NativeMethodAccessorImpl.java:0)
[2026-02-12T20:34:55.074+0000] {spark_submit.py:492} INFO - 26/02/12 20:34:55 INFO DAGScheduler: Parents of final stage: List()
[2026-02-12T20:34:55.075+0000] {spark_submit.py:492} INFO - 26/02/12 20:34:55 INFO DAGScheduler: Missing parents: List()
[2026-02-12T20:34:55.075+0000] {spark_submit.py:492} INFO - 26/02/12 20:34:55 INFO DAGScheduler: Submitting ResultStage 1 (MapPartitionsRDD[7] at parquet at NativeMethodAccessorImpl.java:0), which has no missing parents
[2026-02-12T20:34:55.090+0000] {spark_submit.py:492} INFO - 26/02/12 20:34:55 INFO MemoryStore: Block broadcast_3 stored as values in memory (estimated size 236.4 KiB, free 433.7 MiB)
[2026-02-12T20:34:55.092+0000] {spark_submit.py:492} INFO - 26/02/12 20:34:55 INFO MemoryStore: Block broadcast_3_piece0 stored as bytes in memory (estimated size 86.4 KiB, free 433.6 MiB)
[2026-02-12T20:34:55.092+0000] {spark_submit.py:492} INFO - 26/02/12 20:34:55 INFO BlockManagerInfo: Added broadcast_3_piece0 in memory on 649004db3ede:44779 (size: 86.4 KiB, free: 434.2 MiB)
[2026-02-12T20:34:55.093+0000] {spark_submit.py:492} INFO - 26/02/12 20:34:55 INFO SparkContext: Created broadcast 3 from broadcast at DAGScheduler.scala:1535
[2026-02-12T20:34:55.093+0000] {spark_submit.py:492} INFO - 26/02/12 20:34:55 INFO DAGScheduler: Submitting 1 missing tasks from ResultStage 1 (MapPartitionsRDD[7] at parquet at NativeMethodAccessorImpl.java:0) (first 15 tasks are for partitions Vector(0))
[2026-02-12T20:34:55.093+0000] {spark_submit.py:492} INFO - 26/02/12 20:34:55 INFO TaskSchedulerImpl: Adding task set 1.0 with 1 tasks resource profile 0
[2026-02-12T20:34:55.095+0000] {spark_submit.py:492} INFO - 26/02/12 20:34:55 INFO TaskSetManager: Starting task 0.0 in stage 1.0 (TID 1) (649004db3ede, executor driver, partition 0, PROCESS_LOCAL, 9196 bytes)
[2026-02-12T20:34:55.095+0000] {spark_submit.py:492} INFO - 26/02/12 20:34:55 INFO Executor: Running task 0.0 in stage 1.0 (TID 1)
[2026-02-12T20:34:55.135+0000] {spark_submit.py:492} INFO - 26/02/12 20:34:55 INFO CodeGenerator: Code generated in 7.895291 ms
[2026-02-12T20:34:55.147+0000] {spark_submit.py:492} INFO - 26/02/12 20:34:55 INFO CodeGenerator: Code generated in 6.822441 ms
[2026-02-12T20:34:55.154+0000] {spark_submit.py:492} INFO - 26/02/12 20:34:55 INFO FileOutputCommitter: File Output Committer Algorithm version is 1
[2026-02-12T20:34:55.154+0000] {spark_submit.py:492} INFO - 26/02/12 20:34:55 INFO FileOutputCommitter: FileOutputCommitter skip cleanup _temporary folders under output directory:false, ignore cleanup failures: false
[2026-02-12T20:34:55.154+0000] {spark_submit.py:492} INFO - 26/02/12 20:34:55 INFO SQLHadoopMapReduceCommitProtocol: Using user defined output committer class org.apache.parquet.hadoop.ParquetOutputCommitter
[2026-02-12T20:34:55.154+0000] {spark_submit.py:492} INFO - 26/02/12 20:34:55 INFO FileOutputCommitter: File Output Committer Algorithm version is 1
[2026-02-12T20:34:55.154+0000] {spark_submit.py:492} INFO - 26/02/12 20:34:55 INFO FileOutputCommitter: FileOutputCommitter skip cleanup _temporary folders under output directory:false, ignore cleanup failures: false
[2026-02-12T20:34:55.154+0000] {spark_submit.py:492} INFO - 26/02/12 20:34:55 INFO SQLHadoopMapReduceCommitProtocol: Using output committer class org.apache.parquet.hadoop.ParquetOutputCommitter
[2026-02-12T20:34:55.175+0000] {spark_submit.py:492} INFO - 26/02/12 20:34:55 INFO CodeGenerator: Code generated in 11.65912 ms
[2026-02-12T20:34:55.176+0000] {spark_submit.py:492} INFO - 26/02/12 20:34:55 INFO FileScanRDD: Reading File path: file:///opt/data_lake/twitter_posts_raw/tweets_2026-02-02.json, range: 0-31150, partition values: [empty row]
[2026-02-12T20:34:55.193+0000] {spark_submit.py:492} INFO - 26/02/12 20:34:55 INFO CodeGenerator: Code generated in 11.093396 ms
[2026-02-12T20:34:55.223+0000] {spark_submit.py:492} INFO - 26/02/12 20:34:55 INFO FileScanRDD: Reading File path: file:///opt/data_lake/twitter_posts_raw/tweets_2026-02-11.json, range: 0-20613, partition values: [empty row]
[2026-02-12T20:34:55.233+0000] {spark_submit.py:492} INFO - 26/02/12 20:34:55 INFO FileScanRDD: Reading File path: file:///opt/data_lake/twitter_posts_raw/tweets_2026-02-06.json, range: 0-17465, partition values: [empty row]
[2026-02-12T20:34:55.240+0000] {spark_submit.py:492} INFO - 26/02/12 20:34:55 INFO FileScanRDD: Reading File path: file:///opt/data_lake/twitter_posts_raw/tweets_2026-02-04.json, range: 0-10266, partition values: [empty row]
[2026-02-12T20:34:55.243+0000] {spark_submit.py:492} INFO - 26/02/12 20:34:55 INFO FileScanRDD: Reading File path: file:///opt/data_lake/twitter_posts_raw/tweets_2026-02-03.json, range: 0-7059, partition values: [empty row]
[2026-02-12T20:34:55.246+0000] {spark_submit.py:492} INFO - 26/02/12 20:34:55 INFO FileScanRDD: Reading File path: file:///opt/data_lake/twitter_posts_raw/tweets_2026-02-09.json, range: 0-6991, partition values: [empty row]
[2026-02-12T20:34:55.249+0000] {spark_submit.py:492} INFO - 26/02/12 20:34:55 INFO FileScanRDD: Reading File path: file:///opt/data_lake/twitter_posts_raw/tweets_2026-02-08.json, range: 0-6983, partition values: [empty row]
[2026-02-12T20:34:55.251+0000] {spark_submit.py:492} INFO - 26/02/12 20:34:55 INFO FileScanRDD: Reading File path: file:///opt/data_lake/twitter_posts_raw/tweets_2026-02-05.json, range: 0-6920, partition values: [empty row]
[2026-02-12T20:34:55.253+0000] {spark_submit.py:492} INFO - 26/02/12 20:34:55 INFO FileScanRDD: Reading File path: file:///opt/data_lake/twitter_posts_raw/tweets_2026-02-07.json, range: 0-6800, partition values: [empty row]
[2026-02-12T20:34:55.255+0000] {spark_submit.py:492} INFO - 26/02/12 20:34:55 INFO FileScanRDD: Reading File path: file:///opt/data_lake/twitter_posts_raw/tweets_2026-02-01.json, range: 0-3511, partition values: [empty row]
[2026-02-12T20:34:55.256+0000] {spark_submit.py:492} INFO - 26/02/12 20:34:55 INFO FileScanRDD: Reading File path: file:///opt/data_lake/twitter_posts_raw/tweets_2026-02-12.json, range: 0-3472, partition values: [empty row]
[2026-02-12T20:34:55.258+0000] {spark_submit.py:492} INFO - 26/02/12 20:34:55 INFO FileScanRDD: Reading File path: file:///opt/data_lake/twitter_posts_raw/tweets_2026-02-10.json, range: 0-3466, partition values: [empty row]
[2026-02-12T20:34:55.271+0000] {spark_submit.py:492} INFO - 26/02/12 20:34:55 INFO CodeGenerator: Code generated in 5.345983 ms
[2026-02-12T20:34:55.292+0000] {spark_submit.py:492} INFO - 26/02/12 20:34:55 INFO CodeGenerator: Code generated in 13.005955 ms
[2026-02-12T20:34:55.298+0000] {spark_submit.py:492} INFO - 26/02/12 20:34:55 INFO CodecConfig: Compression: SNAPPY
[2026-02-12T20:34:55.299+0000] {spark_submit.py:492} INFO - 26/02/12 20:34:55 INFO CodecConfig: Compression: SNAPPY
[2026-02-12T20:34:55.309+0000] {spark_submit.py:492} INFO - 26/02/12 20:34:55 INFO ParquetOutputFormat: ParquetRecordWriter [block size: 134217728b, row group padding size: 8388608b, validating: false]
[2026-02-12T20:34:55.326+0000] {spark_submit.py:492} INFO - 26/02/12 20:34:55 INFO ParquetWriteSupport: Initialized Parquet WriteSupport with Catalyst schema:
[2026-02-12T20:34:55.326+0000] {spark_submit.py:492} INFO - {
[2026-02-12T20:34:55.327+0000] {spark_submit.py:492} INFO - "type" : "struct",
[2026-02-12T20:34:55.327+0000] {spark_submit.py:492} INFO - "fields" : [ {
[2026-02-12T20:34:55.327+0000] {spark_submit.py:492} INFO - "name" : "user_id",
[2026-02-12T20:34:55.327+0000] {spark_submit.py:492} INFO - "type" : "string",
[2026-02-12T20:34:55.327+0000] {spark_submit.py:492} INFO - "nullable" : true,
[2026-02-12T20:34:55.327+0000] {spark_submit.py:492} INFO - "metadata" : { }
[2026-02-12T20:34:55.327+0000] {spark_submit.py:492} INFO - }, {
[2026-02-12T20:34:55.327+0000] {spark_submit.py:492} INFO - "name" : "thread_id",
[2026-02-12T20:34:55.327+0000] {spark_submit.py:492} INFO - "type" : "string",
[2026-02-12T20:34:55.328+0000] {spark_submit.py:492} INFO - "nullable" : true,
[2026-02-12T20:34:55.328+0000] {spark_submit.py:492} INFO - "metadata" : { }
[2026-02-12T20:34:55.328+0000] {spark_submit.py:492} INFO - }, {
[2026-02-12T20:34:55.328+0000] {spark_submit.py:492} INFO - "name" : "created_at",
[2026-02-12T20:34:55.328+0000] {spark_submit.py:492} INFO - "type" : "string",
[2026-02-12T20:34:55.328+0000] {spark_submit.py:492} INFO - "nullable" : true,
[2026-02-12T20:34:55.328+0000] {spark_submit.py:492} INFO - "metadata" : { }
[2026-02-12T20:34:55.328+0000] {spark_submit.py:492} INFO - }, {
[2026-02-12T20:34:55.328+0000] {spark_submit.py:492} INFO - "name" : "edit_versions_ids",
[2026-02-12T20:34:55.328+0000] {spark_submit.py:492} INFO - "type" : {
[2026-02-12T20:34:55.329+0000] {spark_submit.py:492} INFO - "type" : "array",
[2026-02-12T20:34:55.329+0000] {spark_submit.py:492} INFO - "elementType" : "long",
[2026-02-12T20:34:55.329+0000] {spark_submit.py:492} INFO - "containsNull" : true
[2026-02-12T20:34:55.329+0000] {spark_submit.py:492} INFO - },
[2026-02-12T20:34:55.329+0000] {spark_submit.py:492} INFO - "nullable" : true,
[2026-02-12T20:34:55.329+0000] {spark_submit.py:492} INFO - "metadata" : { }
[2026-02-12T20:34:55.329+0000] {spark_submit.py:492} INFO - }, {
[2026-02-12T20:34:55.329+0000] {spark_submit.py:492} INFO - "name" : "tweet_id",
[2026-02-12T20:34:55.330+0000] {spark_submit.py:492} INFO - "type" : "string",
[2026-02-12T20:34:55.330+0000] {spark_submit.py:492} INFO - "nullable" : true,
[2026-02-12T20:34:55.330+0000] {spark_submit.py:492} INFO - "metadata" : { }
[2026-02-12T20:34:55.330+0000] {spark_submit.py:492} INFO - }, {
[2026-02-12T20:34:55.330+0000] {spark_submit.py:492} INFO - "name" : "reply_to_user_id",
[2026-02-12T20:34:55.330+0000] {spark_submit.py:492} INFO - "type" : "string",
[2026-02-12T20:34:55.330+0000] {spark_submit.py:492} INFO - "nullable" : true,
[2026-02-12T20:34:55.330+0000] {spark_submit.py:492} INFO - "metadata" : { }
[2026-02-12T20:34:55.330+0000] {spark_submit.py:492} INFO - }, {
[2026-02-12T20:34:55.330+0000] {spark_submit.py:492} INFO - "name" : "language",
[2026-02-12T20:34:55.330+0000] {spark_submit.py:492} INFO - "type" : "string",
[2026-02-12T20:34:55.330+0000] {spark_submit.py:492} INFO - "nullable" : true,
[2026-02-12T20:34:55.330+0000] {spark_submit.py:492} INFO - "metadata" : { }
[2026-02-12T20:34:55.330+0000] {spark_submit.py:492} INFO - }, {
[2026-02-12T20:34:55.331+0000] {spark_submit.py:492} INFO - "name" : "tweet_text",
[2026-02-12T20:34:55.331+0000] {spark_submit.py:492} INFO - "type" : "string",
[2026-02-12T20:34:55.331+0000] {spark_submit.py:492} INFO - "nullable" : true,
[2026-02-12T20:34:55.331+0000] {spark_submit.py:492} INFO - "metadata" : { }
[2026-02-12T20:34:55.331+0000] {spark_submit.py:492} INFO - }, {
[2026-02-12T20:34:55.331+0000] {spark_submit.py:492} INFO - "name" : "likes",
[2026-02-12T20:34:55.331+0000] {spark_submit.py:492} INFO - "type" : "long",
[2026-02-12T20:34:55.331+0000] {spark_submit.py:492} INFO - "nullable" : true,
[2026-02-12T20:34:55.331+0000] {spark_submit.py:492} INFO - "metadata" : { }
[2026-02-12T20:34:55.331+0000] {spark_submit.py:492} INFO - }, {
[2026-02-12T20:34:55.331+0000] {spark_submit.py:492} INFO - "name" : "quotes",
[2026-02-12T20:34:55.331+0000] {spark_submit.py:492} INFO - "type" : "long",
[2026-02-12T20:34:55.331+0000] {spark_submit.py:492} INFO - "nullable" : true,
[2026-02-12T20:34:55.331+0000] {spark_submit.py:492} INFO - "metadata" : { }
[2026-02-12T20:34:55.332+0000] {spark_submit.py:492} INFO - }, {
[2026-02-12T20:34:55.332+0000] {spark_submit.py:492} INFO - "name" : "replies",
[2026-02-12T20:34:55.332+0000] {spark_submit.py:492} INFO - "type" : "long",
[2026-02-12T20:34:55.332+0000] {spark_submit.py:492} INFO - "nullable" : true,
[2026-02-12T20:34:55.332+0000] {spark_submit.py:492} INFO - "metadata" : { }
[2026-02-12T20:34:55.332+0000] {spark_submit.py:492} INFO - }, {
[2026-02-12T20:34:55.332+0000] {spark_submit.py:492} INFO - "name" : "retweets",
[2026-02-12T20:34:55.332+0000] {spark_submit.py:492} INFO - "type" : "long",
[2026-02-12T20:34:55.332+0000] {spark_submit.py:492} INFO - "nullable" : true,
[2026-02-12T20:34:55.332+0000] {spark_submit.py:492} INFO - "metadata" : { }
[2026-02-12T20:34:55.332+0000] {spark_submit.py:492} INFO - }, {
[2026-02-12T20:34:55.332+0000] {spark_submit.py:492} INFO - "name" : "processing_date",
[2026-02-12T20:34:55.332+0000] {spark_submit.py:492} INFO - "type" : "date",
[2026-02-12T20:34:55.333+0000] {spark_submit.py:492} INFO - "nullable" : false,
[2026-02-12T20:34:55.333+0000] {spark_submit.py:492} INFO - "metadata" : { }
[2026-02-12T20:34:55.333+0000] {spark_submit.py:492} INFO - } ]
[2026-02-12T20:34:55.333+0000] {spark_submit.py:492} INFO - }
[2026-02-12T20:34:55.333+0000] {spark_submit.py:492} INFO - and corresponding Parquet message type:
[2026-02-12T20:34:55.333+0000] {spark_submit.py:492} INFO - message spark_schema {
[2026-02-12T20:34:55.333+0000] {spark_submit.py:492} INFO - optional binary user_id (STRING);
[2026-02-12T20:34:55.333+0000] {spark_submit.py:492} INFO - optional binary thread_id (STRING);
[2026-02-12T20:34:55.333+0000] {spark_submit.py:492} INFO - optional binary created_at (STRING);
[2026-02-12T20:34:55.333+0000] {spark_submit.py:492} INFO - optional group edit_versions_ids (LIST) {
[2026-02-12T20:34:55.333+0000] {spark_submit.py:492} INFO - repeated group list {
[2026-02-12T20:34:55.333+0000] {spark_submit.py:492} INFO - optional int64 element;
[2026-02-12T20:34:55.333+0000] {spark_submit.py:492} INFO - }
[2026-02-12T20:34:55.334+0000] {spark_submit.py:492} INFO - }
[2026-02-12T20:34:55.334+0000] {spark_submit.py:492} INFO - optional binary tweet_id (STRING);
[2026-02-12T20:34:55.334+0000] {spark_submit.py:492} INFO - optional binary reply_to_user_id (STRING);
[2026-02-12T20:34:55.334+0000] {spark_submit.py:492} INFO - optional binary language (STRING);
[2026-02-12T20:34:55.334+0000] {spark_submit.py:492} INFO - optional binary tweet_text (STRING);
[2026-02-12T20:34:55.334+0000] {spark_submit.py:492} INFO - optional int64 likes;
[2026-02-12T20:34:55.334+0000] {spark_submit.py:492} INFO - optional int64 quotes;
[2026-02-12T20:34:55.334+0000] {spark_submit.py:492} INFO - optional int64 replies;
[2026-02-12T20:34:55.334+0000] {spark_submit.py:492} INFO - optional int64 retweets;
[2026-02-12T20:34:55.334+0000] {spark_submit.py:492} INFO - required int32 processing_date (DATE);
[2026-02-12T20:34:55.334+0000] {spark_submit.py:492} INFO - }
[2026-02-12T20:34:55.334+0000] {spark_submit.py:492} INFO - 
[2026-02-12T20:34:55.334+0000] {spark_submit.py:492} INFO - 
[2026-02-12T20:34:55.366+0000] {spark_submit.py:492} INFO - 26/02/12 20:34:55 INFO CodecPool: Got brand-new compressor [.snappy]
[2026-02-12T20:34:55.387+0000] {spark_submit.py:492} INFO - 26/02/12 20:34:55 INFO BlockManagerInfo: Removed broadcast_0_piece0 on 649004db3ede:44779 in memory (size: 34.2 KiB, free: 434.3 MiB)
[2026-02-12T20:34:55.623+0000] {spark_submit.py:492} INFO - 26/02/12 20:34:55 INFO CodecConfig: Compression: SNAPPY
[2026-02-12T20:34:55.623+0000] {spark_submit.py:492} INFO - 26/02/12 20:34:55 INFO CodecConfig: Compression: SNAPPY
[2026-02-12T20:34:55.624+0000] {spark_submit.py:492} INFO - 26/02/12 20:34:55 INFO ParquetOutputFormat: ParquetRecordWriter [block size: 134217728b, row group padding size: 8388608b, validating: false]
[2026-02-12T20:34:55.626+0000] {spark_submit.py:492} INFO - 26/02/12 20:34:55 INFO ParquetWriteSupport: Initialized Parquet WriteSupport with Catalyst schema:
[2026-02-12T20:34:55.626+0000] {spark_submit.py:492} INFO - {
[2026-02-12T20:34:55.626+0000] {spark_submit.py:492} INFO - "type" : "struct",
[2026-02-12T20:34:55.626+0000] {spark_submit.py:492} INFO - "fields" : [ {
[2026-02-12T20:34:55.626+0000] {spark_submit.py:492} INFO - "name" : "user_id",
[2026-02-12T20:34:55.627+0000] {spark_submit.py:492} INFO - "type" : "string",
[2026-02-12T20:34:55.627+0000] {spark_submit.py:492} INFO - "nullable" : true,
[2026-02-12T20:34:55.627+0000] {spark_submit.py:492} INFO - "metadata" : { }
[2026-02-12T20:34:55.627+0000] {spark_submit.py:492} INFO - }, {
[2026-02-12T20:34:55.627+0000] {spark_submit.py:492} INFO - "name" : "thread_id",
[2026-02-12T20:34:55.627+0000] {spark_submit.py:492} INFO - "type" : "string",
[2026-02-12T20:34:55.627+0000] {spark_submit.py:492} INFO - "nullable" : true,
[2026-02-12T20:34:55.627+0000] {spark_submit.py:492} INFO - "metadata" : { }
[2026-02-12T20:34:55.627+0000] {spark_submit.py:492} INFO - }, {
[2026-02-12T20:34:55.627+0000] {spark_submit.py:492} INFO - "name" : "created_at",
[2026-02-12T20:34:55.627+0000] {spark_submit.py:492} INFO - "type" : "string",
[2026-02-12T20:34:55.628+0000] {spark_submit.py:492} INFO - "nullable" : true,
[2026-02-12T20:34:55.628+0000] {spark_submit.py:492} INFO - "metadata" : { }
[2026-02-12T20:34:55.628+0000] {spark_submit.py:492} INFO - }, {
[2026-02-12T20:34:55.628+0000] {spark_submit.py:492} INFO - "name" : "edit_versions_ids",
[2026-02-12T20:34:55.628+0000] {spark_submit.py:492} INFO - "type" : {
[2026-02-12T20:34:55.628+0000] {spark_submit.py:492} INFO - "type" : "array",
[2026-02-12T20:34:55.628+0000] {spark_submit.py:492} INFO - "elementType" : "long",
[2026-02-12T20:34:55.628+0000] {spark_submit.py:492} INFO - "containsNull" : true
[2026-02-12T20:34:55.628+0000] {spark_submit.py:492} INFO - },
[2026-02-12T20:34:55.628+0000] {spark_submit.py:492} INFO - "nullable" : true,
[2026-02-12T20:34:55.628+0000] {spark_submit.py:492} INFO - "metadata" : { }
[2026-02-12T20:34:55.629+0000] {spark_submit.py:492} INFO - }, {
[2026-02-12T20:34:55.629+0000] {spark_submit.py:492} INFO - "name" : "tweet_id",
[2026-02-12T20:34:55.629+0000] {spark_submit.py:492} INFO - "type" : "string",
[2026-02-12T20:34:55.629+0000] {spark_submit.py:492} INFO - "nullable" : true,
[2026-02-12T20:34:55.629+0000] {spark_submit.py:492} INFO - "metadata" : { }
[2026-02-12T20:34:55.629+0000] {spark_submit.py:492} INFO - }, {
[2026-02-12T20:34:55.629+0000] {spark_submit.py:492} INFO - "name" : "reply_to_user_id",
[2026-02-12T20:34:55.629+0000] {spark_submit.py:492} INFO - "type" : "string",
[2026-02-12T20:34:55.629+0000] {spark_submit.py:492} INFO - "nullable" : true,
[2026-02-12T20:34:55.629+0000] {spark_submit.py:492} INFO - "metadata" : { }
[2026-02-12T20:34:55.629+0000] {spark_submit.py:492} INFO - }, {
[2026-02-12T20:34:55.630+0000] {spark_submit.py:492} INFO - "name" : "language",
[2026-02-12T20:34:55.630+0000] {spark_submit.py:492} INFO - "type" : "string",
[2026-02-12T20:34:55.630+0000] {spark_submit.py:492} INFO - "nullable" : true,
[2026-02-12T20:34:55.630+0000] {spark_submit.py:492} INFO - "metadata" : { }
[2026-02-12T20:34:55.630+0000] {spark_submit.py:492} INFO - }, {
[2026-02-12T20:34:55.630+0000] {spark_submit.py:492} INFO - "name" : "tweet_text",
[2026-02-12T20:34:55.630+0000] {spark_submit.py:492} INFO - "type" : "string",
[2026-02-12T20:34:55.630+0000] {spark_submit.py:492} INFO - "nullable" : true,
[2026-02-12T20:34:55.630+0000] {spark_submit.py:492} INFO - "metadata" : { }
[2026-02-12T20:34:55.630+0000] {spark_submit.py:492} INFO - }, {
[2026-02-12T20:34:55.630+0000] {spark_submit.py:492} INFO - "name" : "likes",
[2026-02-12T20:34:55.631+0000] {spark_submit.py:492} INFO - "type" : "long",
[2026-02-12T20:34:55.631+0000] {spark_submit.py:492} INFO - "nullable" : true,
[2026-02-12T20:34:55.631+0000] {spark_submit.py:492} INFO - "metadata" : { }
[2026-02-12T20:34:55.631+0000] {spark_submit.py:492} INFO - }, {
[2026-02-12T20:34:55.631+0000] {spark_submit.py:492} INFO - "name" : "quotes",
[2026-02-12T20:34:55.631+0000] {spark_submit.py:492} INFO - "type" : "long",
[2026-02-12T20:34:55.631+0000] {spark_submit.py:492} INFO - "nullable" : true,
[2026-02-12T20:34:55.631+0000] {spark_submit.py:492} INFO - "metadata" : { }
[2026-02-12T20:34:55.632+0000] {spark_submit.py:492} INFO - }, {
[2026-02-12T20:34:55.632+0000] {spark_submit.py:492} INFO - "name" : "replies",
[2026-02-12T20:34:55.632+0000] {spark_submit.py:492} INFO - "type" : "long",
[2026-02-12T20:34:55.632+0000] {spark_submit.py:492} INFO - "nullable" : true,
[2026-02-12T20:34:55.632+0000] {spark_submit.py:492} INFO - "metadata" : { }
[2026-02-12T20:34:55.632+0000] {spark_submit.py:492} INFO - }, {
[2026-02-12T20:34:55.632+0000] {spark_submit.py:492} INFO - "name" : "retweets",
[2026-02-12T20:34:55.632+0000] {spark_submit.py:492} INFO - "type" : "long",
[2026-02-12T20:34:55.633+0000] {spark_submit.py:492} INFO - "nullable" : true,
[2026-02-12T20:34:55.633+0000] {spark_submit.py:492} INFO - "metadata" : { }
[2026-02-12T20:34:55.633+0000] {spark_submit.py:492} INFO - }, {
[2026-02-12T20:34:55.633+0000] {spark_submit.py:492} INFO - "name" : "processing_date",
[2026-02-12T20:34:55.633+0000] {spark_submit.py:492} INFO - "type" : "date",
[2026-02-12T20:34:55.633+0000] {spark_submit.py:492} INFO - "nullable" : false,
[2026-02-12T20:34:55.633+0000] {spark_submit.py:492} INFO - "metadata" : { }
[2026-02-12T20:34:55.634+0000] {spark_submit.py:492} INFO - } ]
[2026-02-12T20:34:55.634+0000] {spark_submit.py:492} INFO - }
[2026-02-12T20:34:55.634+0000] {spark_submit.py:492} INFO - and corresponding Parquet message type:
[2026-02-12T20:34:55.634+0000] {spark_submit.py:492} INFO - message spark_schema {
[2026-02-12T20:34:55.634+0000] {spark_submit.py:492} INFO - optional binary user_id (STRING);
[2026-02-12T20:34:55.634+0000] {spark_submit.py:492} INFO - optional binary thread_id (STRING);
[2026-02-12T20:34:55.634+0000] {spark_submit.py:492} INFO - optional binary created_at (STRING);
[2026-02-12T20:34:55.635+0000] {spark_submit.py:492} INFO - optional group edit_versions_ids (LIST) {
[2026-02-12T20:34:55.635+0000] {spark_submit.py:492} INFO - repeated group list {
[2026-02-12T20:34:55.635+0000] {spark_submit.py:492} INFO - optional int64 element;
[2026-02-12T20:34:55.635+0000] {spark_submit.py:492} INFO - }
[2026-02-12T20:34:55.635+0000] {spark_submit.py:492} INFO - }
[2026-02-12T20:34:55.635+0000] {spark_submit.py:492} INFO - optional binary tweet_id (STRING);
[2026-02-12T20:34:55.635+0000] {spark_submit.py:492} INFO - optional binary reply_to_user_id (STRING);
[2026-02-12T20:34:55.635+0000] {spark_submit.py:492} INFO - optional binary language (STRING);
[2026-02-12T20:34:55.636+0000] {spark_submit.py:492} INFO - optional binary tweet_text (STRING);
[2026-02-12T20:34:55.636+0000] {spark_submit.py:492} INFO - optional int64 likes;
[2026-02-12T20:34:55.636+0000] {spark_submit.py:492} INFO - optional int64 quotes;
[2026-02-12T20:34:55.636+0000] {spark_submit.py:492} INFO - optional int64 replies;
[2026-02-12T20:34:55.636+0000] {spark_submit.py:492} INFO - optional int64 retweets;
[2026-02-12T20:34:55.636+0000] {spark_submit.py:492} INFO - required int32 processing_date (DATE);
[2026-02-12T20:34:55.637+0000] {spark_submit.py:492} INFO - }
[2026-02-12T20:34:55.637+0000] {spark_submit.py:492} INFO - 
[2026-02-12T20:34:55.637+0000] {spark_submit.py:492} INFO - 
[2026-02-12T20:34:55.677+0000] {spark_submit.py:492} INFO - 26/02/12 20:34:55 INFO CodecConfig: Compression: SNAPPY
[2026-02-12T20:34:55.678+0000] {spark_submit.py:492} INFO - 26/02/12 20:34:55 INFO CodecConfig: Compression: SNAPPY
[2026-02-12T20:34:55.679+0000] {spark_submit.py:492} INFO - 26/02/12 20:34:55 INFO ParquetOutputFormat: ParquetRecordWriter [block size: 134217728b, row group padding size: 8388608b, validating: false]
[2026-02-12T20:34:55.681+0000] {spark_submit.py:492} INFO - 26/02/12 20:34:55 INFO ParquetWriteSupport: Initialized Parquet WriteSupport with Catalyst schema:
[2026-02-12T20:34:55.681+0000] {spark_submit.py:492} INFO - {
[2026-02-12T20:34:55.681+0000] {spark_submit.py:492} INFO - "type" : "struct",
[2026-02-12T20:34:55.681+0000] {spark_submit.py:492} INFO - "fields" : [ {
[2026-02-12T20:34:55.682+0000] {spark_submit.py:492} INFO - "name" : "user_id",
[2026-02-12T20:34:55.682+0000] {spark_submit.py:492} INFO - "type" : "string",
[2026-02-12T20:34:55.682+0000] {spark_submit.py:492} INFO - "nullable" : true,
[2026-02-12T20:34:55.682+0000] {spark_submit.py:492} INFO - "metadata" : { }
[2026-02-12T20:34:55.682+0000] {spark_submit.py:492} INFO - }, {
[2026-02-12T20:34:55.682+0000] {spark_submit.py:492} INFO - "name" : "thread_id",
[2026-02-12T20:34:55.682+0000] {spark_submit.py:492} INFO - "type" : "string",
[2026-02-12T20:34:55.682+0000] {spark_submit.py:492} INFO - "nullable" : true,
[2026-02-12T20:34:55.682+0000] {spark_submit.py:492} INFO - "metadata" : { }
[2026-02-12T20:34:55.682+0000] {spark_submit.py:492} INFO - }, {
[2026-02-12T20:34:55.683+0000] {spark_submit.py:492} INFO - "name" : "created_at",
[2026-02-12T20:34:55.683+0000] {spark_submit.py:492} INFO - "type" : "string",
[2026-02-12T20:34:55.683+0000] {spark_submit.py:492} INFO - "nullable" : true,
[2026-02-12T20:34:55.683+0000] {spark_submit.py:492} INFO - "metadata" : { }
[2026-02-12T20:34:55.683+0000] {spark_submit.py:492} INFO - }, {
[2026-02-12T20:34:55.683+0000] {spark_submit.py:492} INFO - "name" : "edit_versions_ids",
[2026-02-12T20:34:55.683+0000] {spark_submit.py:492} INFO - "type" : {
[2026-02-12T20:34:55.683+0000] {spark_submit.py:492} INFO - "type" : "array",
[2026-02-12T20:34:55.683+0000] {spark_submit.py:492} INFO - "elementType" : "long",
[2026-02-12T20:34:55.683+0000] {spark_submit.py:492} INFO - "containsNull" : true
[2026-02-12T20:34:55.684+0000] {spark_submit.py:492} INFO - },
[2026-02-12T20:34:55.684+0000] {spark_submit.py:492} INFO - "nullable" : true,
[2026-02-12T20:34:55.684+0000] {spark_submit.py:492} INFO - "metadata" : { }
[2026-02-12T20:34:55.684+0000] {spark_submit.py:492} INFO - }, {
[2026-02-12T20:34:55.684+0000] {spark_submit.py:492} INFO - "name" : "tweet_id",
[2026-02-12T20:34:55.684+0000] {spark_submit.py:492} INFO - "type" : "string",
[2026-02-12T20:34:55.684+0000] {spark_submit.py:492} INFO - "nullable" : true,
[2026-02-12T20:34:55.684+0000] {spark_submit.py:492} INFO - "metadata" : { }
[2026-02-12T20:34:55.684+0000] {spark_submit.py:492} INFO - }, {
[2026-02-12T20:34:55.684+0000] {spark_submit.py:492} INFO - "name" : "reply_to_user_id",
[2026-02-12T20:34:55.684+0000] {spark_submit.py:492} INFO - "type" : "string",
[2026-02-12T20:34:55.684+0000] {spark_submit.py:492} INFO - "nullable" : true,
[2026-02-12T20:34:55.685+0000] {spark_submit.py:492} INFO - "metadata" : { }
[2026-02-12T20:34:55.685+0000] {spark_submit.py:492} INFO - }, {
[2026-02-12T20:34:55.685+0000] {spark_submit.py:492} INFO - "name" : "language",
[2026-02-12T20:34:55.685+0000] {spark_submit.py:492} INFO - "type" : "string",
[2026-02-12T20:34:55.685+0000] {spark_submit.py:492} INFO - "nullable" : true,
[2026-02-12T20:34:55.685+0000] {spark_submit.py:492} INFO - "metadata" : { }
[2026-02-12T20:34:55.685+0000] {spark_submit.py:492} INFO - }, {
[2026-02-12T20:34:55.685+0000] {spark_submit.py:492} INFO - "name" : "tweet_text",
[2026-02-12T20:34:55.685+0000] {spark_submit.py:492} INFO - "type" : "string",
[2026-02-12T20:34:55.685+0000] {spark_submit.py:492} INFO - "nullable" : true,
[2026-02-12T20:34:55.685+0000] {spark_submit.py:492} INFO - "metadata" : { }
[2026-02-12T20:34:55.686+0000] {spark_submit.py:492} INFO - }, {
[2026-02-12T20:34:55.686+0000] {spark_submit.py:492} INFO - "name" : "likes",
[2026-02-12T20:34:55.686+0000] {spark_submit.py:492} INFO - "type" : "long",
[2026-02-12T20:34:55.686+0000] {spark_submit.py:492} INFO - "nullable" : true,
[2026-02-12T20:34:55.686+0000] {spark_submit.py:492} INFO - "metadata" : { }
[2026-02-12T20:34:55.686+0000] {spark_submit.py:492} INFO - }, {
[2026-02-12T20:34:55.686+0000] {spark_submit.py:492} INFO - "name" : "quotes",
[2026-02-12T20:34:55.686+0000] {spark_submit.py:492} INFO - "type" : "long",
[2026-02-12T20:34:55.686+0000] {spark_submit.py:492} INFO - "nullable" : true,
[2026-02-12T20:34:55.686+0000] {spark_submit.py:492} INFO - "metadata" : { }
[2026-02-12T20:34:55.687+0000] {spark_submit.py:492} INFO - }, {
[2026-02-12T20:34:55.687+0000] {spark_submit.py:492} INFO - "name" : "replies",
[2026-02-12T20:34:55.687+0000] {spark_submit.py:492} INFO - "type" : "long",
[2026-02-12T20:34:55.687+0000] {spark_submit.py:492} INFO - "nullable" : true,
[2026-02-12T20:34:55.687+0000] {spark_submit.py:492} INFO - "metadata" : { }
[2026-02-12T20:34:55.687+0000] {spark_submit.py:492} INFO - }, {
[2026-02-12T20:34:55.687+0000] {spark_submit.py:492} INFO - "name" : "retweets",
[2026-02-12T20:34:55.687+0000] {spark_submit.py:492} INFO - "type" : "long",
[2026-02-12T20:34:55.687+0000] {spark_submit.py:492} INFO - "nullable" : true,
[2026-02-12T20:34:55.687+0000] {spark_submit.py:492} INFO - "metadata" : { }
[2026-02-12T20:34:55.687+0000] {spark_submit.py:492} INFO - }, {
[2026-02-12T20:34:55.688+0000] {spark_submit.py:492} INFO - "name" : "processing_date",
[2026-02-12T20:34:55.688+0000] {spark_submit.py:492} INFO - "type" : "date",
[2026-02-12T20:34:55.688+0000] {spark_submit.py:492} INFO - "nullable" : false,
[2026-02-12T20:34:55.688+0000] {spark_submit.py:492} INFO - "metadata" : { }
[2026-02-12T20:34:55.688+0000] {spark_submit.py:492} INFO - } ]
[2026-02-12T20:34:55.688+0000] {spark_submit.py:492} INFO - }
[2026-02-12T20:34:55.688+0000] {spark_submit.py:492} INFO - and corresponding Parquet message type:
[2026-02-12T20:34:55.688+0000] {spark_submit.py:492} INFO - message spark_schema {
[2026-02-12T20:34:55.688+0000] {spark_submit.py:492} INFO - optional binary user_id (STRING);
[2026-02-12T20:34:55.688+0000] {spark_submit.py:492} INFO - optional binary thread_id (STRING);
[2026-02-12T20:34:55.689+0000] {spark_submit.py:492} INFO - optional binary created_at (STRING);
[2026-02-12T20:34:55.689+0000] {spark_submit.py:492} INFO - optional group edit_versions_ids (LIST) {
[2026-02-12T20:34:55.689+0000] {spark_submit.py:492} INFO - repeated group list {
[2026-02-12T20:34:55.689+0000] {spark_submit.py:492} INFO - optional int64 element;
[2026-02-12T20:34:55.689+0000] {spark_submit.py:492} INFO - }
[2026-02-12T20:34:55.689+0000] {spark_submit.py:492} INFO - }
[2026-02-12T20:34:55.689+0000] {spark_submit.py:492} INFO - optional binary tweet_id (STRING);
[2026-02-12T20:34:55.689+0000] {spark_submit.py:492} INFO - optional binary reply_to_user_id (STRING);
[2026-02-12T20:34:55.689+0000] {spark_submit.py:492} INFO - optional binary language (STRING);
[2026-02-12T20:34:55.689+0000] {spark_submit.py:492} INFO - optional binary tweet_text (STRING);
[2026-02-12T20:34:55.689+0000] {spark_submit.py:492} INFO - optional int64 likes;
[2026-02-12T20:34:55.689+0000] {spark_submit.py:492} INFO - optional int64 quotes;
[2026-02-12T20:34:55.690+0000] {spark_submit.py:492} INFO - optional int64 replies;
[2026-02-12T20:34:55.690+0000] {spark_submit.py:492} INFO - optional int64 retweets;
[2026-02-12T20:34:55.690+0000] {spark_submit.py:492} INFO - required int32 processing_date (DATE);
[2026-02-12T20:34:55.690+0000] {spark_submit.py:492} INFO - }
[2026-02-12T20:34:55.690+0000] {spark_submit.py:492} INFO - 
[2026-02-12T20:34:55.690+0000] {spark_submit.py:492} INFO - 
[2026-02-12T20:34:55.710+0000] {spark_submit.py:492} INFO - 26/02/12 20:34:55 INFO CodecConfig: Compression: SNAPPY
[2026-02-12T20:34:55.710+0000] {spark_submit.py:492} INFO - 26/02/12 20:34:55 INFO CodecConfig: Compression: SNAPPY
[2026-02-12T20:34:55.711+0000] {spark_submit.py:492} INFO - 26/02/12 20:34:55 INFO ParquetOutputFormat: ParquetRecordWriter [block size: 134217728b, row group padding size: 8388608b, validating: false]
[2026-02-12T20:34:55.713+0000] {spark_submit.py:492} INFO - 26/02/12 20:34:55 INFO ParquetWriteSupport: Initialized Parquet WriteSupport with Catalyst schema:
[2026-02-12T20:34:55.713+0000] {spark_submit.py:492} INFO - {
[2026-02-12T20:34:55.713+0000] {spark_submit.py:492} INFO - "type" : "struct",
[2026-02-12T20:34:55.713+0000] {spark_submit.py:492} INFO - "fields" : [ {
[2026-02-12T20:34:55.713+0000] {spark_submit.py:492} INFO - "name" : "user_id",
[2026-02-12T20:34:55.713+0000] {spark_submit.py:492} INFO - "type" : "string",
[2026-02-12T20:34:55.714+0000] {spark_submit.py:492} INFO - "nullable" : true,
[2026-02-12T20:34:55.714+0000] {spark_submit.py:492} INFO - "metadata" : { }
[2026-02-12T20:34:55.714+0000] {spark_submit.py:492} INFO - }, {
[2026-02-12T20:34:55.714+0000] {spark_submit.py:492} INFO - "name" : "thread_id",
[2026-02-12T20:34:55.714+0000] {spark_submit.py:492} INFO - "type" : "string",
[2026-02-12T20:34:55.714+0000] {spark_submit.py:492} INFO - "nullable" : true,
[2026-02-12T20:34:55.714+0000] {spark_submit.py:492} INFO - "metadata" : { }
[2026-02-12T20:34:55.715+0000] {spark_submit.py:492} INFO - }, {
[2026-02-12T20:34:55.715+0000] {spark_submit.py:492} INFO - "name" : "created_at",
[2026-02-12T20:34:55.715+0000] {spark_submit.py:492} INFO - "type" : "string",
[2026-02-12T20:34:55.715+0000] {spark_submit.py:492} INFO - "nullable" : true,
[2026-02-12T20:34:55.715+0000] {spark_submit.py:492} INFO - "metadata" : { }
[2026-02-12T20:34:55.715+0000] {spark_submit.py:492} INFO - }, {
[2026-02-12T20:34:55.715+0000] {spark_submit.py:492} INFO - "name" : "edit_versions_ids",
[2026-02-12T20:34:55.715+0000] {spark_submit.py:492} INFO - "type" : {
[2026-02-12T20:34:55.715+0000] {spark_submit.py:492} INFO - "type" : "array",
[2026-02-12T20:34:55.715+0000] {spark_submit.py:492} INFO - "elementType" : "long",
[2026-02-12T20:34:55.716+0000] {spark_submit.py:492} INFO - "containsNull" : true
[2026-02-12T20:34:55.716+0000] {spark_submit.py:492} INFO - },
[2026-02-12T20:34:55.716+0000] {spark_submit.py:492} INFO - "nullable" : true,
[2026-02-12T20:34:55.716+0000] {spark_submit.py:492} INFO - "metadata" : { }
[2026-02-12T20:34:55.716+0000] {spark_submit.py:492} INFO - }, {
[2026-02-12T20:34:55.716+0000] {spark_submit.py:492} INFO - "name" : "tweet_id",
[2026-02-12T20:34:55.716+0000] {spark_submit.py:492} INFO - "type" : "string",
[2026-02-12T20:34:55.716+0000] {spark_submit.py:492} INFO - "nullable" : true,
[2026-02-12T20:34:55.717+0000] {spark_submit.py:492} INFO - "metadata" : { }
[2026-02-12T20:34:55.717+0000] {spark_submit.py:492} INFO - }, {
[2026-02-12T20:34:55.717+0000] {spark_submit.py:492} INFO - "name" : "reply_to_user_id",
[2026-02-12T20:34:55.717+0000] {spark_submit.py:492} INFO - "type" : "string",
[2026-02-12T20:34:55.717+0000] {spark_submit.py:492} INFO - "nullable" : true,
[2026-02-12T20:34:55.717+0000] {spark_submit.py:492} INFO - "metadata" : { }
[2026-02-12T20:34:55.717+0000] {spark_submit.py:492} INFO - }, {
[2026-02-12T20:34:55.717+0000] {spark_submit.py:492} INFO - "name" : "language",
[2026-02-12T20:34:55.717+0000] {spark_submit.py:492} INFO - "type" : "string",
[2026-02-12T20:34:55.717+0000] {spark_submit.py:492} INFO - "nullable" : true,
[2026-02-12T20:34:55.718+0000] {spark_submit.py:492} INFO - "metadata" : { }
[2026-02-12T20:34:55.718+0000] {spark_submit.py:492} INFO - }, {
[2026-02-12T20:34:55.718+0000] {spark_submit.py:492} INFO - "name" : "tweet_text",
[2026-02-12T20:34:55.718+0000] {spark_submit.py:492} INFO - "type" : "string",
[2026-02-12T20:34:55.718+0000] {spark_submit.py:492} INFO - "nullable" : true,
[2026-02-12T20:34:55.718+0000] {spark_submit.py:492} INFO - "metadata" : { }
[2026-02-12T20:34:55.718+0000] {spark_submit.py:492} INFO - }, {
[2026-02-12T20:34:55.718+0000] {spark_submit.py:492} INFO - "name" : "likes",
[2026-02-12T20:34:55.718+0000] {spark_submit.py:492} INFO - "type" : "long",
[2026-02-12T20:34:55.719+0000] {spark_submit.py:492} INFO - "nullable" : true,
[2026-02-12T20:34:55.719+0000] {spark_submit.py:492} INFO - "metadata" : { }
[2026-02-12T20:34:55.719+0000] {spark_submit.py:492} INFO - }, {
[2026-02-12T20:34:55.719+0000] {spark_submit.py:492} INFO - "name" : "quotes",
[2026-02-12T20:34:55.719+0000] {spark_submit.py:492} INFO - "type" : "long",
[2026-02-12T20:34:55.719+0000] {spark_submit.py:492} INFO - "nullable" : true,
[2026-02-12T20:34:55.719+0000] {spark_submit.py:492} INFO - "metadata" : { }
[2026-02-12T20:34:55.719+0000] {spark_submit.py:492} INFO - }, {
[2026-02-12T20:34:55.720+0000] {spark_submit.py:492} INFO - "name" : "replies",
[2026-02-12T20:34:55.720+0000] {spark_submit.py:492} INFO - "type" : "long",
[2026-02-12T20:34:55.720+0000] {spark_submit.py:492} INFO - "nullable" : true,
[2026-02-12T20:34:55.720+0000] {spark_submit.py:492} INFO - "metadata" : { }
[2026-02-12T20:34:55.720+0000] {spark_submit.py:492} INFO - }, {
[2026-02-12T20:34:55.720+0000] {spark_submit.py:492} INFO - "name" : "retweets",
[2026-02-12T20:34:55.720+0000] {spark_submit.py:492} INFO - "type" : "long",
[2026-02-12T20:34:55.721+0000] {spark_submit.py:492} INFO - "nullable" : true,
[2026-02-12T20:34:55.721+0000] {spark_submit.py:492} INFO - "metadata" : { }
[2026-02-12T20:34:55.721+0000] {spark_submit.py:492} INFO - }, {
[2026-02-12T20:34:55.721+0000] {spark_submit.py:492} INFO - "name" : "processing_date",
[2026-02-12T20:34:55.721+0000] {spark_submit.py:492} INFO - "type" : "date",
[2026-02-12T20:34:55.721+0000] {spark_submit.py:492} INFO - "nullable" : false,
[2026-02-12T20:34:55.722+0000] {spark_submit.py:492} INFO - "metadata" : { }
[2026-02-12T20:34:55.722+0000] {spark_submit.py:492} INFO - } ]
[2026-02-12T20:34:55.722+0000] {spark_submit.py:492} INFO - }
[2026-02-12T20:34:55.722+0000] {spark_submit.py:492} INFO - and corresponding Parquet message type:
[2026-02-12T20:34:55.722+0000] {spark_submit.py:492} INFO - message spark_schema {
[2026-02-12T20:34:55.722+0000] {spark_submit.py:492} INFO - optional binary user_id (STRING);
[2026-02-12T20:34:55.722+0000] {spark_submit.py:492} INFO - optional binary thread_id (STRING);
[2026-02-12T20:34:55.722+0000] {spark_submit.py:492} INFO - optional binary created_at (STRING);
[2026-02-12T20:34:55.722+0000] {spark_submit.py:492} INFO - optional group edit_versions_ids (LIST) {
[2026-02-12T20:34:55.722+0000] {spark_submit.py:492} INFO - repeated group list {
[2026-02-12T20:34:55.723+0000] {spark_submit.py:492} INFO - optional int64 element;
[2026-02-12T20:34:55.723+0000] {spark_submit.py:492} INFO - }
[2026-02-12T20:34:55.723+0000] {spark_submit.py:492} INFO - }
[2026-02-12T20:34:55.723+0000] {spark_submit.py:492} INFO - optional binary tweet_id (STRING);
[2026-02-12T20:34:55.723+0000] {spark_submit.py:492} INFO - optional binary reply_to_user_id (STRING);
[2026-02-12T20:34:55.723+0000] {spark_submit.py:492} INFO - optional binary language (STRING);
[2026-02-12T20:34:55.723+0000] {spark_submit.py:492} INFO - optional binary tweet_text (STRING);
[2026-02-12T20:34:55.723+0000] {spark_submit.py:492} INFO - optional int64 likes;
[2026-02-12T20:34:55.723+0000] {spark_submit.py:492} INFO - optional int64 quotes;
[2026-02-12T20:34:55.724+0000] {spark_submit.py:492} INFO - optional int64 replies;
[2026-02-12T20:34:55.724+0000] {spark_submit.py:492} INFO - optional int64 retweets;
[2026-02-12T20:34:55.724+0000] {spark_submit.py:492} INFO - required int32 processing_date (DATE);
[2026-02-12T20:34:55.724+0000] {spark_submit.py:492} INFO - }
[2026-02-12T20:34:55.724+0000] {spark_submit.py:492} INFO - 
[2026-02-12T20:34:55.724+0000] {spark_submit.py:492} INFO - 
[2026-02-12T20:34:55.743+0000] {spark_submit.py:492} INFO - 26/02/12 20:34:55 INFO CodecConfig: Compression: SNAPPY
[2026-02-12T20:34:55.743+0000] {spark_submit.py:492} INFO - 26/02/12 20:34:55 INFO CodecConfig: Compression: SNAPPY
[2026-02-12T20:34:55.744+0000] {spark_submit.py:492} INFO - 26/02/12 20:34:55 INFO ParquetOutputFormat: ParquetRecordWriter [block size: 134217728b, row group padding size: 8388608b, validating: false]
[2026-02-12T20:34:55.745+0000] {spark_submit.py:492} INFO - 26/02/12 20:34:55 INFO ParquetWriteSupport: Initialized Parquet WriteSupport with Catalyst schema:
[2026-02-12T20:34:55.745+0000] {spark_submit.py:492} INFO - {
[2026-02-12T20:34:55.745+0000] {spark_submit.py:492} INFO - "type" : "struct",
[2026-02-12T20:34:55.745+0000] {spark_submit.py:492} INFO - "fields" : [ {
[2026-02-12T20:34:55.746+0000] {spark_submit.py:492} INFO - "name" : "user_id",
[2026-02-12T20:34:55.746+0000] {spark_submit.py:492} INFO - "type" : "string",
[2026-02-12T20:34:55.746+0000] {spark_submit.py:492} INFO - "nullable" : true,
[2026-02-12T20:34:55.746+0000] {spark_submit.py:492} INFO - "metadata" : { }
[2026-02-12T20:34:55.746+0000] {spark_submit.py:492} INFO - }, {
[2026-02-12T20:34:55.746+0000] {spark_submit.py:492} INFO - "name" : "thread_id",
[2026-02-12T20:34:55.746+0000] {spark_submit.py:492} INFO - "type" : "string",
[2026-02-12T20:34:55.746+0000] {spark_submit.py:492} INFO - "nullable" : true,
[2026-02-12T20:34:55.746+0000] {spark_submit.py:492} INFO - "metadata" : { }
[2026-02-12T20:34:55.746+0000] {spark_submit.py:492} INFO - }, {
[2026-02-12T20:34:55.746+0000] {spark_submit.py:492} INFO - "name" : "created_at",
[2026-02-12T20:34:55.746+0000] {spark_submit.py:492} INFO - "type" : "string",
[2026-02-12T20:34:55.746+0000] {spark_submit.py:492} INFO - "nullable" : true,
[2026-02-12T20:34:55.746+0000] {spark_submit.py:492} INFO - "metadata" : { }
[2026-02-12T20:34:55.747+0000] {spark_submit.py:492} INFO - }, {
[2026-02-12T20:34:55.747+0000] {spark_submit.py:492} INFO - "name" : "edit_versions_ids",
[2026-02-12T20:34:55.747+0000] {spark_submit.py:492} INFO - "type" : {
[2026-02-12T20:34:55.747+0000] {spark_submit.py:492} INFO - "type" : "array",
[2026-02-12T20:34:55.747+0000] {spark_submit.py:492} INFO - "elementType" : "long",
[2026-02-12T20:34:55.747+0000] {spark_submit.py:492} INFO - "containsNull" : true
[2026-02-12T20:34:55.747+0000] {spark_submit.py:492} INFO - },
[2026-02-12T20:34:55.747+0000] {spark_submit.py:492} INFO - "nullable" : true,
[2026-02-12T20:34:55.747+0000] {spark_submit.py:492} INFO - "metadata" : { }
[2026-02-12T20:34:55.747+0000] {spark_submit.py:492} INFO - }, {
[2026-02-12T20:34:55.747+0000] {spark_submit.py:492} INFO - "name" : "tweet_id",
[2026-02-12T20:34:55.747+0000] {spark_submit.py:492} INFO - "type" : "string",
[2026-02-12T20:34:55.747+0000] {spark_submit.py:492} INFO - "nullable" : true,
[2026-02-12T20:34:55.748+0000] {spark_submit.py:492} INFO - "metadata" : { }
[2026-02-12T20:34:55.748+0000] {spark_submit.py:492} INFO - }, {
[2026-02-12T20:34:55.748+0000] {spark_submit.py:492} INFO - "name" : "reply_to_user_id",
[2026-02-12T20:34:55.748+0000] {spark_submit.py:492} INFO - "type" : "string",
[2026-02-12T20:34:55.748+0000] {spark_submit.py:492} INFO - "nullable" : true,
[2026-02-12T20:34:55.748+0000] {spark_submit.py:492} INFO - "metadata" : { }
[2026-02-12T20:34:55.748+0000] {spark_submit.py:492} INFO - }, {
[2026-02-12T20:34:55.748+0000] {spark_submit.py:492} INFO - "name" : "language",
[2026-02-12T20:34:55.748+0000] {spark_submit.py:492} INFO - "type" : "string",
[2026-02-12T20:34:55.748+0000] {spark_submit.py:492} INFO - "nullable" : true,
[2026-02-12T20:34:55.749+0000] {spark_submit.py:492} INFO - "metadata" : { }
[2026-02-12T20:34:55.749+0000] {spark_submit.py:492} INFO - }, {
[2026-02-12T20:34:55.749+0000] {spark_submit.py:492} INFO - "name" : "tweet_text",
[2026-02-12T20:34:55.749+0000] {spark_submit.py:492} INFO - "type" : "string",
[2026-02-12T20:34:55.749+0000] {spark_submit.py:492} INFO - "nullable" : true,
[2026-02-12T20:34:55.749+0000] {spark_submit.py:492} INFO - "metadata" : { }
[2026-02-12T20:34:55.749+0000] {spark_submit.py:492} INFO - }, {
[2026-02-12T20:34:55.749+0000] {spark_submit.py:492} INFO - "name" : "likes",
[2026-02-12T20:34:55.749+0000] {spark_submit.py:492} INFO - "type" : "long",
[2026-02-12T20:34:55.749+0000] {spark_submit.py:492} INFO - "nullable" : true,
[2026-02-12T20:34:55.749+0000] {spark_submit.py:492} INFO - "metadata" : { }
[2026-02-12T20:34:55.749+0000] {spark_submit.py:492} INFO - }, {
[2026-02-12T20:34:55.749+0000] {spark_submit.py:492} INFO - "name" : "quotes",
[2026-02-12T20:34:55.749+0000] {spark_submit.py:492} INFO - "type" : "long",
[2026-02-12T20:34:55.750+0000] {spark_submit.py:492} INFO - "nullable" : true,
[2026-02-12T20:34:55.750+0000] {spark_submit.py:492} INFO - "metadata" : { }
[2026-02-12T20:34:55.750+0000] {spark_submit.py:492} INFO - }, {
[2026-02-12T20:34:55.750+0000] {spark_submit.py:492} INFO - "name" : "replies",
[2026-02-12T20:34:55.750+0000] {spark_submit.py:492} INFO - "type" : "long",
[2026-02-12T20:34:55.750+0000] {spark_submit.py:492} INFO - "nullable" : true,
[2026-02-12T20:34:55.750+0000] {spark_submit.py:492} INFO - "metadata" : { }
[2026-02-12T20:34:55.750+0000] {spark_submit.py:492} INFO - }, {
[2026-02-12T20:34:55.750+0000] {spark_submit.py:492} INFO - "name" : "retweets",
[2026-02-12T20:34:55.750+0000] {spark_submit.py:492} INFO - "type" : "long",
[2026-02-12T20:34:55.750+0000] {spark_submit.py:492} INFO - "nullable" : true,
[2026-02-12T20:34:55.750+0000] {spark_submit.py:492} INFO - "metadata" : { }
[2026-02-12T20:34:55.750+0000] {spark_submit.py:492} INFO - }, {
[2026-02-12T20:34:55.751+0000] {spark_submit.py:492} INFO - "name" : "processing_date",
[2026-02-12T20:34:55.751+0000] {spark_submit.py:492} INFO - "type" : "date",
[2026-02-12T20:34:55.751+0000] {spark_submit.py:492} INFO - "nullable" : false,
[2026-02-12T20:34:55.751+0000] {spark_submit.py:492} INFO - "metadata" : { }
[2026-02-12T20:34:55.751+0000] {spark_submit.py:492} INFO - } ]
[2026-02-12T20:34:55.751+0000] {spark_submit.py:492} INFO - }
[2026-02-12T20:34:55.751+0000] {spark_submit.py:492} INFO - and corresponding Parquet message type:
[2026-02-12T20:34:55.751+0000] {spark_submit.py:492} INFO - message spark_schema {
[2026-02-12T20:34:55.751+0000] {spark_submit.py:492} INFO - optional binary user_id (STRING);
[2026-02-12T20:34:55.751+0000] {spark_submit.py:492} INFO - optional binary thread_id (STRING);
[2026-02-12T20:34:55.751+0000] {spark_submit.py:492} INFO - optional binary created_at (STRING);
[2026-02-12T20:34:55.751+0000] {spark_submit.py:492} INFO - optional group edit_versions_ids (LIST) {
[2026-02-12T20:34:55.751+0000] {spark_submit.py:492} INFO - repeated group list {
[2026-02-12T20:34:55.752+0000] {spark_submit.py:492} INFO - optional int64 element;
[2026-02-12T20:34:55.752+0000] {spark_submit.py:492} INFO - }
[2026-02-12T20:34:55.752+0000] {spark_submit.py:492} INFO - }
[2026-02-12T20:34:55.752+0000] {spark_submit.py:492} INFO - optional binary tweet_id (STRING);
[2026-02-12T20:34:55.752+0000] {spark_submit.py:492} INFO - optional binary reply_to_user_id (STRING);
[2026-02-12T20:34:55.752+0000] {spark_submit.py:492} INFO - optional binary language (STRING);
[2026-02-12T20:34:55.752+0000] {spark_submit.py:492} INFO - optional binary tweet_text (STRING);
[2026-02-12T20:34:55.752+0000] {spark_submit.py:492} INFO - optional int64 likes;
[2026-02-12T20:34:55.753+0000] {spark_submit.py:492} INFO - optional int64 quotes;
[2026-02-12T20:34:55.753+0000] {spark_submit.py:492} INFO - optional int64 replies;
[2026-02-12T20:34:55.753+0000] {spark_submit.py:492} INFO - optional int64 retweets;
[2026-02-12T20:34:55.753+0000] {spark_submit.py:492} INFO - required int32 processing_date (DATE);
[2026-02-12T20:34:55.753+0000] {spark_submit.py:492} INFO - }
[2026-02-12T20:34:55.753+0000] {spark_submit.py:492} INFO - 
[2026-02-12T20:34:55.753+0000] {spark_submit.py:492} INFO - 
[2026-02-12T20:34:55.770+0000] {spark_submit.py:492} INFO - 26/02/12 20:34:55 INFO CodecConfig: Compression: SNAPPY
[2026-02-12T20:34:55.771+0000] {spark_submit.py:492} INFO - 26/02/12 20:34:55 INFO CodecConfig: Compression: SNAPPY
[2026-02-12T20:34:55.772+0000] {spark_submit.py:492} INFO - 26/02/12 20:34:55 INFO ParquetOutputFormat: ParquetRecordWriter [block size: 134217728b, row group padding size: 8388608b, validating: false]
[2026-02-12T20:34:55.774+0000] {spark_submit.py:492} INFO - 26/02/12 20:34:55 INFO ParquetWriteSupport: Initialized Parquet WriteSupport with Catalyst schema:
[2026-02-12T20:34:55.774+0000] {spark_submit.py:492} INFO - {
[2026-02-12T20:34:55.774+0000] {spark_submit.py:492} INFO - "type" : "struct",
[2026-02-12T20:34:55.774+0000] {spark_submit.py:492} INFO - "fields" : [ {
[2026-02-12T20:34:55.774+0000] {spark_submit.py:492} INFO - "name" : "user_id",
[2026-02-12T20:34:55.774+0000] {spark_submit.py:492} INFO - "type" : "string",
[2026-02-12T20:34:55.774+0000] {spark_submit.py:492} INFO - "nullable" : true,
[2026-02-12T20:34:55.775+0000] {spark_submit.py:492} INFO - "metadata" : { }
[2026-02-12T20:34:55.775+0000] {spark_submit.py:492} INFO - }, {
[2026-02-12T20:34:55.775+0000] {spark_submit.py:492} INFO - "name" : "thread_id",
[2026-02-12T20:34:55.775+0000] {spark_submit.py:492} INFO - "type" : "string",
[2026-02-12T20:34:55.775+0000] {spark_submit.py:492} INFO - "nullable" : true,
[2026-02-12T20:34:55.775+0000] {spark_submit.py:492} INFO - "metadata" : { }
[2026-02-12T20:34:55.775+0000] {spark_submit.py:492} INFO - }, {
[2026-02-12T20:34:55.775+0000] {spark_submit.py:492} INFO - "name" : "created_at",
[2026-02-12T20:34:55.776+0000] {spark_submit.py:492} INFO - "type" : "string",
[2026-02-12T20:34:55.776+0000] {spark_submit.py:492} INFO - "nullable" : true,
[2026-02-12T20:34:55.776+0000] {spark_submit.py:492} INFO - "metadata" : { }
[2026-02-12T20:34:55.776+0000] {spark_submit.py:492} INFO - }, {
[2026-02-12T20:34:55.776+0000] {spark_submit.py:492} INFO - "name" : "edit_versions_ids",
[2026-02-12T20:34:55.776+0000] {spark_submit.py:492} INFO - "type" : {
[2026-02-12T20:34:55.776+0000] {spark_submit.py:492} INFO - "type" : "array",
[2026-02-12T20:34:55.776+0000] {spark_submit.py:492} INFO - "elementType" : "long",
[2026-02-12T20:34:55.776+0000] {spark_submit.py:492} INFO - "containsNull" : true
[2026-02-12T20:34:55.776+0000] {spark_submit.py:492} INFO - },
[2026-02-12T20:34:55.776+0000] {spark_submit.py:492} INFO - "nullable" : true,
[2026-02-12T20:34:55.777+0000] {spark_submit.py:492} INFO - "metadata" : { }
[2026-02-12T20:34:55.777+0000] {spark_submit.py:492} INFO - }, {
[2026-02-12T20:34:55.777+0000] {spark_submit.py:492} INFO - "name" : "tweet_id",
[2026-02-12T20:34:55.777+0000] {spark_submit.py:492} INFO - "type" : "string",
[2026-02-12T20:34:55.777+0000] {spark_submit.py:492} INFO - "nullable" : true,
[2026-02-12T20:34:55.777+0000] {spark_submit.py:492} INFO - "metadata" : { }
[2026-02-12T20:34:55.777+0000] {spark_submit.py:492} INFO - }, {
[2026-02-12T20:34:55.777+0000] {spark_submit.py:492} INFO - "name" : "reply_to_user_id",
[2026-02-12T20:34:55.777+0000] {spark_submit.py:492} INFO - "type" : "string",
[2026-02-12T20:34:55.777+0000] {spark_submit.py:492} INFO - "nullable" : true,
[2026-02-12T20:34:55.778+0000] {spark_submit.py:492} INFO - "metadata" : { }
[2026-02-12T20:34:55.778+0000] {spark_submit.py:492} INFO - }, {
[2026-02-12T20:34:55.778+0000] {spark_submit.py:492} INFO - "name" : "language",
[2026-02-12T20:34:55.778+0000] {spark_submit.py:492} INFO - "type" : "string",
[2026-02-12T20:34:55.778+0000] {spark_submit.py:492} INFO - "nullable" : true,
[2026-02-12T20:34:55.778+0000] {spark_submit.py:492} INFO - "metadata" : { }
[2026-02-12T20:34:55.778+0000] {spark_submit.py:492} INFO - }, {
[2026-02-12T20:34:55.778+0000] {spark_submit.py:492} INFO - "name" : "tweet_text",
[2026-02-12T20:34:55.778+0000] {spark_submit.py:492} INFO - "type" : "string",
[2026-02-12T20:34:55.778+0000] {spark_submit.py:492} INFO - "nullable" : true,
[2026-02-12T20:34:55.778+0000] {spark_submit.py:492} INFO - "metadata" : { }
[2026-02-12T20:34:55.779+0000] {spark_submit.py:492} INFO - }, {
[2026-02-12T20:34:55.779+0000] {spark_submit.py:492} INFO - "name" : "likes",
[2026-02-12T20:34:55.779+0000] {spark_submit.py:492} INFO - "type" : "long",
[2026-02-12T20:34:55.779+0000] {spark_submit.py:492} INFO - "nullable" : true,
[2026-02-12T20:34:55.779+0000] {spark_submit.py:492} INFO - "metadata" : { }
[2026-02-12T20:34:55.779+0000] {spark_submit.py:492} INFO - }, {
[2026-02-12T20:34:55.780+0000] {spark_submit.py:492} INFO - "name" : "quotes",
[2026-02-12T20:34:55.780+0000] {spark_submit.py:492} INFO - "type" : "long",
[2026-02-12T20:34:55.780+0000] {spark_submit.py:492} INFO - "nullable" : true,
[2026-02-12T20:34:55.780+0000] {spark_submit.py:492} INFO - "metadata" : { }
[2026-02-12T20:34:55.780+0000] {spark_submit.py:492} INFO - }, {
[2026-02-12T20:34:55.780+0000] {spark_submit.py:492} INFO - "name" : "replies",
[2026-02-12T20:34:55.780+0000] {spark_submit.py:492} INFO - "type" : "long",
[2026-02-12T20:34:55.781+0000] {spark_submit.py:492} INFO - "nullable" : true,
[2026-02-12T20:34:55.781+0000] {spark_submit.py:492} INFO - "metadata" : { }
[2026-02-12T20:34:55.781+0000] {spark_submit.py:492} INFO - }, {
[2026-02-12T20:34:55.781+0000] {spark_submit.py:492} INFO - "name" : "retweets",
[2026-02-12T20:34:55.781+0000] {spark_submit.py:492} INFO - "type" : "long",
[2026-02-12T20:34:55.781+0000] {spark_submit.py:492} INFO - "nullable" : true,
[2026-02-12T20:34:55.781+0000] {spark_submit.py:492} INFO - "metadata" : { }
[2026-02-12T20:34:55.781+0000] {spark_submit.py:492} INFO - }, {
[2026-02-12T20:34:55.781+0000] {spark_submit.py:492} INFO - "name" : "processing_date",
[2026-02-12T20:34:55.781+0000] {spark_submit.py:492} INFO - "type" : "date",
[2026-02-12T20:34:55.781+0000] {spark_submit.py:492} INFO - "nullable" : false,
[2026-02-12T20:34:55.782+0000] {spark_submit.py:492} INFO - "metadata" : { }
[2026-02-12T20:34:55.782+0000] {spark_submit.py:492} INFO - } ]
[2026-02-12T20:34:55.782+0000] {spark_submit.py:492} INFO - }
[2026-02-12T20:34:55.782+0000] {spark_submit.py:492} INFO - and corresponding Parquet message type:
[2026-02-12T20:34:55.782+0000] {spark_submit.py:492} INFO - message spark_schema {
[2026-02-12T20:34:55.782+0000] {spark_submit.py:492} INFO - optional binary user_id (STRING);
[2026-02-12T20:34:55.782+0000] {spark_submit.py:492} INFO - optional binary thread_id (STRING);
[2026-02-12T20:34:55.782+0000] {spark_submit.py:492} INFO - optional binary created_at (STRING);
[2026-02-12T20:34:55.782+0000] {spark_submit.py:492} INFO - optional group edit_versions_ids (LIST) {
[2026-02-12T20:34:55.782+0000] {spark_submit.py:492} INFO - repeated group list {
[2026-02-12T20:34:55.782+0000] {spark_submit.py:492} INFO - optional int64 element;
[2026-02-12T20:34:55.782+0000] {spark_submit.py:492} INFO - }
[2026-02-12T20:34:55.783+0000] {spark_submit.py:492} INFO - }
[2026-02-12T20:34:55.783+0000] {spark_submit.py:492} INFO - optional binary tweet_id (STRING);
[2026-02-12T20:34:55.783+0000] {spark_submit.py:492} INFO - optional binary reply_to_user_id (STRING);
[2026-02-12T20:34:55.783+0000] {spark_submit.py:492} INFO - optional binary language (STRING);
[2026-02-12T20:34:55.783+0000] {spark_submit.py:492} INFO - optional binary tweet_text (STRING);
[2026-02-12T20:34:55.783+0000] {spark_submit.py:492} INFO - optional int64 likes;
[2026-02-12T20:34:55.783+0000] {spark_submit.py:492} INFO - optional int64 quotes;
[2026-02-12T20:34:55.783+0000] {spark_submit.py:492} INFO - optional int64 replies;
[2026-02-12T20:34:55.783+0000] {spark_submit.py:492} INFO - optional int64 retweets;
[2026-02-12T20:34:55.783+0000] {spark_submit.py:492} INFO - required int32 processing_date (DATE);
[2026-02-12T20:34:55.783+0000] {spark_submit.py:492} INFO - }
[2026-02-12T20:34:55.783+0000] {spark_submit.py:492} INFO - 
[2026-02-12T20:34:55.783+0000] {spark_submit.py:492} INFO - 
[2026-02-12T20:34:55.800+0000] {spark_submit.py:492} INFO - 26/02/12 20:34:55 INFO CodecConfig: Compression: SNAPPY
[2026-02-12T20:34:55.800+0000] {spark_submit.py:492} INFO - 26/02/12 20:34:55 INFO CodecConfig: Compression: SNAPPY
[2026-02-12T20:34:55.801+0000] {spark_submit.py:492} INFO - 26/02/12 20:34:55 INFO ParquetOutputFormat: ParquetRecordWriter [block size: 134217728b, row group padding size: 8388608b, validating: false]
[2026-02-12T20:34:55.803+0000] {spark_submit.py:492} INFO - 26/02/12 20:34:55 INFO ParquetWriteSupport: Initialized Parquet WriteSupport with Catalyst schema:
[2026-02-12T20:34:55.803+0000] {spark_submit.py:492} INFO - {
[2026-02-12T20:34:55.803+0000] {spark_submit.py:492} INFO - "type" : "struct",
[2026-02-12T20:34:55.804+0000] {spark_submit.py:492} INFO - "fields" : [ {
[2026-02-12T20:34:55.804+0000] {spark_submit.py:492} INFO - "name" : "user_id",
[2026-02-12T20:34:55.804+0000] {spark_submit.py:492} INFO - "type" : "string",
[2026-02-12T20:34:55.804+0000] {spark_submit.py:492} INFO - "nullable" : true,
[2026-02-12T20:34:55.804+0000] {spark_submit.py:492} INFO - "metadata" : { }
[2026-02-12T20:34:55.804+0000] {spark_submit.py:492} INFO - }, {
[2026-02-12T20:34:55.804+0000] {spark_submit.py:492} INFO - "name" : "thread_id",
[2026-02-12T20:34:55.804+0000] {spark_submit.py:492} INFO - "type" : "string",
[2026-02-12T20:34:55.804+0000] {spark_submit.py:492} INFO - "nullable" : true,
[2026-02-12T20:34:55.804+0000] {spark_submit.py:492} INFO - "metadata" : { }
[2026-02-12T20:34:55.804+0000] {spark_submit.py:492} INFO - }, {
[2026-02-12T20:34:55.804+0000] {spark_submit.py:492} INFO - "name" : "created_at",
[2026-02-12T20:34:55.805+0000] {spark_submit.py:492} INFO - "type" : "string",
[2026-02-12T20:34:55.805+0000] {spark_submit.py:492} INFO - "nullable" : true,
[2026-02-12T20:34:55.805+0000] {spark_submit.py:492} INFO - "metadata" : { }
[2026-02-12T20:34:55.805+0000] {spark_submit.py:492} INFO - }, {
[2026-02-12T20:34:55.805+0000] {spark_submit.py:492} INFO - "name" : "edit_versions_ids",
[2026-02-12T20:34:55.805+0000] {spark_submit.py:492} INFO - "type" : {
[2026-02-12T20:34:55.805+0000] {spark_submit.py:492} INFO - "type" : "array",
[2026-02-12T20:34:55.805+0000] {spark_submit.py:492} INFO - "elementType" : "long",
[2026-02-12T20:34:55.805+0000] {spark_submit.py:492} INFO - "containsNull" : true
[2026-02-12T20:34:55.805+0000] {spark_submit.py:492} INFO - },
[2026-02-12T20:34:55.806+0000] {spark_submit.py:492} INFO - "nullable" : true,
[2026-02-12T20:34:55.806+0000] {spark_submit.py:492} INFO - "metadata" : { }
[2026-02-12T20:34:55.806+0000] {spark_submit.py:492} INFO - }, {
[2026-02-12T20:34:55.806+0000] {spark_submit.py:492} INFO - "name" : "tweet_id",
[2026-02-12T20:34:55.806+0000] {spark_submit.py:492} INFO - "type" : "string",
[2026-02-12T20:34:55.806+0000] {spark_submit.py:492} INFO - "nullable" : true,
[2026-02-12T20:34:55.806+0000] {spark_submit.py:492} INFO - "metadata" : { }
[2026-02-12T20:34:55.806+0000] {spark_submit.py:492} INFO - }, {
[2026-02-12T20:34:55.806+0000] {spark_submit.py:492} INFO - "name" : "reply_to_user_id",
[2026-02-12T20:34:55.806+0000] {spark_submit.py:492} INFO - "type" : "string",
[2026-02-12T20:34:55.806+0000] {spark_submit.py:492} INFO - "nullable" : true,
[2026-02-12T20:34:55.806+0000] {spark_submit.py:492} INFO - "metadata" : { }
[2026-02-12T20:34:55.806+0000] {spark_submit.py:492} INFO - }, {
[2026-02-12T20:34:55.806+0000] {spark_submit.py:492} INFO - "name" : "language",
[2026-02-12T20:34:55.807+0000] {spark_submit.py:492} INFO - "type" : "string",
[2026-02-12T20:34:55.807+0000] {spark_submit.py:492} INFO - "nullable" : true,
[2026-02-12T20:34:55.807+0000] {spark_submit.py:492} INFO - "metadata" : { }
[2026-02-12T20:34:55.807+0000] {spark_submit.py:492} INFO - }, {
[2026-02-12T20:34:55.807+0000] {spark_submit.py:492} INFO - "name" : "tweet_text",
[2026-02-12T20:34:55.807+0000] {spark_submit.py:492} INFO - "type" : "string",
[2026-02-12T20:34:55.807+0000] {spark_submit.py:492} INFO - "nullable" : true,
[2026-02-12T20:34:55.807+0000] {spark_submit.py:492} INFO - "metadata" : { }
[2026-02-12T20:34:55.807+0000] {spark_submit.py:492} INFO - }, {
[2026-02-12T20:34:55.807+0000] {spark_submit.py:492} INFO - "name" : "likes",
[2026-02-12T20:34:55.807+0000] {spark_submit.py:492} INFO - "type" : "long",
[2026-02-12T20:34:55.808+0000] {spark_submit.py:492} INFO - "nullable" : true,
[2026-02-12T20:34:55.808+0000] {spark_submit.py:492} INFO - "metadata" : { }
[2026-02-12T20:34:55.808+0000] {spark_submit.py:492} INFO - }, {
[2026-02-12T20:34:55.808+0000] {spark_submit.py:492} INFO - "name" : "quotes",
[2026-02-12T20:34:55.808+0000] {spark_submit.py:492} INFO - "type" : "long",
[2026-02-12T20:34:55.808+0000] {spark_submit.py:492} INFO - "nullable" : true,
[2026-02-12T20:34:55.808+0000] {spark_submit.py:492} INFO - "metadata" : { }
[2026-02-12T20:34:55.809+0000] {spark_submit.py:492} INFO - }, {
[2026-02-12T20:34:55.809+0000] {spark_submit.py:492} INFO - "name" : "replies",
[2026-02-12T20:34:55.809+0000] {spark_submit.py:492} INFO - "type" : "long",
[2026-02-12T20:34:55.809+0000] {spark_submit.py:492} INFO - "nullable" : true,
[2026-02-12T20:34:55.809+0000] {spark_submit.py:492} INFO - "metadata" : { }
[2026-02-12T20:34:55.809+0000] {spark_submit.py:492} INFO - }, {
[2026-02-12T20:34:55.809+0000] {spark_submit.py:492} INFO - "name" : "retweets",
[2026-02-12T20:34:55.810+0000] {spark_submit.py:492} INFO - "type" : "long",
[2026-02-12T20:34:55.810+0000] {spark_submit.py:492} INFO - "nullable" : true,
[2026-02-12T20:34:55.810+0000] {spark_submit.py:492} INFO - "metadata" : { }
[2026-02-12T20:34:55.810+0000] {spark_submit.py:492} INFO - }, {
[2026-02-12T20:34:55.810+0000] {spark_submit.py:492} INFO - "name" : "processing_date",
[2026-02-12T20:34:55.810+0000] {spark_submit.py:492} INFO - "type" : "date",
[2026-02-12T20:34:55.810+0000] {spark_submit.py:492} INFO - "nullable" : false,
[2026-02-12T20:34:55.810+0000] {spark_submit.py:492} INFO - "metadata" : { }
[2026-02-12T20:34:55.811+0000] {spark_submit.py:492} INFO - } ]
[2026-02-12T20:34:55.811+0000] {spark_submit.py:492} INFO - }
[2026-02-12T20:34:55.811+0000] {spark_submit.py:492} INFO - and corresponding Parquet message type:
[2026-02-12T20:34:55.811+0000] {spark_submit.py:492} INFO - message spark_schema {
[2026-02-12T20:34:55.811+0000] {spark_submit.py:492} INFO - optional binary user_id (STRING);
[2026-02-12T20:34:55.811+0000] {spark_submit.py:492} INFO - optional binary thread_id (STRING);
[2026-02-12T20:34:55.811+0000] {spark_submit.py:492} INFO - optional binary created_at (STRING);
[2026-02-12T20:34:55.811+0000] {spark_submit.py:492} INFO - optional group edit_versions_ids (LIST) {
[2026-02-12T20:34:55.811+0000] {spark_submit.py:492} INFO - repeated group list {
[2026-02-12T20:34:55.812+0000] {spark_submit.py:492} INFO - optional int64 element;
[2026-02-12T20:34:55.812+0000] {spark_submit.py:492} INFO - }
[2026-02-12T20:34:55.812+0000] {spark_submit.py:492} INFO - }
[2026-02-12T20:34:55.812+0000] {spark_submit.py:492} INFO - optional binary tweet_id (STRING);
[2026-02-12T20:34:55.812+0000] {spark_submit.py:492} INFO - optional binary reply_to_user_id (STRING);
[2026-02-12T20:34:55.812+0000] {spark_submit.py:492} INFO - optional binary language (STRING);
[2026-02-12T20:34:55.812+0000] {spark_submit.py:492} INFO - optional binary tweet_text (STRING);
[2026-02-12T20:34:55.812+0000] {spark_submit.py:492} INFO - optional int64 likes;
[2026-02-12T20:34:55.812+0000] {spark_submit.py:492} INFO - optional int64 quotes;
[2026-02-12T20:34:55.813+0000] {spark_submit.py:492} INFO - optional int64 replies;
[2026-02-12T20:34:55.813+0000] {spark_submit.py:492} INFO - optional int64 retweets;
[2026-02-12T20:34:55.813+0000] {spark_submit.py:492} INFO - required int32 processing_date (DATE);
[2026-02-12T20:34:55.813+0000] {spark_submit.py:492} INFO - }
[2026-02-12T20:34:55.813+0000] {spark_submit.py:492} INFO - 
[2026-02-12T20:34:55.813+0000] {spark_submit.py:492} INFO - 
[2026-02-12T20:34:55.827+0000] {spark_submit.py:492} INFO - 26/02/12 20:34:55 INFO CodecConfig: Compression: SNAPPY
[2026-02-12T20:34:55.828+0000] {spark_submit.py:492} INFO - 26/02/12 20:34:55 INFO CodecConfig: Compression: SNAPPY
[2026-02-12T20:34:55.829+0000] {spark_submit.py:492} INFO - 26/02/12 20:34:55 INFO ParquetOutputFormat: ParquetRecordWriter [block size: 134217728b, row group padding size: 8388608b, validating: false]
[2026-02-12T20:34:55.830+0000] {spark_submit.py:492} INFO - 26/02/12 20:34:55 INFO ParquetWriteSupport: Initialized Parquet WriteSupport with Catalyst schema:
[2026-02-12T20:34:55.830+0000] {spark_submit.py:492} INFO - {
[2026-02-12T20:34:55.831+0000] {spark_submit.py:492} INFO - "type" : "struct",
[2026-02-12T20:34:55.831+0000] {spark_submit.py:492} INFO - "fields" : [ {
[2026-02-12T20:34:55.831+0000] {spark_submit.py:492} INFO - "name" : "user_id",
[2026-02-12T20:34:55.831+0000] {spark_submit.py:492} INFO - "type" : "string",
[2026-02-12T20:34:55.831+0000] {spark_submit.py:492} INFO - "nullable" : true,
[2026-02-12T20:34:55.831+0000] {spark_submit.py:492} INFO - "metadata" : { }
[2026-02-12T20:34:55.831+0000] {spark_submit.py:492} INFO - }, {
[2026-02-12T20:34:55.831+0000] {spark_submit.py:492} INFO - "name" : "thread_id",
[2026-02-12T20:34:55.831+0000] {spark_submit.py:492} INFO - "type" : "string",
[2026-02-12T20:34:55.831+0000] {spark_submit.py:492} INFO - "nullable" : true,
[2026-02-12T20:34:55.831+0000] {spark_submit.py:492} INFO - "metadata" : { }
[2026-02-12T20:34:55.831+0000] {spark_submit.py:492} INFO - }, {
[2026-02-12T20:34:55.831+0000] {spark_submit.py:492} INFO - "name" : "created_at",
[2026-02-12T20:34:55.832+0000] {spark_submit.py:492} INFO - "type" : "string",
[2026-02-12T20:34:55.832+0000] {spark_submit.py:492} INFO - "nullable" : true,
[2026-02-12T20:34:55.832+0000] {spark_submit.py:492} INFO - "metadata" : { }
[2026-02-12T20:34:55.832+0000] {spark_submit.py:492} INFO - }, {
[2026-02-12T20:34:55.832+0000] {spark_submit.py:492} INFO - "name" : "edit_versions_ids",
[2026-02-12T20:34:55.832+0000] {spark_submit.py:492} INFO - "type" : {
[2026-02-12T20:34:55.832+0000] {spark_submit.py:492} INFO - "type" : "array",
[2026-02-12T20:34:55.832+0000] {spark_submit.py:492} INFO - "elementType" : "long",
[2026-02-12T20:34:55.832+0000] {spark_submit.py:492} INFO - "containsNull" : true
[2026-02-12T20:34:55.832+0000] {spark_submit.py:492} INFO - },
[2026-02-12T20:34:55.833+0000] {spark_submit.py:492} INFO - "nullable" : true,
[2026-02-12T20:34:55.833+0000] {spark_submit.py:492} INFO - "metadata" : { }
[2026-02-12T20:34:55.833+0000] {spark_submit.py:492} INFO - }, {
[2026-02-12T20:34:55.833+0000] {spark_submit.py:492} INFO - "name" : "tweet_id",
[2026-02-12T20:34:55.833+0000] {spark_submit.py:492} INFO - "type" : "string",
[2026-02-12T20:34:55.833+0000] {spark_submit.py:492} INFO - "nullable" : true,
[2026-02-12T20:34:55.833+0000] {spark_submit.py:492} INFO - "metadata" : { }
[2026-02-12T20:34:55.833+0000] {spark_submit.py:492} INFO - }, {
[2026-02-12T20:34:55.833+0000] {spark_submit.py:492} INFO - "name" : "reply_to_user_id",
[2026-02-12T20:34:55.834+0000] {spark_submit.py:492} INFO - "type" : "string",
[2026-02-12T20:34:55.834+0000] {spark_submit.py:492} INFO - "nullable" : true,
[2026-02-12T20:34:55.834+0000] {spark_submit.py:492} INFO - "metadata" : { }
[2026-02-12T20:34:55.834+0000] {spark_submit.py:492} INFO - }, {
[2026-02-12T20:34:55.834+0000] {spark_submit.py:492} INFO - "name" : "language",
[2026-02-12T20:34:55.834+0000] {spark_submit.py:492} INFO - "type" : "string",
[2026-02-12T20:34:55.834+0000] {spark_submit.py:492} INFO - "nullable" : true,
[2026-02-12T20:34:55.834+0000] {spark_submit.py:492} INFO - "metadata" : { }
[2026-02-12T20:34:55.834+0000] {spark_submit.py:492} INFO - }, {
[2026-02-12T20:34:55.834+0000] {spark_submit.py:492} INFO - "name" : "tweet_text",
[2026-02-12T20:34:55.834+0000] {spark_submit.py:492} INFO - "type" : "string",
[2026-02-12T20:34:55.835+0000] {spark_submit.py:492} INFO - "nullable" : true,
[2026-02-12T20:34:55.835+0000] {spark_submit.py:492} INFO - "metadata" : { }
[2026-02-12T20:34:55.835+0000] {spark_submit.py:492} INFO - }, {
[2026-02-12T20:34:55.835+0000] {spark_submit.py:492} INFO - "name" : "likes",
[2026-02-12T20:34:55.835+0000] {spark_submit.py:492} INFO - "type" : "long",
[2026-02-12T20:34:55.835+0000] {spark_submit.py:492} INFO - "nullable" : true,
[2026-02-12T20:34:55.835+0000] {spark_submit.py:492} INFO - "metadata" : { }
[2026-02-12T20:34:55.835+0000] {spark_submit.py:492} INFO - }, {
[2026-02-12T20:34:55.835+0000] {spark_submit.py:492} INFO - "name" : "quotes",
[2026-02-12T20:34:55.835+0000] {spark_submit.py:492} INFO - "type" : "long",
[2026-02-12T20:34:55.835+0000] {spark_submit.py:492} INFO - "nullable" : true,
[2026-02-12T20:34:55.836+0000] {spark_submit.py:492} INFO - "metadata" : { }
[2026-02-12T20:34:55.836+0000] {spark_submit.py:492} INFO - }, {
[2026-02-12T20:34:55.836+0000] {spark_submit.py:492} INFO - "name" : "replies",
[2026-02-12T20:34:55.836+0000] {spark_submit.py:492} INFO - "type" : "long",
[2026-02-12T20:34:55.836+0000] {spark_submit.py:492} INFO - "nullable" : true,
[2026-02-12T20:34:55.836+0000] {spark_submit.py:492} INFO - "metadata" : { }
[2026-02-12T20:34:55.836+0000] {spark_submit.py:492} INFO - }, {
[2026-02-12T20:34:55.836+0000] {spark_submit.py:492} INFO - "name" : "retweets",
[2026-02-12T20:34:55.836+0000] {spark_submit.py:492} INFO - "type" : "long",
[2026-02-12T20:34:55.836+0000] {spark_submit.py:492} INFO - "nullable" : true,
[2026-02-12T20:34:55.836+0000] {spark_submit.py:492} INFO - "metadata" : { }
[2026-02-12T20:34:55.836+0000] {spark_submit.py:492} INFO - }, {
[2026-02-12T20:34:55.837+0000] {spark_submit.py:492} INFO - "name" : "processing_date",
[2026-02-12T20:34:55.837+0000] {spark_submit.py:492} INFO - "type" : "date",
[2026-02-12T20:34:55.837+0000] {spark_submit.py:492} INFO - "nullable" : false,
[2026-02-12T20:34:55.837+0000] {spark_submit.py:492} INFO - "metadata" : { }
[2026-02-12T20:34:55.837+0000] {spark_submit.py:492} INFO - } ]
[2026-02-12T20:34:55.837+0000] {spark_submit.py:492} INFO - }
[2026-02-12T20:34:55.837+0000] {spark_submit.py:492} INFO - and corresponding Parquet message type:
[2026-02-12T20:34:55.837+0000] {spark_submit.py:492} INFO - message spark_schema {
[2026-02-12T20:34:55.837+0000] {spark_submit.py:492} INFO - optional binary user_id (STRING);
[2026-02-12T20:34:55.837+0000] {spark_submit.py:492} INFO - optional binary thread_id (STRING);
[2026-02-12T20:34:55.837+0000] {spark_submit.py:492} INFO - optional binary created_at (STRING);
[2026-02-12T20:34:55.837+0000] {spark_submit.py:492} INFO - optional group edit_versions_ids (LIST) {
[2026-02-12T20:34:55.837+0000] {spark_submit.py:492} INFO - repeated group list {
[2026-02-12T20:34:55.837+0000] {spark_submit.py:492} INFO - optional int64 element;
[2026-02-12T20:34:55.838+0000] {spark_submit.py:492} INFO - }
[2026-02-12T20:34:55.838+0000] {spark_submit.py:492} INFO - }
[2026-02-12T20:34:55.838+0000] {spark_submit.py:492} INFO - optional binary tweet_id (STRING);
[2026-02-12T20:34:55.838+0000] {spark_submit.py:492} INFO - optional binary reply_to_user_id (STRING);
[2026-02-12T20:34:55.838+0000] {spark_submit.py:492} INFO - optional binary language (STRING);
[2026-02-12T20:34:55.838+0000] {spark_submit.py:492} INFO - optional binary tweet_text (STRING);
[2026-02-12T20:34:55.838+0000] {spark_submit.py:492} INFO - optional int64 likes;
[2026-02-12T20:34:55.838+0000] {spark_submit.py:492} INFO - optional int64 quotes;
[2026-02-12T20:34:55.838+0000] {spark_submit.py:492} INFO - optional int64 replies;
[2026-02-12T20:34:55.838+0000] {spark_submit.py:492} INFO - optional int64 retweets;
[2026-02-12T20:34:55.838+0000] {spark_submit.py:492} INFO - required int32 processing_date (DATE);
[2026-02-12T20:34:55.839+0000] {spark_submit.py:492} INFO - }
[2026-02-12T20:34:55.839+0000] {spark_submit.py:492} INFO - 
[2026-02-12T20:34:55.839+0000] {spark_submit.py:492} INFO - 
[2026-02-12T20:34:55.858+0000] {spark_submit.py:492} INFO - 26/02/12 20:34:55 INFO CodecConfig: Compression: SNAPPY
[2026-02-12T20:34:55.858+0000] {spark_submit.py:492} INFO - 26/02/12 20:34:55 INFO CodecConfig: Compression: SNAPPY
[2026-02-12T20:34:55.859+0000] {spark_submit.py:492} INFO - 26/02/12 20:34:55 INFO ParquetOutputFormat: ParquetRecordWriter [block size: 134217728b, row group padding size: 8388608b, validating: false]
[2026-02-12T20:34:55.861+0000] {spark_submit.py:492} INFO - 26/02/12 20:34:55 INFO ParquetWriteSupport: Initialized Parquet WriteSupport with Catalyst schema:
[2026-02-12T20:34:55.862+0000] {spark_submit.py:492} INFO - {
[2026-02-12T20:34:55.862+0000] {spark_submit.py:492} INFO - "type" : "struct",
[2026-02-12T20:34:55.862+0000] {spark_submit.py:492} INFO - "fields" : [ {
[2026-02-12T20:34:55.862+0000] {spark_submit.py:492} INFO - "name" : "user_id",
[2026-02-12T20:34:55.862+0000] {spark_submit.py:492} INFO - "type" : "string",
[2026-02-12T20:34:55.862+0000] {spark_submit.py:492} INFO - "nullable" : true,
[2026-02-12T20:34:55.862+0000] {spark_submit.py:492} INFO - "metadata" : { }
[2026-02-12T20:34:55.862+0000] {spark_submit.py:492} INFO - }, {
[2026-02-12T20:34:55.862+0000] {spark_submit.py:492} INFO - "name" : "thread_id",
[2026-02-12T20:34:55.862+0000] {spark_submit.py:492} INFO - "type" : "string",
[2026-02-12T20:34:55.862+0000] {spark_submit.py:492} INFO - "nullable" : true,
[2026-02-12T20:34:55.862+0000] {spark_submit.py:492} INFO - "metadata" : { }
[2026-02-12T20:34:55.863+0000] {spark_submit.py:492} INFO - }, {
[2026-02-12T20:34:55.863+0000] {spark_submit.py:492} INFO - "name" : "created_at",
[2026-02-12T20:34:55.863+0000] {spark_submit.py:492} INFO - "type" : "string",
[2026-02-12T20:34:55.863+0000] {spark_submit.py:492} INFO - "nullable" : true,
[2026-02-12T20:34:55.863+0000] {spark_submit.py:492} INFO - "metadata" : { }
[2026-02-12T20:34:55.863+0000] {spark_submit.py:492} INFO - }, {
[2026-02-12T20:34:55.863+0000] {spark_submit.py:492} INFO - "name" : "edit_versions_ids",
[2026-02-12T20:34:55.863+0000] {spark_submit.py:492} INFO - "type" : {
[2026-02-12T20:34:55.863+0000] {spark_submit.py:492} INFO - "type" : "array",
[2026-02-12T20:34:55.863+0000] {spark_submit.py:492} INFO - "elementType" : "long",
[2026-02-12T20:34:55.863+0000] {spark_submit.py:492} INFO - "containsNull" : true
[2026-02-12T20:34:55.863+0000] {spark_submit.py:492} INFO - },
[2026-02-12T20:34:55.863+0000] {spark_submit.py:492} INFO - "nullable" : true,
[2026-02-12T20:34:55.863+0000] {spark_submit.py:492} INFO - "metadata" : { }
[2026-02-12T20:34:55.864+0000] {spark_submit.py:492} INFO - }, {
[2026-02-12T20:34:55.864+0000] {spark_submit.py:492} INFO - "name" : "tweet_id",
[2026-02-12T20:34:55.864+0000] {spark_submit.py:492} INFO - "type" : "string",
[2026-02-12T20:34:55.864+0000] {spark_submit.py:492} INFO - "nullable" : true,
[2026-02-12T20:34:55.864+0000] {spark_submit.py:492} INFO - "metadata" : { }
[2026-02-12T20:34:55.864+0000] {spark_submit.py:492} INFO - }, {
[2026-02-12T20:34:55.864+0000] {spark_submit.py:492} INFO - "name" : "reply_to_user_id",
[2026-02-12T20:34:55.864+0000] {spark_submit.py:492} INFO - "type" : "string",
[2026-02-12T20:34:55.865+0000] {spark_submit.py:492} INFO - "nullable" : true,
[2026-02-12T20:34:55.865+0000] {spark_submit.py:492} INFO - "metadata" : { }
[2026-02-12T20:34:55.865+0000] {spark_submit.py:492} INFO - }, {
[2026-02-12T20:34:55.865+0000] {spark_submit.py:492} INFO - "name" : "language",
[2026-02-12T20:34:55.865+0000] {spark_submit.py:492} INFO - "type" : "string",
[2026-02-12T20:34:55.865+0000] {spark_submit.py:492} INFO - "nullable" : true,
[2026-02-12T20:34:55.865+0000] {spark_submit.py:492} INFO - "metadata" : { }
[2026-02-12T20:34:55.865+0000] {spark_submit.py:492} INFO - }, {
[2026-02-12T20:34:55.866+0000] {spark_submit.py:492} INFO - "name" : "tweet_text",
[2026-02-12T20:34:55.866+0000] {spark_submit.py:492} INFO - "type" : "string",
[2026-02-12T20:34:55.866+0000] {spark_submit.py:492} INFO - "nullable" : true,
[2026-02-12T20:34:55.866+0000] {spark_submit.py:492} INFO - "metadata" : { }
[2026-02-12T20:34:55.866+0000] {spark_submit.py:492} INFO - }, {
[2026-02-12T20:34:55.866+0000] {spark_submit.py:492} INFO - "name" : "likes",
[2026-02-12T20:34:55.866+0000] {spark_submit.py:492} INFO - "type" : "long",
[2026-02-12T20:34:55.866+0000] {spark_submit.py:492} INFO - "nullable" : true,
[2026-02-12T20:34:55.867+0000] {spark_submit.py:492} INFO - "metadata" : { }
[2026-02-12T20:34:55.867+0000] {spark_submit.py:492} INFO - }, {
[2026-02-12T20:34:55.867+0000] {spark_submit.py:492} INFO - "name" : "quotes",
[2026-02-12T20:34:55.867+0000] {spark_submit.py:492} INFO - "type" : "long",
[2026-02-12T20:34:55.867+0000] {spark_submit.py:492} INFO - "nullable" : true,
[2026-02-12T20:34:55.867+0000] {spark_submit.py:492} INFO - "metadata" : { }
[2026-02-12T20:34:55.867+0000] {spark_submit.py:492} INFO - }, {
[2026-02-12T20:34:55.867+0000] {spark_submit.py:492} INFO - "name" : "replies",
[2026-02-12T20:34:55.867+0000] {spark_submit.py:492} INFO - "type" : "long",
[2026-02-12T20:34:55.868+0000] {spark_submit.py:492} INFO - "nullable" : true,
[2026-02-12T20:34:55.868+0000] {spark_submit.py:492} INFO - "metadata" : { }
[2026-02-12T20:34:55.868+0000] {spark_submit.py:492} INFO - }, {
[2026-02-12T20:34:55.868+0000] {spark_submit.py:492} INFO - "name" : "retweets",
[2026-02-12T20:34:55.868+0000] {spark_submit.py:492} INFO - "type" : "long",
[2026-02-12T20:34:55.868+0000] {spark_submit.py:492} INFO - "nullable" : true,
[2026-02-12T20:34:55.868+0000] {spark_submit.py:492} INFO - "metadata" : { }
[2026-02-12T20:34:55.868+0000] {spark_submit.py:492} INFO - }, {
[2026-02-12T20:34:55.868+0000] {spark_submit.py:492} INFO - "name" : "processing_date",
[2026-02-12T20:34:55.868+0000] {spark_submit.py:492} INFO - "type" : "date",
[2026-02-12T20:34:55.868+0000] {spark_submit.py:492} INFO - "nullable" : false,
[2026-02-12T20:34:55.869+0000] {spark_submit.py:492} INFO - "metadata" : { }
[2026-02-12T20:34:55.869+0000] {spark_submit.py:492} INFO - } ]
[2026-02-12T20:34:55.869+0000] {spark_submit.py:492} INFO - }
[2026-02-12T20:34:55.869+0000] {spark_submit.py:492} INFO - and corresponding Parquet message type:
[2026-02-12T20:34:55.869+0000] {spark_submit.py:492} INFO - message spark_schema {
[2026-02-12T20:34:55.869+0000] {spark_submit.py:492} INFO - optional binary user_id (STRING);
[2026-02-12T20:34:55.869+0000] {spark_submit.py:492} INFO - optional binary thread_id (STRING);
[2026-02-12T20:34:55.869+0000] {spark_submit.py:492} INFO - optional binary created_at (STRING);
[2026-02-12T20:34:55.869+0000] {spark_submit.py:492} INFO - optional group edit_versions_ids (LIST) {
[2026-02-12T20:34:55.869+0000] {spark_submit.py:492} INFO - repeated group list {
[2026-02-12T20:34:55.869+0000] {spark_submit.py:492} INFO - optional int64 element;
[2026-02-12T20:34:55.869+0000] {spark_submit.py:492} INFO - }
[2026-02-12T20:34:55.870+0000] {spark_submit.py:492} INFO - }
[2026-02-12T20:34:55.870+0000] {spark_submit.py:492} INFO - optional binary tweet_id (STRING);
[2026-02-12T20:34:55.870+0000] {spark_submit.py:492} INFO - optional binary reply_to_user_id (STRING);
[2026-02-12T20:34:55.870+0000] {spark_submit.py:492} INFO - optional binary language (STRING);
[2026-02-12T20:34:55.870+0000] {spark_submit.py:492} INFO - optional binary tweet_text (STRING);
[2026-02-12T20:34:55.870+0000] {spark_submit.py:492} INFO - optional int64 likes;
[2026-02-12T20:34:55.870+0000] {spark_submit.py:492} INFO - optional int64 quotes;
[2026-02-12T20:34:55.870+0000] {spark_submit.py:492} INFO - optional int64 replies;
[2026-02-12T20:34:55.870+0000] {spark_submit.py:492} INFO - optional int64 retweets;
[2026-02-12T20:34:55.870+0000] {spark_submit.py:492} INFO - required int32 processing_date (DATE);
[2026-02-12T20:34:55.870+0000] {spark_submit.py:492} INFO - }
[2026-02-12T20:34:55.871+0000] {spark_submit.py:492} INFO - 
[2026-02-12T20:34:55.871+0000] {spark_submit.py:492} INFO - 
[2026-02-12T20:34:55.887+0000] {spark_submit.py:492} INFO - 26/02/12 20:34:55 INFO CodecConfig: Compression: SNAPPY
[2026-02-12T20:34:55.887+0000] {spark_submit.py:492} INFO - 26/02/12 20:34:55 INFO CodecConfig: Compression: SNAPPY
[2026-02-12T20:34:55.888+0000] {spark_submit.py:492} INFO - 26/02/12 20:34:55 INFO ParquetOutputFormat: ParquetRecordWriter [block size: 134217728b, row group padding size: 8388608b, validating: false]
[2026-02-12T20:34:55.890+0000] {spark_submit.py:492} INFO - 26/02/12 20:34:55 INFO ParquetWriteSupport: Initialized Parquet WriteSupport with Catalyst schema:
[2026-02-12T20:34:55.890+0000] {spark_submit.py:492} INFO - {
[2026-02-12T20:34:55.890+0000] {spark_submit.py:492} INFO - "type" : "struct",
[2026-02-12T20:34:55.890+0000] {spark_submit.py:492} INFO - "fields" : [ {
[2026-02-12T20:34:55.890+0000] {spark_submit.py:492} INFO - "name" : "user_id",
[2026-02-12T20:34:55.890+0000] {spark_submit.py:492} INFO - "type" : "string",
[2026-02-12T20:34:55.891+0000] {spark_submit.py:492} INFO - "nullable" : true,
[2026-02-12T20:34:55.891+0000] {spark_submit.py:492} INFO - "metadata" : { }
[2026-02-12T20:34:55.891+0000] {spark_submit.py:492} INFO - }, {
[2026-02-12T20:34:55.891+0000] {spark_submit.py:492} INFO - "name" : "thread_id",
[2026-02-12T20:34:55.891+0000] {spark_submit.py:492} INFO - "type" : "string",
[2026-02-12T20:34:55.891+0000] {spark_submit.py:492} INFO - "nullable" : true,
[2026-02-12T20:34:55.891+0000] {spark_submit.py:492} INFO - "metadata" : { }
[2026-02-12T20:34:55.891+0000] {spark_submit.py:492} INFO - }, {
[2026-02-12T20:34:55.891+0000] {spark_submit.py:492} INFO - "name" : "created_at",
[2026-02-12T20:34:55.891+0000] {spark_submit.py:492} INFO - "type" : "string",
[2026-02-12T20:34:55.891+0000] {spark_submit.py:492} INFO - "nullable" : true,
[2026-02-12T20:34:55.891+0000] {spark_submit.py:492} INFO - "metadata" : { }
[2026-02-12T20:34:55.891+0000] {spark_submit.py:492} INFO - }, {
[2026-02-12T20:34:55.891+0000] {spark_submit.py:492} INFO - "name" : "edit_versions_ids",
[2026-02-12T20:34:55.891+0000] {spark_submit.py:492} INFO - "type" : {
[2026-02-12T20:34:55.892+0000] {spark_submit.py:492} INFO - "type" : "array",
[2026-02-12T20:34:55.892+0000] {spark_submit.py:492} INFO - "elementType" : "long",
[2026-02-12T20:34:55.892+0000] {spark_submit.py:492} INFO - "containsNull" : true
[2026-02-12T20:34:55.892+0000] {spark_submit.py:492} INFO - },
[2026-02-12T20:34:55.892+0000] {spark_submit.py:492} INFO - "nullable" : true,
[2026-02-12T20:34:55.892+0000] {spark_submit.py:492} INFO - "metadata" : { }
[2026-02-12T20:34:55.892+0000] {spark_submit.py:492} INFO - }, {
[2026-02-12T20:34:55.892+0000] {spark_submit.py:492} INFO - "name" : "tweet_id",
[2026-02-12T20:34:55.893+0000] {spark_submit.py:492} INFO - "type" : "string",
[2026-02-12T20:34:55.893+0000] {spark_submit.py:492} INFO - "nullable" : true,
[2026-02-12T20:34:55.893+0000] {spark_submit.py:492} INFO - "metadata" : { }
[2026-02-12T20:34:55.893+0000] {spark_submit.py:492} INFO - }, {
[2026-02-12T20:34:55.893+0000] {spark_submit.py:492} INFO - "name" : "reply_to_user_id",
[2026-02-12T20:34:55.893+0000] {spark_submit.py:492} INFO - "type" : "string",
[2026-02-12T20:34:55.893+0000] {spark_submit.py:492} INFO - "nullable" : true,
[2026-02-12T20:34:55.893+0000] {spark_submit.py:492} INFO - "metadata" : { }
[2026-02-12T20:34:55.893+0000] {spark_submit.py:492} INFO - }, {
[2026-02-12T20:34:55.893+0000] {spark_submit.py:492} INFO - "name" : "language",
[2026-02-12T20:34:55.893+0000] {spark_submit.py:492} INFO - "type" : "string",
[2026-02-12T20:34:55.893+0000] {spark_submit.py:492} INFO - "nullable" : true,
[2026-02-12T20:34:55.893+0000] {spark_submit.py:492} INFO - "metadata" : { }
[2026-02-12T20:34:55.893+0000] {spark_submit.py:492} INFO - }, {
[2026-02-12T20:34:55.894+0000] {spark_submit.py:492} INFO - "name" : "tweet_text",
[2026-02-12T20:34:55.894+0000] {spark_submit.py:492} INFO - "type" : "string",
[2026-02-12T20:34:55.894+0000] {spark_submit.py:492} INFO - "nullable" : true,
[2026-02-12T20:34:55.894+0000] {spark_submit.py:492} INFO - "metadata" : { }
[2026-02-12T20:34:55.894+0000] {spark_submit.py:492} INFO - }, {
[2026-02-12T20:34:55.894+0000] {spark_submit.py:492} INFO - "name" : "likes",
[2026-02-12T20:34:55.894+0000] {spark_submit.py:492} INFO - "type" : "long",
[2026-02-12T20:34:55.894+0000] {spark_submit.py:492} INFO - "nullable" : true,
[2026-02-12T20:34:55.894+0000] {spark_submit.py:492} INFO - "metadata" : { }
[2026-02-12T20:34:55.895+0000] {spark_submit.py:492} INFO - }, {
[2026-02-12T20:34:55.895+0000] {spark_submit.py:492} INFO - "name" : "quotes",
[2026-02-12T20:34:55.895+0000] {spark_submit.py:492} INFO - "type" : "long",
[2026-02-12T20:34:55.895+0000] {spark_submit.py:492} INFO - "nullable" : true,
[2026-02-12T20:34:55.895+0000] {spark_submit.py:492} INFO - "metadata" : { }
[2026-02-12T20:34:55.895+0000] {spark_submit.py:492} INFO - }, {
[2026-02-12T20:34:55.895+0000] {spark_submit.py:492} INFO - "name" : "replies",
[2026-02-12T20:34:55.895+0000] {spark_submit.py:492} INFO - "type" : "long",
[2026-02-12T20:34:55.896+0000] {spark_submit.py:492} INFO - "nullable" : true,
[2026-02-12T20:34:55.896+0000] {spark_submit.py:492} INFO - "metadata" : { }
[2026-02-12T20:34:55.896+0000] {spark_submit.py:492} INFO - }, {
[2026-02-12T20:34:55.896+0000] {spark_submit.py:492} INFO - "name" : "retweets",
[2026-02-12T20:34:55.896+0000] {spark_submit.py:492} INFO - "type" : "long",
[2026-02-12T20:34:55.896+0000] {spark_submit.py:492} INFO - "nullable" : true,
[2026-02-12T20:34:55.896+0000] {spark_submit.py:492} INFO - "metadata" : { }
[2026-02-12T20:34:55.897+0000] {spark_submit.py:492} INFO - }, {
[2026-02-12T20:34:55.897+0000] {spark_submit.py:492} INFO - "name" : "processing_date",
[2026-02-12T20:34:55.897+0000] {spark_submit.py:492} INFO - "type" : "date",
[2026-02-12T20:34:55.897+0000] {spark_submit.py:492} INFO - "nullable" : false,
[2026-02-12T20:34:55.897+0000] {spark_submit.py:492} INFO - "metadata" : { }
[2026-02-12T20:34:55.897+0000] {spark_submit.py:492} INFO - } ]
[2026-02-12T20:34:55.898+0000] {spark_submit.py:492} INFO - }
[2026-02-12T20:34:55.898+0000] {spark_submit.py:492} INFO - and corresponding Parquet message type:
[2026-02-12T20:34:55.898+0000] {spark_submit.py:492} INFO - message spark_schema {
[2026-02-12T20:34:55.898+0000] {spark_submit.py:492} INFO - optional binary user_id (STRING);
[2026-02-12T20:34:55.898+0000] {spark_submit.py:492} INFO - optional binary thread_id (STRING);
[2026-02-12T20:34:55.898+0000] {spark_submit.py:492} INFO - optional binary created_at (STRING);
[2026-02-12T20:34:55.898+0000] {spark_submit.py:492} INFO - optional group edit_versions_ids (LIST) {
[2026-02-12T20:34:55.898+0000] {spark_submit.py:492} INFO - repeated group list {
[2026-02-12T20:34:55.898+0000] {spark_submit.py:492} INFO - optional int64 element;
[2026-02-12T20:34:55.899+0000] {spark_submit.py:492} INFO - }
[2026-02-12T20:34:55.899+0000] {spark_submit.py:492} INFO - }
[2026-02-12T20:34:55.899+0000] {spark_submit.py:492} INFO - optional binary tweet_id (STRING);
[2026-02-12T20:34:55.899+0000] {spark_submit.py:492} INFO - optional binary reply_to_user_id (STRING);
[2026-02-12T20:34:55.899+0000] {spark_submit.py:492} INFO - optional binary language (STRING);
[2026-02-12T20:34:55.899+0000] {spark_submit.py:492} INFO - optional binary tweet_text (STRING);
[2026-02-12T20:34:55.899+0000] {spark_submit.py:492} INFO - optional int64 likes;
[2026-02-12T20:34:55.899+0000] {spark_submit.py:492} INFO - optional int64 quotes;
[2026-02-12T20:34:55.899+0000] {spark_submit.py:492} INFO - optional int64 replies;
[2026-02-12T20:34:55.899+0000] {spark_submit.py:492} INFO - optional int64 retweets;
[2026-02-12T20:34:55.900+0000] {spark_submit.py:492} INFO - required int32 processing_date (DATE);
[2026-02-12T20:34:55.900+0000] {spark_submit.py:492} INFO - }
[2026-02-12T20:34:55.900+0000] {spark_submit.py:492} INFO - 
[2026-02-12T20:34:55.900+0000] {spark_submit.py:492} INFO - 
[2026-02-12T20:34:55.915+0000] {spark_submit.py:492} INFO - 26/02/12 20:34:55 INFO CodecConfig: Compression: SNAPPY
[2026-02-12T20:34:55.915+0000] {spark_submit.py:492} INFO - 26/02/12 20:34:55 INFO CodecConfig: Compression: SNAPPY
[2026-02-12T20:34:55.917+0000] {spark_submit.py:492} INFO - 26/02/12 20:34:55 INFO ParquetOutputFormat: ParquetRecordWriter [block size: 134217728b, row group padding size: 8388608b, validating: false]
[2026-02-12T20:34:55.918+0000] {spark_submit.py:492} INFO - 26/02/12 20:34:55 INFO ParquetWriteSupport: Initialized Parquet WriteSupport with Catalyst schema:
[2026-02-12T20:34:55.918+0000] {spark_submit.py:492} INFO - {
[2026-02-12T20:34:55.918+0000] {spark_submit.py:492} INFO - "type" : "struct",
[2026-02-12T20:34:55.918+0000] {spark_submit.py:492} INFO - "fields" : [ {
[2026-02-12T20:34:55.918+0000] {spark_submit.py:492} INFO - "name" : "user_id",
[2026-02-12T20:34:55.918+0000] {spark_submit.py:492} INFO - "type" : "string",
[2026-02-12T20:34:55.918+0000] {spark_submit.py:492} INFO - "nullable" : true,
[2026-02-12T20:34:55.919+0000] {spark_submit.py:492} INFO - "metadata" : { }
[2026-02-12T20:34:55.919+0000] {spark_submit.py:492} INFO - }, {
[2026-02-12T20:34:55.919+0000] {spark_submit.py:492} INFO - "name" : "thread_id",
[2026-02-12T20:34:55.919+0000] {spark_submit.py:492} INFO - "type" : "string",
[2026-02-12T20:34:55.919+0000] {spark_submit.py:492} INFO - "nullable" : true,
[2026-02-12T20:34:55.919+0000] {spark_submit.py:492} INFO - "metadata" : { }
[2026-02-12T20:34:55.919+0000] {spark_submit.py:492} INFO - }, {
[2026-02-12T20:34:55.919+0000] {spark_submit.py:492} INFO - "name" : "created_at",
[2026-02-12T20:34:55.919+0000] {spark_submit.py:492} INFO - "type" : "string",
[2026-02-12T20:34:55.919+0000] {spark_submit.py:492} INFO - "nullable" : true,
[2026-02-12T20:34:55.919+0000] {spark_submit.py:492} INFO - "metadata" : { }
[2026-02-12T20:34:55.919+0000] {spark_submit.py:492} INFO - }, {
[2026-02-12T20:34:55.919+0000] {spark_submit.py:492} INFO - "name" : "edit_versions_ids",
[2026-02-12T20:34:55.919+0000] {spark_submit.py:492} INFO - "type" : {
[2026-02-12T20:34:55.920+0000] {spark_submit.py:492} INFO - "type" : "array",
[2026-02-12T20:34:55.920+0000] {spark_submit.py:492} INFO - "elementType" : "long",
[2026-02-12T20:34:55.920+0000] {spark_submit.py:492} INFO - "containsNull" : true
[2026-02-12T20:34:55.920+0000] {spark_submit.py:492} INFO - },
[2026-02-12T20:34:55.920+0000] {spark_submit.py:492} INFO - "nullable" : true,
[2026-02-12T20:34:55.920+0000] {spark_submit.py:492} INFO - "metadata" : { }
[2026-02-12T20:34:55.920+0000] {spark_submit.py:492} INFO - }, {
[2026-02-12T20:34:55.920+0000] {spark_submit.py:492} INFO - "name" : "tweet_id",
[2026-02-12T20:34:55.920+0000] {spark_submit.py:492} INFO - "type" : "string",
[2026-02-12T20:34:55.920+0000] {spark_submit.py:492} INFO - "nullable" : true,
[2026-02-12T20:34:55.921+0000] {spark_submit.py:492} INFO - "metadata" : { }
[2026-02-12T20:34:55.921+0000] {spark_submit.py:492} INFO - }, {
[2026-02-12T20:34:55.921+0000] {spark_submit.py:492} INFO - "name" : "reply_to_user_id",
[2026-02-12T20:34:55.921+0000] {spark_submit.py:492} INFO - "type" : "string",
[2026-02-12T20:34:55.921+0000] {spark_submit.py:492} INFO - "nullable" : true,
[2026-02-12T20:34:55.921+0000] {spark_submit.py:492} INFO - "metadata" : { }
[2026-02-12T20:34:55.921+0000] {spark_submit.py:492} INFO - }, {
[2026-02-12T20:34:55.921+0000] {spark_submit.py:492} INFO - "name" : "language",
[2026-02-12T20:34:55.921+0000] {spark_submit.py:492} INFO - "type" : "string",
[2026-02-12T20:34:55.921+0000] {spark_submit.py:492} INFO - "nullable" : true,
[2026-02-12T20:34:55.921+0000] {spark_submit.py:492} INFO - "metadata" : { }
[2026-02-12T20:34:55.921+0000] {spark_submit.py:492} INFO - }, {
[2026-02-12T20:34:55.921+0000] {spark_submit.py:492} INFO - "name" : "tweet_text",
[2026-02-12T20:34:55.921+0000] {spark_submit.py:492} INFO - "type" : "string",
[2026-02-12T20:34:55.922+0000] {spark_submit.py:492} INFO - "nullable" : true,
[2026-02-12T20:34:55.922+0000] {spark_submit.py:492} INFO - "metadata" : { }
[2026-02-12T20:34:55.922+0000] {spark_submit.py:492} INFO - }, {
[2026-02-12T20:34:55.922+0000] {spark_submit.py:492} INFO - "name" : "likes",
[2026-02-12T20:34:55.922+0000] {spark_submit.py:492} INFO - "type" : "long",
[2026-02-12T20:34:55.922+0000] {spark_submit.py:492} INFO - "nullable" : true,
[2026-02-12T20:34:55.922+0000] {spark_submit.py:492} INFO - "metadata" : { }
[2026-02-12T20:34:55.922+0000] {spark_submit.py:492} INFO - }, {
[2026-02-12T20:34:55.922+0000] {spark_submit.py:492} INFO - "name" : "quotes",
[2026-02-12T20:34:55.922+0000] {spark_submit.py:492} INFO - "type" : "long",
[2026-02-12T20:34:55.923+0000] {spark_submit.py:492} INFO - "nullable" : true,
[2026-02-12T20:34:55.923+0000] {spark_submit.py:492} INFO - "metadata" : { }
[2026-02-12T20:34:55.923+0000] {spark_submit.py:492} INFO - }, {
[2026-02-12T20:34:55.923+0000] {spark_submit.py:492} INFO - "name" : "replies",
[2026-02-12T20:34:55.923+0000] {spark_submit.py:492} INFO - "type" : "long",
[2026-02-12T20:34:55.923+0000] {spark_submit.py:492} INFO - "nullable" : true,
[2026-02-12T20:34:55.923+0000] {spark_submit.py:492} INFO - "metadata" : { }
[2026-02-12T20:34:55.923+0000] {spark_submit.py:492} INFO - }, {
[2026-02-12T20:34:55.923+0000] {spark_submit.py:492} INFO - "name" : "retweets",
[2026-02-12T20:34:55.923+0000] {spark_submit.py:492} INFO - "type" : "long",
[2026-02-12T20:34:55.923+0000] {spark_submit.py:492} INFO - "nullable" : true,
[2026-02-12T20:34:55.923+0000] {spark_submit.py:492} INFO - "metadata" : { }
[2026-02-12T20:34:55.923+0000] {spark_submit.py:492} INFO - }, {
[2026-02-12T20:34:55.923+0000] {spark_submit.py:492} INFO - "name" : "processing_date",
[2026-02-12T20:34:55.924+0000] {spark_submit.py:492} INFO - "type" : "date",
[2026-02-12T20:34:55.924+0000] {spark_submit.py:492} INFO - "nullable" : false,
[2026-02-12T20:34:55.924+0000] {spark_submit.py:492} INFO - "metadata" : { }
[2026-02-12T20:34:55.924+0000] {spark_submit.py:492} INFO - } ]
[2026-02-12T20:34:55.924+0000] {spark_submit.py:492} INFO - }
[2026-02-12T20:34:55.924+0000] {spark_submit.py:492} INFO - and corresponding Parquet message type:
[2026-02-12T20:34:55.924+0000] {spark_submit.py:492} INFO - message spark_schema {
[2026-02-12T20:34:55.924+0000] {spark_submit.py:492} INFO - optional binary user_id (STRING);
[2026-02-12T20:34:55.924+0000] {spark_submit.py:492} INFO - optional binary thread_id (STRING);
[2026-02-12T20:34:55.924+0000] {spark_submit.py:492} INFO - optional binary created_at (STRING);
[2026-02-12T20:34:55.924+0000] {spark_submit.py:492} INFO - optional group edit_versions_ids (LIST) {
[2026-02-12T20:34:55.924+0000] {spark_submit.py:492} INFO - repeated group list {
[2026-02-12T20:34:55.924+0000] {spark_submit.py:492} INFO - optional int64 element;
[2026-02-12T20:34:55.924+0000] {spark_submit.py:492} INFO - }
[2026-02-12T20:34:55.925+0000] {spark_submit.py:492} INFO - }
[2026-02-12T20:34:55.925+0000] {spark_submit.py:492} INFO - optional binary tweet_id (STRING);
[2026-02-12T20:34:55.925+0000] {spark_submit.py:492} INFO - optional binary reply_to_user_id (STRING);
[2026-02-12T20:34:55.925+0000] {spark_submit.py:492} INFO - optional binary language (STRING);
[2026-02-12T20:34:55.925+0000] {spark_submit.py:492} INFO - optional binary tweet_text (STRING);
[2026-02-12T20:34:55.925+0000] {spark_submit.py:492} INFO - optional int64 likes;
[2026-02-12T20:34:55.925+0000] {spark_submit.py:492} INFO - optional int64 quotes;
[2026-02-12T20:34:55.925+0000] {spark_submit.py:492} INFO - optional int64 replies;
[2026-02-12T20:34:55.925+0000] {spark_submit.py:492} INFO - optional int64 retweets;
[2026-02-12T20:34:55.925+0000] {spark_submit.py:492} INFO - required int32 processing_date (DATE);
[2026-02-12T20:34:55.926+0000] {spark_submit.py:492} INFO - }
[2026-02-12T20:34:55.926+0000] {spark_submit.py:492} INFO - 
[2026-02-12T20:34:55.926+0000] {spark_submit.py:492} INFO - 
[2026-02-12T20:34:55.948+0000] {spark_submit.py:492} INFO - 26/02/12 20:34:55 INFO FileOutputCommitter: Saved output of task 'attempt_202602122034558960325524376162195_0001_m_000000_1' to file:/opt/airflow/data/silver/_temporary/0/task_202602122034558960325524376162195_0001_m_000000
[2026-02-12T20:34:55.949+0000] {spark_submit.py:492} INFO - 26/02/12 20:34:55 INFO SparkHadoopMapRedUtil: attempt_202602122034558960325524376162195_0001_m_000000_1: Committed. Elapsed time: 0 ms.
[2026-02-12T20:34:55.960+0000] {spark_submit.py:492} INFO - 26/02/12 20:34:55 INFO Executor: Finished task 0.0 in stage 1.0 (TID 1). 3930 bytes result sent to driver
[2026-02-12T20:34:55.963+0000] {spark_submit.py:492} INFO - 26/02/12 20:34:55 INFO TaskSetManager: Finished task 0.0 in stage 1.0 (TID 1) in 868 ms on 649004db3ede (executor driver) (1/1)
[2026-02-12T20:34:55.963+0000] {spark_submit.py:492} INFO - 26/02/12 20:34:55 INFO TaskSchedulerImpl: Removed TaskSet 1.0, whose tasks have all completed, from pool
[2026-02-12T20:34:55.964+0000] {spark_submit.py:492} INFO - 26/02/12 20:34:55 INFO DAGScheduler: ResultStage 1 (parquet at NativeMethodAccessorImpl.java:0) finished in 0.888 s
[2026-02-12T20:34:55.964+0000] {spark_submit.py:492} INFO - 26/02/12 20:34:55 INFO DAGScheduler: Job 1 is finished. Cancelling potential speculative or zombie tasks for this job
[2026-02-12T20:34:55.965+0000] {spark_submit.py:492} INFO - 26/02/12 20:34:55 INFO TaskSchedulerImpl: Killing all running tasks in stage 1: Stage finished
[2026-02-12T20:34:55.965+0000] {spark_submit.py:492} INFO - 26/02/12 20:34:55 INFO DAGScheduler: Job 1 finished: parquet at NativeMethodAccessorImpl.java:0, took 0.891759 s
[2026-02-12T20:34:55.966+0000] {spark_submit.py:492} INFO - 26/02/12 20:34:55 INFO FileFormatWriter: Start to commit write Job 21514bbf-b70c-4f8c-81a4-bdc9fbd8ad96.
[2026-02-12T20:34:55.983+0000] {spark_submit.py:492} INFO - 26/02/12 20:34:55 INFO FileFormatWriter: Write Job 21514bbf-b70c-4f8c-81a4-bdc9fbd8ad96 committed. Elapsed time: 16 ms.
[2026-02-12T20:34:55.985+0000] {spark_submit.py:492} INFO - 26/02/12 20:34:55 INFO FileFormatWriter: Finished processing stats for write job 21514bbf-b70c-4f8c-81a4-bdc9fbd8ad96.
[2026-02-12T20:34:56.015+0000] {spark_submit.py:492} INFO - 26/02/12 20:34:56 INFO SparkContext: Invoking stop() from shutdown hook
[2026-02-12T20:34:56.016+0000] {spark_submit.py:492} INFO - 26/02/12 20:34:56 INFO SparkContext: SparkContext is stopping with exitCode 0.
[2026-02-12T20:34:56.023+0000] {spark_submit.py:492} INFO - 26/02/12 20:34:56 INFO SparkUI: Stopped Spark web UI at http://649004db3ede:4040
[2026-02-12T20:34:56.031+0000] {spark_submit.py:492} INFO - 26/02/12 20:34:56 INFO MapOutputTrackerMasterEndpoint: MapOutputTrackerMasterEndpoint stopped!
[2026-02-12T20:34:56.039+0000] {spark_submit.py:492} INFO - 26/02/12 20:34:56 INFO MemoryStore: MemoryStore cleared
[2026-02-12T20:34:56.040+0000] {spark_submit.py:492} INFO - 26/02/12 20:34:56 INFO BlockManager: BlockManager stopped
[2026-02-12T20:34:56.041+0000] {spark_submit.py:492} INFO - 26/02/12 20:34:56 INFO BlockManagerMaster: BlockManagerMaster stopped
[2026-02-12T20:34:56.043+0000] {spark_submit.py:492} INFO - 26/02/12 20:34:56 INFO OutputCommitCoordinator$OutputCommitCoordinatorEndpoint: OutputCommitCoordinator stopped!
[2026-02-12T20:34:56.050+0000] {spark_submit.py:492} INFO - 26/02/12 20:34:56 INFO SparkContext: Successfully stopped SparkContext
[2026-02-12T20:34:56.050+0000] {spark_submit.py:492} INFO - 26/02/12 20:34:56 INFO ShutdownHookManager: Shutdown hook called
[2026-02-12T20:34:56.051+0000] {spark_submit.py:492} INFO - 26/02/12 20:34:56 INFO ShutdownHookManager: Deleting directory /tmp/spark-3bd1681a-20d4-490a-86a7-30be23111700
[2026-02-12T20:34:56.055+0000] {spark_submit.py:492} INFO - 26/02/12 20:34:56 INFO ShutdownHookManager: Deleting directory /tmp/spark-4037b553-84a7-4db6-896e-049e740d6b25
[2026-02-12T20:34:56.060+0000] {spark_submit.py:492} INFO - 26/02/12 20:34:56 INFO ShutdownHookManager: Deleting directory /tmp/spark-4037b553-84a7-4db6-896e-049e740d6b25/pyspark-60763b36-8d43-4113-9db5-cf1cf24248eb
[2026-02-12T20:34:56.121+0000] {taskinstance.py:441} INFO - ::group::Post task execution logs
[2026-02-12T20:34:56.130+0000] {taskinstance.py:1206} INFO - Marking task as SUCCESS. dag_id=twitter_pipeline_2, task_id=transform_twitter_datascience, run_id=scheduled__2026-02-11T00:00:00+00:00, execution_date=20260211T000000, start_date=20260212T203449, end_date=20260212T203456
[2026-02-12T20:34:56.171+0000] {local_task_job_runner.py:243} INFO - Task exited with return code 0
[2026-02-12T20:34:56.183+0000] {taskinstance.py:3503} INFO - 0 downstream tasks scheduled from follow-on schedule check
[2026-02-12T20:34:56.185+0000] {local_task_job_runner.py:222} INFO - ::endgroup::
