[2026-02-12T20:32:49.832+0000] {local_task_job_runner.py:120} INFO - ::group::Pre task execution logs
[2026-02-12T20:32:49.846+0000] {taskinstance.py:2076} INFO - Dependencies all met for dep_context=non-requeueable deps ti=<TaskInstance: twitter_pipeline_2.transform_twitter_datascience manual__2026-02-12T20:32:40.250777+00:00 [queued]>
[2026-02-12T20:32:49.853+0000] {taskinstance.py:2076} INFO - Dependencies all met for dep_context=requeueable deps ti=<TaskInstance: twitter_pipeline_2.transform_twitter_datascience manual__2026-02-12T20:32:40.250777+00:00 [queued]>
[2026-02-12T20:32:49.853+0000] {taskinstance.py:2306} INFO - Starting attempt 1 of 1
[2026-02-12T20:32:49.861+0000] {taskinstance.py:2330} INFO - Executing <Task(SparkSubmitOperator): transform_twitter_datascience> on 2026-02-12 20:32:40.250777+00:00
[2026-02-12T20:32:49.866+0000] {standard_task_runner.py:64} INFO - Started process 712 to run task
[2026-02-12T20:32:49.869+0000] {standard_task_runner.py:90} INFO - Running: ['airflow', 'tasks', 'run', 'twitter_pipeline_2', 'transform_twitter_datascience', 'manual__2026-02-12T20:32:40.250777+00:00', '--job-id', '72', '--raw', '--subdir', 'DAGS_FOLDER/dag2.py', '--cfg-path', '/tmp/tmphr9c7x8p']
[2026-02-12T20:32:49.871+0000] {standard_task_runner.py:91} INFO - Job 72: Subtask transform_twitter_datascience
[2026-02-12T20:32:49.913+0000] {task_command.py:426} INFO - Running <TaskInstance: twitter_pipeline_2.transform_twitter_datascience manual__2026-02-12T20:32:40.250777+00:00 [running]> on host 649004db3ede
[2026-02-12T20:32:49.990+0000] {taskinstance.py:2648} INFO - Exporting env vars: AIRFLOW_CTX_DAG_OWNER='airflow' AIRFLOW_CTX_DAG_ID='twitter_pipeline_2' AIRFLOW_CTX_TASK_ID='transform_twitter_datascience' AIRFLOW_CTX_EXECUTION_DATE='2026-02-12T20:32:40.250777+00:00' AIRFLOW_CTX_TRY_NUMBER='1' AIRFLOW_CTX_DAG_RUN_ID='manual__2026-02-12T20:32:40.250777+00:00'
[2026-02-12T20:32:49.990+0000] {taskinstance.py:430} INFO - ::endgroup::
[2026-02-12T20:32:49.998+0000] {base.py:84} INFO - Using connection ID 'spark_default' for task execution.
[2026-02-12T20:32:49.999+0000] {spark_submit.py:341} INFO - Spark-Submit cmd: spark-submit --master local --name twitter_transformation --queue root.default /opt/airflow/src/spark/transformation.py --src /opt/data_lake/twitter_posts_raw --dest /opt/airflow/data/silver
[2026-02-12T20:32:51.906+0000] {spark_submit.py:492} INFO - 26/02/12 20:32:51 INFO SparkContext: Running Spark version 3.4.1
[2026-02-12T20:32:51.943+0000] {spark_submit.py:492} INFO - 26/02/12 20:32:51 WARN NativeCodeLoader: Unable to load native-hadoop library for your platform... using builtin-java classes where applicable
[2026-02-12T20:32:52.003+0000] {spark_submit.py:492} INFO - 26/02/12 20:32:52 INFO ResourceUtils: ==============================================================
[2026-02-12T20:32:52.004+0000] {spark_submit.py:492} INFO - 26/02/12 20:32:52 INFO ResourceUtils: No custom resources configured for spark.driver.
[2026-02-12T20:32:52.004+0000] {spark_submit.py:492} INFO - 26/02/12 20:32:52 INFO ResourceUtils: ==============================================================
[2026-02-12T20:32:52.004+0000] {spark_submit.py:492} INFO - 26/02/12 20:32:52 INFO SparkContext: Submitted application: twitter_transformation
[2026-02-12T20:32:52.020+0000] {spark_submit.py:492} INFO - 26/02/12 20:32:52 INFO ResourceProfile: Default ResourceProfile created, executor resources: Map(cores -> name: cores, amount: 1, script: , vendor: , memory -> name: memory, amount: 1024, script: , vendor: , offHeap -> name: offHeap, amount: 0, script: , vendor: ), task resources: Map(cpus -> name: cpus, amount: 1.0)
[2026-02-12T20:32:52.025+0000] {spark_submit.py:492} INFO - 26/02/12 20:32:52 INFO ResourceProfile: Limiting resource is cpu
[2026-02-12T20:32:52.025+0000] {spark_submit.py:492} INFO - 26/02/12 20:32:52 INFO ResourceProfileManager: Added ResourceProfile id: 0
[2026-02-12T20:32:52.064+0000] {spark_submit.py:492} INFO - 26/02/12 20:32:52 INFO SecurityManager: Changing view acls to: default
[2026-02-12T20:32:52.064+0000] {spark_submit.py:492} INFO - 26/02/12 20:32:52 INFO SecurityManager: Changing modify acls to: default
[2026-02-12T20:32:52.065+0000] {spark_submit.py:492} INFO - 26/02/12 20:32:52 INFO SecurityManager: Changing view acls groups to:
[2026-02-12T20:32:52.065+0000] {spark_submit.py:492} INFO - 26/02/12 20:32:52 INFO SecurityManager: Changing modify acls groups to:
[2026-02-12T20:32:52.065+0000] {spark_submit.py:492} INFO - 26/02/12 20:32:52 INFO SecurityManager: SecurityManager: authentication disabled; ui acls disabled; users with view permissions: default; groups with view permissions: EMPTY; users with modify permissions: default; groups with modify permissions: EMPTY
[2026-02-12T20:32:52.239+0000] {spark_submit.py:492} INFO - 26/02/12 20:32:52 INFO Utils: Successfully started service 'sparkDriver' on port 41155.
[2026-02-12T20:32:52.262+0000] {spark_submit.py:492} INFO - 26/02/12 20:32:52 INFO SparkEnv: Registering MapOutputTracker
[2026-02-12T20:32:52.296+0000] {spark_submit.py:492} INFO - 26/02/12 20:32:52 INFO SparkEnv: Registering BlockManagerMaster
[2026-02-12T20:32:52.308+0000] {spark_submit.py:492} INFO - 26/02/12 20:32:52 INFO BlockManagerMasterEndpoint: Using org.apache.spark.storage.DefaultTopologyMapper for getting topology information
[2026-02-12T20:32:52.309+0000] {spark_submit.py:492} INFO - 26/02/12 20:32:52 INFO BlockManagerMasterEndpoint: BlockManagerMasterEndpoint up
[2026-02-12T20:32:52.313+0000] {spark_submit.py:492} INFO - 26/02/12 20:32:52 INFO SparkEnv: Registering BlockManagerMasterHeartbeat
[2026-02-12T20:32:52.327+0000] {spark_submit.py:492} INFO - 26/02/12 20:32:52 INFO DiskBlockManager: Created local directory at /tmp/blockmgr-1cb5ad49-8ef3-45da-b198-47d9a96498d1
[2026-02-12T20:32:52.338+0000] {spark_submit.py:492} INFO - 26/02/12 20:32:52 INFO MemoryStore: MemoryStore started with capacity 434.4 MiB
[2026-02-12T20:32:52.349+0000] {spark_submit.py:492} INFO - 26/02/12 20:32:52 INFO SparkEnv: Registering OutputCommitCoordinator
[2026-02-12T20:32:52.444+0000] {spark_submit.py:492} INFO - 26/02/12 20:32:52 INFO JettyUtils: Start Jetty 0.0.0.0:4040 for SparkUI
[2026-02-12T20:32:52.486+0000] {spark_submit.py:492} INFO - 26/02/12 20:32:52 INFO Utils: Successfully started service 'SparkUI' on port 4040.
[2026-02-12T20:32:52.552+0000] {spark_submit.py:492} INFO - 26/02/12 20:32:52 INFO Executor: Starting executor ID driver on host 649004db3ede
[2026-02-12T20:32:52.557+0000] {spark_submit.py:492} INFO - 26/02/12 20:32:52 INFO Executor: Starting executor with user classpath (userClassPathFirst = false): ''
[2026-02-12T20:32:52.569+0000] {spark_submit.py:492} INFO - 26/02/12 20:32:52 INFO Utils: Successfully started service 'org.apache.spark.network.netty.NettyBlockTransferService' on port 37409.
[2026-02-12T20:32:52.569+0000] {spark_submit.py:492} INFO - 26/02/12 20:32:52 INFO NettyBlockTransferService: Server created on 649004db3ede:37409
[2026-02-12T20:32:52.570+0000] {spark_submit.py:492} INFO - 26/02/12 20:32:52 INFO BlockManager: Using org.apache.spark.storage.RandomBlockReplicationPolicy for block replication policy
[2026-02-12T20:32:52.574+0000] {spark_submit.py:492} INFO - 26/02/12 20:32:52 INFO BlockManagerMaster: Registering BlockManager BlockManagerId(driver, 649004db3ede, 37409, None)
[2026-02-12T20:32:52.576+0000] {spark_submit.py:492} INFO - 26/02/12 20:32:52 INFO BlockManagerMasterEndpoint: Registering block manager 649004db3ede:37409 with 434.4 MiB RAM, BlockManagerId(driver, 649004db3ede, 37409, None)
[2026-02-12T20:32:52.578+0000] {spark_submit.py:492} INFO - 26/02/12 20:32:52 INFO BlockManagerMaster: Registered BlockManager BlockManagerId(driver, 649004db3ede, 37409, None)
[2026-02-12T20:32:52.578+0000] {spark_submit.py:492} INFO - 26/02/12 20:32:52 INFO BlockManager: Initialized BlockManager: BlockManagerId(driver, 649004db3ede, 37409, None)
[2026-02-12T20:32:52.857+0000] {spark_submit.py:492} INFO - 26/02/12 20:32:52 INFO SharedState: Setting hive.metastore.warehouse.dir ('null') to the value of spark.sql.warehouse.dir.
[2026-02-12T20:32:52.862+0000] {spark_submit.py:492} INFO - 26/02/12 20:32:52 INFO SharedState: Warehouse path is 'file:/opt/airflow/spark-warehouse'.
[2026-02-12T20:32:53.328+0000] {spark_submit.py:492} INFO - 26/02/12 20:32:53 INFO InMemoryFileIndex: It took 32 ms to list leaf files for 1 paths.
[2026-02-12T20:32:53.376+0000] {spark_submit.py:492} INFO - 26/02/12 20:32:53 INFO InMemoryFileIndex: It took 7 ms to list leaf files for 12 paths.
[2026-02-12T20:32:57.127+0000] {spark_submit.py:492} INFO - 26/02/12 20:32:57 INFO FileSourceStrategy: Pushed Filters:
[2026-02-12T20:32:57.136+0000] {spark_submit.py:492} INFO - 26/02/12 20:32:57 INFO FileSourceStrategy: Post-Scan Filters:
[2026-02-12T20:32:57.295+0000] {spark_submit.py:492} INFO - 26/02/12 20:32:57 INFO MemoryStore: Block broadcast_0 stored as values in memory (estimated size 199.2 KiB, free 434.2 MiB)
[2026-02-12T20:32:57.335+0000] {spark_submit.py:492} INFO - 26/02/12 20:32:57 INFO MemoryStore: Block broadcast_0_piece0 stored as bytes in memory (estimated size 34.2 KiB, free 434.2 MiB)
[2026-02-12T20:32:57.338+0000] {spark_submit.py:492} INFO - 26/02/12 20:32:57 INFO BlockManagerInfo: Added broadcast_0_piece0 in memory on 649004db3ede:37409 (size: 34.2 KiB, free: 434.4 MiB)
[2026-02-12T20:32:57.341+0000] {spark_submit.py:492} INFO - 26/02/12 20:32:57 INFO SparkContext: Created broadcast 0 from json at NativeMethodAccessorImpl.java:0
[2026-02-12T20:32:57.347+0000] {spark_submit.py:492} INFO - 26/02/12 20:32:57 INFO FileSourceScanExec: Planning scan with bin packing, max size: 50392009 bytes, open cost is considered as scanning 4194304 bytes.
[2026-02-12T20:32:57.466+0000] {spark_submit.py:492} INFO - 26/02/12 20:32:57 INFO SparkContext: Starting job: json at NativeMethodAccessorImpl.java:0
[2026-02-12T20:32:57.477+0000] {spark_submit.py:492} INFO - 26/02/12 20:32:57 INFO DAGScheduler: Got job 0 (json at NativeMethodAccessorImpl.java:0) with 1 output partitions
[2026-02-12T20:32:57.478+0000] {spark_submit.py:492} INFO - 26/02/12 20:32:57 INFO DAGScheduler: Final stage: ResultStage 0 (json at NativeMethodAccessorImpl.java:0)
[2026-02-12T20:32:57.478+0000] {spark_submit.py:492} INFO - 26/02/12 20:32:57 INFO DAGScheduler: Parents of final stage: List()
[2026-02-12T20:32:57.478+0000] {spark_submit.py:492} INFO - 26/02/12 20:32:57 INFO DAGScheduler: Missing parents: List()
[2026-02-12T20:32:57.481+0000] {spark_submit.py:492} INFO - 26/02/12 20:32:57 INFO DAGScheduler: Submitting ResultStage 0 (MapPartitionsRDD[3] at json at NativeMethodAccessorImpl.java:0), which has no missing parents
[2026-02-12T20:32:57.534+0000] {spark_submit.py:492} INFO - 26/02/12 20:32:57 INFO MemoryStore: Block broadcast_1 stored as values in memory (estimated size 15.0 KiB, free 434.2 MiB)
[2026-02-12T20:32:57.540+0000] {spark_submit.py:492} INFO - 26/02/12 20:32:57 INFO MemoryStore: Block broadcast_1_piece0 stored as bytes in memory (estimated size 7.2 KiB, free 434.2 MiB)
[2026-02-12T20:32:57.541+0000] {spark_submit.py:492} INFO - 26/02/12 20:32:57 INFO BlockManagerInfo: Added broadcast_1_piece0 in memory on 649004db3ede:37409 (size: 7.2 KiB, free: 434.4 MiB)
[2026-02-12T20:32:57.542+0000] {spark_submit.py:492} INFO - 26/02/12 20:32:57 INFO SparkContext: Created broadcast 1 from broadcast at DAGScheduler.scala:1535
[2026-02-12T20:32:57.550+0000] {spark_submit.py:492} INFO - 26/02/12 20:32:57 INFO DAGScheduler: Submitting 1 missing tasks from ResultStage 0 (MapPartitionsRDD[3] at json at NativeMethodAccessorImpl.java:0) (first 15 tasks are for partitions Vector(0))
[2026-02-12T20:32:57.551+0000] {spark_submit.py:492} INFO - 26/02/12 20:32:57 INFO TaskSchedulerImpl: Adding task set 0.0 with 1 tasks resource profile 0
[2026-02-12T20:32:57.581+0000] {spark_submit.py:492} INFO - 26/02/12 20:32:57 INFO TaskSetManager: Starting task 0.0 in stage 0.0 (TID 0) (649004db3ede, executor driver, partition 0, PROCESS_LOCAL, 9196 bytes)
[2026-02-12T20:32:57.591+0000] {spark_submit.py:492} INFO - 26/02/12 20:32:57 INFO Executor: Running task 0.0 in stage 0.0 (TID 0)
[2026-02-12T20:32:57.658+0000] {spark_submit.py:492} INFO - 26/02/12 20:32:57 INFO FileScanRDD: Reading File path: file:///opt/data_lake/twitter_posts_raw/tweets_2026-02-11.json, range: 0-5524, partition values: [empty row]
[2026-02-12T20:32:57.801+0000] {spark_submit.py:492} INFO - 26/02/12 20:32:57 INFO CodeGenerator: Code generated in 120.36749 ms
[2026-02-12T20:32:57.828+0000] {spark_submit.py:492} INFO - 26/02/12 20:32:57 INFO FileScanRDD: Reading File path: file:///opt/data_lake/twitter_posts_raw/tweets_2026-02-08.json, range: 0-5455, partition values: [empty row]
[2026-02-12T20:32:57.835+0000] {spark_submit.py:492} INFO - 26/02/12 20:32:57 INFO FileScanRDD: Reading File path: file:///opt/data_lake/twitter_posts_raw/tweets_2026-02-10.json, range: 0-5426, partition values: [empty row]
[2026-02-12T20:32:57.840+0000] {spark_submit.py:492} INFO - 26/02/12 20:32:57 INFO FileScanRDD: Reading File path: file:///opt/data_lake/twitter_posts_raw/tweets_2026-02-07.json, range: 0-5394, partition values: [empty row]
[2026-02-12T20:32:57.843+0000] {spark_submit.py:492} INFO - 26/02/12 20:32:57 INFO FileScanRDD: Reading File path: file:///opt/data_lake/twitter_posts_raw/tweets_2026-02-09.json, range: 0-5376, partition values: [empty row]
[2026-02-12T20:32:57.847+0000] {spark_submit.py:492} INFO - 26/02/12 20:32:57 INFO FileScanRDD: Reading File path: file:///opt/data_lake/twitter_posts_raw/tweets_2026-02-02.json, range: 0-5314, partition values: [empty row]
[2026-02-12T20:32:57.851+0000] {spark_submit.py:492} INFO - 26/02/12 20:32:57 INFO FileScanRDD: Reading File path: file:///opt/data_lake/twitter_posts_raw/tweets_2026-02-05.json, range: 0-5311, partition values: [empty row]
[2026-02-12T20:32:57.854+0000] {spark_submit.py:492} INFO - 26/02/12 20:32:57 INFO FileScanRDD: Reading File path: file:///opt/data_lake/twitter_posts_raw/tweets_2026-02-04.json, range: 0-5302, partition values: [empty row]
[2026-02-12T20:32:57.857+0000] {spark_submit.py:492} INFO - 26/02/12 20:32:57 INFO FileScanRDD: Reading File path: file:///opt/data_lake/twitter_posts_raw/tweets_2026-02-03.json, range: 0-5250, partition values: [empty row]
[2026-02-12T20:32:57.860+0000] {spark_submit.py:492} INFO - 26/02/12 20:32:57 INFO FileScanRDD: Reading File path: file:///opt/data_lake/twitter_posts_raw/tweets_2026-02-06.json, range: 0-5026, partition values: [empty row]
[2026-02-12T20:32:57.863+0000] {spark_submit.py:492} INFO - 26/02/12 20:32:57 INFO FileScanRDD: Reading File path: file:///opt/data_lake/twitter_posts_raw/tweets_2026-02-01.json, range: 0-3511, partition values: [empty row]
[2026-02-12T20:32:57.865+0000] {spark_submit.py:492} INFO - 26/02/12 20:32:57 INFO FileScanRDD: Reading File path: file:///opt/data_lake/twitter_posts_raw/tweets_2026-02-12.json, range: 0-3472, partition values: [empty row]
[2026-02-12T20:32:57.881+0000] {spark_submit.py:492} INFO - 26/02/12 20:32:57 INFO Executor: Finished task 0.0 in stage 0.0 (TID 0). 2606 bytes result sent to driver
[2026-02-12T20:32:57.889+0000] {spark_submit.py:492} INFO - 26/02/12 20:32:57 INFO TaskSetManager: Finished task 0.0 in stage 0.0 (TID 0) in 315 ms on 649004db3ede (executor driver) (1/1)
[2026-02-12T20:32:57.890+0000] {spark_submit.py:492} INFO - 26/02/12 20:32:57 INFO TaskSchedulerImpl: Removed TaskSet 0.0, whose tasks have all completed, from pool
[2026-02-12T20:32:57.894+0000] {spark_submit.py:492} INFO - 26/02/12 20:32:57 INFO DAGScheduler: ResultStage 0 (json at NativeMethodAccessorImpl.java:0) finished in 0.403 s
[2026-02-12T20:32:57.896+0000] {spark_submit.py:492} INFO - 26/02/12 20:32:57 INFO DAGScheduler: Job 0 is finished. Cancelling potential speculative or zombie tasks for this job
[2026-02-12T20:32:57.896+0000] {spark_submit.py:492} INFO - 26/02/12 20:32:57 INFO TaskSchedulerImpl: Killing all running tasks in stage 0: Stage finished
[2026-02-12T20:32:57.898+0000] {spark_submit.py:492} INFO - 26/02/12 20:32:57 INFO DAGScheduler: Job 0 finished: json at NativeMethodAccessorImpl.java:0, took 0.432363 s
[2026-02-12T20:32:58.183+0000] {spark_submit.py:492} INFO - 26/02/12 20:32:58 INFO FileSourceStrategy: Pushed Filters:
[2026-02-12T20:32:58.184+0000] {spark_submit.py:492} INFO - 26/02/12 20:32:58 INFO FileSourceStrategy: Post-Scan Filters:
[2026-02-12T20:32:58.233+0000] {spark_submit.py:492} INFO - 26/02/12 20:32:58 INFO ParquetUtils: Using default output committer for Parquet: org.apache.parquet.hadoop.ParquetOutputCommitter
[2026-02-12T20:32:58.246+0000] {spark_submit.py:492} INFO - 26/02/12 20:32:58 INFO FileOutputCommitter: File Output Committer Algorithm version is 1
[2026-02-12T20:32:58.246+0000] {spark_submit.py:492} INFO - 26/02/12 20:32:58 INFO FileOutputCommitter: FileOutputCommitter skip cleanup _temporary folders under output directory:false, ignore cleanup failures: false
[2026-02-12T20:32:58.247+0000] {spark_submit.py:492} INFO - 26/02/12 20:32:58 INFO SQLHadoopMapReduceCommitProtocol: Using user defined output committer class org.apache.parquet.hadoop.ParquetOutputCommitter
[2026-02-12T20:32:58.247+0000] {spark_submit.py:492} INFO - 26/02/12 20:32:58 INFO FileOutputCommitter: File Output Committer Algorithm version is 1
[2026-02-12T20:32:58.247+0000] {spark_submit.py:492} INFO - 26/02/12 20:32:58 INFO FileOutputCommitter: FileOutputCommitter skip cleanup _temporary folders under output directory:false, ignore cleanup failures: false
[2026-02-12T20:32:58.248+0000] {spark_submit.py:492} INFO - 26/02/12 20:32:58 INFO SQLHadoopMapReduceCommitProtocol: Using output committer class org.apache.parquet.hadoop.ParquetOutputCommitter
[2026-02-12T20:32:58.334+0000] {spark_submit.py:492} INFO - 26/02/12 20:32:58 INFO CodeGenerator: Code generated in 38.245672 ms
[2026-02-12T20:32:58.338+0000] {spark_submit.py:492} INFO - 26/02/12 20:32:58 INFO MemoryStore: Block broadcast_2 stored as values in memory (estimated size 199.1 KiB, free 434.0 MiB)
[2026-02-12T20:32:58.345+0000] {spark_submit.py:492} INFO - 26/02/12 20:32:58 INFO MemoryStore: Block broadcast_2_piece0 stored as bytes in memory (estimated size 34.1 KiB, free 433.9 MiB)
[2026-02-12T20:32:58.346+0000] {spark_submit.py:492} INFO - 26/02/12 20:32:58 INFO BlockManagerInfo: Added broadcast_2_piece0 in memory on 649004db3ede:37409 (size: 34.1 KiB, free: 434.3 MiB)
[2026-02-12T20:32:58.347+0000] {spark_submit.py:492} INFO - 26/02/12 20:32:58 INFO SparkContext: Created broadcast 2 from parquet at NativeMethodAccessorImpl.java:0
[2026-02-12T20:32:58.350+0000] {spark_submit.py:492} INFO - 26/02/12 20:32:58 INFO FileSourceScanExec: Planning scan with bin packing, max size: 50392009 bytes, open cost is considered as scanning 4194304 bytes.
[2026-02-12T20:32:58.372+0000] {spark_submit.py:492} INFO - 26/02/12 20:32:58 INFO BlockManagerInfo: Removed broadcast_1_piece0 on 649004db3ede:37409 in memory (size: 7.2 KiB, free: 434.3 MiB)
[2026-02-12T20:32:58.377+0000] {spark_submit.py:492} INFO - 26/02/12 20:32:58 INFO BlockManagerInfo: Removed broadcast_0_piece0 on 649004db3ede:37409 in memory (size: 34.2 KiB, free: 434.4 MiB)
[2026-02-12T20:32:58.393+0000] {spark_submit.py:492} INFO - 26/02/12 20:32:58 INFO SparkContext: Starting job: parquet at NativeMethodAccessorImpl.java:0
[2026-02-12T20:32:58.394+0000] {spark_submit.py:492} INFO - 26/02/12 20:32:58 INFO DAGScheduler: Got job 1 (parquet at NativeMethodAccessorImpl.java:0) with 1 output partitions
[2026-02-12T20:32:58.395+0000] {spark_submit.py:492} INFO - 26/02/12 20:32:58 INFO DAGScheduler: Final stage: ResultStage 1 (parquet at NativeMethodAccessorImpl.java:0)
[2026-02-12T20:32:58.395+0000] {spark_submit.py:492} INFO - 26/02/12 20:32:58 INFO DAGScheduler: Parents of final stage: List()
[2026-02-12T20:32:58.395+0000] {spark_submit.py:492} INFO - 26/02/12 20:32:58 INFO DAGScheduler: Missing parents: List()
[2026-02-12T20:32:58.395+0000] {spark_submit.py:492} INFO - 26/02/12 20:32:58 INFO DAGScheduler: Submitting ResultStage 1 (MapPartitionsRDD[7] at parquet at NativeMethodAccessorImpl.java:0), which has no missing parents
[2026-02-12T20:32:58.414+0000] {spark_submit.py:492} INFO - 26/02/12 20:32:58 INFO MemoryStore: Block broadcast_3 stored as values in memory (estimated size 236.4 KiB, free 433.9 MiB)
[2026-02-12T20:32:58.416+0000] {spark_submit.py:492} INFO - 26/02/12 20:32:58 INFO MemoryStore: Block broadcast_3_piece0 stored as bytes in memory (estimated size 86.4 KiB, free 433.9 MiB)
[2026-02-12T20:32:58.416+0000] {spark_submit.py:492} INFO - 26/02/12 20:32:58 INFO BlockManagerInfo: Added broadcast_3_piece0 in memory on 649004db3ede:37409 (size: 86.4 KiB, free: 434.3 MiB)
[2026-02-12T20:32:58.417+0000] {spark_submit.py:492} INFO - 26/02/12 20:32:58 INFO SparkContext: Created broadcast 3 from broadcast at DAGScheduler.scala:1535
[2026-02-12T20:32:58.417+0000] {spark_submit.py:492} INFO - 26/02/12 20:32:58 INFO DAGScheduler: Submitting 1 missing tasks from ResultStage 1 (MapPartitionsRDD[7] at parquet at NativeMethodAccessorImpl.java:0) (first 15 tasks are for partitions Vector(0))
[2026-02-12T20:32:58.417+0000] {spark_submit.py:492} INFO - 26/02/12 20:32:58 INFO TaskSchedulerImpl: Adding task set 1.0 with 1 tasks resource profile 0
[2026-02-12T20:32:58.419+0000] {spark_submit.py:492} INFO - 26/02/12 20:32:58 INFO TaskSetManager: Starting task 0.0 in stage 1.0 (TID 1) (649004db3ede, executor driver, partition 0, PROCESS_LOCAL, 9196 bytes)
[2026-02-12T20:32:58.419+0000] {spark_submit.py:492} INFO - 26/02/12 20:32:58 INFO Executor: Running task 0.0 in stage 1.0 (TID 1)
[2026-02-12T20:32:58.469+0000] {spark_submit.py:492} INFO - 26/02/12 20:32:58 INFO CodeGenerator: Code generated in 10.400955 ms
[2026-02-12T20:32:58.483+0000] {spark_submit.py:492} INFO - 26/02/12 20:32:58 INFO CodeGenerator: Code generated in 7.695469 ms
[2026-02-12T20:32:58.491+0000] {spark_submit.py:492} INFO - 26/02/12 20:32:58 INFO FileOutputCommitter: File Output Committer Algorithm version is 1
[2026-02-12T20:32:58.491+0000] {spark_submit.py:492} INFO - 26/02/12 20:32:58 INFO FileOutputCommitter: FileOutputCommitter skip cleanup _temporary folders under output directory:false, ignore cleanup failures: false
[2026-02-12T20:32:58.492+0000] {spark_submit.py:492} INFO - 26/02/12 20:32:58 INFO SQLHadoopMapReduceCommitProtocol: Using user defined output committer class org.apache.parquet.hadoop.ParquetOutputCommitter
[2026-02-12T20:32:58.492+0000] {spark_submit.py:492} INFO - 26/02/12 20:32:58 INFO FileOutputCommitter: File Output Committer Algorithm version is 1
[2026-02-12T20:32:58.493+0000] {spark_submit.py:492} INFO - 26/02/12 20:32:58 INFO FileOutputCommitter: FileOutputCommitter skip cleanup _temporary folders under output directory:false, ignore cleanup failures: false
[2026-02-12T20:32:58.493+0000] {spark_submit.py:492} INFO - 26/02/12 20:32:58 INFO SQLHadoopMapReduceCommitProtocol: Using output committer class org.apache.parquet.hadoop.ParquetOutputCommitter
[2026-02-12T20:32:58.514+0000] {spark_submit.py:492} INFO - 26/02/12 20:32:58 INFO CodeGenerator: Code generated in 11.932347 ms
[2026-02-12T20:32:58.515+0000] {spark_submit.py:492} INFO - 26/02/12 20:32:58 INFO FileScanRDD: Reading File path: file:///opt/data_lake/twitter_posts_raw/tweets_2026-02-11.json, range: 0-5524, partition values: [empty row]
[2026-02-12T20:32:58.533+0000] {spark_submit.py:492} INFO - 26/02/12 20:32:58 INFO CodeGenerator: Code generated in 13.083604 ms
[2026-02-12T20:32:58.559+0000] {spark_submit.py:492} INFO - 26/02/12 20:32:58 INFO FileScanRDD: Reading File path: file:///opt/data_lake/twitter_posts_raw/tweets_2026-02-08.json, range: 0-5455, partition values: [empty row]
[2026-02-12T20:32:58.564+0000] {spark_submit.py:492} INFO - 26/02/12 20:32:58 INFO FileScanRDD: Reading File path: file:///opt/data_lake/twitter_posts_raw/tweets_2026-02-10.json, range: 0-5426, partition values: [empty row]
[2026-02-12T20:32:58.568+0000] {spark_submit.py:492} INFO - 26/02/12 20:32:58 INFO FileScanRDD: Reading File path: file:///opt/data_lake/twitter_posts_raw/tweets_2026-02-07.json, range: 0-5394, partition values: [empty row]
[2026-02-12T20:32:58.572+0000] {spark_submit.py:492} INFO - 26/02/12 20:32:58 INFO FileScanRDD: Reading File path: file:///opt/data_lake/twitter_posts_raw/tweets_2026-02-09.json, range: 0-5376, partition values: [empty row]
[2026-02-12T20:32:58.576+0000] {spark_submit.py:492} INFO - 26/02/12 20:32:58 INFO FileScanRDD: Reading File path: file:///opt/data_lake/twitter_posts_raw/tweets_2026-02-02.json, range: 0-5314, partition values: [empty row]
[2026-02-12T20:32:58.579+0000] {spark_submit.py:492} INFO - 26/02/12 20:32:58 INFO FileScanRDD: Reading File path: file:///opt/data_lake/twitter_posts_raw/tweets_2026-02-05.json, range: 0-5311, partition values: [empty row]
[2026-02-12T20:32:58.582+0000] {spark_submit.py:492} INFO - 26/02/12 20:32:58 INFO FileScanRDD: Reading File path: file:///opt/data_lake/twitter_posts_raw/tweets_2026-02-04.json, range: 0-5302, partition values: [empty row]
[2026-02-12T20:32:58.586+0000] {spark_submit.py:492} INFO - 26/02/12 20:32:58 INFO FileScanRDD: Reading File path: file:///opt/data_lake/twitter_posts_raw/tweets_2026-02-03.json, range: 0-5250, partition values: [empty row]
[2026-02-12T20:32:58.590+0000] {spark_submit.py:492} INFO - 26/02/12 20:32:58 INFO FileScanRDD: Reading File path: file:///opt/data_lake/twitter_posts_raw/tweets_2026-02-06.json, range: 0-5026, partition values: [empty row]
[2026-02-12T20:32:58.594+0000] {spark_submit.py:492} INFO - 26/02/12 20:32:58 INFO FileScanRDD: Reading File path: file:///opt/data_lake/twitter_posts_raw/tweets_2026-02-01.json, range: 0-3511, partition values: [empty row]
[2026-02-12T20:32:58.596+0000] {spark_submit.py:492} INFO - 26/02/12 20:32:58 INFO FileScanRDD: Reading File path: file:///opt/data_lake/twitter_posts_raw/tweets_2026-02-12.json, range: 0-3472, partition values: [empty row]
[2026-02-12T20:32:58.608+0000] {spark_submit.py:492} INFO - 26/02/12 20:32:58 INFO CodeGenerator: Code generated in 4.692005 ms
[2026-02-12T20:32:58.631+0000] {spark_submit.py:492} INFO - 26/02/12 20:32:58 INFO CodeGenerator: Code generated in 14.65599 ms
[2026-02-12T20:32:58.640+0000] {spark_submit.py:492} INFO - 26/02/12 20:32:58 INFO CodecConfig: Compression: SNAPPY
[2026-02-12T20:32:58.641+0000] {spark_submit.py:492} INFO - 26/02/12 20:32:58 INFO CodecConfig: Compression: SNAPPY
[2026-02-12T20:32:58.652+0000] {spark_submit.py:492} INFO - 26/02/12 20:32:58 INFO ParquetOutputFormat: ParquetRecordWriter [block size: 134217728b, row group padding size: 8388608b, validating: false]
[2026-02-12T20:32:58.672+0000] {spark_submit.py:492} INFO - 26/02/12 20:32:58 INFO ParquetWriteSupport: Initialized Parquet WriteSupport with Catalyst schema:
[2026-02-12T20:32:58.673+0000] {spark_submit.py:492} INFO - {
[2026-02-12T20:32:58.673+0000] {spark_submit.py:492} INFO - "type" : "struct",
[2026-02-12T20:32:58.673+0000] {spark_submit.py:492} INFO - "fields" : [ {
[2026-02-12T20:32:58.673+0000] {spark_submit.py:492} INFO - "name" : "user_id",
[2026-02-12T20:32:58.673+0000] {spark_submit.py:492} INFO - "type" : "string",
[2026-02-12T20:32:58.673+0000] {spark_submit.py:492} INFO - "nullable" : true,
[2026-02-12T20:32:58.673+0000] {spark_submit.py:492} INFO - "metadata" : { }
[2026-02-12T20:32:58.673+0000] {spark_submit.py:492} INFO - }, {
[2026-02-12T20:32:58.673+0000] {spark_submit.py:492} INFO - "name" : "thread_id",
[2026-02-12T20:32:58.673+0000] {spark_submit.py:492} INFO - "type" : "string",
[2026-02-12T20:32:58.674+0000] {spark_submit.py:492} INFO - "nullable" : true,
[2026-02-12T20:32:58.674+0000] {spark_submit.py:492} INFO - "metadata" : { }
[2026-02-12T20:32:58.674+0000] {spark_submit.py:492} INFO - }, {
[2026-02-12T20:32:58.674+0000] {spark_submit.py:492} INFO - "name" : "created_at",
[2026-02-12T20:32:58.674+0000] {spark_submit.py:492} INFO - "type" : "string",
[2026-02-12T20:32:58.674+0000] {spark_submit.py:492} INFO - "nullable" : true,
[2026-02-12T20:32:58.674+0000] {spark_submit.py:492} INFO - "metadata" : { }
[2026-02-12T20:32:58.674+0000] {spark_submit.py:492} INFO - }, {
[2026-02-12T20:32:58.674+0000] {spark_submit.py:492} INFO - "name" : "edit_versions_ids",
[2026-02-12T20:32:58.674+0000] {spark_submit.py:492} INFO - "type" : {
[2026-02-12T20:32:58.674+0000] {spark_submit.py:492} INFO - "type" : "array",
[2026-02-12T20:32:58.674+0000] {spark_submit.py:492} INFO - "elementType" : "long",
[2026-02-12T20:32:58.675+0000] {spark_submit.py:492} INFO - "containsNull" : true
[2026-02-12T20:32:58.675+0000] {spark_submit.py:492} INFO - },
[2026-02-12T20:32:58.675+0000] {spark_submit.py:492} INFO - "nullable" : true,
[2026-02-12T20:32:58.675+0000] {spark_submit.py:492} INFO - "metadata" : { }
[2026-02-12T20:32:58.675+0000] {spark_submit.py:492} INFO - }, {
[2026-02-12T20:32:58.675+0000] {spark_submit.py:492} INFO - "name" : "tweet_id",
[2026-02-12T20:32:58.675+0000] {spark_submit.py:492} INFO - "type" : "string",
[2026-02-12T20:32:58.675+0000] {spark_submit.py:492} INFO - "nullable" : true,
[2026-02-12T20:32:58.675+0000] {spark_submit.py:492} INFO - "metadata" : { }
[2026-02-12T20:32:58.675+0000] {spark_submit.py:492} INFO - }, {
[2026-02-12T20:32:58.675+0000] {spark_submit.py:492} INFO - "name" : "reply_to_user_id",
[2026-02-12T20:32:58.675+0000] {spark_submit.py:492} INFO - "type" : "string",
[2026-02-12T20:32:58.676+0000] {spark_submit.py:492} INFO - "nullable" : true,
[2026-02-12T20:32:58.676+0000] {spark_submit.py:492} INFO - "metadata" : { }
[2026-02-12T20:32:58.676+0000] {spark_submit.py:492} INFO - }, {
[2026-02-12T20:32:58.676+0000] {spark_submit.py:492} INFO - "name" : "language",
[2026-02-12T20:32:58.676+0000] {spark_submit.py:492} INFO - "type" : "string",
[2026-02-12T20:32:58.676+0000] {spark_submit.py:492} INFO - "nullable" : true,
[2026-02-12T20:32:58.677+0000] {spark_submit.py:492} INFO - "metadata" : { }
[2026-02-12T20:32:58.677+0000] {spark_submit.py:492} INFO - }, {
[2026-02-12T20:32:58.677+0000] {spark_submit.py:492} INFO - "name" : "tweet_text",
[2026-02-12T20:32:58.678+0000] {spark_submit.py:492} INFO - "type" : "string",
[2026-02-12T20:32:58.678+0000] {spark_submit.py:492} INFO - "nullable" : true,
[2026-02-12T20:32:58.679+0000] {spark_submit.py:492} INFO - "metadata" : { }
[2026-02-12T20:32:58.679+0000] {spark_submit.py:492} INFO - }, {
[2026-02-12T20:32:58.680+0000] {spark_submit.py:492} INFO - "name" : "likes",
[2026-02-12T20:32:58.680+0000] {spark_submit.py:492} INFO - "type" : "long",
[2026-02-12T20:32:58.680+0000] {spark_submit.py:492} INFO - "nullable" : true,
[2026-02-12T20:32:58.680+0000] {spark_submit.py:492} INFO - "metadata" : { }
[2026-02-12T20:32:58.680+0000] {spark_submit.py:492} INFO - }, {
[2026-02-12T20:32:58.680+0000] {spark_submit.py:492} INFO - "name" : "quotes",
[2026-02-12T20:32:58.680+0000] {spark_submit.py:492} INFO - "type" : "long",
[2026-02-12T20:32:58.681+0000] {spark_submit.py:492} INFO - "nullable" : true,
[2026-02-12T20:32:58.681+0000] {spark_submit.py:492} INFO - "metadata" : { }
[2026-02-12T20:32:58.681+0000] {spark_submit.py:492} INFO - }, {
[2026-02-12T20:32:58.681+0000] {spark_submit.py:492} INFO - "name" : "replies",
[2026-02-12T20:32:58.681+0000] {spark_submit.py:492} INFO - "type" : "long",
[2026-02-12T20:32:58.681+0000] {spark_submit.py:492} INFO - "nullable" : true,
[2026-02-12T20:32:58.681+0000] {spark_submit.py:492} INFO - "metadata" : { }
[2026-02-12T20:32:58.681+0000] {spark_submit.py:492} INFO - }, {
[2026-02-12T20:32:58.681+0000] {spark_submit.py:492} INFO - "name" : "retweets",
[2026-02-12T20:32:58.681+0000] {spark_submit.py:492} INFO - "type" : "long",
[2026-02-12T20:32:58.681+0000] {spark_submit.py:492} INFO - "nullable" : true,
[2026-02-12T20:32:58.681+0000] {spark_submit.py:492} INFO - "metadata" : { }
[2026-02-12T20:32:58.681+0000] {spark_submit.py:492} INFO - }, {
[2026-02-12T20:32:58.682+0000] {spark_submit.py:492} INFO - "name" : "processing_date",
[2026-02-12T20:32:58.682+0000] {spark_submit.py:492} INFO - "type" : "date",
[2026-02-12T20:32:58.682+0000] {spark_submit.py:492} INFO - "nullable" : false,
[2026-02-12T20:32:58.682+0000] {spark_submit.py:492} INFO - "metadata" : { }
[2026-02-12T20:32:58.682+0000] {spark_submit.py:492} INFO - } ]
[2026-02-12T20:32:58.682+0000] {spark_submit.py:492} INFO - }
[2026-02-12T20:32:58.682+0000] {spark_submit.py:492} INFO - and corresponding Parquet message type:
[2026-02-12T20:32:58.683+0000] {spark_submit.py:492} INFO - message spark_schema {
[2026-02-12T20:32:58.683+0000] {spark_submit.py:492} INFO - optional binary user_id (STRING);
[2026-02-12T20:32:58.683+0000] {spark_submit.py:492} INFO - optional binary thread_id (STRING);
[2026-02-12T20:32:58.683+0000] {spark_submit.py:492} INFO - optional binary created_at (STRING);
[2026-02-12T20:32:58.684+0000] {spark_submit.py:492} INFO - optional group edit_versions_ids (LIST) {
[2026-02-12T20:32:58.684+0000] {spark_submit.py:492} INFO - repeated group list {
[2026-02-12T20:32:58.684+0000] {spark_submit.py:492} INFO - optional int64 element;
[2026-02-12T20:32:58.684+0000] {spark_submit.py:492} INFO - }
[2026-02-12T20:32:58.684+0000] {spark_submit.py:492} INFO - }
[2026-02-12T20:32:58.685+0000] {spark_submit.py:492} INFO - optional binary tweet_id (STRING);
[2026-02-12T20:32:58.685+0000] {spark_submit.py:492} INFO - optional binary reply_to_user_id (STRING);
[2026-02-12T20:32:58.685+0000] {spark_submit.py:492} INFO - optional binary language (STRING);
[2026-02-12T20:32:58.685+0000] {spark_submit.py:492} INFO - optional binary tweet_text (STRING);
[2026-02-12T20:32:58.685+0000] {spark_submit.py:492} INFO - optional int64 likes;
[2026-02-12T20:32:58.685+0000] {spark_submit.py:492} INFO - optional int64 quotes;
[2026-02-12T20:32:58.685+0000] {spark_submit.py:492} INFO - optional int64 replies;
[2026-02-12T20:32:58.685+0000] {spark_submit.py:492} INFO - optional int64 retweets;
[2026-02-12T20:32:58.685+0000] {spark_submit.py:492} INFO - required int32 processing_date (DATE);
[2026-02-12T20:32:58.685+0000] {spark_submit.py:492} INFO - }
[2026-02-12T20:32:58.685+0000] {spark_submit.py:492} INFO - 
[2026-02-12T20:32:58.685+0000] {spark_submit.py:492} INFO - 
[2026-02-12T20:32:58.720+0000] {spark_submit.py:492} INFO - 26/02/12 20:32:58 INFO CodecPool: Got brand-new compressor [.snappy]
[2026-02-12T20:32:59.099+0000] {spark_submit.py:492} INFO - 26/02/12 20:32:59 INFO CodecConfig: Compression: SNAPPY
[2026-02-12T20:32:59.101+0000] {spark_submit.py:492} INFO - 26/02/12 20:32:59 INFO CodecConfig: Compression: SNAPPY
[2026-02-12T20:32:59.102+0000] {spark_submit.py:492} INFO - 26/02/12 20:32:59 INFO ParquetOutputFormat: ParquetRecordWriter [block size: 134217728b, row group padding size: 8388608b, validating: false]
[2026-02-12T20:32:59.104+0000] {spark_submit.py:492} INFO - 26/02/12 20:32:59 INFO ParquetWriteSupport: Initialized Parquet WriteSupport with Catalyst schema:
[2026-02-12T20:32:59.104+0000] {spark_submit.py:492} INFO - {
[2026-02-12T20:32:59.104+0000] {spark_submit.py:492} INFO - "type" : "struct",
[2026-02-12T20:32:59.104+0000] {spark_submit.py:492} INFO - "fields" : [ {
[2026-02-12T20:32:59.104+0000] {spark_submit.py:492} INFO - "name" : "user_id",
[2026-02-12T20:32:59.105+0000] {spark_submit.py:492} INFO - "type" : "string",
[2026-02-12T20:32:59.105+0000] {spark_submit.py:492} INFO - "nullable" : true,
[2026-02-12T20:32:59.105+0000] {spark_submit.py:492} INFO - "metadata" : { }
[2026-02-12T20:32:59.105+0000] {spark_submit.py:492} INFO - }, {
[2026-02-12T20:32:59.105+0000] {spark_submit.py:492} INFO - "name" : "thread_id",
[2026-02-12T20:32:59.105+0000] {spark_submit.py:492} INFO - "type" : "string",
[2026-02-12T20:32:59.105+0000] {spark_submit.py:492} INFO - "nullable" : true,
[2026-02-12T20:32:59.106+0000] {spark_submit.py:492} INFO - "metadata" : { }
[2026-02-12T20:32:59.106+0000] {spark_submit.py:492} INFO - }, {
[2026-02-12T20:32:59.106+0000] {spark_submit.py:492} INFO - "name" : "created_at",
[2026-02-12T20:32:59.107+0000] {spark_submit.py:492} INFO - "type" : "string",
[2026-02-12T20:32:59.107+0000] {spark_submit.py:492} INFO - "nullable" : true,
[2026-02-12T20:32:59.107+0000] {spark_submit.py:492} INFO - "metadata" : { }
[2026-02-12T20:32:59.108+0000] {spark_submit.py:492} INFO - }, {
[2026-02-12T20:32:59.108+0000] {spark_submit.py:492} INFO - "name" : "edit_versions_ids",
[2026-02-12T20:32:59.108+0000] {spark_submit.py:492} INFO - "type" : {
[2026-02-12T20:32:59.108+0000] {spark_submit.py:492} INFO - "type" : "array",
[2026-02-12T20:32:59.108+0000] {spark_submit.py:492} INFO - "elementType" : "long",
[2026-02-12T20:32:59.108+0000] {spark_submit.py:492} INFO - "containsNull" : true
[2026-02-12T20:32:59.108+0000] {spark_submit.py:492} INFO - },
[2026-02-12T20:32:59.108+0000] {spark_submit.py:492} INFO - "nullable" : true,
[2026-02-12T20:32:59.108+0000] {spark_submit.py:492} INFO - "metadata" : { }
[2026-02-12T20:32:59.109+0000] {spark_submit.py:492} INFO - }, {
[2026-02-12T20:32:59.109+0000] {spark_submit.py:492} INFO - "name" : "tweet_id",
[2026-02-12T20:32:59.109+0000] {spark_submit.py:492} INFO - "type" : "string",
[2026-02-12T20:32:59.109+0000] {spark_submit.py:492} INFO - "nullable" : true,
[2026-02-12T20:32:59.109+0000] {spark_submit.py:492} INFO - "metadata" : { }
[2026-02-12T20:32:59.109+0000] {spark_submit.py:492} INFO - }, {
[2026-02-12T20:32:59.109+0000] {spark_submit.py:492} INFO - "name" : "reply_to_user_id",
[2026-02-12T20:32:59.109+0000] {spark_submit.py:492} INFO - "type" : "string",
[2026-02-12T20:32:59.109+0000] {spark_submit.py:492} INFO - "nullable" : true,
[2026-02-12T20:32:59.109+0000] {spark_submit.py:492} INFO - "metadata" : { }
[2026-02-12T20:32:59.110+0000] {spark_submit.py:492} INFO - }, {
[2026-02-12T20:32:59.110+0000] {spark_submit.py:492} INFO - "name" : "language",
[2026-02-12T20:32:59.110+0000] {spark_submit.py:492} INFO - "type" : "string",
[2026-02-12T20:32:59.110+0000] {spark_submit.py:492} INFO - "nullable" : true,
[2026-02-12T20:32:59.110+0000] {spark_submit.py:492} INFO - "metadata" : { }
[2026-02-12T20:32:59.110+0000] {spark_submit.py:492} INFO - }, {
[2026-02-12T20:32:59.110+0000] {spark_submit.py:492} INFO - "name" : "tweet_text",
[2026-02-12T20:32:59.110+0000] {spark_submit.py:492} INFO - "type" : "string",
[2026-02-12T20:32:59.110+0000] {spark_submit.py:492} INFO - "nullable" : true,
[2026-02-12T20:32:59.110+0000] {spark_submit.py:492} INFO - "metadata" : { }
[2026-02-12T20:32:59.110+0000] {spark_submit.py:492} INFO - }, {
[2026-02-12T20:32:59.110+0000] {spark_submit.py:492} INFO - "name" : "likes",
[2026-02-12T20:32:59.110+0000] {spark_submit.py:492} INFO - "type" : "long",
[2026-02-12T20:32:59.111+0000] {spark_submit.py:492} INFO - "nullable" : true,
[2026-02-12T20:32:59.111+0000] {spark_submit.py:492} INFO - "metadata" : { }
[2026-02-12T20:32:59.111+0000] {spark_submit.py:492} INFO - }, {
[2026-02-12T20:32:59.111+0000] {spark_submit.py:492} INFO - "name" : "quotes",
[2026-02-12T20:32:59.111+0000] {spark_submit.py:492} INFO - "type" : "long",
[2026-02-12T20:32:59.111+0000] {spark_submit.py:492} INFO - "nullable" : true,
[2026-02-12T20:32:59.111+0000] {spark_submit.py:492} INFO - "metadata" : { }
[2026-02-12T20:32:59.111+0000] {spark_submit.py:492} INFO - }, {
[2026-02-12T20:32:59.112+0000] {spark_submit.py:492} INFO - "name" : "replies",
[2026-02-12T20:32:59.112+0000] {spark_submit.py:492} INFO - "type" : "long",
[2026-02-12T20:32:59.112+0000] {spark_submit.py:492} INFO - "nullable" : true,
[2026-02-12T20:32:59.113+0000] {spark_submit.py:492} INFO - "metadata" : { }
[2026-02-12T20:32:59.113+0000] {spark_submit.py:492} INFO - }, {
[2026-02-12T20:32:59.113+0000] {spark_submit.py:492} INFO - "name" : "retweets",
[2026-02-12T20:32:59.114+0000] {spark_submit.py:492} INFO - "type" : "long",
[2026-02-12T20:32:59.114+0000] {spark_submit.py:492} INFO - "nullable" : true,
[2026-02-12T20:32:59.114+0000] {spark_submit.py:492} INFO - "metadata" : { }
[2026-02-12T20:32:59.114+0000] {spark_submit.py:492} INFO - }, {
[2026-02-12T20:32:59.114+0000] {spark_submit.py:492} INFO - "name" : "processing_date",
[2026-02-12T20:32:59.114+0000] {spark_submit.py:492} INFO - "type" : "date",
[2026-02-12T20:32:59.114+0000] {spark_submit.py:492} INFO - "nullable" : false,
[2026-02-12T20:32:59.114+0000] {spark_submit.py:492} INFO - "metadata" : { }
[2026-02-12T20:32:59.114+0000] {spark_submit.py:492} INFO - } ]
[2026-02-12T20:32:59.114+0000] {spark_submit.py:492} INFO - }
[2026-02-12T20:32:59.115+0000] {spark_submit.py:492} INFO - and corresponding Parquet message type:
[2026-02-12T20:32:59.115+0000] {spark_submit.py:492} INFO - message spark_schema {
[2026-02-12T20:32:59.115+0000] {spark_submit.py:492} INFO - optional binary user_id (STRING);
[2026-02-12T20:32:59.115+0000] {spark_submit.py:492} INFO - optional binary thread_id (STRING);
[2026-02-12T20:32:59.115+0000] {spark_submit.py:492} INFO - optional binary created_at (STRING);
[2026-02-12T20:32:59.115+0000] {spark_submit.py:492} INFO - optional group edit_versions_ids (LIST) {
[2026-02-12T20:32:59.115+0000] {spark_submit.py:492} INFO - repeated group list {
[2026-02-12T20:32:59.115+0000] {spark_submit.py:492} INFO - optional int64 element;
[2026-02-12T20:32:59.115+0000] {spark_submit.py:492} INFO - }
[2026-02-12T20:32:59.115+0000] {spark_submit.py:492} INFO - }
[2026-02-12T20:32:59.115+0000] {spark_submit.py:492} INFO - optional binary tweet_id (STRING);
[2026-02-12T20:32:59.115+0000] {spark_submit.py:492} INFO - optional binary reply_to_user_id (STRING);
[2026-02-12T20:32:59.116+0000] {spark_submit.py:492} INFO - optional binary language (STRING);
[2026-02-12T20:32:59.116+0000] {spark_submit.py:492} INFO - optional binary tweet_text (STRING);
[2026-02-12T20:32:59.116+0000] {spark_submit.py:492} INFO - optional int64 likes;
[2026-02-12T20:32:59.116+0000] {spark_submit.py:492} INFO - optional int64 quotes;
[2026-02-12T20:32:59.116+0000] {spark_submit.py:492} INFO - optional int64 replies;
[2026-02-12T20:32:59.116+0000] {spark_submit.py:492} INFO - optional int64 retweets;
[2026-02-12T20:32:59.116+0000] {spark_submit.py:492} INFO - required int32 processing_date (DATE);
[2026-02-12T20:32:59.116+0000] {spark_submit.py:492} INFO - }
[2026-02-12T20:32:59.116+0000] {spark_submit.py:492} INFO - 
[2026-02-12T20:32:59.116+0000] {spark_submit.py:492} INFO - 
[2026-02-12T20:32:59.130+0000] {spark_submit.py:492} INFO - 26/02/12 20:32:59 INFO CodecConfig: Compression: SNAPPY
[2026-02-12T20:32:59.131+0000] {spark_submit.py:492} INFO - 26/02/12 20:32:59 INFO CodecConfig: Compression: SNAPPY
[2026-02-12T20:32:59.132+0000] {spark_submit.py:492} INFO - 26/02/12 20:32:59 INFO ParquetOutputFormat: ParquetRecordWriter [block size: 134217728b, row group padding size: 8388608b, validating: false]
[2026-02-12T20:32:59.133+0000] {spark_submit.py:492} INFO - 26/02/12 20:32:59 INFO ParquetWriteSupport: Initialized Parquet WriteSupport with Catalyst schema:
[2026-02-12T20:32:59.134+0000] {spark_submit.py:492} INFO - {
[2026-02-12T20:32:59.134+0000] {spark_submit.py:492} INFO - "type" : "struct",
[2026-02-12T20:32:59.134+0000] {spark_submit.py:492} INFO - "fields" : [ {
[2026-02-12T20:32:59.134+0000] {spark_submit.py:492} INFO - "name" : "user_id",
[2026-02-12T20:32:59.134+0000] {spark_submit.py:492} INFO - "type" : "string",
[2026-02-12T20:32:59.134+0000] {spark_submit.py:492} INFO - "nullable" : true,
[2026-02-12T20:32:59.134+0000] {spark_submit.py:492} INFO - "metadata" : { }
[2026-02-12T20:32:59.135+0000] {spark_submit.py:492} INFO - }, {
[2026-02-12T20:32:59.135+0000] {spark_submit.py:492} INFO - "name" : "thread_id",
[2026-02-12T20:32:59.135+0000] {spark_submit.py:492} INFO - "type" : "string",
[2026-02-12T20:32:59.135+0000] {spark_submit.py:492} INFO - "nullable" : true,
[2026-02-12T20:32:59.135+0000] {spark_submit.py:492} INFO - "metadata" : { }
[2026-02-12T20:32:59.135+0000] {spark_submit.py:492} INFO - }, {
[2026-02-12T20:32:59.135+0000] {spark_submit.py:492} INFO - "name" : "created_at",
[2026-02-12T20:32:59.136+0000] {spark_submit.py:492} INFO - "type" : "string",
[2026-02-12T20:32:59.136+0000] {spark_submit.py:492} INFO - "nullable" : true,
[2026-02-12T20:32:59.136+0000] {spark_submit.py:492} INFO - "metadata" : { }
[2026-02-12T20:32:59.136+0000] {spark_submit.py:492} INFO - }, {
[2026-02-12T20:32:59.136+0000] {spark_submit.py:492} INFO - "name" : "edit_versions_ids",
[2026-02-12T20:32:59.136+0000] {spark_submit.py:492} INFO - "type" : {
[2026-02-12T20:32:59.136+0000] {spark_submit.py:492} INFO - "type" : "array",
[2026-02-12T20:32:59.136+0000] {spark_submit.py:492} INFO - "elementType" : "long",
[2026-02-12T20:32:59.136+0000] {spark_submit.py:492} INFO - "containsNull" : true
[2026-02-12T20:32:59.136+0000] {spark_submit.py:492} INFO - },
[2026-02-12T20:32:59.137+0000] {spark_submit.py:492} INFO - "nullable" : true,
[2026-02-12T20:32:59.137+0000] {spark_submit.py:492} INFO - "metadata" : { }
[2026-02-12T20:32:59.137+0000] {spark_submit.py:492} INFO - }, {
[2026-02-12T20:32:59.137+0000] {spark_submit.py:492} INFO - "name" : "tweet_id",
[2026-02-12T20:32:59.137+0000] {spark_submit.py:492} INFO - "type" : "string",
[2026-02-12T20:32:59.137+0000] {spark_submit.py:492} INFO - "nullable" : true,
[2026-02-12T20:32:59.137+0000] {spark_submit.py:492} INFO - "metadata" : { }
[2026-02-12T20:32:59.138+0000] {spark_submit.py:492} INFO - }, {
[2026-02-12T20:32:59.138+0000] {spark_submit.py:492} INFO - "name" : "reply_to_user_id",
[2026-02-12T20:32:59.138+0000] {spark_submit.py:492} INFO - "type" : "string",
[2026-02-12T20:32:59.138+0000] {spark_submit.py:492} INFO - "nullable" : true,
[2026-02-12T20:32:59.138+0000] {spark_submit.py:492} INFO - "metadata" : { }
[2026-02-12T20:32:59.138+0000] {spark_submit.py:492} INFO - }, {
[2026-02-12T20:32:59.138+0000] {spark_submit.py:492} INFO - "name" : "language",
[2026-02-12T20:32:59.138+0000] {spark_submit.py:492} INFO - "type" : "string",
[2026-02-12T20:32:59.139+0000] {spark_submit.py:492} INFO - "nullable" : true,
[2026-02-12T20:32:59.139+0000] {spark_submit.py:492} INFO - "metadata" : { }
[2026-02-12T20:32:59.139+0000] {spark_submit.py:492} INFO - }, {
[2026-02-12T20:32:59.139+0000] {spark_submit.py:492} INFO - "name" : "tweet_text",
[2026-02-12T20:32:59.139+0000] {spark_submit.py:492} INFO - "type" : "string",
[2026-02-12T20:32:59.139+0000] {spark_submit.py:492} INFO - "nullable" : true,
[2026-02-12T20:32:59.139+0000] {spark_submit.py:492} INFO - "metadata" : { }
[2026-02-12T20:32:59.139+0000] {spark_submit.py:492} INFO - }, {
[2026-02-12T20:32:59.140+0000] {spark_submit.py:492} INFO - "name" : "likes",
[2026-02-12T20:32:59.140+0000] {spark_submit.py:492} INFO - "type" : "long",
[2026-02-12T20:32:59.140+0000] {spark_submit.py:492} INFO - "nullable" : true,
[2026-02-12T20:32:59.140+0000] {spark_submit.py:492} INFO - "metadata" : { }
[2026-02-12T20:32:59.140+0000] {spark_submit.py:492} INFO - }, {
[2026-02-12T20:32:59.140+0000] {spark_submit.py:492} INFO - "name" : "quotes",
[2026-02-12T20:32:59.140+0000] {spark_submit.py:492} INFO - "type" : "long",
[2026-02-12T20:32:59.140+0000] {spark_submit.py:492} INFO - "nullable" : true,
[2026-02-12T20:32:59.140+0000] {spark_submit.py:492} INFO - "metadata" : { }
[2026-02-12T20:32:59.140+0000] {spark_submit.py:492} INFO - }, {
[2026-02-12T20:32:59.141+0000] {spark_submit.py:492} INFO - "name" : "replies",
[2026-02-12T20:32:59.141+0000] {spark_submit.py:492} INFO - "type" : "long",
[2026-02-12T20:32:59.141+0000] {spark_submit.py:492} INFO - "nullable" : true,
[2026-02-12T20:32:59.141+0000] {spark_submit.py:492} INFO - "metadata" : { }
[2026-02-12T20:32:59.141+0000] {spark_submit.py:492} INFO - }, {
[2026-02-12T20:32:59.141+0000] {spark_submit.py:492} INFO - "name" : "retweets",
[2026-02-12T20:32:59.141+0000] {spark_submit.py:492} INFO - "type" : "long",
[2026-02-12T20:32:59.141+0000] {spark_submit.py:492} INFO - "nullable" : true,
[2026-02-12T20:32:59.141+0000] {spark_submit.py:492} INFO - "metadata" : { }
[2026-02-12T20:32:59.141+0000] {spark_submit.py:492} INFO - }, {
[2026-02-12T20:32:59.141+0000] {spark_submit.py:492} INFO - "name" : "processing_date",
[2026-02-12T20:32:59.141+0000] {spark_submit.py:492} INFO - "type" : "date",
[2026-02-12T20:32:59.141+0000] {spark_submit.py:492} INFO - "nullable" : false,
[2026-02-12T20:32:59.141+0000] {spark_submit.py:492} INFO - "metadata" : { }
[2026-02-12T20:32:59.142+0000] {spark_submit.py:492} INFO - } ]
[2026-02-12T20:32:59.142+0000] {spark_submit.py:492} INFO - }
[2026-02-12T20:32:59.142+0000] {spark_submit.py:492} INFO - and corresponding Parquet message type:
[2026-02-12T20:32:59.142+0000] {spark_submit.py:492} INFO - message spark_schema {
[2026-02-12T20:32:59.142+0000] {spark_submit.py:492} INFO - optional binary user_id (STRING);
[2026-02-12T20:32:59.142+0000] {spark_submit.py:492} INFO - optional binary thread_id (STRING);
[2026-02-12T20:32:59.142+0000] {spark_submit.py:492} INFO - optional binary created_at (STRING);
[2026-02-12T20:32:59.142+0000] {spark_submit.py:492} INFO - optional group edit_versions_ids (LIST) {
[2026-02-12T20:32:59.142+0000] {spark_submit.py:492} INFO - repeated group list {
[2026-02-12T20:32:59.142+0000] {spark_submit.py:492} INFO - optional int64 element;
[2026-02-12T20:32:59.142+0000] {spark_submit.py:492} INFO - }
[2026-02-12T20:32:59.142+0000] {spark_submit.py:492} INFO - }
[2026-02-12T20:32:59.142+0000] {spark_submit.py:492} INFO - optional binary tweet_id (STRING);
[2026-02-12T20:32:59.142+0000] {spark_submit.py:492} INFO - optional binary reply_to_user_id (STRING);
[2026-02-12T20:32:59.143+0000] {spark_submit.py:492} INFO - optional binary language (STRING);
[2026-02-12T20:32:59.143+0000] {spark_submit.py:492} INFO - optional binary tweet_text (STRING);
[2026-02-12T20:32:59.143+0000] {spark_submit.py:492} INFO - optional int64 likes;
[2026-02-12T20:32:59.143+0000] {spark_submit.py:492} INFO - optional int64 quotes;
[2026-02-12T20:32:59.143+0000] {spark_submit.py:492} INFO - optional int64 replies;
[2026-02-12T20:32:59.143+0000] {spark_submit.py:492} INFO - optional int64 retweets;
[2026-02-12T20:32:59.143+0000] {spark_submit.py:492} INFO - required int32 processing_date (DATE);
[2026-02-12T20:32:59.143+0000] {spark_submit.py:492} INFO - }
[2026-02-12T20:32:59.144+0000] {spark_submit.py:492} INFO - 
[2026-02-12T20:32:59.144+0000] {spark_submit.py:492} INFO - 
[2026-02-12T20:32:59.159+0000] {spark_submit.py:492} INFO - 26/02/12 20:32:59 INFO CodecConfig: Compression: SNAPPY
[2026-02-12T20:32:59.159+0000] {spark_submit.py:492} INFO - 26/02/12 20:32:59 INFO CodecConfig: Compression: SNAPPY
[2026-02-12T20:32:59.159+0000] {spark_submit.py:492} INFO - 26/02/12 20:32:59 INFO ParquetOutputFormat: ParquetRecordWriter [block size: 134217728b, row group padding size: 8388608b, validating: false]
[2026-02-12T20:32:59.161+0000] {spark_submit.py:492} INFO - 26/02/12 20:32:59 INFO ParquetWriteSupport: Initialized Parquet WriteSupport with Catalyst schema:
[2026-02-12T20:32:59.161+0000] {spark_submit.py:492} INFO - {
[2026-02-12T20:32:59.161+0000] {spark_submit.py:492} INFO - "type" : "struct",
[2026-02-12T20:32:59.161+0000] {spark_submit.py:492} INFO - "fields" : [ {
[2026-02-12T20:32:59.161+0000] {spark_submit.py:492} INFO - "name" : "user_id",
[2026-02-12T20:32:59.161+0000] {spark_submit.py:492} INFO - "type" : "string",
[2026-02-12T20:32:59.162+0000] {spark_submit.py:492} INFO - "nullable" : true,
[2026-02-12T20:32:59.162+0000] {spark_submit.py:492} INFO - "metadata" : { }
[2026-02-12T20:32:59.162+0000] {spark_submit.py:492} INFO - }, {
[2026-02-12T20:32:59.162+0000] {spark_submit.py:492} INFO - "name" : "thread_id",
[2026-02-12T20:32:59.162+0000] {spark_submit.py:492} INFO - "type" : "string",
[2026-02-12T20:32:59.162+0000] {spark_submit.py:492} INFO - "nullable" : true,
[2026-02-12T20:32:59.162+0000] {spark_submit.py:492} INFO - "metadata" : { }
[2026-02-12T20:32:59.162+0000] {spark_submit.py:492} INFO - }, {
[2026-02-12T20:32:59.163+0000] {spark_submit.py:492} INFO - "name" : "created_at",
[2026-02-12T20:32:59.163+0000] {spark_submit.py:492} INFO - "type" : "string",
[2026-02-12T20:32:59.163+0000] {spark_submit.py:492} INFO - "nullable" : true,
[2026-02-12T20:32:59.163+0000] {spark_submit.py:492} INFO - "metadata" : { }
[2026-02-12T20:32:59.163+0000] {spark_submit.py:492} INFO - }, {
[2026-02-12T20:32:59.163+0000] {spark_submit.py:492} INFO - "name" : "edit_versions_ids",
[2026-02-12T20:32:59.164+0000] {spark_submit.py:492} INFO - "type" : {
[2026-02-12T20:32:59.164+0000] {spark_submit.py:492} INFO - "type" : "array",
[2026-02-12T20:32:59.165+0000] {spark_submit.py:492} INFO - "elementType" : "long",
[2026-02-12T20:32:59.165+0000] {spark_submit.py:492} INFO - "containsNull" : true
[2026-02-12T20:32:59.165+0000] {spark_submit.py:492} INFO - },
[2026-02-12T20:32:59.165+0000] {spark_submit.py:492} INFO - "nullable" : true,
[2026-02-12T20:32:59.165+0000] {spark_submit.py:492} INFO - "metadata" : { }
[2026-02-12T20:32:59.165+0000] {spark_submit.py:492} INFO - }, {
[2026-02-12T20:32:59.165+0000] {spark_submit.py:492} INFO - "name" : "tweet_id",
[2026-02-12T20:32:59.165+0000] {spark_submit.py:492} INFO - "type" : "string",
[2026-02-12T20:32:59.165+0000] {spark_submit.py:492} INFO - "nullable" : true,
[2026-02-12T20:32:59.166+0000] {spark_submit.py:492} INFO - "metadata" : { }
[2026-02-12T20:32:59.166+0000] {spark_submit.py:492} INFO - }, {
[2026-02-12T20:32:59.166+0000] {spark_submit.py:492} INFO - "name" : "reply_to_user_id",
[2026-02-12T20:32:59.166+0000] {spark_submit.py:492} INFO - "type" : "string",
[2026-02-12T20:32:59.166+0000] {spark_submit.py:492} INFO - "nullable" : true,
[2026-02-12T20:32:59.166+0000] {spark_submit.py:492} INFO - "metadata" : { }
[2026-02-12T20:32:59.166+0000] {spark_submit.py:492} INFO - }, {
[2026-02-12T20:32:59.166+0000] {spark_submit.py:492} INFO - "name" : "language",
[2026-02-12T20:32:59.166+0000] {spark_submit.py:492} INFO - "type" : "string",
[2026-02-12T20:32:59.166+0000] {spark_submit.py:492} INFO - "nullable" : true,
[2026-02-12T20:32:59.166+0000] {spark_submit.py:492} INFO - "metadata" : { }
[2026-02-12T20:32:59.166+0000] {spark_submit.py:492} INFO - }, {
[2026-02-12T20:32:59.166+0000] {spark_submit.py:492} INFO - "name" : "tweet_text",
[2026-02-12T20:32:59.167+0000] {spark_submit.py:492} INFO - "type" : "string",
[2026-02-12T20:32:59.167+0000] {spark_submit.py:492} INFO - "nullable" : true,
[2026-02-12T20:32:59.167+0000] {spark_submit.py:492} INFO - "metadata" : { }
[2026-02-12T20:32:59.167+0000] {spark_submit.py:492} INFO - }, {
[2026-02-12T20:32:59.167+0000] {spark_submit.py:492} INFO - "name" : "likes",
[2026-02-12T20:32:59.167+0000] {spark_submit.py:492} INFO - "type" : "long",
[2026-02-12T20:32:59.167+0000] {spark_submit.py:492} INFO - "nullable" : true,
[2026-02-12T20:32:59.167+0000] {spark_submit.py:492} INFO - "metadata" : { }
[2026-02-12T20:32:59.167+0000] {spark_submit.py:492} INFO - }, {
[2026-02-12T20:32:59.167+0000] {spark_submit.py:492} INFO - "name" : "quotes",
[2026-02-12T20:32:59.167+0000] {spark_submit.py:492} INFO - "type" : "long",
[2026-02-12T20:32:59.167+0000] {spark_submit.py:492} INFO - "nullable" : true,
[2026-02-12T20:32:59.167+0000] {spark_submit.py:492} INFO - "metadata" : { }
[2026-02-12T20:32:59.167+0000] {spark_submit.py:492} INFO - }, {
[2026-02-12T20:32:59.168+0000] {spark_submit.py:492} INFO - "name" : "replies",
[2026-02-12T20:32:59.168+0000] {spark_submit.py:492} INFO - "type" : "long",
[2026-02-12T20:32:59.168+0000] {spark_submit.py:492} INFO - "nullable" : true,
[2026-02-12T20:32:59.168+0000] {spark_submit.py:492} INFO - "metadata" : { }
[2026-02-12T20:32:59.168+0000] {spark_submit.py:492} INFO - }, {
[2026-02-12T20:32:59.168+0000] {spark_submit.py:492} INFO - "name" : "retweets",
[2026-02-12T20:32:59.168+0000] {spark_submit.py:492} INFO - "type" : "long",
[2026-02-12T20:32:59.168+0000] {spark_submit.py:492} INFO - "nullable" : true,
[2026-02-12T20:32:59.168+0000] {spark_submit.py:492} INFO - "metadata" : { }
[2026-02-12T20:32:59.169+0000] {spark_submit.py:492} INFO - }, {
[2026-02-12T20:32:59.169+0000] {spark_submit.py:492} INFO - "name" : "processing_date",
[2026-02-12T20:32:59.169+0000] {spark_submit.py:492} INFO - "type" : "date",
[2026-02-12T20:32:59.169+0000] {spark_submit.py:492} INFO - "nullable" : false,
[2026-02-12T20:32:59.169+0000] {spark_submit.py:492} INFO - "metadata" : { }
[2026-02-12T20:32:59.169+0000] {spark_submit.py:492} INFO - } ]
[2026-02-12T20:32:59.169+0000] {spark_submit.py:492} INFO - }
[2026-02-12T20:32:59.169+0000] {spark_submit.py:492} INFO - and corresponding Parquet message type:
[2026-02-12T20:32:59.170+0000] {spark_submit.py:492} INFO - message spark_schema {
[2026-02-12T20:32:59.170+0000] {spark_submit.py:492} INFO - optional binary user_id (STRING);
[2026-02-12T20:32:59.170+0000] {spark_submit.py:492} INFO - optional binary thread_id (STRING);
[2026-02-12T20:32:59.170+0000] {spark_submit.py:492} INFO - optional binary created_at (STRING);
[2026-02-12T20:32:59.170+0000] {spark_submit.py:492} INFO - optional group edit_versions_ids (LIST) {
[2026-02-12T20:32:59.171+0000] {spark_submit.py:492} INFO - repeated group list {
[2026-02-12T20:32:59.171+0000] {spark_submit.py:492} INFO - optional int64 element;
[2026-02-12T20:32:59.171+0000] {spark_submit.py:492} INFO - }
[2026-02-12T20:32:59.171+0000] {spark_submit.py:492} INFO - }
[2026-02-12T20:32:59.171+0000] {spark_submit.py:492} INFO - optional binary tweet_id (STRING);
[2026-02-12T20:32:59.171+0000] {spark_submit.py:492} INFO - optional binary reply_to_user_id (STRING);
[2026-02-12T20:32:59.171+0000] {spark_submit.py:492} INFO - optional binary language (STRING);
[2026-02-12T20:32:59.171+0000] {spark_submit.py:492} INFO - optional binary tweet_text (STRING);
[2026-02-12T20:32:59.172+0000] {spark_submit.py:492} INFO - optional int64 likes;
[2026-02-12T20:32:59.172+0000] {spark_submit.py:492} INFO - optional int64 quotes;
[2026-02-12T20:32:59.172+0000] {spark_submit.py:492} INFO - optional int64 replies;
[2026-02-12T20:32:59.172+0000] {spark_submit.py:492} INFO - optional int64 retweets;
[2026-02-12T20:32:59.172+0000] {spark_submit.py:492} INFO - required int32 processing_date (DATE);
[2026-02-12T20:32:59.172+0000] {spark_submit.py:492} INFO - }
[2026-02-12T20:32:59.172+0000] {spark_submit.py:492} INFO - 
[2026-02-12T20:32:59.172+0000] {spark_submit.py:492} INFO - 
[2026-02-12T20:32:59.184+0000] {spark_submit.py:492} INFO - 26/02/12 20:32:59 INFO CodecConfig: Compression: SNAPPY
[2026-02-12T20:32:59.184+0000] {spark_submit.py:492} INFO - 26/02/12 20:32:59 INFO CodecConfig: Compression: SNAPPY
[2026-02-12T20:32:59.185+0000] {spark_submit.py:492} INFO - 26/02/12 20:32:59 INFO ParquetOutputFormat: ParquetRecordWriter [block size: 134217728b, row group padding size: 8388608b, validating: false]
[2026-02-12T20:32:59.186+0000] {spark_submit.py:492} INFO - 26/02/12 20:32:59 INFO ParquetWriteSupport: Initialized Parquet WriteSupport with Catalyst schema:
[2026-02-12T20:32:59.187+0000] {spark_submit.py:492} INFO - {
[2026-02-12T20:32:59.187+0000] {spark_submit.py:492} INFO - "type" : "struct",
[2026-02-12T20:32:59.187+0000] {spark_submit.py:492} INFO - "fields" : [ {
[2026-02-12T20:32:59.187+0000] {spark_submit.py:492} INFO - "name" : "user_id",
[2026-02-12T20:32:59.187+0000] {spark_submit.py:492} INFO - "type" : "string",
[2026-02-12T20:32:59.187+0000] {spark_submit.py:492} INFO - "nullable" : true,
[2026-02-12T20:32:59.187+0000] {spark_submit.py:492} INFO - "metadata" : { }
[2026-02-12T20:32:59.187+0000] {spark_submit.py:492} INFO - }, {
[2026-02-12T20:32:59.187+0000] {spark_submit.py:492} INFO - "name" : "thread_id",
[2026-02-12T20:32:59.187+0000] {spark_submit.py:492} INFO - "type" : "string",
[2026-02-12T20:32:59.187+0000] {spark_submit.py:492} INFO - "nullable" : true,
[2026-02-12T20:32:59.188+0000] {spark_submit.py:492} INFO - "metadata" : { }
[2026-02-12T20:32:59.188+0000] {spark_submit.py:492} INFO - }, {
[2026-02-12T20:32:59.188+0000] {spark_submit.py:492} INFO - "name" : "created_at",
[2026-02-12T20:32:59.188+0000] {spark_submit.py:492} INFO - "type" : "string",
[2026-02-12T20:32:59.188+0000] {spark_submit.py:492} INFO - "nullable" : true,
[2026-02-12T20:32:59.188+0000] {spark_submit.py:492} INFO - "metadata" : { }
[2026-02-12T20:32:59.188+0000] {spark_submit.py:492} INFO - }, {
[2026-02-12T20:32:59.188+0000] {spark_submit.py:492} INFO - "name" : "edit_versions_ids",
[2026-02-12T20:32:59.189+0000] {spark_submit.py:492} INFO - "type" : {
[2026-02-12T20:32:59.189+0000] {spark_submit.py:492} INFO - "type" : "array",
[2026-02-12T20:32:59.189+0000] {spark_submit.py:492} INFO - "elementType" : "long",
[2026-02-12T20:32:59.189+0000] {spark_submit.py:492} INFO - "containsNull" : true
[2026-02-12T20:32:59.189+0000] {spark_submit.py:492} INFO - },
[2026-02-12T20:32:59.189+0000] {spark_submit.py:492} INFO - "nullable" : true,
[2026-02-12T20:32:59.189+0000] {spark_submit.py:492} INFO - "metadata" : { }
[2026-02-12T20:32:59.189+0000] {spark_submit.py:492} INFO - }, {
[2026-02-12T20:32:59.189+0000] {spark_submit.py:492} INFO - "name" : "tweet_id",
[2026-02-12T20:32:59.189+0000] {spark_submit.py:492} INFO - "type" : "string",
[2026-02-12T20:32:59.190+0000] {spark_submit.py:492} INFO - "nullable" : true,
[2026-02-12T20:32:59.190+0000] {spark_submit.py:492} INFO - "metadata" : { }
[2026-02-12T20:32:59.190+0000] {spark_submit.py:492} INFO - }, {
[2026-02-12T20:32:59.190+0000] {spark_submit.py:492} INFO - "name" : "reply_to_user_id",
[2026-02-12T20:32:59.190+0000] {spark_submit.py:492} INFO - "type" : "string",
[2026-02-12T20:32:59.190+0000] {spark_submit.py:492} INFO - "nullable" : true,
[2026-02-12T20:32:59.190+0000] {spark_submit.py:492} INFO - "metadata" : { }
[2026-02-12T20:32:59.190+0000] {spark_submit.py:492} INFO - }, {
[2026-02-12T20:32:59.190+0000] {spark_submit.py:492} INFO - "name" : "language",
[2026-02-12T20:32:59.190+0000] {spark_submit.py:492} INFO - "type" : "string",
[2026-02-12T20:32:59.191+0000] {spark_submit.py:492} INFO - "nullable" : true,
[2026-02-12T20:32:59.191+0000] {spark_submit.py:492} INFO - "metadata" : { }
[2026-02-12T20:32:59.191+0000] {spark_submit.py:492} INFO - }, {
[2026-02-12T20:32:59.191+0000] {spark_submit.py:492} INFO - "name" : "tweet_text",
[2026-02-12T20:32:59.191+0000] {spark_submit.py:492} INFO - "type" : "string",
[2026-02-12T20:32:59.191+0000] {spark_submit.py:492} INFO - "nullable" : true,
[2026-02-12T20:32:59.191+0000] {spark_submit.py:492} INFO - "metadata" : { }
[2026-02-12T20:32:59.191+0000] {spark_submit.py:492} INFO - }, {
[2026-02-12T20:32:59.191+0000] {spark_submit.py:492} INFO - "name" : "likes",
[2026-02-12T20:32:59.191+0000] {spark_submit.py:492} INFO - "type" : "long",
[2026-02-12T20:32:59.191+0000] {spark_submit.py:492} INFO - "nullable" : true,
[2026-02-12T20:32:59.191+0000] {spark_submit.py:492} INFO - "metadata" : { }
[2026-02-12T20:32:59.192+0000] {spark_submit.py:492} INFO - }, {
[2026-02-12T20:32:59.192+0000] {spark_submit.py:492} INFO - "name" : "quotes",
[2026-02-12T20:32:59.192+0000] {spark_submit.py:492} INFO - "type" : "long",
[2026-02-12T20:32:59.192+0000] {spark_submit.py:492} INFO - "nullable" : true,
[2026-02-12T20:32:59.192+0000] {spark_submit.py:492} INFO - "metadata" : { }
[2026-02-12T20:32:59.192+0000] {spark_submit.py:492} INFO - }, {
[2026-02-12T20:32:59.192+0000] {spark_submit.py:492} INFO - "name" : "replies",
[2026-02-12T20:32:59.192+0000] {spark_submit.py:492} INFO - "type" : "long",
[2026-02-12T20:32:59.192+0000] {spark_submit.py:492} INFO - "nullable" : true,
[2026-02-12T20:32:59.192+0000] {spark_submit.py:492} INFO - "metadata" : { }
[2026-02-12T20:32:59.192+0000] {spark_submit.py:492} INFO - }, {
[2026-02-12T20:32:59.193+0000] {spark_submit.py:492} INFO - "name" : "retweets",
[2026-02-12T20:32:59.193+0000] {spark_submit.py:492} INFO - "type" : "long",
[2026-02-12T20:32:59.193+0000] {spark_submit.py:492} INFO - "nullable" : true,
[2026-02-12T20:32:59.193+0000] {spark_submit.py:492} INFO - "metadata" : { }
[2026-02-12T20:32:59.193+0000] {spark_submit.py:492} INFO - }, {
[2026-02-12T20:32:59.193+0000] {spark_submit.py:492} INFO - "name" : "processing_date",
[2026-02-12T20:32:59.193+0000] {spark_submit.py:492} INFO - "type" : "date",
[2026-02-12T20:32:59.193+0000] {spark_submit.py:492} INFO - "nullable" : false,
[2026-02-12T20:32:59.193+0000] {spark_submit.py:492} INFO - "metadata" : { }
[2026-02-12T20:32:59.193+0000] {spark_submit.py:492} INFO - } ]
[2026-02-12T20:32:59.193+0000] {spark_submit.py:492} INFO - }
[2026-02-12T20:32:59.193+0000] {spark_submit.py:492} INFO - and corresponding Parquet message type:
[2026-02-12T20:32:59.194+0000] {spark_submit.py:492} INFO - message spark_schema {
[2026-02-12T20:32:59.194+0000] {spark_submit.py:492} INFO - optional binary user_id (STRING);
[2026-02-12T20:32:59.194+0000] {spark_submit.py:492} INFO - optional binary thread_id (STRING);
[2026-02-12T20:32:59.194+0000] {spark_submit.py:492} INFO - optional binary created_at (STRING);
[2026-02-12T20:32:59.194+0000] {spark_submit.py:492} INFO - optional group edit_versions_ids (LIST) {
[2026-02-12T20:32:59.194+0000] {spark_submit.py:492} INFO - repeated group list {
[2026-02-12T20:32:59.194+0000] {spark_submit.py:492} INFO - optional int64 element;
[2026-02-12T20:32:59.194+0000] {spark_submit.py:492} INFO - }
[2026-02-12T20:32:59.194+0000] {spark_submit.py:492} INFO - }
[2026-02-12T20:32:59.194+0000] {spark_submit.py:492} INFO - optional binary tweet_id (STRING);
[2026-02-12T20:32:59.194+0000] {spark_submit.py:492} INFO - optional binary reply_to_user_id (STRING);
[2026-02-12T20:32:59.195+0000] {spark_submit.py:492} INFO - optional binary language (STRING);
[2026-02-12T20:32:59.195+0000] {spark_submit.py:492} INFO - optional binary tweet_text (STRING);
[2026-02-12T20:32:59.195+0000] {spark_submit.py:492} INFO - optional int64 likes;
[2026-02-12T20:32:59.195+0000] {spark_submit.py:492} INFO - optional int64 quotes;
[2026-02-12T20:32:59.195+0000] {spark_submit.py:492} INFO - optional int64 replies;
[2026-02-12T20:32:59.195+0000] {spark_submit.py:492} INFO - optional int64 retweets;
[2026-02-12T20:32:59.195+0000] {spark_submit.py:492} INFO - required int32 processing_date (DATE);
[2026-02-12T20:32:59.195+0000] {spark_submit.py:492} INFO - }
[2026-02-12T20:32:59.196+0000] {spark_submit.py:492} INFO - 
[2026-02-12T20:32:59.196+0000] {spark_submit.py:492} INFO - 
[2026-02-12T20:32:59.215+0000] {spark_submit.py:492} INFO - 26/02/12 20:32:59 INFO CodecConfig: Compression: SNAPPY
[2026-02-12T20:32:59.215+0000] {spark_submit.py:492} INFO - 26/02/12 20:32:59 INFO CodecConfig: Compression: SNAPPY
[2026-02-12T20:32:59.216+0000] {spark_submit.py:492} INFO - 26/02/12 20:32:59 INFO ParquetOutputFormat: ParquetRecordWriter [block size: 134217728b, row group padding size: 8388608b, validating: false]
[2026-02-12T20:32:59.218+0000] {spark_submit.py:492} INFO - 26/02/12 20:32:59 INFO ParquetWriteSupport: Initialized Parquet WriteSupport with Catalyst schema:
[2026-02-12T20:32:59.218+0000] {spark_submit.py:492} INFO - {
[2026-02-12T20:32:59.218+0000] {spark_submit.py:492} INFO - "type" : "struct",
[2026-02-12T20:32:59.218+0000] {spark_submit.py:492} INFO - "fields" : [ {
[2026-02-12T20:32:59.218+0000] {spark_submit.py:492} INFO - "name" : "user_id",
[2026-02-12T20:32:59.219+0000] {spark_submit.py:492} INFO - "type" : "string",
[2026-02-12T20:32:59.219+0000] {spark_submit.py:492} INFO - "nullable" : true,
[2026-02-12T20:32:59.219+0000] {spark_submit.py:492} INFO - "metadata" : { }
[2026-02-12T20:32:59.219+0000] {spark_submit.py:492} INFO - }, {
[2026-02-12T20:32:59.219+0000] {spark_submit.py:492} INFO - "name" : "thread_id",
[2026-02-12T20:32:59.219+0000] {spark_submit.py:492} INFO - "type" : "string",
[2026-02-12T20:32:59.219+0000] {spark_submit.py:492} INFO - "nullable" : true,
[2026-02-12T20:32:59.219+0000] {spark_submit.py:492} INFO - "metadata" : { }
[2026-02-12T20:32:59.219+0000] {spark_submit.py:492} INFO - }, {
[2026-02-12T20:32:59.219+0000] {spark_submit.py:492} INFO - "name" : "created_at",
[2026-02-12T20:32:59.220+0000] {spark_submit.py:492} INFO - "type" : "string",
[2026-02-12T20:32:59.220+0000] {spark_submit.py:492} INFO - "nullable" : true,
[2026-02-12T20:32:59.220+0000] {spark_submit.py:492} INFO - "metadata" : { }
[2026-02-12T20:32:59.220+0000] {spark_submit.py:492} INFO - }, {
[2026-02-12T20:32:59.220+0000] {spark_submit.py:492} INFO - "name" : "edit_versions_ids",
[2026-02-12T20:32:59.220+0000] {spark_submit.py:492} INFO - "type" : {
[2026-02-12T20:32:59.220+0000] {spark_submit.py:492} INFO - "type" : "array",
[2026-02-12T20:32:59.220+0000] {spark_submit.py:492} INFO - "elementType" : "long",
[2026-02-12T20:32:59.221+0000] {spark_submit.py:492} INFO - "containsNull" : true
[2026-02-12T20:32:59.221+0000] {spark_submit.py:492} INFO - },
[2026-02-12T20:32:59.221+0000] {spark_submit.py:492} INFO - "nullable" : true,
[2026-02-12T20:32:59.221+0000] {spark_submit.py:492} INFO - "metadata" : { }
[2026-02-12T20:32:59.221+0000] {spark_submit.py:492} INFO - }, {
[2026-02-12T20:32:59.221+0000] {spark_submit.py:492} INFO - "name" : "tweet_id",
[2026-02-12T20:32:59.221+0000] {spark_submit.py:492} INFO - "type" : "string",
[2026-02-12T20:32:59.221+0000] {spark_submit.py:492} INFO - "nullable" : true,
[2026-02-12T20:32:59.221+0000] {spark_submit.py:492} INFO - "metadata" : { }
[2026-02-12T20:32:59.221+0000] {spark_submit.py:492} INFO - }, {
[2026-02-12T20:32:59.222+0000] {spark_submit.py:492} INFO - "name" : "reply_to_user_id",
[2026-02-12T20:32:59.222+0000] {spark_submit.py:492} INFO - "type" : "string",
[2026-02-12T20:32:59.222+0000] {spark_submit.py:492} INFO - "nullable" : true,
[2026-02-12T20:32:59.222+0000] {spark_submit.py:492} INFO - "metadata" : { }
[2026-02-12T20:32:59.222+0000] {spark_submit.py:492} INFO - }, {
[2026-02-12T20:32:59.222+0000] {spark_submit.py:492} INFO - "name" : "language",
[2026-02-12T20:32:59.222+0000] {spark_submit.py:492} INFO - "type" : "string",
[2026-02-12T20:32:59.222+0000] {spark_submit.py:492} INFO - "nullable" : true,
[2026-02-12T20:32:59.222+0000] {spark_submit.py:492} INFO - "metadata" : { }
[2026-02-12T20:32:59.222+0000] {spark_submit.py:492} INFO - }, {
[2026-02-12T20:32:59.222+0000] {spark_submit.py:492} INFO - "name" : "tweet_text",
[2026-02-12T20:32:59.223+0000] {spark_submit.py:492} INFO - "type" : "string",
[2026-02-12T20:32:59.223+0000] {spark_submit.py:492} INFO - "nullable" : true,
[2026-02-12T20:32:59.223+0000] {spark_submit.py:492} INFO - "metadata" : { }
[2026-02-12T20:32:59.223+0000] {spark_submit.py:492} INFO - }, {
[2026-02-12T20:32:59.223+0000] {spark_submit.py:492} INFO - "name" : "likes",
[2026-02-12T20:32:59.223+0000] {spark_submit.py:492} INFO - "type" : "long",
[2026-02-12T20:32:59.223+0000] {spark_submit.py:492} INFO - "nullable" : true,
[2026-02-12T20:32:59.223+0000] {spark_submit.py:492} INFO - "metadata" : { }
[2026-02-12T20:32:59.223+0000] {spark_submit.py:492} INFO - }, {
[2026-02-12T20:32:59.223+0000] {spark_submit.py:492} INFO - "name" : "quotes",
[2026-02-12T20:32:59.223+0000] {spark_submit.py:492} INFO - "type" : "long",
[2026-02-12T20:32:59.224+0000] {spark_submit.py:492} INFO - "nullable" : true,
[2026-02-12T20:32:59.224+0000] {spark_submit.py:492} INFO - "metadata" : { }
[2026-02-12T20:32:59.224+0000] {spark_submit.py:492} INFO - }, {
[2026-02-12T20:32:59.224+0000] {spark_submit.py:492} INFO - "name" : "replies",
[2026-02-12T20:32:59.224+0000] {spark_submit.py:492} INFO - "type" : "long",
[2026-02-12T20:32:59.224+0000] {spark_submit.py:492} INFO - "nullable" : true,
[2026-02-12T20:32:59.224+0000] {spark_submit.py:492} INFO - "metadata" : { }
[2026-02-12T20:32:59.224+0000] {spark_submit.py:492} INFO - }, {
[2026-02-12T20:32:59.224+0000] {spark_submit.py:492} INFO - "name" : "retweets",
[2026-02-12T20:32:59.224+0000] {spark_submit.py:492} INFO - "type" : "long",
[2026-02-12T20:32:59.225+0000] {spark_submit.py:492} INFO - "nullable" : true,
[2026-02-12T20:32:59.225+0000] {spark_submit.py:492} INFO - "metadata" : { }
[2026-02-12T20:32:59.225+0000] {spark_submit.py:492} INFO - }, {
[2026-02-12T20:32:59.225+0000] {spark_submit.py:492} INFO - "name" : "processing_date",
[2026-02-12T20:32:59.225+0000] {spark_submit.py:492} INFO - "type" : "date",
[2026-02-12T20:32:59.225+0000] {spark_submit.py:492} INFO - "nullable" : false,
[2026-02-12T20:32:59.225+0000] {spark_submit.py:492} INFO - "metadata" : { }
[2026-02-12T20:32:59.225+0000] {spark_submit.py:492} INFO - } ]
[2026-02-12T20:32:59.225+0000] {spark_submit.py:492} INFO - }
[2026-02-12T20:32:59.225+0000] {spark_submit.py:492} INFO - and corresponding Parquet message type:
[2026-02-12T20:32:59.225+0000] {spark_submit.py:492} INFO - message spark_schema {
[2026-02-12T20:32:59.225+0000] {spark_submit.py:492} INFO - optional binary user_id (STRING);
[2026-02-12T20:32:59.226+0000] {spark_submit.py:492} INFO - optional binary thread_id (STRING);
[2026-02-12T20:32:59.226+0000] {spark_submit.py:492} INFO - optional binary created_at (STRING);
[2026-02-12T20:32:59.226+0000] {spark_submit.py:492} INFO - optional group edit_versions_ids (LIST) {
[2026-02-12T20:32:59.226+0000] {spark_submit.py:492} INFO - repeated group list {
[2026-02-12T20:32:59.226+0000] {spark_submit.py:492} INFO - optional int64 element;
[2026-02-12T20:32:59.226+0000] {spark_submit.py:492} INFO - }
[2026-02-12T20:32:59.226+0000] {spark_submit.py:492} INFO - }
[2026-02-12T20:32:59.226+0000] {spark_submit.py:492} INFO - optional binary tweet_id (STRING);
[2026-02-12T20:32:59.226+0000] {spark_submit.py:492} INFO - optional binary reply_to_user_id (STRING);
[2026-02-12T20:32:59.226+0000] {spark_submit.py:492} INFO - optional binary language (STRING);
[2026-02-12T20:32:59.226+0000] {spark_submit.py:492} INFO - optional binary tweet_text (STRING);
[2026-02-12T20:32:59.227+0000] {spark_submit.py:492} INFO - optional int64 likes;
[2026-02-12T20:32:59.227+0000] {spark_submit.py:492} INFO - optional int64 quotes;
[2026-02-12T20:32:59.227+0000] {spark_submit.py:492} INFO - optional int64 replies;
[2026-02-12T20:32:59.227+0000] {spark_submit.py:492} INFO - optional int64 retweets;
[2026-02-12T20:32:59.227+0000] {spark_submit.py:492} INFO - required int32 processing_date (DATE);
[2026-02-12T20:32:59.227+0000] {spark_submit.py:492} INFO - }
[2026-02-12T20:32:59.227+0000] {spark_submit.py:492} INFO - 
[2026-02-12T20:32:59.227+0000] {spark_submit.py:492} INFO - 
[2026-02-12T20:32:59.243+0000] {spark_submit.py:492} INFO - 26/02/12 20:32:59 INFO CodecConfig: Compression: SNAPPY
[2026-02-12T20:32:59.243+0000] {spark_submit.py:492} INFO - 26/02/12 20:32:59 INFO CodecConfig: Compression: SNAPPY
[2026-02-12T20:32:59.244+0000] {spark_submit.py:492} INFO - 26/02/12 20:32:59 INFO ParquetOutputFormat: ParquetRecordWriter [block size: 134217728b, row group padding size: 8388608b, validating: false]
[2026-02-12T20:32:59.245+0000] {spark_submit.py:492} INFO - 26/02/12 20:32:59 INFO ParquetWriteSupport: Initialized Parquet WriteSupport with Catalyst schema:
[2026-02-12T20:32:59.245+0000] {spark_submit.py:492} INFO - {
[2026-02-12T20:32:59.246+0000] {spark_submit.py:492} INFO - "type" : "struct",
[2026-02-12T20:32:59.246+0000] {spark_submit.py:492} INFO - "fields" : [ {
[2026-02-12T20:32:59.246+0000] {spark_submit.py:492} INFO - "name" : "user_id",
[2026-02-12T20:32:59.246+0000] {spark_submit.py:492} INFO - "type" : "string",
[2026-02-12T20:32:59.246+0000] {spark_submit.py:492} INFO - "nullable" : true,
[2026-02-12T20:32:59.246+0000] {spark_submit.py:492} INFO - "metadata" : { }
[2026-02-12T20:32:59.246+0000] {spark_submit.py:492} INFO - }, {
[2026-02-12T20:32:59.246+0000] {spark_submit.py:492} INFO - "name" : "thread_id",
[2026-02-12T20:32:59.247+0000] {spark_submit.py:492} INFO - "type" : "string",
[2026-02-12T20:32:59.247+0000] {spark_submit.py:492} INFO - "nullable" : true,
[2026-02-12T20:32:59.247+0000] {spark_submit.py:492} INFO - "metadata" : { }
[2026-02-12T20:32:59.247+0000] {spark_submit.py:492} INFO - }, {
[2026-02-12T20:32:59.247+0000] {spark_submit.py:492} INFO - "name" : "created_at",
[2026-02-12T20:32:59.247+0000] {spark_submit.py:492} INFO - "type" : "string",
[2026-02-12T20:32:59.247+0000] {spark_submit.py:492} INFO - "nullable" : true,
[2026-02-12T20:32:59.248+0000] {spark_submit.py:492} INFO - "metadata" : { }
[2026-02-12T20:32:59.248+0000] {spark_submit.py:492} INFO - }, {
[2026-02-12T20:32:59.248+0000] {spark_submit.py:492} INFO - "name" : "edit_versions_ids",
[2026-02-12T20:32:59.248+0000] {spark_submit.py:492} INFO - "type" : {
[2026-02-12T20:32:59.248+0000] {spark_submit.py:492} INFO - "type" : "array",
[2026-02-12T20:32:59.248+0000] {spark_submit.py:492} INFO - "elementType" : "long",
[2026-02-12T20:32:59.248+0000] {spark_submit.py:492} INFO - "containsNull" : true
[2026-02-12T20:32:59.248+0000] {spark_submit.py:492} INFO - },
[2026-02-12T20:32:59.248+0000] {spark_submit.py:492} INFO - "nullable" : true,
[2026-02-12T20:32:59.248+0000] {spark_submit.py:492} INFO - "metadata" : { }
[2026-02-12T20:32:59.249+0000] {spark_submit.py:492} INFO - }, {
[2026-02-12T20:32:59.249+0000] {spark_submit.py:492} INFO - "name" : "tweet_id",
[2026-02-12T20:32:59.249+0000] {spark_submit.py:492} INFO - "type" : "string",
[2026-02-12T20:32:59.249+0000] {spark_submit.py:492} INFO - "nullable" : true,
[2026-02-12T20:32:59.249+0000] {spark_submit.py:492} INFO - "metadata" : { }
[2026-02-12T20:32:59.249+0000] {spark_submit.py:492} INFO - }, {
[2026-02-12T20:32:59.249+0000] {spark_submit.py:492} INFO - "name" : "reply_to_user_id",
[2026-02-12T20:32:59.249+0000] {spark_submit.py:492} INFO - "type" : "string",
[2026-02-12T20:32:59.249+0000] {spark_submit.py:492} INFO - "nullable" : true,
[2026-02-12T20:32:59.249+0000] {spark_submit.py:492} INFO - "metadata" : { }
[2026-02-12T20:32:59.250+0000] {spark_submit.py:492} INFO - }, {
[2026-02-12T20:32:59.250+0000] {spark_submit.py:492} INFO - "name" : "language",
[2026-02-12T20:32:59.250+0000] {spark_submit.py:492} INFO - "type" : "string",
[2026-02-12T20:32:59.250+0000] {spark_submit.py:492} INFO - "nullable" : true,
[2026-02-12T20:32:59.250+0000] {spark_submit.py:492} INFO - "metadata" : { }
[2026-02-12T20:32:59.250+0000] {spark_submit.py:492} INFO - }, {
[2026-02-12T20:32:59.250+0000] {spark_submit.py:492} INFO - "name" : "tweet_text",
[2026-02-12T20:32:59.250+0000] {spark_submit.py:492} INFO - "type" : "string",
[2026-02-12T20:32:59.250+0000] {spark_submit.py:492} INFO - "nullable" : true,
[2026-02-12T20:32:59.250+0000] {spark_submit.py:492} INFO - "metadata" : { }
[2026-02-12T20:32:59.250+0000] {spark_submit.py:492} INFO - }, {
[2026-02-12T20:32:59.251+0000] {spark_submit.py:492} INFO - "name" : "likes",
[2026-02-12T20:32:59.251+0000] {spark_submit.py:492} INFO - "type" : "long",
[2026-02-12T20:32:59.251+0000] {spark_submit.py:492} INFO - "nullable" : true,
[2026-02-12T20:32:59.251+0000] {spark_submit.py:492} INFO - "metadata" : { }
[2026-02-12T20:32:59.251+0000] {spark_submit.py:492} INFO - }, {
[2026-02-12T20:32:59.251+0000] {spark_submit.py:492} INFO - "name" : "quotes",
[2026-02-12T20:32:59.251+0000] {spark_submit.py:492} INFO - "type" : "long",
[2026-02-12T20:32:59.251+0000] {spark_submit.py:492} INFO - "nullable" : true,
[2026-02-12T20:32:59.251+0000] {spark_submit.py:492} INFO - "metadata" : { }
[2026-02-12T20:32:59.251+0000] {spark_submit.py:492} INFO - }, {
[2026-02-12T20:32:59.251+0000] {spark_submit.py:492} INFO - "name" : "replies",
[2026-02-12T20:32:59.251+0000] {spark_submit.py:492} INFO - "type" : "long",
[2026-02-12T20:32:59.251+0000] {spark_submit.py:492} INFO - "nullable" : true,
[2026-02-12T20:32:59.251+0000] {spark_submit.py:492} INFO - "metadata" : { }
[2026-02-12T20:32:59.252+0000] {spark_submit.py:492} INFO - }, {
[2026-02-12T20:32:59.252+0000] {spark_submit.py:492} INFO - "name" : "retweets",
[2026-02-12T20:32:59.252+0000] {spark_submit.py:492} INFO - "type" : "long",
[2026-02-12T20:32:59.252+0000] {spark_submit.py:492} INFO - "nullable" : true,
[2026-02-12T20:32:59.252+0000] {spark_submit.py:492} INFO - "metadata" : { }
[2026-02-12T20:32:59.252+0000] {spark_submit.py:492} INFO - }, {
[2026-02-12T20:32:59.252+0000] {spark_submit.py:492} INFO - "name" : "processing_date",
[2026-02-12T20:32:59.252+0000] {spark_submit.py:492} INFO - "type" : "date",
[2026-02-12T20:32:59.253+0000] {spark_submit.py:492} INFO - "nullable" : false,
[2026-02-12T20:32:59.253+0000] {spark_submit.py:492} INFO - "metadata" : { }
[2026-02-12T20:32:59.253+0000] {spark_submit.py:492} INFO - } ]
[2026-02-12T20:32:59.253+0000] {spark_submit.py:492} INFO - }
[2026-02-12T20:32:59.253+0000] {spark_submit.py:492} INFO - and corresponding Parquet message type:
[2026-02-12T20:32:59.253+0000] {spark_submit.py:492} INFO - message spark_schema {
[2026-02-12T20:32:59.253+0000] {spark_submit.py:492} INFO - optional binary user_id (STRING);
[2026-02-12T20:32:59.253+0000] {spark_submit.py:492} INFO - optional binary thread_id (STRING);
[2026-02-12T20:32:59.253+0000] {spark_submit.py:492} INFO - optional binary created_at (STRING);
[2026-02-12T20:32:59.254+0000] {spark_submit.py:492} INFO - optional group edit_versions_ids (LIST) {
[2026-02-12T20:32:59.254+0000] {spark_submit.py:492} INFO - repeated group list {
[2026-02-12T20:32:59.254+0000] {spark_submit.py:492} INFO - optional int64 element;
[2026-02-12T20:32:59.254+0000] {spark_submit.py:492} INFO - }
[2026-02-12T20:32:59.254+0000] {spark_submit.py:492} INFO - }
[2026-02-12T20:32:59.254+0000] {spark_submit.py:492} INFO - optional binary tweet_id (STRING);
[2026-02-12T20:32:59.254+0000] {spark_submit.py:492} INFO - optional binary reply_to_user_id (STRING);
[2026-02-12T20:32:59.254+0000] {spark_submit.py:492} INFO - optional binary language (STRING);
[2026-02-12T20:32:59.254+0000] {spark_submit.py:492} INFO - optional binary tweet_text (STRING);
[2026-02-12T20:32:59.255+0000] {spark_submit.py:492} INFO - optional int64 likes;
[2026-02-12T20:32:59.255+0000] {spark_submit.py:492} INFO - optional int64 quotes;
[2026-02-12T20:32:59.255+0000] {spark_submit.py:492} INFO - optional int64 replies;
[2026-02-12T20:32:59.255+0000] {spark_submit.py:492} INFO - optional int64 retweets;
[2026-02-12T20:32:59.255+0000] {spark_submit.py:492} INFO - required int32 processing_date (DATE);
[2026-02-12T20:32:59.255+0000] {spark_submit.py:492} INFO - }
[2026-02-12T20:32:59.255+0000] {spark_submit.py:492} INFO - 
[2026-02-12T20:32:59.255+0000] {spark_submit.py:492} INFO - 
[2026-02-12T20:32:59.272+0000] {spark_submit.py:492} INFO - 26/02/12 20:32:59 INFO CodecConfig: Compression: SNAPPY
[2026-02-12T20:32:59.273+0000] {spark_submit.py:492} INFO - 26/02/12 20:32:59 INFO CodecConfig: Compression: SNAPPY
[2026-02-12T20:32:59.273+0000] {spark_submit.py:492} INFO - 26/02/12 20:32:59 INFO ParquetOutputFormat: ParquetRecordWriter [block size: 134217728b, row group padding size: 8388608b, validating: false]
[2026-02-12T20:32:59.275+0000] {spark_submit.py:492} INFO - 26/02/12 20:32:59 INFO ParquetWriteSupport: Initialized Parquet WriteSupport with Catalyst schema:
[2026-02-12T20:32:59.275+0000] {spark_submit.py:492} INFO - {
[2026-02-12T20:32:59.275+0000] {spark_submit.py:492} INFO - "type" : "struct",
[2026-02-12T20:32:59.276+0000] {spark_submit.py:492} INFO - "fields" : [ {
[2026-02-12T20:32:59.276+0000] {spark_submit.py:492} INFO - "name" : "user_id",
[2026-02-12T20:32:59.276+0000] {spark_submit.py:492} INFO - "type" : "string",
[2026-02-12T20:32:59.276+0000] {spark_submit.py:492} INFO - "nullable" : true,
[2026-02-12T20:32:59.276+0000] {spark_submit.py:492} INFO - "metadata" : { }
[2026-02-12T20:32:59.276+0000] {spark_submit.py:492} INFO - }, {
[2026-02-12T20:32:59.276+0000] {spark_submit.py:492} INFO - "name" : "thread_id",
[2026-02-12T20:32:59.276+0000] {spark_submit.py:492} INFO - "type" : "string",
[2026-02-12T20:32:59.276+0000] {spark_submit.py:492} INFO - "nullable" : true,
[2026-02-12T20:32:59.276+0000] {spark_submit.py:492} INFO - "metadata" : { }
[2026-02-12T20:32:59.277+0000] {spark_submit.py:492} INFO - }, {
[2026-02-12T20:32:59.277+0000] {spark_submit.py:492} INFO - "name" : "created_at",
[2026-02-12T20:32:59.277+0000] {spark_submit.py:492} INFO - "type" : "string",
[2026-02-12T20:32:59.277+0000] {spark_submit.py:492} INFO - "nullable" : true,
[2026-02-12T20:32:59.277+0000] {spark_submit.py:492} INFO - "metadata" : { }
[2026-02-12T20:32:59.277+0000] {spark_submit.py:492} INFO - }, {
[2026-02-12T20:32:59.277+0000] {spark_submit.py:492} INFO - "name" : "edit_versions_ids",
[2026-02-12T20:32:59.278+0000] {spark_submit.py:492} INFO - "type" : {
[2026-02-12T20:32:59.278+0000] {spark_submit.py:492} INFO - "type" : "array",
[2026-02-12T20:32:59.278+0000] {spark_submit.py:492} INFO - "elementType" : "long",
[2026-02-12T20:32:59.278+0000] {spark_submit.py:492} INFO - "containsNull" : true
[2026-02-12T20:32:59.278+0000] {spark_submit.py:492} INFO - },
[2026-02-12T20:32:59.278+0000] {spark_submit.py:492} INFO - "nullable" : true,
[2026-02-12T20:32:59.279+0000] {spark_submit.py:492} INFO - "metadata" : { }
[2026-02-12T20:32:59.279+0000] {spark_submit.py:492} INFO - }, {
[2026-02-12T20:32:59.279+0000] {spark_submit.py:492} INFO - "name" : "tweet_id",
[2026-02-12T20:32:59.280+0000] {spark_submit.py:492} INFO - "type" : "string",
[2026-02-12T20:32:59.280+0000] {spark_submit.py:492} INFO - "nullable" : true,
[2026-02-12T20:32:59.280+0000] {spark_submit.py:492} INFO - "metadata" : { }
[2026-02-12T20:32:59.280+0000] {spark_submit.py:492} INFO - }, {
[2026-02-12T20:32:59.280+0000] {spark_submit.py:492} INFO - "name" : "reply_to_user_id",
[2026-02-12T20:32:59.280+0000] {spark_submit.py:492} INFO - "type" : "string",
[2026-02-12T20:32:59.280+0000] {spark_submit.py:492} INFO - "nullable" : true,
[2026-02-12T20:32:59.280+0000] {spark_submit.py:492} INFO - "metadata" : { }
[2026-02-12T20:32:59.280+0000] {spark_submit.py:492} INFO - }, {
[2026-02-12T20:32:59.281+0000] {spark_submit.py:492} INFO - "name" : "language",
[2026-02-12T20:32:59.281+0000] {spark_submit.py:492} INFO - "type" : "string",
[2026-02-12T20:32:59.281+0000] {spark_submit.py:492} INFO - "nullable" : true,
[2026-02-12T20:32:59.281+0000] {spark_submit.py:492} INFO - "metadata" : { }
[2026-02-12T20:32:59.281+0000] {spark_submit.py:492} INFO - }, {
[2026-02-12T20:32:59.281+0000] {spark_submit.py:492} INFO - "name" : "tweet_text",
[2026-02-12T20:32:59.281+0000] {spark_submit.py:492} INFO - "type" : "string",
[2026-02-12T20:32:59.281+0000] {spark_submit.py:492} INFO - "nullable" : true,
[2026-02-12T20:32:59.281+0000] {spark_submit.py:492} INFO - "metadata" : { }
[2026-02-12T20:32:59.281+0000] {spark_submit.py:492} INFO - }, {
[2026-02-12T20:32:59.281+0000] {spark_submit.py:492} INFO - "name" : "likes",
[2026-02-12T20:32:59.281+0000] {spark_submit.py:492} INFO - "type" : "long",
[2026-02-12T20:32:59.281+0000] {spark_submit.py:492} INFO - "nullable" : true,
[2026-02-12T20:32:59.281+0000] {spark_submit.py:492} INFO - "metadata" : { }
[2026-02-12T20:32:59.282+0000] {spark_submit.py:492} INFO - }, {
[2026-02-12T20:32:59.282+0000] {spark_submit.py:492} INFO - "name" : "quotes",
[2026-02-12T20:32:59.282+0000] {spark_submit.py:492} INFO - "type" : "long",
[2026-02-12T20:32:59.282+0000] {spark_submit.py:492} INFO - "nullable" : true,
[2026-02-12T20:32:59.282+0000] {spark_submit.py:492} INFO - "metadata" : { }
[2026-02-12T20:32:59.282+0000] {spark_submit.py:492} INFO - }, {
[2026-02-12T20:32:59.282+0000] {spark_submit.py:492} INFO - "name" : "replies",
[2026-02-12T20:32:59.282+0000] {spark_submit.py:492} INFO - "type" : "long",
[2026-02-12T20:32:59.282+0000] {spark_submit.py:492} INFO - "nullable" : true,
[2026-02-12T20:32:59.282+0000] {spark_submit.py:492} INFO - "metadata" : { }
[2026-02-12T20:32:59.282+0000] {spark_submit.py:492} INFO - }, {
[2026-02-12T20:32:59.283+0000] {spark_submit.py:492} INFO - "name" : "retweets",
[2026-02-12T20:32:59.283+0000] {spark_submit.py:492} INFO - "type" : "long",
[2026-02-12T20:32:59.283+0000] {spark_submit.py:492} INFO - "nullable" : true,
[2026-02-12T20:32:59.283+0000] {spark_submit.py:492} INFO - "metadata" : { }
[2026-02-12T20:32:59.283+0000] {spark_submit.py:492} INFO - }, {
[2026-02-12T20:32:59.283+0000] {spark_submit.py:492} INFO - "name" : "processing_date",
[2026-02-12T20:32:59.283+0000] {spark_submit.py:492} INFO - "type" : "date",
[2026-02-12T20:32:59.283+0000] {spark_submit.py:492} INFO - "nullable" : false,
[2026-02-12T20:32:59.283+0000] {spark_submit.py:492} INFO - "metadata" : { }
[2026-02-12T20:32:59.283+0000] {spark_submit.py:492} INFO - } ]
[2026-02-12T20:32:59.283+0000] {spark_submit.py:492} INFO - }
[2026-02-12T20:32:59.283+0000] {spark_submit.py:492} INFO - and corresponding Parquet message type:
[2026-02-12T20:32:59.283+0000] {spark_submit.py:492} INFO - message spark_schema {
[2026-02-12T20:32:59.284+0000] {spark_submit.py:492} INFO - optional binary user_id (STRING);
[2026-02-12T20:32:59.284+0000] {spark_submit.py:492} INFO - optional binary thread_id (STRING);
[2026-02-12T20:32:59.284+0000] {spark_submit.py:492} INFO - optional binary created_at (STRING);
[2026-02-12T20:32:59.284+0000] {spark_submit.py:492} INFO - optional group edit_versions_ids (LIST) {
[2026-02-12T20:32:59.284+0000] {spark_submit.py:492} INFO - repeated group list {
[2026-02-12T20:32:59.285+0000] {spark_submit.py:492} INFO - optional int64 element;
[2026-02-12T20:32:59.286+0000] {spark_submit.py:492} INFO - }
[2026-02-12T20:32:59.286+0000] {spark_submit.py:492} INFO - }
[2026-02-12T20:32:59.286+0000] {spark_submit.py:492} INFO - optional binary tweet_id (STRING);
[2026-02-12T20:32:59.286+0000] {spark_submit.py:492} INFO - optional binary reply_to_user_id (STRING);
[2026-02-12T20:32:59.286+0000] {spark_submit.py:492} INFO - optional binary language (STRING);
[2026-02-12T20:32:59.287+0000] {spark_submit.py:492} INFO - optional binary tweet_text (STRING);
[2026-02-12T20:32:59.287+0000] {spark_submit.py:492} INFO - optional int64 likes;
[2026-02-12T20:32:59.287+0000] {spark_submit.py:492} INFO - optional int64 quotes;
[2026-02-12T20:32:59.287+0000] {spark_submit.py:492} INFO - optional int64 replies;
[2026-02-12T20:32:59.287+0000] {spark_submit.py:492} INFO - optional int64 retweets;
[2026-02-12T20:32:59.287+0000] {spark_submit.py:492} INFO - required int32 processing_date (DATE);
[2026-02-12T20:32:59.287+0000] {spark_submit.py:492} INFO - }
[2026-02-12T20:32:59.287+0000] {spark_submit.py:492} INFO - 
[2026-02-12T20:32:59.287+0000] {spark_submit.py:492} INFO - 
[2026-02-12T20:32:59.302+0000] {spark_submit.py:492} INFO - 26/02/12 20:32:59 INFO CodecConfig: Compression: SNAPPY
[2026-02-12T20:32:59.302+0000] {spark_submit.py:492} INFO - 26/02/12 20:32:59 INFO CodecConfig: Compression: SNAPPY
[2026-02-12T20:32:59.303+0000] {spark_submit.py:492} INFO - 26/02/12 20:32:59 INFO ParquetOutputFormat: ParquetRecordWriter [block size: 134217728b, row group padding size: 8388608b, validating: false]
[2026-02-12T20:32:59.305+0000] {spark_submit.py:492} INFO - 26/02/12 20:32:59 INFO ParquetWriteSupport: Initialized Parquet WriteSupport with Catalyst schema:
[2026-02-12T20:32:59.305+0000] {spark_submit.py:492} INFO - {
[2026-02-12T20:32:59.306+0000] {spark_submit.py:492} INFO - "type" : "struct",
[2026-02-12T20:32:59.306+0000] {spark_submit.py:492} INFO - "fields" : [ {
[2026-02-12T20:32:59.306+0000] {spark_submit.py:492} INFO - "name" : "user_id",
[2026-02-12T20:32:59.306+0000] {spark_submit.py:492} INFO - "type" : "string",
[2026-02-12T20:32:59.306+0000] {spark_submit.py:492} INFO - "nullable" : true,
[2026-02-12T20:32:59.306+0000] {spark_submit.py:492} INFO - "metadata" : { }
[2026-02-12T20:32:59.306+0000] {spark_submit.py:492} INFO - }, {
[2026-02-12T20:32:59.306+0000] {spark_submit.py:492} INFO - "name" : "thread_id",
[2026-02-12T20:32:59.306+0000] {spark_submit.py:492} INFO - "type" : "string",
[2026-02-12T20:32:59.306+0000] {spark_submit.py:492} INFO - "nullable" : true,
[2026-02-12T20:32:59.306+0000] {spark_submit.py:492} INFO - "metadata" : { }
[2026-02-12T20:32:59.306+0000] {spark_submit.py:492} INFO - }, {
[2026-02-12T20:32:59.306+0000] {spark_submit.py:492} INFO - "name" : "created_at",
[2026-02-12T20:32:59.307+0000] {spark_submit.py:492} INFO - "type" : "string",
[2026-02-12T20:32:59.307+0000] {spark_submit.py:492} INFO - "nullable" : true,
[2026-02-12T20:32:59.307+0000] {spark_submit.py:492} INFO - "metadata" : { }
[2026-02-12T20:32:59.307+0000] {spark_submit.py:492} INFO - }, {
[2026-02-12T20:32:59.307+0000] {spark_submit.py:492} INFO - "name" : "edit_versions_ids",
[2026-02-12T20:32:59.307+0000] {spark_submit.py:492} INFO - "type" : {
[2026-02-12T20:32:59.307+0000] {spark_submit.py:492} INFO - "type" : "array",
[2026-02-12T20:32:59.307+0000] {spark_submit.py:492} INFO - "elementType" : "long",
[2026-02-12T20:32:59.307+0000] {spark_submit.py:492} INFO - "containsNull" : true
[2026-02-12T20:32:59.307+0000] {spark_submit.py:492} INFO - },
[2026-02-12T20:32:59.307+0000] {spark_submit.py:492} INFO - "nullable" : true,
[2026-02-12T20:32:59.307+0000] {spark_submit.py:492} INFO - "metadata" : { }
[2026-02-12T20:32:59.308+0000] {spark_submit.py:492} INFO - }, {
[2026-02-12T20:32:59.308+0000] {spark_submit.py:492} INFO - "name" : "tweet_id",
[2026-02-12T20:32:59.308+0000] {spark_submit.py:492} INFO - "type" : "string",
[2026-02-12T20:32:59.308+0000] {spark_submit.py:492} INFO - "nullable" : true,
[2026-02-12T20:32:59.308+0000] {spark_submit.py:492} INFO - "metadata" : { }
[2026-02-12T20:32:59.308+0000] {spark_submit.py:492} INFO - }, {
[2026-02-12T20:32:59.308+0000] {spark_submit.py:492} INFO - "name" : "reply_to_user_id",
[2026-02-12T20:32:59.308+0000] {spark_submit.py:492} INFO - "type" : "string",
[2026-02-12T20:32:59.308+0000] {spark_submit.py:492} INFO - "nullable" : true,
[2026-02-12T20:32:59.308+0000] {spark_submit.py:492} INFO - "metadata" : { }
[2026-02-12T20:32:59.308+0000] {spark_submit.py:492} INFO - }, {
[2026-02-12T20:32:59.308+0000] {spark_submit.py:492} INFO - "name" : "language",
[2026-02-12T20:32:59.309+0000] {spark_submit.py:492} INFO - "type" : "string",
[2026-02-12T20:32:59.309+0000] {spark_submit.py:492} INFO - "nullable" : true,
[2026-02-12T20:32:59.309+0000] {spark_submit.py:492} INFO - "metadata" : { }
[2026-02-12T20:32:59.309+0000] {spark_submit.py:492} INFO - }, {
[2026-02-12T20:32:59.309+0000] {spark_submit.py:492} INFO - "name" : "tweet_text",
[2026-02-12T20:32:59.309+0000] {spark_submit.py:492} INFO - "type" : "string",
[2026-02-12T20:32:59.309+0000] {spark_submit.py:492} INFO - "nullable" : true,
[2026-02-12T20:32:59.309+0000] {spark_submit.py:492} INFO - "metadata" : { }
[2026-02-12T20:32:59.309+0000] {spark_submit.py:492} INFO - }, {
[2026-02-12T20:32:59.309+0000] {spark_submit.py:492} INFO - "name" : "likes",
[2026-02-12T20:32:59.309+0000] {spark_submit.py:492} INFO - "type" : "long",
[2026-02-12T20:32:59.310+0000] {spark_submit.py:492} INFO - "nullable" : true,
[2026-02-12T20:32:59.310+0000] {spark_submit.py:492} INFO - "metadata" : { }
[2026-02-12T20:32:59.310+0000] {spark_submit.py:492} INFO - }, {
[2026-02-12T20:32:59.310+0000] {spark_submit.py:492} INFO - "name" : "quotes",
[2026-02-12T20:32:59.310+0000] {spark_submit.py:492} INFO - "type" : "long",
[2026-02-12T20:32:59.310+0000] {spark_submit.py:492} INFO - "nullable" : true,
[2026-02-12T20:32:59.310+0000] {spark_submit.py:492} INFO - "metadata" : { }
[2026-02-12T20:32:59.310+0000] {spark_submit.py:492} INFO - }, {
[2026-02-12T20:32:59.311+0000] {spark_submit.py:492} INFO - "name" : "replies",
[2026-02-12T20:32:59.311+0000] {spark_submit.py:492} INFO - "type" : "long",
[2026-02-12T20:32:59.311+0000] {spark_submit.py:492} INFO - "nullable" : true,
[2026-02-12T20:32:59.311+0000] {spark_submit.py:492} INFO - "metadata" : { }
[2026-02-12T20:32:59.311+0000] {spark_submit.py:492} INFO - }, {
[2026-02-12T20:32:59.311+0000] {spark_submit.py:492} INFO - "name" : "retweets",
[2026-02-12T20:32:59.311+0000] {spark_submit.py:492} INFO - "type" : "long",
[2026-02-12T20:32:59.311+0000] {spark_submit.py:492} INFO - "nullable" : true,
[2026-02-12T20:32:59.311+0000] {spark_submit.py:492} INFO - "metadata" : { }
[2026-02-12T20:32:59.311+0000] {spark_submit.py:492} INFO - }, {
[2026-02-12T20:32:59.311+0000] {spark_submit.py:492} INFO - "name" : "processing_date",
[2026-02-12T20:32:59.311+0000] {spark_submit.py:492} INFO - "type" : "date",
[2026-02-12T20:32:59.311+0000] {spark_submit.py:492} INFO - "nullable" : false,
[2026-02-12T20:32:59.312+0000] {spark_submit.py:492} INFO - "metadata" : { }
[2026-02-12T20:32:59.312+0000] {spark_submit.py:492} INFO - } ]
[2026-02-12T20:32:59.312+0000] {spark_submit.py:492} INFO - }
[2026-02-12T20:32:59.312+0000] {spark_submit.py:492} INFO - and corresponding Parquet message type:
[2026-02-12T20:32:59.312+0000] {spark_submit.py:492} INFO - message spark_schema {
[2026-02-12T20:32:59.312+0000] {spark_submit.py:492} INFO - optional binary user_id (STRING);
[2026-02-12T20:32:59.312+0000] {spark_submit.py:492} INFO - optional binary thread_id (STRING);
[2026-02-12T20:32:59.312+0000] {spark_submit.py:492} INFO - optional binary created_at (STRING);
[2026-02-12T20:32:59.312+0000] {spark_submit.py:492} INFO - optional group edit_versions_ids (LIST) {
[2026-02-12T20:32:59.312+0000] {spark_submit.py:492} INFO - repeated group list {
[2026-02-12T20:32:59.312+0000] {spark_submit.py:492} INFO - optional int64 element;
[2026-02-12T20:32:59.312+0000] {spark_submit.py:492} INFO - }
[2026-02-12T20:32:59.312+0000] {spark_submit.py:492} INFO - }
[2026-02-12T20:32:59.313+0000] {spark_submit.py:492} INFO - optional binary tweet_id (STRING);
[2026-02-12T20:32:59.313+0000] {spark_submit.py:492} INFO - optional binary reply_to_user_id (STRING);
[2026-02-12T20:32:59.313+0000] {spark_submit.py:492} INFO - optional binary language (STRING);
[2026-02-12T20:32:59.313+0000] {spark_submit.py:492} INFO - optional binary tweet_text (STRING);
[2026-02-12T20:32:59.313+0000] {spark_submit.py:492} INFO - optional int64 likes;
[2026-02-12T20:32:59.313+0000] {spark_submit.py:492} INFO - optional int64 quotes;
[2026-02-12T20:32:59.313+0000] {spark_submit.py:492} INFO - optional int64 replies;
[2026-02-12T20:32:59.313+0000] {spark_submit.py:492} INFO - optional int64 retweets;
[2026-02-12T20:32:59.313+0000] {spark_submit.py:492} INFO - required int32 processing_date (DATE);
[2026-02-12T20:32:59.313+0000] {spark_submit.py:492} INFO - }
[2026-02-12T20:32:59.313+0000] {spark_submit.py:492} INFO - 
[2026-02-12T20:32:59.313+0000] {spark_submit.py:492} INFO - 
[2026-02-12T20:32:59.330+0000] {spark_submit.py:492} INFO - 26/02/12 20:32:59 INFO CodecConfig: Compression: SNAPPY
[2026-02-12T20:32:59.331+0000] {spark_submit.py:492} INFO - 26/02/12 20:32:59 INFO CodecConfig: Compression: SNAPPY
[2026-02-12T20:32:59.332+0000] {spark_submit.py:492} INFO - 26/02/12 20:32:59 INFO ParquetOutputFormat: ParquetRecordWriter [block size: 134217728b, row group padding size: 8388608b, validating: false]
[2026-02-12T20:32:59.333+0000] {spark_submit.py:492} INFO - 26/02/12 20:32:59 INFO ParquetWriteSupport: Initialized Parquet WriteSupport with Catalyst schema:
[2026-02-12T20:32:59.333+0000] {spark_submit.py:492} INFO - {
[2026-02-12T20:32:59.333+0000] {spark_submit.py:492} INFO - "type" : "struct",
[2026-02-12T20:32:59.333+0000] {spark_submit.py:492} INFO - "fields" : [ {
[2026-02-12T20:32:59.334+0000] {spark_submit.py:492} INFO - "name" : "user_id",
[2026-02-12T20:32:59.334+0000] {spark_submit.py:492} INFO - "type" : "string",
[2026-02-12T20:32:59.334+0000] {spark_submit.py:492} INFO - "nullable" : true,
[2026-02-12T20:32:59.334+0000] {spark_submit.py:492} INFO - "metadata" : { }
[2026-02-12T20:32:59.334+0000] {spark_submit.py:492} INFO - }, {
[2026-02-12T20:32:59.334+0000] {spark_submit.py:492} INFO - "name" : "thread_id",
[2026-02-12T20:32:59.334+0000] {spark_submit.py:492} INFO - "type" : "string",
[2026-02-12T20:32:59.334+0000] {spark_submit.py:492} INFO - "nullable" : true,
[2026-02-12T20:32:59.334+0000] {spark_submit.py:492} INFO - "metadata" : { }
[2026-02-12T20:32:59.334+0000] {spark_submit.py:492} INFO - }, {
[2026-02-12T20:32:59.334+0000] {spark_submit.py:492} INFO - "name" : "created_at",
[2026-02-12T20:32:59.334+0000] {spark_submit.py:492} INFO - "type" : "string",
[2026-02-12T20:32:59.334+0000] {spark_submit.py:492} INFO - "nullable" : true,
[2026-02-12T20:32:59.334+0000] {spark_submit.py:492} INFO - "metadata" : { }
[2026-02-12T20:32:59.335+0000] {spark_submit.py:492} INFO - }, {
[2026-02-12T20:32:59.335+0000] {spark_submit.py:492} INFO - "name" : "edit_versions_ids",
[2026-02-12T20:32:59.335+0000] {spark_submit.py:492} INFO - "type" : {
[2026-02-12T20:32:59.335+0000] {spark_submit.py:492} INFO - "type" : "array",
[2026-02-12T20:32:59.335+0000] {spark_submit.py:492} INFO - "elementType" : "long",
[2026-02-12T20:32:59.335+0000] {spark_submit.py:492} INFO - "containsNull" : true
[2026-02-12T20:32:59.335+0000] {spark_submit.py:492} INFO - },
[2026-02-12T20:32:59.335+0000] {spark_submit.py:492} INFO - "nullable" : true,
[2026-02-12T20:32:59.335+0000] {spark_submit.py:492} INFO - "metadata" : { }
[2026-02-12T20:32:59.335+0000] {spark_submit.py:492} INFO - }, {
[2026-02-12T20:32:59.336+0000] {spark_submit.py:492} INFO - "name" : "tweet_id",
[2026-02-12T20:32:59.336+0000] {spark_submit.py:492} INFO - "type" : "string",
[2026-02-12T20:32:59.336+0000] {spark_submit.py:492} INFO - "nullable" : true,
[2026-02-12T20:32:59.336+0000] {spark_submit.py:492} INFO - "metadata" : { }
[2026-02-12T20:32:59.336+0000] {spark_submit.py:492} INFO - }, {
[2026-02-12T20:32:59.336+0000] {spark_submit.py:492} INFO - "name" : "reply_to_user_id",
[2026-02-12T20:32:59.336+0000] {spark_submit.py:492} INFO - "type" : "string",
[2026-02-12T20:32:59.336+0000] {spark_submit.py:492} INFO - "nullable" : true,
[2026-02-12T20:32:59.336+0000] {spark_submit.py:492} INFO - "metadata" : { }
[2026-02-12T20:32:59.337+0000] {spark_submit.py:492} INFO - }, {
[2026-02-12T20:32:59.337+0000] {spark_submit.py:492} INFO - "name" : "language",
[2026-02-12T20:32:59.337+0000] {spark_submit.py:492} INFO - "type" : "string",
[2026-02-12T20:32:59.337+0000] {spark_submit.py:492} INFO - "nullable" : true,
[2026-02-12T20:32:59.337+0000] {spark_submit.py:492} INFO - "metadata" : { }
[2026-02-12T20:32:59.337+0000] {spark_submit.py:492} INFO - }, {
[2026-02-12T20:32:59.337+0000] {spark_submit.py:492} INFO - "name" : "tweet_text",
[2026-02-12T20:32:59.337+0000] {spark_submit.py:492} INFO - "type" : "string",
[2026-02-12T20:32:59.337+0000] {spark_submit.py:492} INFO - "nullable" : true,
[2026-02-12T20:32:59.337+0000] {spark_submit.py:492} INFO - "metadata" : { }
[2026-02-12T20:32:59.338+0000] {spark_submit.py:492} INFO - }, {
[2026-02-12T20:32:59.338+0000] {spark_submit.py:492} INFO - "name" : "likes",
[2026-02-12T20:32:59.338+0000] {spark_submit.py:492} INFO - "type" : "long",
[2026-02-12T20:32:59.338+0000] {spark_submit.py:492} INFO - "nullable" : true,
[2026-02-12T20:32:59.338+0000] {spark_submit.py:492} INFO - "metadata" : { }
[2026-02-12T20:32:59.338+0000] {spark_submit.py:492} INFO - }, {
[2026-02-12T20:32:59.338+0000] {spark_submit.py:492} INFO - "name" : "quotes",
[2026-02-12T20:32:59.338+0000] {spark_submit.py:492} INFO - "type" : "long",
[2026-02-12T20:32:59.338+0000] {spark_submit.py:492} INFO - "nullable" : true,
[2026-02-12T20:32:59.338+0000] {spark_submit.py:492} INFO - "metadata" : { }
[2026-02-12T20:32:59.338+0000] {spark_submit.py:492} INFO - }, {
[2026-02-12T20:32:59.338+0000] {spark_submit.py:492} INFO - "name" : "replies",
[2026-02-12T20:32:59.338+0000] {spark_submit.py:492} INFO - "type" : "long",
[2026-02-12T20:32:59.338+0000] {spark_submit.py:492} INFO - "nullable" : true,
[2026-02-12T20:32:59.339+0000] {spark_submit.py:492} INFO - "metadata" : { }
[2026-02-12T20:32:59.339+0000] {spark_submit.py:492} INFO - }, {
[2026-02-12T20:32:59.339+0000] {spark_submit.py:492} INFO - "name" : "retweets",
[2026-02-12T20:32:59.339+0000] {spark_submit.py:492} INFO - "type" : "long",
[2026-02-12T20:32:59.339+0000] {spark_submit.py:492} INFO - "nullable" : true,
[2026-02-12T20:32:59.339+0000] {spark_submit.py:492} INFO - "metadata" : { }
[2026-02-12T20:32:59.339+0000] {spark_submit.py:492} INFO - }, {
[2026-02-12T20:32:59.340+0000] {spark_submit.py:492} INFO - "name" : "processing_date",
[2026-02-12T20:32:59.340+0000] {spark_submit.py:492} INFO - "type" : "date",
[2026-02-12T20:32:59.340+0000] {spark_submit.py:492} INFO - "nullable" : false,
[2026-02-12T20:32:59.340+0000] {spark_submit.py:492} INFO - "metadata" : { }
[2026-02-12T20:32:59.340+0000] {spark_submit.py:492} INFO - } ]
[2026-02-12T20:32:59.340+0000] {spark_submit.py:492} INFO - }
[2026-02-12T20:32:59.340+0000] {spark_submit.py:492} INFO - and corresponding Parquet message type:
[2026-02-12T20:32:59.340+0000] {spark_submit.py:492} INFO - message spark_schema {
[2026-02-12T20:32:59.341+0000] {spark_submit.py:492} INFO - optional binary user_id (STRING);
[2026-02-12T20:32:59.341+0000] {spark_submit.py:492} INFO - optional binary thread_id (STRING);
[2026-02-12T20:32:59.341+0000] {spark_submit.py:492} INFO - optional binary created_at (STRING);
[2026-02-12T20:32:59.341+0000] {spark_submit.py:492} INFO - optional group edit_versions_ids (LIST) {
[2026-02-12T20:32:59.341+0000] {spark_submit.py:492} INFO - repeated group list {
[2026-02-12T20:32:59.341+0000] {spark_submit.py:492} INFO - optional int64 element;
[2026-02-12T20:32:59.341+0000] {spark_submit.py:492} INFO - }
[2026-02-12T20:32:59.341+0000] {spark_submit.py:492} INFO - }
[2026-02-12T20:32:59.341+0000] {spark_submit.py:492} INFO - optional binary tweet_id (STRING);
[2026-02-12T20:32:59.342+0000] {spark_submit.py:492} INFO - optional binary reply_to_user_id (STRING);
[2026-02-12T20:32:59.342+0000] {spark_submit.py:492} INFO - optional binary language (STRING);
[2026-02-12T20:32:59.342+0000] {spark_submit.py:492} INFO - optional binary tweet_text (STRING);
[2026-02-12T20:32:59.342+0000] {spark_submit.py:492} INFO - optional int64 likes;
[2026-02-12T20:32:59.342+0000] {spark_submit.py:492} INFO - optional int64 quotes;
[2026-02-12T20:32:59.343+0000] {spark_submit.py:492} INFO - optional int64 replies;
[2026-02-12T20:32:59.343+0000] {spark_submit.py:492} INFO - optional int64 retweets;
[2026-02-12T20:32:59.343+0000] {spark_submit.py:492} INFO - required int32 processing_date (DATE);
[2026-02-12T20:32:59.343+0000] {spark_submit.py:492} INFO - }
[2026-02-12T20:32:59.343+0000] {spark_submit.py:492} INFO - 
[2026-02-12T20:32:59.343+0000] {spark_submit.py:492} INFO - 
[2026-02-12T20:32:59.361+0000] {spark_submit.py:492} INFO - 26/02/12 20:32:59 INFO CodecConfig: Compression: SNAPPY
[2026-02-12T20:32:59.361+0000] {spark_submit.py:492} INFO - 26/02/12 20:32:59 INFO CodecConfig: Compression: SNAPPY
[2026-02-12T20:32:59.362+0000] {spark_submit.py:492} INFO - 26/02/12 20:32:59 INFO ParquetOutputFormat: ParquetRecordWriter [block size: 134217728b, row group padding size: 8388608b, validating: false]
[2026-02-12T20:32:59.363+0000] {spark_submit.py:492} INFO - 26/02/12 20:32:59 INFO ParquetWriteSupport: Initialized Parquet WriteSupport with Catalyst schema:
[2026-02-12T20:32:59.364+0000] {spark_submit.py:492} INFO - {
[2026-02-12T20:32:59.364+0000] {spark_submit.py:492} INFO - "type" : "struct",
[2026-02-12T20:32:59.364+0000] {spark_submit.py:492} INFO - "fields" : [ {
[2026-02-12T20:32:59.364+0000] {spark_submit.py:492} INFO - "name" : "user_id",
[2026-02-12T20:32:59.364+0000] {spark_submit.py:492} INFO - "type" : "string",
[2026-02-12T20:32:59.364+0000] {spark_submit.py:492} INFO - "nullable" : true,
[2026-02-12T20:32:59.364+0000] {spark_submit.py:492} INFO - "metadata" : { }
[2026-02-12T20:32:59.364+0000] {spark_submit.py:492} INFO - }, {
[2026-02-12T20:32:59.364+0000] {spark_submit.py:492} INFO - "name" : "thread_id",
[2026-02-12T20:32:59.364+0000] {spark_submit.py:492} INFO - "type" : "string",
[2026-02-12T20:32:59.364+0000] {spark_submit.py:492} INFO - "nullable" : true,
[2026-02-12T20:32:59.364+0000] {spark_submit.py:492} INFO - "metadata" : { }
[2026-02-12T20:32:59.365+0000] {spark_submit.py:492} INFO - }, {
[2026-02-12T20:32:59.365+0000] {spark_submit.py:492} INFO - "name" : "created_at",
[2026-02-12T20:32:59.365+0000] {spark_submit.py:492} INFO - "type" : "string",
[2026-02-12T20:32:59.365+0000] {spark_submit.py:492} INFO - "nullable" : true,
[2026-02-12T20:32:59.365+0000] {spark_submit.py:492} INFO - "metadata" : { }
[2026-02-12T20:32:59.365+0000] {spark_submit.py:492} INFO - }, {
[2026-02-12T20:32:59.365+0000] {spark_submit.py:492} INFO - "name" : "edit_versions_ids",
[2026-02-12T20:32:59.365+0000] {spark_submit.py:492} INFO - "type" : {
[2026-02-12T20:32:59.365+0000] {spark_submit.py:492} INFO - "type" : "array",
[2026-02-12T20:32:59.365+0000] {spark_submit.py:492} INFO - "elementType" : "long",
[2026-02-12T20:32:59.366+0000] {spark_submit.py:492} INFO - "containsNull" : true
[2026-02-12T20:32:59.366+0000] {spark_submit.py:492} INFO - },
[2026-02-12T20:32:59.366+0000] {spark_submit.py:492} INFO - "nullable" : true,
[2026-02-12T20:32:59.366+0000] {spark_submit.py:492} INFO - "metadata" : { }
[2026-02-12T20:32:59.366+0000] {spark_submit.py:492} INFO - }, {
[2026-02-12T20:32:59.366+0000] {spark_submit.py:492} INFO - "name" : "tweet_id",
[2026-02-12T20:32:59.366+0000] {spark_submit.py:492} INFO - "type" : "string",
[2026-02-12T20:32:59.366+0000] {spark_submit.py:492} INFO - "nullable" : true,
[2026-02-12T20:32:59.366+0000] {spark_submit.py:492} INFO - "metadata" : { }
[2026-02-12T20:32:59.366+0000] {spark_submit.py:492} INFO - }, {
[2026-02-12T20:32:59.366+0000] {spark_submit.py:492} INFO - "name" : "reply_to_user_id",
[2026-02-12T20:32:59.366+0000] {spark_submit.py:492} INFO - "type" : "string",
[2026-02-12T20:32:59.367+0000] {spark_submit.py:492} INFO - "nullable" : true,
[2026-02-12T20:32:59.367+0000] {spark_submit.py:492} INFO - "metadata" : { }
[2026-02-12T20:32:59.367+0000] {spark_submit.py:492} INFO - }, {
[2026-02-12T20:32:59.367+0000] {spark_submit.py:492} INFO - "name" : "language",
[2026-02-12T20:32:59.367+0000] {spark_submit.py:492} INFO - "type" : "string",
[2026-02-12T20:32:59.367+0000] {spark_submit.py:492} INFO - "nullable" : true,
[2026-02-12T20:32:59.367+0000] {spark_submit.py:492} INFO - "metadata" : { }
[2026-02-12T20:32:59.367+0000] {spark_submit.py:492} INFO - }, {
[2026-02-12T20:32:59.367+0000] {spark_submit.py:492} INFO - "name" : "tweet_text",
[2026-02-12T20:32:59.367+0000] {spark_submit.py:492} INFO - "type" : "string",
[2026-02-12T20:32:59.368+0000] {spark_submit.py:492} INFO - "nullable" : true,
[2026-02-12T20:32:59.368+0000] {spark_submit.py:492} INFO - "metadata" : { }
[2026-02-12T20:32:59.368+0000] {spark_submit.py:492} INFO - }, {
[2026-02-12T20:32:59.368+0000] {spark_submit.py:492} INFO - "name" : "likes",
[2026-02-12T20:32:59.368+0000] {spark_submit.py:492} INFO - "type" : "long",
[2026-02-12T20:32:59.368+0000] {spark_submit.py:492} INFO - "nullable" : true,
[2026-02-12T20:32:59.368+0000] {spark_submit.py:492} INFO - "metadata" : { }
[2026-02-12T20:32:59.369+0000] {spark_submit.py:492} INFO - }, {
[2026-02-12T20:32:59.369+0000] {spark_submit.py:492} INFO - "name" : "quotes",
[2026-02-12T20:32:59.369+0000] {spark_submit.py:492} INFO - "type" : "long",
[2026-02-12T20:32:59.369+0000] {spark_submit.py:492} INFO - "nullable" : true,
[2026-02-12T20:32:59.369+0000] {spark_submit.py:492} INFO - "metadata" : { }
[2026-02-12T20:32:59.369+0000] {spark_submit.py:492} INFO - }, {
[2026-02-12T20:32:59.369+0000] {spark_submit.py:492} INFO - "name" : "replies",
[2026-02-12T20:32:59.369+0000] {spark_submit.py:492} INFO - "type" : "long",
[2026-02-12T20:32:59.369+0000] {spark_submit.py:492} INFO - "nullable" : true,
[2026-02-12T20:32:59.369+0000] {spark_submit.py:492} INFO - "metadata" : { }
[2026-02-12T20:32:59.370+0000] {spark_submit.py:492} INFO - }, {
[2026-02-12T20:32:59.370+0000] {spark_submit.py:492} INFO - "name" : "retweets",
[2026-02-12T20:32:59.370+0000] {spark_submit.py:492} INFO - "type" : "long",
[2026-02-12T20:32:59.370+0000] {spark_submit.py:492} INFO - "nullable" : true,
[2026-02-12T20:32:59.370+0000] {spark_submit.py:492} INFO - "metadata" : { }
[2026-02-12T20:32:59.370+0000] {spark_submit.py:492} INFO - }, {
[2026-02-12T20:32:59.370+0000] {spark_submit.py:492} INFO - "name" : "processing_date",
[2026-02-12T20:32:59.370+0000] {spark_submit.py:492} INFO - "type" : "date",
[2026-02-12T20:32:59.370+0000] {spark_submit.py:492} INFO - "nullable" : false,
[2026-02-12T20:32:59.370+0000] {spark_submit.py:492} INFO - "metadata" : { }
[2026-02-12T20:32:59.370+0000] {spark_submit.py:492} INFO - } ]
[2026-02-12T20:32:59.370+0000] {spark_submit.py:492} INFO - }
[2026-02-12T20:32:59.370+0000] {spark_submit.py:492} INFO - and corresponding Parquet message type:
[2026-02-12T20:32:59.370+0000] {spark_submit.py:492} INFO - message spark_schema {
[2026-02-12T20:32:59.370+0000] {spark_submit.py:492} INFO - optional binary user_id (STRING);
[2026-02-12T20:32:59.371+0000] {spark_submit.py:492} INFO - optional binary thread_id (STRING);
[2026-02-12T20:32:59.371+0000] {spark_submit.py:492} INFO - optional binary created_at (STRING);
[2026-02-12T20:32:59.371+0000] {spark_submit.py:492} INFO - optional group edit_versions_ids (LIST) {
[2026-02-12T20:32:59.371+0000] {spark_submit.py:492} INFO - repeated group list {
[2026-02-12T20:32:59.371+0000] {spark_submit.py:492} INFO - optional int64 element;
[2026-02-12T20:32:59.371+0000] {spark_submit.py:492} INFO - }
[2026-02-12T20:32:59.371+0000] {spark_submit.py:492} INFO - }
[2026-02-12T20:32:59.371+0000] {spark_submit.py:492} INFO - optional binary tweet_id (STRING);
[2026-02-12T20:32:59.371+0000] {spark_submit.py:492} INFO - optional binary reply_to_user_id (STRING);
[2026-02-12T20:32:59.371+0000] {spark_submit.py:492} INFO - optional binary language (STRING);
[2026-02-12T20:32:59.371+0000] {spark_submit.py:492} INFO - optional binary tweet_text (STRING);
[2026-02-12T20:32:59.371+0000] {spark_submit.py:492} INFO - optional int64 likes;
[2026-02-12T20:32:59.371+0000] {spark_submit.py:492} INFO - optional int64 quotes;
[2026-02-12T20:32:59.371+0000] {spark_submit.py:492} INFO - optional int64 replies;
[2026-02-12T20:32:59.372+0000] {spark_submit.py:492} INFO - optional int64 retweets;
[2026-02-12T20:32:59.372+0000] {spark_submit.py:492} INFO - required int32 processing_date (DATE);
[2026-02-12T20:32:59.372+0000] {spark_submit.py:492} INFO - }
[2026-02-12T20:32:59.372+0000] {spark_submit.py:492} INFO - 
[2026-02-12T20:32:59.372+0000] {spark_submit.py:492} INFO - 
[2026-02-12T20:32:59.392+0000] {spark_submit.py:492} INFO - 26/02/12 20:32:59 INFO FileOutputCommitter: Saved output of task 'attempt_202602122032588692044048674805742_0001_m_000000_1' to file:/opt/airflow/data/silver/_temporary/0/task_202602122032588692044048674805742_0001_m_000000
[2026-02-12T20:32:59.392+0000] {spark_submit.py:492} INFO - 26/02/12 20:32:59 INFO SparkHadoopMapRedUtil: attempt_202602122032588692044048674805742_0001_m_000000_1: Committed. Elapsed time: 0 ms.
[2026-02-12T20:32:59.404+0000] {spark_submit.py:492} INFO - 26/02/12 20:32:59 INFO Executor: Finished task 0.0 in stage 1.0 (TID 1). 3930 bytes result sent to driver
[2026-02-12T20:32:59.406+0000] {spark_submit.py:492} INFO - 26/02/12 20:32:59 INFO TaskSetManager: Finished task 0.0 in stage 1.0 (TID 1) in 988 ms on 649004db3ede (executor driver) (1/1)
[2026-02-12T20:32:59.407+0000] {spark_submit.py:492} INFO - 26/02/12 20:32:59 INFO TaskSchedulerImpl: Removed TaskSet 1.0, whose tasks have all completed, from pool
[2026-02-12T20:32:59.407+0000] {spark_submit.py:492} INFO - 26/02/12 20:32:59 INFO DAGScheduler: ResultStage 1 (parquet at NativeMethodAccessorImpl.java:0) finished in 1.010 s
[2026-02-12T20:32:59.407+0000] {spark_submit.py:492} INFO - 26/02/12 20:32:59 INFO DAGScheduler: Job 1 is finished. Cancelling potential speculative or zombie tasks for this job
[2026-02-12T20:32:59.408+0000] {spark_submit.py:492} INFO - 26/02/12 20:32:59 INFO TaskSchedulerImpl: Killing all running tasks in stage 1: Stage finished
[2026-02-12T20:32:59.408+0000] {spark_submit.py:492} INFO - 26/02/12 20:32:59 INFO DAGScheduler: Job 1 finished: parquet at NativeMethodAccessorImpl.java:0, took 1.014816 s
[2026-02-12T20:32:59.409+0000] {spark_submit.py:492} INFO - 26/02/12 20:32:59 INFO FileFormatWriter: Start to commit write Job 9d64e7f6-8760-45e6-97bc-7f592e2559ac.
[2026-02-12T20:32:59.425+0000] {spark_submit.py:492} INFO - 26/02/12 20:32:59 INFO FileFormatWriter: Write Job 9d64e7f6-8760-45e6-97bc-7f592e2559ac committed. Elapsed time: 14 ms.
[2026-02-12T20:32:59.427+0000] {spark_submit.py:492} INFO - 26/02/12 20:32:59 INFO FileFormatWriter: Finished processing stats for write job 9d64e7f6-8760-45e6-97bc-7f592e2559ac.
[2026-02-12T20:32:59.468+0000] {spark_submit.py:492} INFO - 26/02/12 20:32:59 INFO SparkContext: Invoking stop() from shutdown hook
[2026-02-12T20:32:59.468+0000] {spark_submit.py:492} INFO - 26/02/12 20:32:59 INFO SparkContext: SparkContext is stopping with exitCode 0.
[2026-02-12T20:32:59.476+0000] {spark_submit.py:492} INFO - 26/02/12 20:32:59 INFO SparkUI: Stopped Spark web UI at http://649004db3ede:4040
[2026-02-12T20:32:59.484+0000] {spark_submit.py:492} INFO - 26/02/12 20:32:59 INFO MapOutputTrackerMasterEndpoint: MapOutputTrackerMasterEndpoint stopped!
[2026-02-12T20:32:59.494+0000] {spark_submit.py:492} INFO - 26/02/12 20:32:59 INFO MemoryStore: MemoryStore cleared
[2026-02-12T20:32:59.495+0000] {spark_submit.py:492} INFO - 26/02/12 20:32:59 INFO BlockManager: BlockManager stopped
[2026-02-12T20:32:59.497+0000] {spark_submit.py:492} INFO - 26/02/12 20:32:59 INFO BlockManagerMaster: BlockManagerMaster stopped
[2026-02-12T20:32:59.498+0000] {spark_submit.py:492} INFO - 26/02/12 20:32:59 INFO OutputCommitCoordinator$OutputCommitCoordinatorEndpoint: OutputCommitCoordinator stopped!
[2026-02-12T20:32:59.505+0000] {spark_submit.py:492} INFO - 26/02/12 20:32:59 INFO SparkContext: Successfully stopped SparkContext
[2026-02-12T20:32:59.505+0000] {spark_submit.py:492} INFO - 26/02/12 20:32:59 INFO ShutdownHookManager: Shutdown hook called
[2026-02-12T20:32:59.505+0000] {spark_submit.py:492} INFO - 26/02/12 20:32:59 INFO ShutdownHookManager: Deleting directory /tmp/spark-582a9606-3d5c-4d2d-98e5-5ac96de0833d
[2026-02-12T20:32:59.510+0000] {spark_submit.py:492} INFO - 26/02/12 20:32:59 INFO ShutdownHookManager: Deleting directory /tmp/spark-d3d1ea12-528d-4a0e-825e-56b53f8f9bec/pyspark-0a41b6f4-30a0-4b2d-91f5-9e0f7c18963b
[2026-02-12T20:32:59.514+0000] {spark_submit.py:492} INFO - 26/02/12 20:32:59 INFO ShutdownHookManager: Deleting directory /tmp/spark-d3d1ea12-528d-4a0e-825e-56b53f8f9bec
[2026-02-12T20:32:59.588+0000] {taskinstance.py:441} INFO - ::group::Post task execution logs
[2026-02-12T20:32:59.598+0000] {taskinstance.py:1206} INFO - Marking task as SUCCESS. dag_id=twitter_pipeline_2, task_id=transform_twitter_datascience, run_id=manual__2026-02-12T20:32:40.250777+00:00, execution_date=20260212T203240, start_date=20260212T203249, end_date=20260212T203259
[2026-02-12T20:32:59.617+0000] {local_task_job_runner.py:243} INFO - Task exited with return code 0
[2026-02-12T20:32:59.632+0000] {taskinstance.py:3503} INFO - 0 downstream tasks scheduled from follow-on schedule check
[2026-02-12T20:32:59.633+0000] {local_task_job_runner.py:222} INFO - ::endgroup::
