[2026-02-12T21:18:28.994+0000] {processor.py:161} INFO - Started process (PID=329) to work on /opt/airflow/dags/dag2.py
[2026-02-12T21:18:28.995+0000] {processor.py:830} INFO - Processing file /opt/airflow/dags/dag2.py for tasks to queue
[2026-02-12T21:18:28.996+0000] {logging_mixin.py:188} INFO - [2026-02-12T21:18:28.996+0000] {dagbag.py:545} INFO - Filling up the DagBag from /opt/airflow/dags/dag2.py
[2026-02-12T21:18:29.014+0000] {processor.py:840} INFO - DAG(s) 'twitter_pipeline_2' retrieved from /opt/airflow/dags/dag2.py
[2026-02-12T21:18:29.037+0000] {logging_mixin.py:188} INFO - [2026-02-12T21:18:29.037+0000] {dag.py:3089} INFO - Sync 1 DAGs
[2026-02-12T21:18:29.056+0000] {logging_mixin.py:188} INFO - [2026-02-12T21:18:29.056+0000] {dag.py:3947} INFO - Setting next_dagrun for twitter_pipeline_2 to 2026-02-12 00:00:00+00:00, run_after=2026-02-13 00:00:00+00:00
[2026-02-12T21:18:29.070+0000] {processor.py:183} INFO - Processing /opt/airflow/dags/dag2.py took 0.081 seconds
[2026-02-12T21:19:02.259+0000] {processor.py:161} INFO - Started process (PID=339) to work on /opt/airflow/dags/dag2.py
[2026-02-12T21:19:02.260+0000] {processor.py:830} INFO - Processing file /opt/airflow/dags/dag2.py for tasks to queue
[2026-02-12T21:19:02.262+0000] {logging_mixin.py:188} INFO - [2026-02-12T21:19:02.262+0000] {dagbag.py:545} INFO - Filling up the DagBag from /opt/airflow/dags/dag2.py
[2026-02-12T21:19:02.280+0000] {processor.py:840} INFO - DAG(s) 'twitter_pipeline_2' retrieved from /opt/airflow/dags/dag2.py
[2026-02-12T21:19:02.307+0000] {logging_mixin.py:188} INFO - [2026-02-12T21:19:02.307+0000] {dag.py:3089} INFO - Sync 1 DAGs
[2026-02-12T21:19:02.324+0000] {logging_mixin.py:188} INFO - [2026-02-12T21:19:02.324+0000] {dag.py:3947} INFO - Setting next_dagrun for twitter_pipeline_2 to 2026-02-12 00:00:00+00:00, run_after=2026-02-13 00:00:00+00:00
[2026-02-12T21:19:02.338+0000] {processor.py:183} INFO - Processing /opt/airflow/dags/dag2.py took 0.085 seconds
[2026-02-12T21:19:32.519+0000] {processor.py:161} INFO - Started process (PID=349) to work on /opt/airflow/dags/dag2.py
[2026-02-12T21:19:32.520+0000] {processor.py:830} INFO - Processing file /opt/airflow/dags/dag2.py for tasks to queue
[2026-02-12T21:19:32.521+0000] {logging_mixin.py:188} INFO - [2026-02-12T21:19:32.521+0000] {dagbag.py:545} INFO - Filling up the DagBag from /opt/airflow/dags/dag2.py
[2026-02-12T21:19:32.540+0000] {processor.py:840} INFO - DAG(s) 'twitter_pipeline_2' retrieved from /opt/airflow/dags/dag2.py
[2026-02-12T21:19:34.427+0000] {logging_mixin.py:188} INFO - [2026-02-12T21:19:34.426+0000] {dag.py:3089} INFO - Sync 1 DAGs
[2026-02-12T21:19:34.443+0000] {logging_mixin.py:188} INFO - [2026-02-12T21:19:34.443+0000] {dag.py:3947} INFO - Setting next_dagrun for twitter_pipeline_2 to 2026-02-12 00:00:00+00:00, run_after=2026-02-13 00:00:00+00:00
[2026-02-12T21:19:34.457+0000] {processor.py:183} INFO - Processing /opt/airflow/dags/dag2.py took 0.080 seconds
[2026-02-12T21:20:07.631+0000] {processor.py:161} INFO - Started process (PID=359) to work on /opt/airflow/dags/dag2.py
[2026-02-12T21:20:07.633+0000] {processor.py:830} INFO - Processing file /opt/airflow/dags/dag2.py for tasks to queue
[2026-02-12T21:20:07.634+0000] {logging_mixin.py:188} INFO - [2026-02-12T21:20:07.634+0000] {dagbag.py:545} INFO - Filling up the DagBag from /opt/airflow/dags/dag2.py
[2026-02-12T21:20:07.656+0000] {processor.py:840} INFO - DAG(s) 'twitter_pipeline_2' retrieved from /opt/airflow/dags/dag2.py
[2026-02-12T21:20:07.684+0000] {logging_mixin.py:188} INFO - [2026-02-12T21:20:07.683+0000] {dag.py:3089} INFO - Sync 1 DAGs
[2026-02-12T21:20:07.702+0000] {logging_mixin.py:188} INFO - [2026-02-12T21:20:07.702+0000] {dag.py:3947} INFO - Setting next_dagrun for twitter_pipeline_2 to 2026-02-12 00:00:00+00:00, run_after=2026-02-13 00:00:00+00:00
[2026-02-12T21:20:07.718+0000] {processor.py:183} INFO - Processing /opt/airflow/dags/dag2.py took 0.094 seconds
[2026-02-12T21:20:40.828+0000] {processor.py:161} INFO - Started process (PID=369) to work on /opt/airflow/dags/dag2.py
[2026-02-12T21:20:40.830+0000] {processor.py:830} INFO - Processing file /opt/airflow/dags/dag2.py for tasks to queue
[2026-02-12T21:20:40.832+0000] {logging_mixin.py:188} INFO - [2026-02-12T21:20:40.831+0000] {dagbag.py:545} INFO - Filling up the DagBag from /opt/airflow/dags/dag2.py
[2026-02-12T21:20:40.850+0000] {processor.py:840} INFO - DAG(s) 'twitter_pipeline_2' retrieved from /opt/airflow/dags/dag2.py
[2026-02-12T21:20:40.874+0000] {logging_mixin.py:188} INFO - [2026-02-12T21:20:40.874+0000] {dag.py:3089} INFO - Sync 1 DAGs
[2026-02-12T21:20:40.891+0000] {logging_mixin.py:188} INFO - [2026-02-12T21:20:40.891+0000] {dag.py:3947} INFO - Setting next_dagrun for twitter_pipeline_2 to 2026-02-12 00:00:00+00:00, run_after=2026-02-13 00:00:00+00:00
[2026-02-12T21:20:40.906+0000] {processor.py:183} INFO - Processing /opt/airflow/dags/dag2.py took 0.085 seconds
[2026-02-12T21:21:14.092+0000] {processor.py:161} INFO - Started process (PID=379) to work on /opt/airflow/dags/dag2.py
[2026-02-12T21:21:14.093+0000] {processor.py:830} INFO - Processing file /opt/airflow/dags/dag2.py for tasks to queue
[2026-02-12T21:21:14.095+0000] {logging_mixin.py:188} INFO - [2026-02-12T21:21:14.095+0000] {dagbag.py:545} INFO - Filling up the DagBag from /opt/airflow/dags/dag2.py
[2026-02-12T21:21:14.114+0000] {processor.py:840} INFO - DAG(s) 'twitter_pipeline_2' retrieved from /opt/airflow/dags/dag2.py
[2026-02-12T21:21:14.138+0000] {logging_mixin.py:188} INFO - [2026-02-12T21:21:14.138+0000] {dag.py:3089} INFO - Sync 1 DAGs
[2026-02-12T21:21:14.158+0000] {logging_mixin.py:188} INFO - [2026-02-12T21:21:14.157+0000] {dag.py:3947} INFO - Setting next_dagrun for twitter_pipeline_2 to 2026-02-12 00:00:00+00:00, run_after=2026-02-13 00:00:00+00:00
[2026-02-12T21:21:14.177+0000] {processor.py:183} INFO - Processing /opt/airflow/dags/dag2.py took 0.090 seconds
[2026-02-12T21:21:47.226+0000] {processor.py:161} INFO - Started process (PID=389) to work on /opt/airflow/dags/dag2.py
[2026-02-12T21:21:47.227+0000] {processor.py:830} INFO - Processing file /opt/airflow/dags/dag2.py for tasks to queue
[2026-02-12T21:21:47.228+0000] {logging_mixin.py:188} INFO - [2026-02-12T21:21:47.228+0000] {dagbag.py:545} INFO - Filling up the DagBag from /opt/airflow/dags/dag2.py
[2026-02-12T21:21:47.264+0000] {processor.py:840} INFO - DAG(s) 'twitter_pipeline_2' retrieved from /opt/airflow/dags/dag2.py
[2026-02-12T21:21:47.291+0000] {logging_mixin.py:188} INFO - [2026-02-12T21:21:47.291+0000] {dag.py:3089} INFO - Sync 1 DAGs
[2026-02-12T21:21:47.312+0000] {logging_mixin.py:188} INFO - [2026-02-12T21:21:47.311+0000] {dag.py:3947} INFO - Setting next_dagrun for twitter_pipeline_2 to 2026-02-12 00:00:00+00:00, run_after=2026-02-13 00:00:00+00:00
[2026-02-12T21:21:47.326+0000] {processor.py:183} INFO - Processing /opt/airflow/dags/dag2.py took 0.107 seconds
[2026-02-12T21:22:20.500+0000] {processor.py:161} INFO - Started process (PID=399) to work on /opt/airflow/dags/dag2.py
[2026-02-12T21:22:20.501+0000] {processor.py:830} INFO - Processing file /opt/airflow/dags/dag2.py for tasks to queue
[2026-02-12T21:22:20.502+0000] {logging_mixin.py:188} INFO - [2026-02-12T21:22:20.502+0000] {dagbag.py:545} INFO - Filling up the DagBag from /opt/airflow/dags/dag2.py
[2026-02-12T21:22:20.519+0000] {processor.py:840} INFO - DAG(s) 'twitter_pipeline_2' retrieved from /opt/airflow/dags/dag2.py
[2026-02-12T21:22:20.543+0000] {logging_mixin.py:188} INFO - [2026-02-12T21:22:20.542+0000] {dag.py:3089} INFO - Sync 1 DAGs
[2026-02-12T21:22:20.559+0000] {logging_mixin.py:188} INFO - [2026-02-12T21:22:20.558+0000] {dag.py:3947} INFO - Setting next_dagrun for twitter_pipeline_2 to 2026-02-12 00:00:00+00:00, run_after=2026-02-13 00:00:00+00:00
[2026-02-12T21:22:20.571+0000] {processor.py:183} INFO - Processing /opt/airflow/dags/dag2.py took 0.076 seconds
[2026-02-12T21:22:50.884+0000] {processor.py:161} INFO - Started process (PID=409) to work on /opt/airflow/dags/dag2.py
[2026-02-12T21:22:50.885+0000] {processor.py:830} INFO - Processing file /opt/airflow/dags/dag2.py for tasks to queue
[2026-02-12T21:22:50.886+0000] {logging_mixin.py:188} INFO - [2026-02-12T21:22:50.886+0000] {dagbag.py:545} INFO - Filling up the DagBag from /opt/airflow/dags/dag2.py
[2026-02-12T21:22:50.916+0000] {processor.py:840} INFO - DAG(s) 'twitter_pipeline_2' retrieved from /opt/airflow/dags/dag2.py
[2026-02-12T21:22:50.940+0000] {logging_mixin.py:188} INFO - [2026-02-12T21:22:50.940+0000] {dag.py:3089} INFO - Sync 1 DAGs
[2026-02-12T21:22:50.956+0000] {logging_mixin.py:188} INFO - [2026-02-12T21:22:50.956+0000] {dag.py:3947} INFO - Setting next_dagrun for twitter_pipeline_2 to 2026-02-12 00:00:00+00:00, run_after=2026-02-13 00:00:00+00:00
[2026-02-12T21:22:52.837+0000] {processor.py:183} INFO - Processing /opt/airflow/dags/dag2.py took 0.092 seconds
[2026-02-12T21:23:25.947+0000] {processor.py:161} INFO - Started process (PID=419) to work on /opt/airflow/dags/dag2.py
[2026-02-12T21:23:25.948+0000] {processor.py:830} INFO - Processing file /opt/airflow/dags/dag2.py for tasks to queue
[2026-02-12T21:23:25.950+0000] {logging_mixin.py:188} INFO - [2026-02-12T21:23:25.949+0000] {dagbag.py:545} INFO - Filling up the DagBag from /opt/airflow/dags/dag2.py
[2026-02-12T21:23:25.965+0000] {processor.py:840} INFO - DAG(s) 'twitter_pipeline_2' retrieved from /opt/airflow/dags/dag2.py
[2026-02-12T21:23:25.984+0000] {logging_mixin.py:188} INFO - [2026-02-12T21:23:25.984+0000] {dag.py:3089} INFO - Sync 1 DAGs
[2026-02-12T21:23:25.999+0000] {logging_mixin.py:188} INFO - [2026-02-12T21:23:25.999+0000] {dag.py:3947} INFO - Setting next_dagrun for twitter_pipeline_2 to 2026-02-12 00:00:00+00:00, run_after=2026-02-13 00:00:00+00:00
[2026-02-12T21:23:26.011+0000] {processor.py:183} INFO - Processing /opt/airflow/dags/dag2.py took 0.069 seconds
[2026-02-12T21:23:59.160+0000] {processor.py:161} INFO - Started process (PID=429) to work on /opt/airflow/dags/dag2.py
[2026-02-12T21:23:59.161+0000] {processor.py:830} INFO - Processing file /opt/airflow/dags/dag2.py for tasks to queue
[2026-02-12T21:23:59.162+0000] {logging_mixin.py:188} INFO - [2026-02-12T21:23:59.162+0000] {dagbag.py:545} INFO - Filling up the DagBag from /opt/airflow/dags/dag2.py
[2026-02-12T21:23:59.178+0000] {processor.py:840} INFO - DAG(s) 'twitter_pipeline_2' retrieved from /opt/airflow/dags/dag2.py
[2026-02-12T21:23:59.205+0000] {logging_mixin.py:188} INFO - [2026-02-12T21:23:59.204+0000] {dag.py:3089} INFO - Sync 1 DAGs
[2026-02-12T21:23:59.223+0000] {logging_mixin.py:188} INFO - [2026-02-12T21:23:59.223+0000] {dag.py:3947} INFO - Setting next_dagrun for twitter_pipeline_2 to 2026-02-12 00:00:00+00:00, run_after=2026-02-13 00:00:00+00:00
[2026-02-12T21:23:59.238+0000] {processor.py:183} INFO - Processing /opt/airflow/dags/dag2.py took 0.084 seconds
[2026-02-12T21:24:32.323+0000] {processor.py:161} INFO - Started process (PID=439) to work on /opt/airflow/dags/dag2.py
[2026-02-12T21:24:32.325+0000] {processor.py:830} INFO - Processing file /opt/airflow/dags/dag2.py for tasks to queue
[2026-02-12T21:24:32.326+0000] {logging_mixin.py:188} INFO - [2026-02-12T21:24:32.326+0000] {dagbag.py:545} INFO - Filling up the DagBag from /opt/airflow/dags/dag2.py
[2026-02-12T21:24:32.342+0000] {processor.py:840} INFO - DAG(s) 'twitter_pipeline_2' retrieved from /opt/airflow/dags/dag2.py
[2026-02-12T21:24:32.362+0000] {logging_mixin.py:188} INFO - [2026-02-12T21:24:32.362+0000] {dag.py:3089} INFO - Sync 1 DAGs
[2026-02-12T21:24:32.377+0000] {logging_mixin.py:188} INFO - [2026-02-12T21:24:32.376+0000] {dag.py:3947} INFO - Setting next_dagrun for twitter_pipeline_2 to 2026-02-12 00:00:00+00:00, run_after=2026-02-13 00:00:00+00:00
[2026-02-12T21:24:32.389+0000] {processor.py:183} INFO - Processing /opt/airflow/dags/dag2.py took 0.071 seconds
[2026-02-12T21:25:05.575+0000] {processor.py:161} INFO - Started process (PID=449) to work on /opt/airflow/dags/dag2.py
[2026-02-12T21:25:05.576+0000] {processor.py:830} INFO - Processing file /opt/airflow/dags/dag2.py for tasks to queue
[2026-02-12T21:25:05.579+0000] {logging_mixin.py:188} INFO - [2026-02-12T21:25:05.578+0000] {dagbag.py:545} INFO - Filling up the DagBag from /opt/airflow/dags/dag2.py
[2026-02-12T21:25:05.597+0000] {processor.py:840} INFO - DAG(s) 'twitter_pipeline_2' retrieved from /opt/airflow/dags/dag2.py
[2026-02-12T21:25:05.622+0000] {logging_mixin.py:188} INFO - [2026-02-12T21:25:05.622+0000] {dag.py:3089} INFO - Sync 1 DAGs
[2026-02-12T21:25:05.639+0000] {logging_mixin.py:188} INFO - [2026-02-12T21:25:05.639+0000] {dag.py:3947} INFO - Setting next_dagrun for twitter_pipeline_2 to 2026-02-12 00:00:00+00:00, run_after=2026-02-13 00:00:00+00:00
[2026-02-12T21:25:05.651+0000] {processor.py:183} INFO - Processing /opt/airflow/dags/dag2.py took 0.084 seconds
[2026-02-12T21:25:38.807+0000] {processor.py:161} INFO - Started process (PID=459) to work on /opt/airflow/dags/dag2.py
[2026-02-12T21:25:38.809+0000] {processor.py:830} INFO - Processing file /opt/airflow/dags/dag2.py for tasks to queue
[2026-02-12T21:25:38.810+0000] {logging_mixin.py:188} INFO - [2026-02-12T21:25:38.810+0000] {dagbag.py:545} INFO - Filling up the DagBag from /opt/airflow/dags/dag2.py
[2026-02-12T21:25:38.832+0000] {processor.py:840} INFO - DAG(s) 'twitter_pipeline_2' retrieved from /opt/airflow/dags/dag2.py
[2026-02-12T21:25:38.858+0000] {logging_mixin.py:188} INFO - [2026-02-12T21:25:38.858+0000] {dag.py:3089} INFO - Sync 1 DAGs
[2026-02-12T21:25:38.875+0000] {logging_mixin.py:188} INFO - [2026-02-12T21:25:38.875+0000] {dag.py:3947} INFO - Setting next_dagrun for twitter_pipeline_2 to 2026-02-12 00:00:00+00:00, run_after=2026-02-13 00:00:00+00:00
[2026-02-12T21:25:38.890+0000] {processor.py:183} INFO - Processing /opt/airflow/dags/dag2.py took 0.088 seconds
[2026-02-12T21:26:12.021+0000] {processor.py:161} INFO - Started process (PID=469) to work on /opt/airflow/dags/dag2.py
[2026-02-12T21:26:12.022+0000] {processor.py:830} INFO - Processing file /opt/airflow/dags/dag2.py for tasks to queue
[2026-02-12T21:26:12.024+0000] {logging_mixin.py:188} INFO - [2026-02-12T21:26:12.023+0000] {dagbag.py:545} INFO - Filling up the DagBag from /opt/airflow/dags/dag2.py
[2026-02-12T21:26:12.053+0000] {processor.py:840} INFO - DAG(s) 'twitter_pipeline_2' retrieved from /opt/airflow/dags/dag2.py
[2026-02-12T21:26:12.080+0000] {logging_mixin.py:188} INFO - [2026-02-12T21:26:12.080+0000] {dag.py:3089} INFO - Sync 1 DAGs
[2026-02-12T21:26:12.097+0000] {logging_mixin.py:188} INFO - [2026-02-12T21:26:12.097+0000] {dag.py:3947} INFO - Setting next_dagrun for twitter_pipeline_2 to 2026-02-12 00:00:00+00:00, run_after=2026-02-13 00:00:00+00:00
[2026-02-12T21:26:12.113+0000] {processor.py:183} INFO - Processing /opt/airflow/dags/dag2.py took 0.097 seconds
[2026-02-12T21:26:42.413+0000] {processor.py:161} INFO - Started process (PID=479) to work on /opt/airflow/dags/dag2.py
[2026-02-12T21:26:42.415+0000] {processor.py:830} INFO - Processing file /opt/airflow/dags/dag2.py for tasks to queue
[2026-02-12T21:26:42.416+0000] {logging_mixin.py:188} INFO - [2026-02-12T21:26:42.416+0000] {dagbag.py:545} INFO - Filling up the DagBag from /opt/airflow/dags/dag2.py
[2026-02-12T21:26:42.435+0000] {processor.py:840} INFO - DAG(s) 'twitter_pipeline_2' retrieved from /opt/airflow/dags/dag2.py
[2026-02-12T21:26:42.458+0000] {logging_mixin.py:188} INFO - [2026-02-12T21:26:42.458+0000] {dag.py:3089} INFO - Sync 1 DAGs
[2026-02-12T21:26:44.351+0000] {logging_mixin.py:188} INFO - [2026-02-12T21:26:44.350+0000] {dag.py:3947} INFO - Setting next_dagrun for twitter_pipeline_2 to 2026-02-12 00:00:00+00:00, run_after=2026-02-13 00:00:00+00:00
[2026-02-12T21:26:44.364+0000] {processor.py:183} INFO - Processing /opt/airflow/dags/dag2.py took 0.081 seconds
[2026-02-12T21:27:17.480+0000] {processor.py:161} INFO - Started process (PID=489) to work on /opt/airflow/dags/dag2.py
[2026-02-12T21:27:17.481+0000] {processor.py:830} INFO - Processing file /opt/airflow/dags/dag2.py for tasks to queue
[2026-02-12T21:27:17.483+0000] {logging_mixin.py:188} INFO - [2026-02-12T21:27:17.482+0000] {dagbag.py:545} INFO - Filling up the DagBag from /opt/airflow/dags/dag2.py
[2026-02-12T21:27:17.498+0000] {processor.py:840} INFO - DAG(s) 'twitter_pipeline_2' retrieved from /opt/airflow/dags/dag2.py
[2026-02-12T21:27:17.521+0000] {logging_mixin.py:188} INFO - [2026-02-12T21:27:17.520+0000] {dag.py:3089} INFO - Sync 1 DAGs
[2026-02-12T21:27:17.538+0000] {logging_mixin.py:188} INFO - [2026-02-12T21:27:17.538+0000] {dag.py:3947} INFO - Setting next_dagrun for twitter_pipeline_2 to 2026-02-12 00:00:00+00:00, run_after=2026-02-13 00:00:00+00:00
[2026-02-12T21:27:17.550+0000] {processor.py:183} INFO - Processing /opt/airflow/dags/dag2.py took 0.076 seconds
[2026-02-12T21:27:50.744+0000] {processor.py:161} INFO - Started process (PID=499) to work on /opt/airflow/dags/dag2.py
[2026-02-12T21:27:50.745+0000] {processor.py:830} INFO - Processing file /opt/airflow/dags/dag2.py for tasks to queue
[2026-02-12T21:27:50.747+0000] {logging_mixin.py:188} INFO - [2026-02-12T21:27:50.747+0000] {dagbag.py:545} INFO - Filling up the DagBag from /opt/airflow/dags/dag2.py
[2026-02-12T21:27:50.763+0000] {processor.py:840} INFO - DAG(s) 'twitter_pipeline_2' retrieved from /opt/airflow/dags/dag2.py
[2026-02-12T21:27:50.789+0000] {logging_mixin.py:188} INFO - [2026-02-12T21:27:50.788+0000] {dag.py:3089} INFO - Sync 1 DAGs
[2026-02-12T21:27:50.808+0000] {logging_mixin.py:188} INFO - [2026-02-12T21:27:50.808+0000] {dag.py:3947} INFO - Setting next_dagrun for twitter_pipeline_2 to 2026-02-12 00:00:00+00:00, run_after=2026-02-13 00:00:00+00:00
[2026-02-12T21:27:50.822+0000] {processor.py:183} INFO - Processing /opt/airflow/dags/dag2.py took 0.083 seconds
[2026-02-12T21:28:24.036+0000] {processor.py:161} INFO - Started process (PID=509) to work on /opt/airflow/dags/dag2.py
[2026-02-12T21:28:24.037+0000] {processor.py:830} INFO - Processing file /opt/airflow/dags/dag2.py for tasks to queue
[2026-02-12T21:28:24.038+0000] {logging_mixin.py:188} INFO - [2026-02-12T21:28:24.038+0000] {dagbag.py:545} INFO - Filling up the DagBag from /opt/airflow/dags/dag2.py
[2026-02-12T21:28:24.055+0000] {processor.py:840} INFO - DAG(s) 'twitter_pipeline_2' retrieved from /opt/airflow/dags/dag2.py
[2026-02-12T21:28:24.079+0000] {logging_mixin.py:188} INFO - [2026-02-12T21:28:24.079+0000] {dag.py:3089} INFO - Sync 1 DAGs
[2026-02-12T21:28:24.096+0000] {logging_mixin.py:188} INFO - [2026-02-12T21:28:24.096+0000] {dag.py:3947} INFO - Setting next_dagrun for twitter_pipeline_2 to 2026-02-12 00:00:00+00:00, run_after=2026-02-13 00:00:00+00:00
[2026-02-12T21:28:24.110+0000] {processor.py:183} INFO - Processing /opt/airflow/dags/dag2.py took 0.080 seconds
[2026-02-12T21:28:57.302+0000] {processor.py:161} INFO - Started process (PID=519) to work on /opt/airflow/dags/dag2.py
[2026-02-12T21:28:57.303+0000] {processor.py:830} INFO - Processing file /opt/airflow/dags/dag2.py for tasks to queue
[2026-02-12T21:28:57.304+0000] {logging_mixin.py:188} INFO - [2026-02-12T21:28:57.304+0000] {dagbag.py:545} INFO - Filling up the DagBag from /opt/airflow/dags/dag2.py
[2026-02-12T21:28:57.325+0000] {processor.py:840} INFO - DAG(s) 'twitter_pipeline_2' retrieved from /opt/airflow/dags/dag2.py
[2026-02-12T21:28:57.351+0000] {logging_mixin.py:188} INFO - [2026-02-12T21:28:57.350+0000] {dag.py:3089} INFO - Sync 1 DAGs
[2026-02-12T21:28:57.367+0000] {logging_mixin.py:188} INFO - [2026-02-12T21:28:57.367+0000] {dag.py:3947} INFO - Setting next_dagrun for twitter_pipeline_2 to 2026-02-12 00:00:00+00:00, run_after=2026-02-13 00:00:00+00:00
[2026-02-12T21:28:57.381+0000] {processor.py:183} INFO - Processing /opt/airflow/dags/dag2.py took 0.084 seconds
[2026-02-12T21:29:19.392+0000] {processor.py:161} INFO - Started process (PID=529) to work on /opt/airflow/dags/dag2.py
[2026-02-12T21:29:19.394+0000] {processor.py:830} INFO - Processing file /opt/airflow/dags/dag2.py for tasks to queue
[2026-02-12T21:29:19.396+0000] {logging_mixin.py:188} INFO - [2026-02-12T21:29:19.396+0000] {dagbag.py:545} INFO - Filling up the DagBag from /opt/airflow/dags/dag2.py
[2026-02-12T21:29:19.415+0000] {processor.py:840} INFO - DAG(s) 'twitter_pipeline_2' retrieved from /opt/airflow/dags/dag2.py
[2026-02-12T21:29:19.437+0000] {logging_mixin.py:188} INFO - [2026-02-12T21:29:19.436+0000] {dag.py:3089} INFO - Sync 1 DAGs
[2026-02-12T21:29:19.453+0000] {logging_mixin.py:188} INFO - [2026-02-12T21:29:19.453+0000] {dag.py:3947} INFO - Setting next_dagrun for twitter_pipeline_2 to 2026-02-12 00:00:00+00:00, run_after=2026-02-13 00:00:00+00:00
[2026-02-12T21:29:19.465+0000] {processor.py:183} INFO - Processing /opt/airflow/dags/dag2.py took 0.079 seconds
[2026-02-12T21:29:49.753+0000] {processor.py:161} INFO - Started process (PID=539) to work on /opt/airflow/dags/dag2.py
[2026-02-12T21:29:49.754+0000] {processor.py:830} INFO - Processing file /opt/airflow/dags/dag2.py for tasks to queue
[2026-02-12T21:29:49.756+0000] {logging_mixin.py:188} INFO - [2026-02-12T21:29:49.756+0000] {dagbag.py:545} INFO - Filling up the DagBag from /opt/airflow/dags/dag2.py
[2026-02-12T21:29:49.775+0000] {processor.py:840} INFO - DAG(s) 'twitter_pipeline_2' retrieved from /opt/airflow/dags/dag2.py
[2026-02-12T21:29:49.798+0000] {logging_mixin.py:188} INFO - [2026-02-12T21:29:49.798+0000] {dag.py:3089} INFO - Sync 1 DAGs
[2026-02-12T21:29:49.815+0000] {logging_mixin.py:188} INFO - [2026-02-12T21:29:49.814+0000] {dag.py:3947} INFO - Setting next_dagrun for twitter_pipeline_2 to 2026-02-12 00:00:00+00:00, run_after=2026-02-13 00:00:00+00:00
[2026-02-12T21:29:49.827+0000] {processor.py:183} INFO - Processing /opt/airflow/dags/dag2.py took 0.081 seconds
[2026-02-12T21:30:20.673+0000] {processor.py:161} INFO - Started process (PID=549) to work on /opt/airflow/dags/dag2.py
[2026-02-12T21:30:20.674+0000] {processor.py:830} INFO - Processing file /opt/airflow/dags/dag2.py for tasks to queue
[2026-02-12T21:30:20.676+0000] {logging_mixin.py:188} INFO - [2026-02-12T21:30:20.676+0000] {dagbag.py:545} INFO - Filling up the DagBag from /opt/airflow/dags/dag2.py
[2026-02-12T21:30:20.702+0000] {processor.py:840} INFO - DAG(s) 'twitter_pipeline_2' retrieved from /opt/airflow/dags/dag2.py
[2026-02-12T21:30:20.728+0000] {logging_mixin.py:188} INFO - [2026-02-12T21:30:20.728+0000] {dag.py:3089} INFO - Sync 1 DAGs
[2026-02-12T21:30:20.745+0000] {logging_mixin.py:188} INFO - [2026-02-12T21:30:20.745+0000] {dag.py:3947} INFO - Setting next_dagrun for twitter_pipeline_2 to 2026-02-12 00:00:00+00:00, run_after=2026-02-13 00:00:00+00:00
[2026-02-12T21:30:20.757+0000] {processor.py:183} INFO - Processing /opt/airflow/dags/dag2.py took 0.091 seconds
[2026-02-12T21:30:50.956+0000] {processor.py:161} INFO - Started process (PID=559) to work on /opt/airflow/dags/dag2.py
[2026-02-12T21:30:50.958+0000] {processor.py:830} INFO - Processing file /opt/airflow/dags/dag2.py for tasks to queue
[2026-02-12T21:30:50.959+0000] {logging_mixin.py:188} INFO - [2026-02-12T21:30:50.959+0000] {dagbag.py:545} INFO - Filling up the DagBag from /opt/airflow/dags/dag2.py
[2026-02-12T21:30:50.975+0000] {processor.py:840} INFO - DAG(s) 'twitter_pipeline_2' retrieved from /opt/airflow/dags/dag2.py
[2026-02-12T21:30:50.998+0000] {logging_mixin.py:188} INFO - [2026-02-12T21:30:50.998+0000] {dag.py:3089} INFO - Sync 1 DAGs
[2026-02-12T21:30:51.015+0000] {logging_mixin.py:188} INFO - [2026-02-12T21:30:51.015+0000] {dag.py:3947} INFO - Setting next_dagrun for twitter_pipeline_2 to 2026-02-12 00:00:00+00:00, run_after=2026-02-13 00:00:00+00:00
[2026-02-12T21:30:51.027+0000] {processor.py:183} INFO - Processing /opt/airflow/dags/dag2.py took 0.076 seconds
[2026-02-12T21:31:21.172+0000] {processor.py:161} INFO - Started process (PID=569) to work on /opt/airflow/dags/dag2.py
[2026-02-12T21:31:21.173+0000] {processor.py:830} INFO - Processing file /opt/airflow/dags/dag2.py for tasks to queue
[2026-02-12T21:31:21.175+0000] {logging_mixin.py:188} INFO - [2026-02-12T21:31:21.174+0000] {dagbag.py:545} INFO - Filling up the DagBag from /opt/airflow/dags/dag2.py
[2026-02-12T21:31:21.194+0000] {processor.py:840} INFO - DAG(s) 'twitter_pipeline_2' retrieved from /opt/airflow/dags/dag2.py
[2026-02-12T21:31:21.219+0000] {logging_mixin.py:188} INFO - [2026-02-12T21:31:21.219+0000] {dag.py:3089} INFO - Sync 1 DAGs
[2026-02-12T21:31:21.236+0000] {logging_mixin.py:188} INFO - [2026-02-12T21:31:21.236+0000] {dag.py:3947} INFO - Setting next_dagrun for twitter_pipeline_2 to 2026-02-12 00:00:00+00:00, run_after=2026-02-13 00:00:00+00:00
[2026-02-12T21:31:21.250+0000] {processor.py:183} INFO - Processing /opt/airflow/dags/dag2.py took 0.083 seconds
[2026-02-12T21:31:51.335+0000] {processor.py:161} INFO - Started process (PID=579) to work on /opt/airflow/dags/dag2.py
[2026-02-12T21:31:51.337+0000] {processor.py:830} INFO - Processing file /opt/airflow/dags/dag2.py for tasks to queue
[2026-02-12T21:31:51.338+0000] {logging_mixin.py:188} INFO - [2026-02-12T21:31:51.338+0000] {dagbag.py:545} INFO - Filling up the DagBag from /opt/airflow/dags/dag2.py
[2026-02-12T21:31:51.356+0000] {processor.py:840} INFO - DAG(s) 'twitter_pipeline_2' retrieved from /opt/airflow/dags/dag2.py
[2026-02-12T21:31:51.380+0000] {logging_mixin.py:188} INFO - [2026-02-12T21:31:51.380+0000] {dag.py:3089} INFO - Sync 1 DAGs
[2026-02-12T21:31:51.400+0000] {logging_mixin.py:188} INFO - [2026-02-12T21:31:51.399+0000] {dag.py:3947} INFO - Setting next_dagrun for twitter_pipeline_2 to 2026-02-12 00:00:00+00:00, run_after=2026-02-13 00:00:00+00:00
[2026-02-12T21:31:51.413+0000] {processor.py:183} INFO - Processing /opt/airflow/dags/dag2.py took 0.082 seconds
[2026-02-12T21:32:19.490+0000] {processor.py:161} INFO - Started process (PID=589) to work on /opt/airflow/dags/dag2.py
[2026-02-12T21:32:19.492+0000] {processor.py:830} INFO - Processing file /opt/airflow/dags/dag2.py for tasks to queue
[2026-02-12T21:32:19.493+0000] {logging_mixin.py:188} INFO - [2026-02-12T21:32:19.493+0000] {dagbag.py:545} INFO - Filling up the DagBag from /opt/airflow/dags/dag2.py
[2026-02-12T21:32:19.514+0000] {processor.py:840} INFO - DAG(s) 'twitter_pipeline_2' retrieved from /opt/airflow/dags/dag2.py
[2026-02-12T21:32:19.619+0000] {logging_mixin.py:188} INFO - [2026-02-12T21:32:19.619+0000] {dag.py:3089} INFO - Sync 1 DAGs
[2026-02-12T21:32:19.634+0000] {logging_mixin.py:188} INFO - [2026-02-12T21:32:19.634+0000] {dag.py:3947} INFO - Setting next_dagrun for twitter_pipeline_2 to 2026-02-12 00:00:00+00:00, run_after=2026-02-13 00:00:00+00:00
[2026-02-12T21:32:19.648+0000] {processor.py:183} INFO - Processing /opt/airflow/dags/dag2.py took 0.163 seconds
[2026-02-12T21:32:49.728+0000] {processor.py:161} INFO - Started process (PID=599) to work on /opt/airflow/dags/dag2.py
[2026-02-12T21:32:49.729+0000] {processor.py:830} INFO - Processing file /opt/airflow/dags/dag2.py for tasks to queue
[2026-02-12T21:32:49.731+0000] {logging_mixin.py:188} INFO - [2026-02-12T21:32:49.730+0000] {dagbag.py:545} INFO - Filling up the DagBag from /opt/airflow/dags/dag2.py
[2026-02-12T21:32:49.746+0000] {processor.py:840} INFO - DAG(s) 'twitter_pipeline_2' retrieved from /opt/airflow/dags/dag2.py
[2026-02-12T21:32:49.766+0000] {logging_mixin.py:188} INFO - [2026-02-12T21:32:49.766+0000] {dag.py:3089} INFO - Sync 1 DAGs
[2026-02-12T21:32:49.780+0000] {logging_mixin.py:188} INFO - [2026-02-12T21:32:49.780+0000] {dag.py:3947} INFO - Setting next_dagrun for twitter_pipeline_2 to 2026-02-12 00:00:00+00:00, run_after=2026-02-13 00:00:00+00:00
[2026-02-12T21:32:49.792+0000] {processor.py:183} INFO - Processing /opt/airflow/dags/dag2.py took 0.069 seconds
[2026-02-12T21:33:21.037+0000] {processor.py:161} INFO - Started process (PID=609) to work on /opt/airflow/dags/dag2.py
[2026-02-12T21:33:21.038+0000] {processor.py:830} INFO - Processing file /opt/airflow/dags/dag2.py for tasks to queue
[2026-02-12T21:33:21.039+0000] {logging_mixin.py:188} INFO - [2026-02-12T21:33:21.039+0000] {dagbag.py:545} INFO - Filling up the DagBag from /opt/airflow/dags/dag2.py
[2026-02-12T21:33:21.056+0000] {processor.py:840} INFO - DAG(s) 'twitter_pipeline_2' retrieved from /opt/airflow/dags/dag2.py
[2026-02-12T21:33:21.076+0000] {logging_mixin.py:188} INFO - [2026-02-12T21:33:21.076+0000] {dag.py:3089} INFO - Sync 1 DAGs
[2026-02-12T21:33:21.091+0000] {logging_mixin.py:188} INFO - [2026-02-12T21:33:21.091+0000] {dag.py:3947} INFO - Setting next_dagrun for twitter_pipeline_2 to 2026-02-12 00:00:00+00:00, run_after=2026-02-13 00:00:00+00:00
[2026-02-12T21:33:21.105+0000] {processor.py:183} INFO - Processing /opt/airflow/dags/dag2.py took 0.074 seconds
[2026-02-12T21:33:33.080+0000] {processor.py:161} INFO - Started process (PID=614) to work on /opt/airflow/dags/dag2.py
[2026-02-12T21:33:33.081+0000] {processor.py:830} INFO - Processing file /opt/airflow/dags/dag2.py for tasks to queue
[2026-02-12T21:33:33.082+0000] {logging_mixin.py:188} INFO - [2026-02-12T21:33:33.082+0000] {dagbag.py:545} INFO - Filling up the DagBag from /opt/airflow/dags/dag2.py
[2026-02-12T21:33:33.098+0000] {processor.py:840} INFO - DAG(s) 'twitter_pipeline_2' retrieved from /opt/airflow/dags/dag2.py
[2026-02-12T21:33:33.185+0000] {logging_mixin.py:188} INFO - [2026-02-12T21:33:33.184+0000] {dag.py:3089} INFO - Sync 1 DAGs
[2026-02-12T21:33:33.200+0000] {logging_mixin.py:188} INFO - [2026-02-12T21:33:33.200+0000] {dag.py:3947} INFO - Setting next_dagrun for twitter_pipeline_2 to 2026-02-12 00:00:00+00:00, run_after=2026-02-13 00:00:00+00:00
[2026-02-12T21:33:33.217+0000] {processor.py:183} INFO - Processing /opt/airflow/dags/dag2.py took 0.142 seconds
[2026-02-12T21:34:03.325+0000] {processor.py:161} INFO - Started process (PID=624) to work on /opt/airflow/dags/dag2.py
[2026-02-12T21:34:03.327+0000] {processor.py:830} INFO - Processing file /opt/airflow/dags/dag2.py for tasks to queue
[2026-02-12T21:34:03.328+0000] {logging_mixin.py:188} INFO - [2026-02-12T21:34:03.328+0000] {dagbag.py:545} INFO - Filling up the DagBag from /opt/airflow/dags/dag2.py
[2026-02-12T21:34:03.345+0000] {processor.py:840} INFO - DAG(s) 'twitter_pipeline_2' retrieved from /opt/airflow/dags/dag2.py
[2026-02-12T21:34:03.366+0000] {logging_mixin.py:188} INFO - [2026-02-12T21:34:03.366+0000] {dag.py:3089} INFO - Sync 1 DAGs
[2026-02-12T21:34:03.383+0000] {logging_mixin.py:188} INFO - [2026-02-12T21:34:03.383+0000] {dag.py:3947} INFO - Setting next_dagrun for twitter_pipeline_2 to 2026-02-12 00:00:00+00:00, run_after=2026-02-13 00:00:00+00:00
[2026-02-12T21:34:03.396+0000] {processor.py:183} INFO - Processing /opt/airflow/dags/dag2.py took 0.076 seconds
[2026-02-12T21:34:33.504+0000] {processor.py:161} INFO - Started process (PID=634) to work on /opt/airflow/dags/dag2.py
[2026-02-12T21:34:33.506+0000] {processor.py:830} INFO - Processing file /opt/airflow/dags/dag2.py for tasks to queue
[2026-02-12T21:34:33.507+0000] {logging_mixin.py:188} INFO - [2026-02-12T21:34:33.507+0000] {dagbag.py:545} INFO - Filling up the DagBag from /opt/airflow/dags/dag2.py
[2026-02-12T21:34:33.522+0000] {processor.py:840} INFO - DAG(s) 'twitter_pipeline_2' retrieved from /opt/airflow/dags/dag2.py
[2026-02-12T21:34:33.543+0000] {logging_mixin.py:188} INFO - [2026-02-12T21:34:33.543+0000] {dag.py:3089} INFO - Sync 1 DAGs
[2026-02-12T21:34:33.560+0000] {logging_mixin.py:188} INFO - [2026-02-12T21:34:33.559+0000] {dag.py:3947} INFO - Setting next_dagrun for twitter_pipeline_2 to 2026-02-12 00:00:00+00:00, run_after=2026-02-13 00:00:00+00:00
[2026-02-12T21:34:33.572+0000] {processor.py:183} INFO - Processing /opt/airflow/dags/dag2.py took 0.072 seconds
[2026-02-12T21:35:03.762+0000] {processor.py:161} INFO - Started process (PID=644) to work on /opt/airflow/dags/dag2.py
[2026-02-12T21:35:03.762+0000] {processor.py:830} INFO - Processing file /opt/airflow/dags/dag2.py for tasks to queue
[2026-02-12T21:35:03.764+0000] {logging_mixin.py:188} INFO - [2026-02-12T21:35:03.764+0000] {dagbag.py:545} INFO - Filling up the DagBag from /opt/airflow/dags/dag2.py
[2026-02-12T21:35:03.784+0000] {processor.py:840} INFO - DAG(s) 'twitter_pipeline_2' retrieved from /opt/airflow/dags/dag2.py
[2026-02-12T21:35:03.815+0000] {logging_mixin.py:188} INFO - [2026-02-12T21:35:03.815+0000] {dag.py:3089} INFO - Sync 1 DAGs
[2026-02-12T21:35:03.836+0000] {logging_mixin.py:188} INFO - [2026-02-12T21:35:03.836+0000] {dag.py:3947} INFO - Setting next_dagrun for twitter_pipeline_2 to 2026-02-12 00:00:00+00:00, run_after=2026-02-13 00:00:00+00:00
[2026-02-12T21:35:03.850+0000] {processor.py:183} INFO - Processing /opt/airflow/dags/dag2.py took 0.094 seconds
[2026-02-12T21:35:34.017+0000] {processor.py:161} INFO - Started process (PID=654) to work on /opt/airflow/dags/dag2.py
[2026-02-12T21:35:34.018+0000] {processor.py:830} INFO - Processing file /opt/airflow/dags/dag2.py for tasks to queue
[2026-02-12T21:35:34.020+0000] {logging_mixin.py:188} INFO - [2026-02-12T21:35:34.020+0000] {dagbag.py:545} INFO - Filling up the DagBag from /opt/airflow/dags/dag2.py
[2026-02-12T21:35:34.040+0000] {processor.py:840} INFO - DAG(s) 'twitter_pipeline_2' retrieved from /opt/airflow/dags/dag2.py
[2026-02-12T21:35:34.065+0000] {logging_mixin.py:188} INFO - [2026-02-12T21:35:34.065+0000] {dag.py:3089} INFO - Sync 1 DAGs
[2026-02-12T21:35:34.084+0000] {logging_mixin.py:188} INFO - [2026-02-12T21:35:34.084+0000] {dag.py:3947} INFO - Setting next_dagrun for twitter_pipeline_2 to 2026-02-12 00:00:00+00:00, run_after=2026-02-13 00:00:00+00:00
[2026-02-12T21:35:34.098+0000] {processor.py:183} INFO - Processing /opt/airflow/dags/dag2.py took 0.087 seconds
[2026-02-12T21:36:06.225+0000] {processor.py:161} INFO - Started process (PID=664) to work on /opt/airflow/dags/dag2.py
[2026-02-12T21:36:06.226+0000] {processor.py:830} INFO - Processing file /opt/airflow/dags/dag2.py for tasks to queue
[2026-02-12T21:36:06.227+0000] {logging_mixin.py:188} INFO - [2026-02-12T21:36:06.227+0000] {dagbag.py:545} INFO - Filling up the DagBag from /opt/airflow/dags/dag2.py
[2026-02-12T21:36:06.243+0000] {processor.py:840} INFO - DAG(s) 'twitter_pipeline_2' retrieved from /opt/airflow/dags/dag2.py
[2026-02-12T21:36:06.266+0000] {logging_mixin.py:188} INFO - [2026-02-12T21:36:06.266+0000] {dag.py:3089} INFO - Sync 1 DAGs
[2026-02-12T21:36:06.283+0000] {logging_mixin.py:188} INFO - [2026-02-12T21:36:06.283+0000] {dag.py:3947} INFO - Setting next_dagrun for twitter_pipeline_2 to 2026-02-12 00:00:00+00:00, run_after=2026-02-13 00:00:00+00:00
[2026-02-12T21:36:06.296+0000] {processor.py:183} INFO - Processing /opt/airflow/dags/dag2.py took 0.076 seconds
[2026-02-12T21:36:39.428+0000] {processor.py:161} INFO - Started process (PID=674) to work on /opt/airflow/dags/dag2.py
[2026-02-12T21:36:39.430+0000] {processor.py:830} INFO - Processing file /opt/airflow/dags/dag2.py for tasks to queue
[2026-02-12T21:36:39.432+0000] {logging_mixin.py:188} INFO - [2026-02-12T21:36:39.432+0000] {dagbag.py:545} INFO - Filling up the DagBag from /opt/airflow/dags/dag2.py
[2026-02-12T21:36:39.451+0000] {processor.py:840} INFO - DAG(s) 'twitter_pipeline_2' retrieved from /opt/airflow/dags/dag2.py
[2026-02-12T21:36:39.475+0000] {logging_mixin.py:188} INFO - [2026-02-12T21:36:39.475+0000] {dag.py:3089} INFO - Sync 1 DAGs
[2026-02-12T21:36:39.493+0000] {logging_mixin.py:188} INFO - [2026-02-12T21:36:39.493+0000] {dag.py:3947} INFO - Setting next_dagrun for twitter_pipeline_2 to 2026-02-12 00:00:00+00:00, run_after=2026-02-13 00:00:00+00:00
[2026-02-12T21:36:39.506+0000] {processor.py:183} INFO - Processing /opt/airflow/dags/dag2.py took 0.084 seconds
[2026-02-12T21:37:12.695+0000] {processor.py:161} INFO - Started process (PID=684) to work on /opt/airflow/dags/dag2.py
[2026-02-12T21:37:12.696+0000] {processor.py:830} INFO - Processing file /opt/airflow/dags/dag2.py for tasks to queue
[2026-02-12T21:37:12.698+0000] {logging_mixin.py:188} INFO - [2026-02-12T21:37:12.698+0000] {dagbag.py:545} INFO - Filling up the DagBag from /opt/airflow/dags/dag2.py
[2026-02-12T21:37:12.717+0000] {processor.py:840} INFO - DAG(s) 'twitter_pipeline_2' retrieved from /opt/airflow/dags/dag2.py
[2026-02-12T21:37:12.740+0000] {logging_mixin.py:188} INFO - [2026-02-12T21:37:12.739+0000] {dag.py:3089} INFO - Sync 1 DAGs
[2026-02-12T21:37:12.756+0000] {logging_mixin.py:188} INFO - [2026-02-12T21:37:12.756+0000] {dag.py:3947} INFO - Setting next_dagrun for twitter_pipeline_2 to 2026-02-12 00:00:00+00:00, run_after=2026-02-13 00:00:00+00:00
[2026-02-12T21:37:12.769+0000] {processor.py:183} INFO - Processing /opt/airflow/dags/dag2.py took 0.079 seconds
[2026-02-12T21:37:45.962+0000] {processor.py:161} INFO - Started process (PID=694) to work on /opt/airflow/dags/dag2.py
[2026-02-12T21:37:45.964+0000] {processor.py:830} INFO - Processing file /opt/airflow/dags/dag2.py for tasks to queue
[2026-02-12T21:37:45.966+0000] {logging_mixin.py:188} INFO - [2026-02-12T21:37:45.966+0000] {dagbag.py:545} INFO - Filling up the DagBag from /opt/airflow/dags/dag2.py
[2026-02-12T21:37:45.989+0000] {processor.py:840} INFO - DAG(s) 'twitter_pipeline_2' retrieved from /opt/airflow/dags/dag2.py
[2026-02-12T21:37:46.017+0000] {logging_mixin.py:188} INFO - [2026-02-12T21:37:46.017+0000] {dag.py:3089} INFO - Sync 1 DAGs
[2026-02-12T21:37:46.034+0000] {logging_mixin.py:188} INFO - [2026-02-12T21:37:46.034+0000] {dag.py:3947} INFO - Setting next_dagrun for twitter_pipeline_2 to 2026-02-12 00:00:00+00:00, run_after=2026-02-13 00:00:00+00:00
[2026-02-12T21:37:46.048+0000] {processor.py:183} INFO - Processing /opt/airflow/dags/dag2.py took 0.093 seconds
[2026-02-12T21:38:19.204+0000] {processor.py:161} INFO - Started process (PID=704) to work on /opt/airflow/dags/dag2.py
[2026-02-12T21:38:19.205+0000] {processor.py:830} INFO - Processing file /opt/airflow/dags/dag2.py for tasks to queue
[2026-02-12T21:38:19.206+0000] {logging_mixin.py:188} INFO - [2026-02-12T21:38:19.206+0000] {dagbag.py:545} INFO - Filling up the DagBag from /opt/airflow/dags/dag2.py
[2026-02-12T21:38:19.250+0000] {processor.py:840} INFO - DAG(s) 'twitter_pipeline_2' retrieved from /opt/airflow/dags/dag2.py
[2026-02-12T21:38:19.276+0000] {logging_mixin.py:188} INFO - [2026-02-12T21:38:19.276+0000] {dag.py:3089} INFO - Sync 1 DAGs
[2026-02-12T21:38:19.292+0000] {logging_mixin.py:188} INFO - [2026-02-12T21:38:19.291+0000] {dag.py:3947} INFO - Setting next_dagrun for twitter_pipeline_2 to 2026-02-12 00:00:00+00:00, run_after=2026-02-13 00:00:00+00:00
[2026-02-12T21:38:19.304+0000] {processor.py:183} INFO - Processing /opt/airflow/dags/dag2.py took 0.106 seconds
[2026-02-12T21:38:57.327+0000] {processor.py:161} INFO - Started process (PID=169) to work on /opt/airflow/dags/dag2.py
[2026-02-12T21:38:57.328+0000] {processor.py:830} INFO - Processing file /opt/airflow/dags/dag2.py for tasks to queue
[2026-02-12T21:38:57.329+0000] {logging_mixin.py:188} INFO - [2026-02-12T21:38:57.329+0000] {dagbag.py:545} INFO - Filling up the DagBag from /opt/airflow/dags/dag2.py
[2026-02-12T21:38:57.381+0000] {processor.py:840} INFO - DAG(s) 'twitter_pipeline_2' retrieved from /opt/airflow/dags/dag2.py
[2026-02-12T21:38:57.394+0000] {logging_mixin.py:188} INFO - [2026-02-12T21:38:57.394+0000] {dag.py:3089} INFO - Sync 1 DAGs
[2026-02-12T21:38:57.413+0000] {logging_mixin.py:188} INFO - [2026-02-12T21:38:57.413+0000] {dag.py:3947} INFO - Setting next_dagrun for twitter_pipeline_2 to 2026-02-12 00:00:00+00:00, run_after=2026-02-13 00:00:00+00:00
[2026-02-12T21:38:57.426+0000] {processor.py:183} INFO - Processing /opt/airflow/dags/dag2.py took 0.109 seconds
[2026-02-12T21:39:27.508+0000] {processor.py:161} INFO - Started process (PID=179) to work on /opt/airflow/dags/dag2.py
[2026-02-12T21:39:27.509+0000] {processor.py:830} INFO - Processing file /opt/airflow/dags/dag2.py for tasks to queue
[2026-02-12T21:39:27.511+0000] {logging_mixin.py:188} INFO - [2026-02-12T21:39:27.511+0000] {dagbag.py:545} INFO - Filling up the DagBag from /opt/airflow/dags/dag2.py
[2026-02-12T21:39:27.539+0000] {processor.py:840} INFO - DAG(s) 'twitter_pipeline_2' retrieved from /opt/airflow/dags/dag2.py
[2026-02-12T21:39:27.708+0000] {logging_mixin.py:188} INFO - [2026-02-12T21:39:27.708+0000] {dag.py:3089} INFO - Sync 1 DAGs
[2026-02-12T21:39:27.724+0000] {logging_mixin.py:188} INFO - [2026-02-12T21:39:27.724+0000] {dag.py:3947} INFO - Setting next_dagrun for twitter_pipeline_2 to 2026-02-12 00:00:00+00:00, run_after=2026-02-13 00:00:00+00:00
[2026-02-12T21:39:27.741+0000] {processor.py:183} INFO - Processing /opt/airflow/dags/dag2.py took 0.241 seconds
[2026-02-12T21:39:57.935+0000] {processor.py:161} INFO - Started process (PID=189) to work on /opt/airflow/dags/dag2.py
[2026-02-12T21:39:57.936+0000] {processor.py:830} INFO - Processing file /opt/airflow/dags/dag2.py for tasks to queue
[2026-02-12T21:39:57.938+0000] {logging_mixin.py:188} INFO - [2026-02-12T21:39:57.937+0000] {dagbag.py:545} INFO - Filling up the DagBag from /opt/airflow/dags/dag2.py
[2026-02-12T21:39:57.961+0000] {processor.py:840} INFO - DAG(s) 'twitter_pipeline_2' retrieved from /opt/airflow/dags/dag2.py
[2026-02-12T21:39:57.984+0000] {logging_mixin.py:188} INFO - [2026-02-12T21:39:57.984+0000] {dag.py:3089} INFO - Sync 1 DAGs
[2026-02-12T21:39:58.003+0000] {logging_mixin.py:188} INFO - [2026-02-12T21:39:58.003+0000] {dag.py:3947} INFO - Setting next_dagrun for twitter_pipeline_2 to 2026-02-12 00:00:00+00:00, run_after=2026-02-13 00:00:00+00:00
[2026-02-12T21:39:58.018+0000] {processor.py:183} INFO - Processing /opt/airflow/dags/dag2.py took 0.090 seconds
[2026-02-12T21:40:31.117+0000] {processor.py:161} INFO - Started process (PID=199) to work on /opt/airflow/dags/dag2.py
[2026-02-12T21:40:31.118+0000] {processor.py:830} INFO - Processing file /opt/airflow/dags/dag2.py for tasks to queue
[2026-02-12T21:40:31.119+0000] {logging_mixin.py:188} INFO - [2026-02-12T21:40:31.119+0000] {dagbag.py:545} INFO - Filling up the DagBag from /opt/airflow/dags/dag2.py
[2026-02-12T21:40:31.138+0000] {processor.py:840} INFO - DAG(s) 'twitter_pipeline_2' retrieved from /opt/airflow/dags/dag2.py
[2026-02-12T21:40:31.162+0000] {logging_mixin.py:188} INFO - [2026-02-12T21:40:31.162+0000] {dag.py:3089} INFO - Sync 1 DAGs
[2026-02-12T21:40:31.181+0000] {logging_mixin.py:188} INFO - [2026-02-12T21:40:31.181+0000] {dag.py:3947} INFO - Setting next_dagrun for twitter_pipeline_2 to 2026-02-12 00:00:00+00:00, run_after=2026-02-13 00:00:00+00:00
[2026-02-12T21:40:31.194+0000] {processor.py:183} INFO - Processing /opt/airflow/dags/dag2.py took 0.083 seconds
[2026-02-12T21:41:04.342+0000] {processor.py:161} INFO - Started process (PID=209) to work on /opt/airflow/dags/dag2.py
[2026-02-12T21:41:04.342+0000] {processor.py:830} INFO - Processing file /opt/airflow/dags/dag2.py for tasks to queue
[2026-02-12T21:41:04.344+0000] {logging_mixin.py:188} INFO - [2026-02-12T21:41:04.343+0000] {dagbag.py:545} INFO - Filling up the DagBag from /opt/airflow/dags/dag2.py
[2026-02-12T21:41:04.362+0000] {processor.py:840} INFO - DAG(s) 'twitter_pipeline_2' retrieved from /opt/airflow/dags/dag2.py
[2026-02-12T21:41:04.385+0000] {logging_mixin.py:188} INFO - [2026-02-12T21:41:04.385+0000] {dag.py:3089} INFO - Sync 1 DAGs
[2026-02-12T21:41:04.402+0000] {logging_mixin.py:188} INFO - [2026-02-12T21:41:04.402+0000] {dag.py:3947} INFO - Setting next_dagrun for twitter_pipeline_2 to 2026-02-12 00:00:00+00:00, run_after=2026-02-13 00:00:00+00:00
[2026-02-12T21:41:04.415+0000] {processor.py:183} INFO - Processing /opt/airflow/dags/dag2.py took 0.079 seconds
[2026-02-12T21:41:37.550+0000] {processor.py:161} INFO - Started process (PID=219) to work on /opt/airflow/dags/dag2.py
[2026-02-12T21:41:37.551+0000] {processor.py:830} INFO - Processing file /opt/airflow/dags/dag2.py for tasks to queue
[2026-02-12T21:41:37.552+0000] {logging_mixin.py:188} INFO - [2026-02-12T21:41:37.552+0000] {dagbag.py:545} INFO - Filling up the DagBag from /opt/airflow/dags/dag2.py
[2026-02-12T21:41:37.570+0000] {processor.py:840} INFO - DAG(s) 'twitter_pipeline_2' retrieved from /opt/airflow/dags/dag2.py
[2026-02-12T21:41:37.595+0000] {logging_mixin.py:188} INFO - [2026-02-12T21:41:37.594+0000] {dag.py:3089} INFO - Sync 1 DAGs
[2026-02-12T21:41:37.612+0000] {logging_mixin.py:188} INFO - [2026-02-12T21:41:37.611+0000] {dag.py:3947} INFO - Setting next_dagrun for twitter_pipeline_2 to 2026-02-12 00:00:00+00:00, run_after=2026-02-13 00:00:00+00:00
[2026-02-12T21:41:37.625+0000] {processor.py:183} INFO - Processing /opt/airflow/dags/dag2.py took 0.080 seconds
[2026-02-12T21:42:10.845+0000] {processor.py:161} INFO - Started process (PID=229) to work on /opt/airflow/dags/dag2.py
[2026-02-12T21:42:10.846+0000] {processor.py:830} INFO - Processing file /opt/airflow/dags/dag2.py for tasks to queue
[2026-02-12T21:42:10.848+0000] {logging_mixin.py:188} INFO - [2026-02-12T21:42:10.848+0000] {dagbag.py:545} INFO - Filling up the DagBag from /opt/airflow/dags/dag2.py
[2026-02-12T21:42:10.873+0000] {processor.py:840} INFO - DAG(s) 'twitter_pipeline_2' retrieved from /opt/airflow/dags/dag2.py
[2026-02-12T21:42:10.898+0000] {logging_mixin.py:188} INFO - [2026-02-12T21:42:10.897+0000] {dag.py:3089} INFO - Sync 1 DAGs
[2026-02-12T21:42:10.914+0000] {logging_mixin.py:188} INFO - [2026-02-12T21:42:10.914+0000] {dag.py:3947} INFO - Setting next_dagrun for twitter_pipeline_2 to 2026-02-12 00:00:00+00:00, run_after=2026-02-13 00:00:00+00:00
[2026-02-12T21:42:10.926+0000] {processor.py:183} INFO - Processing /opt/airflow/dags/dag2.py took 0.086 seconds
[2026-02-12T21:42:41.132+0000] {processor.py:161} INFO - Started process (PID=239) to work on /opt/airflow/dags/dag2.py
[2026-02-12T21:42:41.133+0000] {processor.py:830} INFO - Processing file /opt/airflow/dags/dag2.py for tasks to queue
[2026-02-12T21:42:41.135+0000] {logging_mixin.py:188} INFO - [2026-02-12T21:42:41.135+0000] {dagbag.py:545} INFO - Filling up the DagBag from /opt/airflow/dags/dag2.py
[2026-02-12T21:42:41.153+0000] {processor.py:840} INFO - DAG(s) 'twitter_pipeline_2' retrieved from /opt/airflow/dags/dag2.py
[2026-02-12T21:42:41.178+0000] {logging_mixin.py:188} INFO - [2026-02-12T21:42:41.178+0000] {dag.py:3089} INFO - Sync 1 DAGs
[2026-02-12T21:42:43.093+0000] {logging_mixin.py:188} INFO - [2026-02-12T21:42:43.093+0000] {dag.py:3947} INFO - Setting next_dagrun for twitter_pipeline_2 to 2026-02-12 00:00:00+00:00, run_after=2026-02-13 00:00:00+00:00
[2026-02-12T21:42:43.106+0000] {processor.py:183} INFO - Processing /opt/airflow/dags/dag2.py took 0.081 seconds
[2026-02-12T21:43:16.265+0000] {processor.py:161} INFO - Started process (PID=249) to work on /opt/airflow/dags/dag2.py
[2026-02-12T21:43:16.266+0000] {processor.py:830} INFO - Processing file /opt/airflow/dags/dag2.py for tasks to queue
[2026-02-12T21:43:16.268+0000] {logging_mixin.py:188} INFO - [2026-02-12T21:43:16.268+0000] {dagbag.py:545} INFO - Filling up the DagBag from /opt/airflow/dags/dag2.py
[2026-02-12T21:43:16.282+0000] {processor.py:840} INFO - DAG(s) 'twitter_pipeline_2' retrieved from /opt/airflow/dags/dag2.py
[2026-02-12T21:43:16.305+0000] {logging_mixin.py:188} INFO - [2026-02-12T21:43:16.305+0000] {dag.py:3089} INFO - Sync 1 DAGs
[2026-02-12T21:43:16.322+0000] {logging_mixin.py:188} INFO - [2026-02-12T21:43:16.321+0000] {dag.py:3947} INFO - Setting next_dagrun for twitter_pipeline_2 to 2026-02-12 00:00:00+00:00, run_after=2026-02-13 00:00:00+00:00
[2026-02-12T21:43:16.335+0000] {processor.py:183} INFO - Processing /opt/airflow/dags/dag2.py took 0.075 seconds
[2026-02-12T21:43:49.475+0000] {processor.py:161} INFO - Started process (PID=259) to work on /opt/airflow/dags/dag2.py
[2026-02-12T21:43:49.476+0000] {processor.py:830} INFO - Processing file /opt/airflow/dags/dag2.py for tasks to queue
[2026-02-12T21:43:49.477+0000] {logging_mixin.py:188} INFO - [2026-02-12T21:43:49.477+0000] {dagbag.py:545} INFO - Filling up the DagBag from /opt/airflow/dags/dag2.py
[2026-02-12T21:43:49.494+0000] {processor.py:840} INFO - DAG(s) 'twitter_pipeline_2' retrieved from /opt/airflow/dags/dag2.py
[2026-02-12T21:43:49.517+0000] {logging_mixin.py:188} INFO - [2026-02-12T21:43:49.517+0000] {dag.py:3089} INFO - Sync 1 DAGs
[2026-02-12T21:43:49.536+0000] {logging_mixin.py:188} INFO - [2026-02-12T21:43:49.536+0000] {dag.py:3947} INFO - Setting next_dagrun for twitter_pipeline_2 to 2026-02-12 00:00:00+00:00, run_after=2026-02-13 00:00:00+00:00
[2026-02-12T21:43:49.550+0000] {processor.py:183} INFO - Processing /opt/airflow/dags/dag2.py took 0.080 seconds
[2026-02-12T21:44:22.734+0000] {processor.py:161} INFO - Started process (PID=269) to work on /opt/airflow/dags/dag2.py
[2026-02-12T21:44:22.735+0000] {processor.py:830} INFO - Processing file /opt/airflow/dags/dag2.py for tasks to queue
[2026-02-12T21:44:22.737+0000] {logging_mixin.py:188} INFO - [2026-02-12T21:44:22.737+0000] {dagbag.py:545} INFO - Filling up the DagBag from /opt/airflow/dags/dag2.py
[2026-02-12T21:44:22.755+0000] {processor.py:840} INFO - DAG(s) 'twitter_pipeline_2' retrieved from /opt/airflow/dags/dag2.py
[2026-02-12T21:44:22.779+0000] {logging_mixin.py:188} INFO - [2026-02-12T21:44:22.779+0000] {dag.py:3089} INFO - Sync 1 DAGs
[2026-02-12T21:44:22.796+0000] {logging_mixin.py:188} INFO - [2026-02-12T21:44:22.796+0000] {dag.py:3947} INFO - Setting next_dagrun for twitter_pipeline_2 to 2026-02-12 00:00:00+00:00, run_after=2026-02-13 00:00:00+00:00
[2026-02-12T21:44:22.809+0000] {processor.py:183} INFO - Processing /opt/airflow/dags/dag2.py took 0.082 seconds
[2026-02-12T21:44:55.930+0000] {processor.py:161} INFO - Started process (PID=513) to work on /opt/airflow/dags/dag2.py
[2026-02-12T21:44:55.932+0000] {processor.py:830} INFO - Processing file /opt/airflow/dags/dag2.py for tasks to queue
[2026-02-12T21:44:55.933+0000] {logging_mixin.py:188} INFO - [2026-02-12T21:44:55.933+0000] {dagbag.py:545} INFO - Filling up the DagBag from /opt/airflow/dags/dag2.py
[2026-02-12T21:44:55.949+0000] {processor.py:840} INFO - DAG(s) 'twitter_pipeline_2' retrieved from /opt/airflow/dags/dag2.py
[2026-02-12T21:44:55.969+0000] {logging_mixin.py:188} INFO - [2026-02-12T21:44:55.969+0000] {dag.py:3089} INFO - Sync 1 DAGs
[2026-02-12T21:44:55.984+0000] {logging_mixin.py:188} INFO - [2026-02-12T21:44:55.984+0000] {dag.py:3947} INFO - Setting next_dagrun for twitter_pipeline_2 to 2026-02-12 00:00:00+00:00, run_after=2026-02-13 00:00:00+00:00
[2026-02-12T21:44:55.997+0000] {processor.py:183} INFO - Processing /opt/airflow/dags/dag2.py took 0.071 seconds
[2026-02-12T21:45:29.143+0000] {processor.py:161} INFO - Started process (PID=523) to work on /opt/airflow/dags/dag2.py
[2026-02-12T21:45:29.144+0000] {processor.py:830} INFO - Processing file /opt/airflow/dags/dag2.py for tasks to queue
[2026-02-12T21:45:29.146+0000] {logging_mixin.py:188} INFO - [2026-02-12T21:45:29.146+0000] {dagbag.py:545} INFO - Filling up the DagBag from /opt/airflow/dags/dag2.py
[2026-02-12T21:45:29.164+0000] {processor.py:840} INFO - DAG(s) 'twitter_pipeline_2' retrieved from /opt/airflow/dags/dag2.py
[2026-02-12T21:45:29.187+0000] {logging_mixin.py:188} INFO - [2026-02-12T21:45:29.187+0000] {dag.py:3089} INFO - Sync 1 DAGs
[2026-02-12T21:45:29.203+0000] {logging_mixin.py:188} INFO - [2026-02-12T21:45:29.203+0000] {dag.py:3947} INFO - Setting next_dagrun for twitter_pipeline_2 to 2026-02-12 00:00:00+00:00, run_after=2026-02-13 00:00:00+00:00
[2026-02-12T21:45:29.215+0000] {processor.py:183} INFO - Processing /opt/airflow/dags/dag2.py took 0.077 seconds
[2026-02-12T21:46:02.367+0000] {processor.py:161} INFO - Started process (PID=533) to work on /opt/airflow/dags/dag2.py
[2026-02-12T21:46:02.368+0000] {processor.py:830} INFO - Processing file /opt/airflow/dags/dag2.py for tasks to queue
[2026-02-12T21:46:02.370+0000] {logging_mixin.py:188} INFO - [2026-02-12T21:46:02.370+0000] {dagbag.py:545} INFO - Filling up the DagBag from /opt/airflow/dags/dag2.py
[2026-02-12T21:46:02.387+0000] {processor.py:840} INFO - DAG(s) 'twitter_pipeline_2' retrieved from /opt/airflow/dags/dag2.py
[2026-02-12T21:46:02.411+0000] {logging_mixin.py:188} INFO - [2026-02-12T21:46:02.411+0000] {dag.py:3089} INFO - Sync 1 DAGs
[2026-02-12T21:46:02.427+0000] {logging_mixin.py:188} INFO - [2026-02-12T21:46:02.427+0000] {dag.py:3947} INFO - Setting next_dagrun for twitter_pipeline_2 to 2026-02-12 00:00:00+00:00, run_after=2026-02-13 00:00:00+00:00
[2026-02-12T21:46:02.440+0000] {processor.py:183} INFO - Processing /opt/airflow/dags/dag2.py took 0.078 seconds
[2026-02-12T21:46:32.708+0000] {processor.py:161} INFO - Started process (PID=543) to work on /opt/airflow/dags/dag2.py
[2026-02-12T21:46:32.709+0000] {processor.py:830} INFO - Processing file /opt/airflow/dags/dag2.py for tasks to queue
[2026-02-12T21:46:32.711+0000] {logging_mixin.py:188} INFO - [2026-02-12T21:46:32.711+0000] {dagbag.py:545} INFO - Filling up the DagBag from /opt/airflow/dags/dag2.py
[2026-02-12T21:46:32.728+0000] {processor.py:840} INFO - DAG(s) 'twitter_pipeline_2' retrieved from /opt/airflow/dags/dag2.py
[2026-02-12T21:46:32.750+0000] {logging_mixin.py:188} INFO - [2026-02-12T21:46:32.750+0000] {dag.py:3089} INFO - Sync 1 DAGs
[2026-02-12T21:46:32.766+0000] {logging_mixin.py:188} INFO - [2026-02-12T21:46:32.766+0000] {dag.py:3947} INFO - Setting next_dagrun for twitter_pipeline_2 to 2026-02-12 00:00:00+00:00, run_after=2026-02-13 00:00:00+00:00
[2026-02-12T21:46:32.779+0000] {processor.py:183} INFO - Processing /opt/airflow/dags/dag2.py took 0.076 seconds
[2026-02-12T21:47:03.715+0000] {processor.py:161} INFO - Started process (PID=553) to work on /opt/airflow/dags/dag2.py
[2026-02-12T21:47:03.716+0000] {processor.py:830} INFO - Processing file /opt/airflow/dags/dag2.py for tasks to queue
[2026-02-12T21:47:03.717+0000] {logging_mixin.py:188} INFO - [2026-02-12T21:47:03.717+0000] {dagbag.py:545} INFO - Filling up the DagBag from /opt/airflow/dags/dag2.py
[2026-02-12T21:47:03.735+0000] {processor.py:840} INFO - DAG(s) 'twitter_pipeline_2' retrieved from /opt/airflow/dags/dag2.py
[2026-02-12T21:47:03.758+0000] {logging_mixin.py:188} INFO - [2026-02-12T21:47:03.757+0000] {dag.py:3089} INFO - Sync 1 DAGs
[2026-02-12T21:47:03.776+0000] {logging_mixin.py:188} INFO - [2026-02-12T21:47:03.775+0000] {dag.py:3947} INFO - Setting next_dagrun for twitter_pipeline_2 to 2026-02-12 00:00:00+00:00, run_after=2026-02-13 00:00:00+00:00
[2026-02-12T21:47:03.788+0000] {processor.py:183} INFO - Processing /opt/airflow/dags/dag2.py took 0.079 seconds
[2026-02-12T21:47:34.001+0000] {processor.py:161} INFO - Started process (PID=563) to work on /opt/airflow/dags/dag2.py
[2026-02-12T21:47:34.002+0000] {processor.py:830} INFO - Processing file /opt/airflow/dags/dag2.py for tasks to queue
[2026-02-12T21:47:34.004+0000] {logging_mixin.py:188} INFO - [2026-02-12T21:47:34.004+0000] {dagbag.py:545} INFO - Filling up the DagBag from /opt/airflow/dags/dag2.py
[2026-02-12T21:47:34.022+0000] {processor.py:840} INFO - DAG(s) 'twitter_pipeline_2' retrieved from /opt/airflow/dags/dag2.py
[2026-02-12T21:47:34.045+0000] {logging_mixin.py:188} INFO - [2026-02-12T21:47:34.044+0000] {dag.py:3089} INFO - Sync 1 DAGs
[2026-02-12T21:47:34.063+0000] {logging_mixin.py:188} INFO - [2026-02-12T21:47:34.062+0000] {dag.py:3947} INFO - Setting next_dagrun for twitter_pipeline_2 to 2026-02-12 00:00:00+00:00, run_after=2026-02-13 00:00:00+00:00
[2026-02-12T21:47:34.075+0000] {processor.py:183} INFO - Processing /opt/airflow/dags/dag2.py took 0.079 seconds
[2026-02-12T21:48:04.153+0000] {processor.py:161} INFO - Started process (PID=573) to work on /opt/airflow/dags/dag2.py
[2026-02-12T21:48:04.154+0000] {processor.py:830} INFO - Processing file /opt/airflow/dags/dag2.py for tasks to queue
[2026-02-12T21:48:04.156+0000] {logging_mixin.py:188} INFO - [2026-02-12T21:48:04.155+0000] {dagbag.py:545} INFO - Filling up the DagBag from /opt/airflow/dags/dag2.py
[2026-02-12T21:48:04.173+0000] {processor.py:840} INFO - DAG(s) 'twitter_pipeline_2' retrieved from /opt/airflow/dags/dag2.py
[2026-02-12T21:48:04.196+0000] {logging_mixin.py:188} INFO - [2026-02-12T21:48:04.196+0000] {dag.py:3089} INFO - Sync 1 DAGs
[2026-02-12T21:48:04.212+0000] {logging_mixin.py:188} INFO - [2026-02-12T21:48:04.212+0000] {dag.py:3947} INFO - Setting next_dagrun for twitter_pipeline_2 to 2026-02-12 00:00:00+00:00, run_after=2026-02-13 00:00:00+00:00
[2026-02-12T21:48:04.225+0000] {processor.py:183} INFO - Processing /opt/airflow/dags/dag2.py took 0.077 seconds
[2026-02-12T21:48:34.376+0000] {processor.py:161} INFO - Started process (PID=583) to work on /opt/airflow/dags/dag2.py
[2026-02-12T21:48:34.377+0000] {processor.py:830} INFO - Processing file /opt/airflow/dags/dag2.py for tasks to queue
[2026-02-12T21:48:34.379+0000] {logging_mixin.py:188} INFO - [2026-02-12T21:48:34.378+0000] {dagbag.py:545} INFO - Filling up the DagBag from /opt/airflow/dags/dag2.py
[2026-02-12T21:48:34.398+0000] {processor.py:840} INFO - DAG(s) 'twitter_pipeline_2' retrieved from /opt/airflow/dags/dag2.py
[2026-02-12T21:48:34.421+0000] {logging_mixin.py:188} INFO - [2026-02-12T21:48:34.420+0000] {dag.py:3089} INFO - Sync 1 DAGs
[2026-02-12T21:48:34.438+0000] {logging_mixin.py:188} INFO - [2026-02-12T21:48:34.438+0000] {dag.py:3947} INFO - Setting next_dagrun for twitter_pipeline_2 to 2026-02-12 00:00:00+00:00, run_after=2026-02-13 00:00:00+00:00
[2026-02-12T21:48:34.451+0000] {processor.py:183} INFO - Processing /opt/airflow/dags/dag2.py took 0.080 seconds
[2026-02-12T21:49:04.584+0000] {processor.py:161} INFO - Started process (PID=593) to work on /opt/airflow/dags/dag2.py
[2026-02-12T21:49:04.586+0000] {processor.py:830} INFO - Processing file /opt/airflow/dags/dag2.py for tasks to queue
[2026-02-12T21:49:04.587+0000] {logging_mixin.py:188} INFO - [2026-02-12T21:49:04.587+0000] {dagbag.py:545} INFO - Filling up the DagBag from /opt/airflow/dags/dag2.py
[2026-02-12T21:49:04.604+0000] {processor.py:840} INFO - DAG(s) 'twitter_pipeline_2' retrieved from /opt/airflow/dags/dag2.py
[2026-02-12T21:49:04.627+0000] {logging_mixin.py:188} INFO - [2026-02-12T21:49:04.627+0000] {dag.py:3089} INFO - Sync 1 DAGs
[2026-02-12T21:49:04.646+0000] {logging_mixin.py:188} INFO - [2026-02-12T21:49:04.646+0000] {dag.py:3947} INFO - Setting next_dagrun for twitter_pipeline_2 to 2026-02-12 00:00:00+00:00, run_after=2026-02-13 00:00:00+00:00
[2026-02-12T21:49:04.658+0000] {processor.py:183} INFO - Processing /opt/airflow/dags/dag2.py took 0.079 seconds
[2026-02-12T21:49:34.880+0000] {processor.py:161} INFO - Started process (PID=603) to work on /opt/airflow/dags/dag2.py
[2026-02-12T21:49:34.881+0000] {processor.py:830} INFO - Processing file /opt/airflow/dags/dag2.py for tasks to queue
[2026-02-12T21:49:34.883+0000] {logging_mixin.py:188} INFO - [2026-02-12T21:49:34.883+0000] {dagbag.py:545} INFO - Filling up the DagBag from /opt/airflow/dags/dag2.py
[2026-02-12T21:49:34.902+0000] {processor.py:840} INFO - DAG(s) 'twitter_pipeline_2' retrieved from /opt/airflow/dags/dag2.py
[2026-02-12T21:49:34.924+0000] {logging_mixin.py:188} INFO - [2026-02-12T21:49:34.924+0000] {dag.py:3089} INFO - Sync 1 DAGs
[2026-02-12T21:49:34.940+0000] {logging_mixin.py:188} INFO - [2026-02-12T21:49:34.940+0000] {dag.py:3947} INFO - Setting next_dagrun for twitter_pipeline_2 to 2026-02-12 00:00:00+00:00, run_after=2026-02-13 00:00:00+00:00
[2026-02-12T21:49:34.952+0000] {processor.py:183} INFO - Processing /opt/airflow/dags/dag2.py took 0.079 seconds
[2026-02-12T21:50:05.038+0000] {processor.py:161} INFO - Started process (PID=613) to work on /opt/airflow/dags/dag2.py
[2026-02-12T21:50:05.040+0000] {processor.py:830} INFO - Processing file /opt/airflow/dags/dag2.py for tasks to queue
[2026-02-12T21:50:05.041+0000] {logging_mixin.py:188} INFO - [2026-02-12T21:50:05.041+0000] {dagbag.py:545} INFO - Filling up the DagBag from /opt/airflow/dags/dag2.py
[2026-02-12T21:50:05.059+0000] {processor.py:840} INFO - DAG(s) 'twitter_pipeline_2' retrieved from /opt/airflow/dags/dag2.py
[2026-02-12T21:50:05.085+0000] {logging_mixin.py:188} INFO - [2026-02-12T21:50:05.085+0000] {dag.py:3089} INFO - Sync 1 DAGs
[2026-02-12T21:50:05.103+0000] {logging_mixin.py:188} INFO - [2026-02-12T21:50:05.103+0000] {dag.py:3947} INFO - Setting next_dagrun for twitter_pipeline_2 to 2026-02-12 00:00:00+00:00, run_after=2026-02-13 00:00:00+00:00
[2026-02-12T21:50:05.117+0000] {processor.py:183} INFO - Processing /opt/airflow/dags/dag2.py took 0.084 seconds
[2026-02-12T21:50:35.320+0000] {processor.py:161} INFO - Started process (PID=623) to work on /opt/airflow/dags/dag2.py
[2026-02-12T21:50:35.321+0000] {processor.py:830} INFO - Processing file /opt/airflow/dags/dag2.py for tasks to queue
[2026-02-12T21:50:35.323+0000] {logging_mixin.py:188} INFO - [2026-02-12T21:50:35.323+0000] {dagbag.py:545} INFO - Filling up the DagBag from /opt/airflow/dags/dag2.py
[2026-02-12T21:50:35.342+0000] {processor.py:840} INFO - DAG(s) 'twitter_pipeline_2' retrieved from /opt/airflow/dags/dag2.py
[2026-02-12T21:50:35.367+0000] {logging_mixin.py:188} INFO - [2026-02-12T21:50:35.367+0000] {dag.py:3089} INFO - Sync 1 DAGs
[2026-02-12T21:50:35.387+0000] {logging_mixin.py:188} INFO - [2026-02-12T21:50:35.386+0000] {dag.py:3947} INFO - Setting next_dagrun for twitter_pipeline_2 to 2026-02-12 00:00:00+00:00, run_after=2026-02-13 00:00:00+00:00
[2026-02-12T21:50:35.401+0000] {processor.py:183} INFO - Processing /opt/airflow/dags/dag2.py took 0.086 seconds
[2026-02-12T21:51:05.522+0000] {processor.py:161} INFO - Started process (PID=633) to work on /opt/airflow/dags/dag2.py
[2026-02-12T21:51:05.523+0000] {processor.py:830} INFO - Processing file /opt/airflow/dags/dag2.py for tasks to queue
[2026-02-12T21:51:05.524+0000] {logging_mixin.py:188} INFO - [2026-02-12T21:51:05.524+0000] {dagbag.py:545} INFO - Filling up the DagBag from /opt/airflow/dags/dag2.py
[2026-02-12T21:51:05.545+0000] {processor.py:840} INFO - DAG(s) 'twitter_pipeline_2' retrieved from /opt/airflow/dags/dag2.py
[2026-02-12T21:51:05.570+0000] {logging_mixin.py:188} INFO - [2026-02-12T21:51:05.570+0000] {dag.py:3089} INFO - Sync 1 DAGs
[2026-02-12T21:51:05.588+0000] {logging_mixin.py:188} INFO - [2026-02-12T21:51:05.587+0000] {dag.py:3947} INFO - Setting next_dagrun for twitter_pipeline_2 to 2026-02-12 00:00:00+00:00, run_after=2026-02-13 00:00:00+00:00
[2026-02-12T21:51:05.601+0000] {processor.py:183} INFO - Processing /opt/airflow/dags/dag2.py took 0.085 seconds
[2026-02-12T21:51:35.777+0000] {processor.py:161} INFO - Started process (PID=643) to work on /opt/airflow/dags/dag2.py
[2026-02-12T21:51:35.779+0000] {processor.py:830} INFO - Processing file /opt/airflow/dags/dag2.py for tasks to queue
[2026-02-12T21:51:35.781+0000] {logging_mixin.py:188} INFO - [2026-02-12T21:51:35.780+0000] {dagbag.py:545} INFO - Filling up the DagBag from /opt/airflow/dags/dag2.py
[2026-02-12T21:51:35.801+0000] {processor.py:840} INFO - DAG(s) 'twitter_pipeline_2' retrieved from /opt/airflow/dags/dag2.py
[2026-02-12T21:51:35.829+0000] {logging_mixin.py:188} INFO - [2026-02-12T21:51:35.828+0000] {dag.py:3089} INFO - Sync 1 DAGs
[2026-02-12T21:51:35.847+0000] {logging_mixin.py:188} INFO - [2026-02-12T21:51:35.847+0000] {dag.py:3947} INFO - Setting next_dagrun for twitter_pipeline_2 to 2026-02-12 00:00:00+00:00, run_after=2026-02-13 00:00:00+00:00
[2026-02-12T21:51:35.862+0000] {processor.py:183} INFO - Processing /opt/airflow/dags/dag2.py took 0.091 seconds
[2026-02-12T21:52:06.039+0000] {processor.py:161} INFO - Started process (PID=653) to work on /opt/airflow/dags/dag2.py
[2026-02-12T21:52:06.040+0000] {processor.py:830} INFO - Processing file /opt/airflow/dags/dag2.py for tasks to queue
[2026-02-12T21:52:06.042+0000] {logging_mixin.py:188} INFO - [2026-02-12T21:52:06.042+0000] {dagbag.py:545} INFO - Filling up the DagBag from /opt/airflow/dags/dag2.py
[2026-02-12T21:52:06.061+0000] {processor.py:840} INFO - DAG(s) 'twitter_pipeline_2' retrieved from /opt/airflow/dags/dag2.py
[2026-02-12T21:52:06.087+0000] {logging_mixin.py:188} INFO - [2026-02-12T21:52:06.087+0000] {dag.py:3089} INFO - Sync 1 DAGs
[2026-02-12T21:52:06.106+0000] {logging_mixin.py:188} INFO - [2026-02-12T21:52:06.106+0000] {dag.py:3947} INFO - Setting next_dagrun for twitter_pipeline_2 to 2026-02-12 00:00:00+00:00, run_after=2026-02-13 00:00:00+00:00
[2026-02-12T21:52:06.122+0000] {processor.py:183} INFO - Processing /opt/airflow/dags/dag2.py took 0.088 seconds
[2026-02-12T21:52:39.355+0000] {processor.py:161} INFO - Started process (PID=663) to work on /opt/airflow/dags/dag2.py
[2026-02-12T21:52:39.357+0000] {processor.py:830} INFO - Processing file /opt/airflow/dags/dag2.py for tasks to queue
[2026-02-12T21:52:39.359+0000] {logging_mixin.py:188} INFO - [2026-02-12T21:52:39.358+0000] {dagbag.py:545} INFO - Filling up the DagBag from /opt/airflow/dags/dag2.py
[2026-02-12T21:52:39.378+0000] {processor.py:840} INFO - DAG(s) 'twitter_pipeline_2' retrieved from /opt/airflow/dags/dag2.py
[2026-02-12T21:52:39.403+0000] {logging_mixin.py:188} INFO - [2026-02-12T21:52:39.403+0000] {dag.py:3089} INFO - Sync 1 DAGs
[2026-02-12T21:52:39.424+0000] {logging_mixin.py:188} INFO - [2026-02-12T21:52:39.424+0000] {dag.py:3947} INFO - Setting next_dagrun for twitter_pipeline_2 to 2026-02-12 00:00:00+00:00, run_after=2026-02-13 00:00:00+00:00
[2026-02-12T21:52:39.440+0000] {processor.py:183} INFO - Processing /opt/airflow/dags/dag2.py took 0.091 seconds
[2026-02-12T21:53:12.568+0000] {processor.py:161} INFO - Started process (PID=673) to work on /opt/airflow/dags/dag2.py
[2026-02-12T21:53:12.569+0000] {processor.py:830} INFO - Processing file /opt/airflow/dags/dag2.py for tasks to queue
[2026-02-12T21:53:12.570+0000] {logging_mixin.py:188} INFO - [2026-02-12T21:53:12.570+0000] {dagbag.py:545} INFO - Filling up the DagBag from /opt/airflow/dags/dag2.py
[2026-02-12T21:53:12.588+0000] {processor.py:840} INFO - DAG(s) 'twitter_pipeline_2' retrieved from /opt/airflow/dags/dag2.py
[2026-02-12T21:53:12.612+0000] {logging_mixin.py:188} INFO - [2026-02-12T21:53:12.612+0000] {dag.py:3089} INFO - Sync 1 DAGs
[2026-02-12T21:53:12.629+0000] {logging_mixin.py:188} INFO - [2026-02-12T21:53:12.629+0000] {dag.py:3947} INFO - Setting next_dagrun for twitter_pipeline_2 to 2026-02-12 00:00:00+00:00, run_after=2026-02-13 00:00:00+00:00
[2026-02-12T21:53:12.642+0000] {processor.py:183} INFO - Processing /opt/airflow/dags/dag2.py took 0.079 seconds
[2026-02-12T21:53:42.916+0000] {processor.py:161} INFO - Started process (PID=683) to work on /opt/airflow/dags/dag2.py
[2026-02-12T21:53:42.917+0000] {processor.py:830} INFO - Processing file /opt/airflow/dags/dag2.py for tasks to queue
[2026-02-12T21:53:42.918+0000] {logging_mixin.py:188} INFO - [2026-02-12T21:53:42.918+0000] {dagbag.py:545} INFO - Filling up the DagBag from /opt/airflow/dags/dag2.py
[2026-02-12T21:53:42.936+0000] {processor.py:840} INFO - DAG(s) 'twitter_pipeline_2' retrieved from /opt/airflow/dags/dag2.py
[2026-02-12T21:53:42.960+0000] {logging_mixin.py:188} INFO - [2026-02-12T21:53:42.960+0000] {dag.py:3089} INFO - Sync 1 DAGs
[2026-02-12T21:53:42.978+0000] {logging_mixin.py:188} INFO - [2026-02-12T21:53:42.978+0000] {dag.py:3947} INFO - Setting next_dagrun for twitter_pipeline_2 to 2026-02-12 00:00:00+00:00, run_after=2026-02-13 00:00:00+00:00
[2026-02-12T21:53:42.992+0000] {processor.py:183} INFO - Processing /opt/airflow/dags/dag2.py took 0.081 seconds
[2026-02-12T21:54:13.035+0000] {processor.py:161} INFO - Started process (PID=693) to work on /opt/airflow/dags/dag2.py
[2026-02-12T21:54:13.037+0000] {processor.py:830} INFO - Processing file /opt/airflow/dags/dag2.py for tasks to queue
[2026-02-12T21:54:13.038+0000] {logging_mixin.py:188} INFO - [2026-02-12T21:54:13.038+0000] {dagbag.py:545} INFO - Filling up the DagBag from /opt/airflow/dags/dag2.py
[2026-02-12T21:54:13.060+0000] {processor.py:840} INFO - DAG(s) 'twitter_pipeline_2' retrieved from /opt/airflow/dags/dag2.py
[2026-02-12T21:54:13.086+0000] {logging_mixin.py:188} INFO - [2026-02-12T21:54:13.085+0000] {dag.py:3089} INFO - Sync 1 DAGs
[2026-02-12T21:54:13.104+0000] {logging_mixin.py:188} INFO - [2026-02-12T21:54:13.104+0000] {dag.py:3947} INFO - Setting next_dagrun for twitter_pipeline_2 to 2026-02-12 00:00:00+00:00, run_after=2026-02-13 00:00:00+00:00
[2026-02-12T21:54:13.119+0000] {processor.py:183} INFO - Processing /opt/airflow/dags/dag2.py took 0.089 seconds
[2026-02-12T21:54:43.304+0000] {processor.py:161} INFO - Started process (PID=703) to work on /opt/airflow/dags/dag2.py
[2026-02-12T21:54:43.305+0000] {processor.py:830} INFO - Processing file /opt/airflow/dags/dag2.py for tasks to queue
[2026-02-12T21:54:43.306+0000] {logging_mixin.py:188} INFO - [2026-02-12T21:54:43.306+0000] {dagbag.py:545} INFO - Filling up the DagBag from /opt/airflow/dags/dag2.py
[2026-02-12T21:54:43.325+0000] {processor.py:840} INFO - DAG(s) 'twitter_pipeline_2' retrieved from /opt/airflow/dags/dag2.py
[2026-02-12T21:54:43.349+0000] {logging_mixin.py:188} INFO - [2026-02-12T21:54:43.349+0000] {dag.py:3089} INFO - Sync 1 DAGs
[2026-02-12T21:54:43.366+0000] {logging_mixin.py:188} INFO - [2026-02-12T21:54:43.366+0000] {dag.py:3947} INFO - Setting next_dagrun for twitter_pipeline_2 to 2026-02-12 00:00:00+00:00, run_after=2026-02-13 00:00:00+00:00
[2026-02-12T21:54:43.379+0000] {processor.py:183} INFO - Processing /opt/airflow/dags/dag2.py took 0.080 seconds
[2026-02-12T21:55:13.517+0000] {processor.py:161} INFO - Started process (PID=713) to work on /opt/airflow/dags/dag2.py
[2026-02-12T21:55:13.518+0000] {processor.py:830} INFO - Processing file /opt/airflow/dags/dag2.py for tasks to queue
[2026-02-12T21:55:13.520+0000] {logging_mixin.py:188} INFO - [2026-02-12T21:55:13.520+0000] {dagbag.py:545} INFO - Filling up the DagBag from /opt/airflow/dags/dag2.py
[2026-02-12T21:55:13.542+0000] {processor.py:840} INFO - DAG(s) 'twitter_pipeline_2' retrieved from /opt/airflow/dags/dag2.py
[2026-02-12T21:55:13.567+0000] {logging_mixin.py:188} INFO - [2026-02-12T21:55:13.567+0000] {dag.py:3089} INFO - Sync 1 DAGs
[2026-02-12T21:55:13.585+0000] {logging_mixin.py:188} INFO - [2026-02-12T21:55:13.585+0000] {dag.py:3947} INFO - Setting next_dagrun for twitter_pipeline_2 to 2026-02-12 00:00:00+00:00, run_after=2026-02-13 00:00:00+00:00
[2026-02-12T21:55:13.599+0000] {processor.py:183} INFO - Processing /opt/airflow/dags/dag2.py took 0.090 seconds
[2026-02-12T21:55:43.815+0000] {processor.py:161} INFO - Started process (PID=723) to work on /opt/airflow/dags/dag2.py
[2026-02-12T21:55:43.816+0000] {processor.py:830} INFO - Processing file /opt/airflow/dags/dag2.py for tasks to queue
[2026-02-12T21:55:43.817+0000] {logging_mixin.py:188} INFO - [2026-02-12T21:55:43.817+0000] {dagbag.py:545} INFO - Filling up the DagBag from /opt/airflow/dags/dag2.py
[2026-02-12T21:55:43.841+0000] {processor.py:840} INFO - DAG(s) 'twitter_pipeline_2' retrieved from /opt/airflow/dags/dag2.py
[2026-02-12T21:55:43.866+0000] {logging_mixin.py:188} INFO - [2026-02-12T21:55:43.865+0000] {dag.py:3089} INFO - Sync 1 DAGs
[2026-02-12T21:55:43.884+0000] {logging_mixin.py:188} INFO - [2026-02-12T21:55:43.884+0000] {dag.py:3947} INFO - Setting next_dagrun for twitter_pipeline_2 to 2026-02-12 00:00:00+00:00, run_after=2026-02-13 00:00:00+00:00
[2026-02-12T21:55:43.898+0000] {processor.py:183} INFO - Processing /opt/airflow/dags/dag2.py took 0.091 seconds
[2026-02-12T21:56:14.042+0000] {processor.py:161} INFO - Started process (PID=733) to work on /opt/airflow/dags/dag2.py
[2026-02-12T21:56:14.043+0000] {processor.py:830} INFO - Processing file /opt/airflow/dags/dag2.py for tasks to queue
[2026-02-12T21:56:14.045+0000] {logging_mixin.py:188} INFO - [2026-02-12T21:56:14.044+0000] {dagbag.py:545} INFO - Filling up the DagBag from /opt/airflow/dags/dag2.py
[2026-02-12T21:56:14.063+0000] {processor.py:840} INFO - DAG(s) 'twitter_pipeline_2' retrieved from /opt/airflow/dags/dag2.py
[2026-02-12T21:56:14.086+0000] {logging_mixin.py:188} INFO - [2026-02-12T21:56:14.086+0000] {dag.py:3089} INFO - Sync 1 DAGs
[2026-02-12T21:56:14.103+0000] {logging_mixin.py:188} INFO - [2026-02-12T21:56:14.103+0000] {dag.py:3947} INFO - Setting next_dagrun for twitter_pipeline_2 to 2026-02-12 00:00:00+00:00, run_after=2026-02-13 00:00:00+00:00
[2026-02-12T21:56:14.116+0000] {processor.py:183} INFO - Processing /opt/airflow/dags/dag2.py took 0.081 seconds
[2026-02-12T21:56:44.385+0000] {processor.py:161} INFO - Started process (PID=743) to work on /opt/airflow/dags/dag2.py
[2026-02-12T21:56:44.386+0000] {processor.py:830} INFO - Processing file /opt/airflow/dags/dag2.py for tasks to queue
[2026-02-12T21:56:44.387+0000] {logging_mixin.py:188} INFO - [2026-02-12T21:56:44.387+0000] {dagbag.py:545} INFO - Filling up the DagBag from /opt/airflow/dags/dag2.py
[2026-02-12T21:56:44.402+0000] {processor.py:840} INFO - DAG(s) 'twitter_pipeline_2' retrieved from /opt/airflow/dags/dag2.py
[2026-02-12T21:56:44.425+0000] {logging_mixin.py:188} INFO - [2026-02-12T21:56:44.425+0000] {dag.py:3089} INFO - Sync 1 DAGs
[2026-02-12T21:56:44.443+0000] {logging_mixin.py:188} INFO - [2026-02-12T21:56:44.443+0000] {dag.py:3947} INFO - Setting next_dagrun for twitter_pipeline_2 to 2026-02-12 00:00:00+00:00, run_after=2026-02-13 00:00:00+00:00
[2026-02-12T21:56:44.456+0000] {processor.py:183} INFO - Processing /opt/airflow/dags/dag2.py took 0.077 seconds
[2026-02-12T21:57:14.557+0000] {processor.py:161} INFO - Started process (PID=753) to work on /opt/airflow/dags/dag2.py
[2026-02-12T21:57:14.559+0000] {processor.py:830} INFO - Processing file /opt/airflow/dags/dag2.py for tasks to queue
[2026-02-12T21:57:14.561+0000] {logging_mixin.py:188} INFO - [2026-02-12T21:57:14.560+0000] {dagbag.py:545} INFO - Filling up the DagBag from /opt/airflow/dags/dag2.py
[2026-02-12T21:57:14.579+0000] {processor.py:840} INFO - DAG(s) 'twitter_pipeline_2' retrieved from /opt/airflow/dags/dag2.py
[2026-02-12T21:57:14.603+0000] {logging_mixin.py:188} INFO - [2026-02-12T21:57:14.603+0000] {dag.py:3089} INFO - Sync 1 DAGs
[2026-02-12T21:57:14.620+0000] {logging_mixin.py:188} INFO - [2026-02-12T21:57:14.620+0000] {dag.py:3947} INFO - Setting next_dagrun for twitter_pipeline_2 to 2026-02-12 00:00:00+00:00, run_after=2026-02-13 00:00:00+00:00
[2026-02-12T21:57:14.633+0000] {processor.py:183} INFO - Processing /opt/airflow/dags/dag2.py took 0.083 seconds
[2026-02-12T21:57:44.838+0000] {processor.py:161} INFO - Started process (PID=763) to work on /opt/airflow/dags/dag2.py
[2026-02-12T21:57:44.839+0000] {processor.py:830} INFO - Processing file /opt/airflow/dags/dag2.py for tasks to queue
[2026-02-12T21:57:44.842+0000] {logging_mixin.py:188} INFO - [2026-02-12T21:57:44.841+0000] {dagbag.py:545} INFO - Filling up the DagBag from /opt/airflow/dags/dag2.py
[2026-02-12T21:57:44.861+0000] {processor.py:840} INFO - DAG(s) 'twitter_pipeline_2' retrieved from /opt/airflow/dags/dag2.py
[2026-02-12T21:57:44.887+0000] {logging_mixin.py:188} INFO - [2026-02-12T21:57:44.886+0000] {dag.py:3089} INFO - Sync 1 DAGs
[2026-02-12T21:57:44.904+0000] {logging_mixin.py:188} INFO - [2026-02-12T21:57:44.903+0000] {dag.py:3947} INFO - Setting next_dagrun for twitter_pipeline_2 to 2026-02-12 00:00:00+00:00, run_after=2026-02-13 00:00:00+00:00
[2026-02-12T21:57:44.918+0000] {processor.py:183} INFO - Processing /opt/airflow/dags/dag2.py took 0.087 seconds
[2026-02-12T21:58:15.050+0000] {processor.py:161} INFO - Started process (PID=773) to work on /opt/airflow/dags/dag2.py
[2026-02-12T21:58:15.051+0000] {processor.py:830} INFO - Processing file /opt/airflow/dags/dag2.py for tasks to queue
[2026-02-12T21:58:15.053+0000] {logging_mixin.py:188} INFO - [2026-02-12T21:58:15.053+0000] {dagbag.py:545} INFO - Filling up the DagBag from /opt/airflow/dags/dag2.py
[2026-02-12T21:58:15.075+0000] {processor.py:840} INFO - DAG(s) 'twitter_pipeline_2' retrieved from /opt/airflow/dags/dag2.py
[2026-02-12T21:58:15.099+0000] {logging_mixin.py:188} INFO - [2026-02-12T21:58:15.098+0000] {dag.py:3089} INFO - Sync 1 DAGs
[2026-02-12T21:58:15.115+0000] {logging_mixin.py:188} INFO - [2026-02-12T21:58:15.115+0000] {dag.py:3947} INFO - Setting next_dagrun for twitter_pipeline_2 to 2026-02-12 00:00:00+00:00, run_after=2026-02-13 00:00:00+00:00
[2026-02-12T21:58:15.129+0000] {processor.py:183} INFO - Processing /opt/airflow/dags/dag2.py took 0.086 seconds
[2026-02-12T21:58:45.303+0000] {processor.py:161} INFO - Started process (PID=783) to work on /opt/airflow/dags/dag2.py
[2026-02-12T21:58:45.304+0000] {processor.py:830} INFO - Processing file /opt/airflow/dags/dag2.py for tasks to queue
[2026-02-12T21:58:45.306+0000] {logging_mixin.py:188} INFO - [2026-02-12T21:58:45.305+0000] {dagbag.py:545} INFO - Filling up the DagBag from /opt/airflow/dags/dag2.py
[2026-02-12T21:58:45.327+0000] {processor.py:840} INFO - DAG(s) 'twitter_pipeline_2' retrieved from /opt/airflow/dags/dag2.py
[2026-02-12T21:58:45.351+0000] {logging_mixin.py:188} INFO - [2026-02-12T21:58:45.351+0000] {dag.py:3089} INFO - Sync 1 DAGs
[2026-02-12T21:58:45.369+0000] {logging_mixin.py:188} INFO - [2026-02-12T21:58:45.368+0000] {dag.py:3947} INFO - Setting next_dagrun for twitter_pipeline_2 to 2026-02-12 00:00:00+00:00, run_after=2026-02-13 00:00:00+00:00
[2026-02-12T21:58:45.383+0000] {processor.py:183} INFO - Processing /opt/airflow/dags/dag2.py took 0.087 seconds
[2026-02-12T21:59:16.556+0000] {processor.py:161} INFO - Started process (PID=793) to work on /opt/airflow/dags/dag2.py
[2026-02-12T21:59:16.557+0000] {processor.py:830} INFO - Processing file /opt/airflow/dags/dag2.py for tasks to queue
[2026-02-12T21:59:16.559+0000] {logging_mixin.py:188} INFO - [2026-02-12T21:59:16.559+0000] {dagbag.py:545} INFO - Filling up the DagBag from /opt/airflow/dags/dag2.py
[2026-02-12T21:59:16.578+0000] {processor.py:840} INFO - DAG(s) 'twitter_pipeline_2' retrieved from /opt/airflow/dags/dag2.py
[2026-02-12T21:59:16.601+0000] {logging_mixin.py:188} INFO - [2026-02-12T21:59:16.601+0000] {dag.py:3089} INFO - Sync 1 DAGs
[2026-02-12T21:59:16.619+0000] {logging_mixin.py:188} INFO - [2026-02-12T21:59:16.618+0000] {dag.py:3947} INFO - Setting next_dagrun for twitter_pipeline_2 to 2026-02-12 00:00:00+00:00, run_after=2026-02-13 00:00:00+00:00
[2026-02-12T21:59:16.632+0000] {processor.py:183} INFO - Processing /opt/airflow/dags/dag2.py took 0.083 seconds
[2026-02-12T21:59:49.830+0000] {processor.py:161} INFO - Started process (PID=803) to work on /opt/airflow/dags/dag2.py
[2026-02-12T21:59:49.831+0000] {processor.py:830} INFO - Processing file /opt/airflow/dags/dag2.py for tasks to queue
[2026-02-12T21:59:49.833+0000] {logging_mixin.py:188} INFO - [2026-02-12T21:59:49.833+0000] {dagbag.py:545} INFO - Filling up the DagBag from /opt/airflow/dags/dag2.py
[2026-02-12T21:59:49.855+0000] {processor.py:840} INFO - DAG(s) 'twitter_pipeline_2' retrieved from /opt/airflow/dags/dag2.py
[2026-02-12T21:59:49.879+0000] {logging_mixin.py:188} INFO - [2026-02-12T21:59:49.878+0000] {dag.py:3089} INFO - Sync 1 DAGs
[2026-02-12T21:59:49.895+0000] {logging_mixin.py:188} INFO - [2026-02-12T21:59:49.895+0000] {dag.py:3947} INFO - Setting next_dagrun for twitter_pipeline_2 to 2026-02-12 00:00:00+00:00, run_after=2026-02-13 00:00:00+00:00
[2026-02-12T21:59:49.908+0000] {processor.py:183} INFO - Processing /opt/airflow/dags/dag2.py took 0.084 seconds
[2026-02-12T22:00:23.068+0000] {processor.py:161} INFO - Started process (PID=813) to work on /opt/airflow/dags/dag2.py
[2026-02-12T22:00:23.070+0000] {processor.py:830} INFO - Processing file /opt/airflow/dags/dag2.py for tasks to queue
[2026-02-12T22:00:23.072+0000] {logging_mixin.py:188} INFO - [2026-02-12T22:00:23.071+0000] {dagbag.py:545} INFO - Filling up the DagBag from /opt/airflow/dags/dag2.py
[2026-02-12T22:00:23.092+0000] {processor.py:840} INFO - DAG(s) 'twitter_pipeline_2' retrieved from /opt/airflow/dags/dag2.py
[2026-02-12T22:00:23.118+0000] {logging_mixin.py:188} INFO - [2026-02-12T22:00:23.118+0000] {dag.py:3089} INFO - Sync 1 DAGs
[2026-02-12T22:00:23.135+0000] {logging_mixin.py:188} INFO - [2026-02-12T22:00:23.135+0000] {dag.py:3947} INFO - Setting next_dagrun for twitter_pipeline_2 to 2026-02-12 00:00:00+00:00, run_after=2026-02-13 00:00:00+00:00
[2026-02-12T22:00:23.149+0000] {processor.py:183} INFO - Processing /opt/airflow/dags/dag2.py took 0.088 seconds
[2026-02-12T22:00:53.460+0000] {processor.py:161} INFO - Started process (PID=823) to work on /opt/airflow/dags/dag2.py
[2026-02-12T22:00:53.461+0000] {processor.py:830} INFO - Processing file /opt/airflow/dags/dag2.py for tasks to queue
[2026-02-12T22:00:53.463+0000] {logging_mixin.py:188} INFO - [2026-02-12T22:00:53.463+0000] {dagbag.py:545} INFO - Filling up the DagBag from /opt/airflow/dags/dag2.py
[2026-02-12T22:00:53.482+0000] {processor.py:840} INFO - DAG(s) 'twitter_pipeline_2' retrieved from /opt/airflow/dags/dag2.py
[2026-02-12T22:00:53.506+0000] {logging_mixin.py:188} INFO - [2026-02-12T22:00:53.506+0000] {dag.py:3089} INFO - Sync 1 DAGs
[2026-02-12T22:00:53.523+0000] {logging_mixin.py:188} INFO - [2026-02-12T22:00:53.523+0000] {dag.py:3947} INFO - Setting next_dagrun for twitter_pipeline_2 to 2026-02-12 00:00:00+00:00, run_after=2026-02-13 00:00:00+00:00
[2026-02-12T22:00:55.467+0000] {processor.py:183} INFO - Processing /opt/airflow/dags/dag2.py took 0.083 seconds
[2026-02-12T22:01:28.646+0000] {processor.py:161} INFO - Started process (PID=833) to work on /opt/airflow/dags/dag2.py
[2026-02-12T22:01:28.648+0000] {processor.py:830} INFO - Processing file /opt/airflow/dags/dag2.py for tasks to queue
[2026-02-12T22:01:28.650+0000] {logging_mixin.py:188} INFO - [2026-02-12T22:01:28.650+0000] {dagbag.py:545} INFO - Filling up the DagBag from /opt/airflow/dags/dag2.py
[2026-02-12T22:01:28.669+0000] {processor.py:840} INFO - DAG(s) 'twitter_pipeline_2' retrieved from /opt/airflow/dags/dag2.py
[2026-02-12T22:01:28.693+0000] {logging_mixin.py:188} INFO - [2026-02-12T22:01:28.693+0000] {dag.py:3089} INFO - Sync 1 DAGs
[2026-02-12T22:01:28.710+0000] {logging_mixin.py:188} INFO - [2026-02-12T22:01:28.710+0000] {dag.py:3947} INFO - Setting next_dagrun for twitter_pipeline_2 to 2026-02-12 00:00:00+00:00, run_after=2026-02-13 00:00:00+00:00
[2026-02-12T22:01:28.723+0000] {processor.py:183} INFO - Processing /opt/airflow/dags/dag2.py took 0.082 seconds
[2026-02-12T22:02:01.937+0000] {processor.py:161} INFO - Started process (PID=843) to work on /opt/airflow/dags/dag2.py
[2026-02-12T22:02:01.938+0000] {processor.py:830} INFO - Processing file /opt/airflow/dags/dag2.py for tasks to queue
[2026-02-12T22:02:01.940+0000] {logging_mixin.py:188} INFO - [2026-02-12T22:02:01.940+0000] {dagbag.py:545} INFO - Filling up the DagBag from /opt/airflow/dags/dag2.py
[2026-02-12T22:02:01.960+0000] {processor.py:840} INFO - DAG(s) 'twitter_pipeline_2' retrieved from /opt/airflow/dags/dag2.py
[2026-02-12T22:02:01.984+0000] {logging_mixin.py:188} INFO - [2026-02-12T22:02:01.984+0000] {dag.py:3089} INFO - Sync 1 DAGs
[2026-02-12T22:02:02.001+0000] {logging_mixin.py:188} INFO - [2026-02-12T22:02:02.000+0000] {dag.py:3947} INFO - Setting next_dagrun for twitter_pipeline_2 to 2026-02-12 00:00:00+00:00, run_after=2026-02-13 00:00:00+00:00
[2026-02-12T22:02:02.015+0000] {processor.py:183} INFO - Processing /opt/airflow/dags/dag2.py took 0.083 seconds
[2026-02-12T22:02:35.156+0000] {processor.py:161} INFO - Started process (PID=853) to work on /opt/airflow/dags/dag2.py
[2026-02-12T22:02:35.157+0000] {processor.py:830} INFO - Processing file /opt/airflow/dags/dag2.py for tasks to queue
[2026-02-12T22:02:35.159+0000] {logging_mixin.py:188} INFO - [2026-02-12T22:02:35.158+0000] {dagbag.py:545} INFO - Filling up the DagBag from /opt/airflow/dags/dag2.py
[2026-02-12T22:02:35.176+0000] {processor.py:840} INFO - DAG(s) 'twitter_pipeline_2' retrieved from /opt/airflow/dags/dag2.py
[2026-02-12T22:02:35.199+0000] {logging_mixin.py:188} INFO - [2026-02-12T22:02:35.198+0000] {dag.py:3089} INFO - Sync 1 DAGs
[2026-02-12T22:02:35.216+0000] {logging_mixin.py:188} INFO - [2026-02-12T22:02:35.216+0000] {dag.py:3947} INFO - Setting next_dagrun for twitter_pipeline_2 to 2026-02-12 00:00:00+00:00, run_after=2026-02-13 00:00:00+00:00
[2026-02-12T22:02:35.229+0000] {processor.py:183} INFO - Processing /opt/airflow/dags/dag2.py took 0.078 seconds
[2026-02-12T22:03:08.462+0000] {processor.py:161} INFO - Started process (PID=863) to work on /opt/airflow/dags/dag2.py
[2026-02-12T22:03:08.463+0000] {processor.py:830} INFO - Processing file /opt/airflow/dags/dag2.py for tasks to queue
[2026-02-12T22:03:08.464+0000] {logging_mixin.py:188} INFO - [2026-02-12T22:03:08.464+0000] {dagbag.py:545} INFO - Filling up the DagBag from /opt/airflow/dags/dag2.py
[2026-02-12T22:03:08.482+0000] {processor.py:840} INFO - DAG(s) 'twitter_pipeline_2' retrieved from /opt/airflow/dags/dag2.py
[2026-02-12T22:03:08.506+0000] {logging_mixin.py:188} INFO - [2026-02-12T22:03:08.506+0000] {dag.py:3089} INFO - Sync 1 DAGs
[2026-02-12T22:03:08.523+0000] {logging_mixin.py:188} INFO - [2026-02-12T22:03:08.523+0000] {dag.py:3947} INFO - Setting next_dagrun for twitter_pipeline_2 to 2026-02-12 00:00:00+00:00, run_after=2026-02-13 00:00:00+00:00
[2026-02-12T22:03:08.536+0000] {processor.py:183} INFO - Processing /opt/airflow/dags/dag2.py took 0.078 seconds
[2026-02-12T22:03:41.736+0000] {processor.py:161} INFO - Started process (PID=873) to work on /opt/airflow/dags/dag2.py
[2026-02-12T22:03:41.738+0000] {processor.py:830} INFO - Processing file /opt/airflow/dags/dag2.py for tasks to queue
[2026-02-12T22:03:41.739+0000] {logging_mixin.py:188} INFO - [2026-02-12T22:03:41.739+0000] {dagbag.py:545} INFO - Filling up the DagBag from /opt/airflow/dags/dag2.py
[2026-02-12T22:03:41.758+0000] {processor.py:840} INFO - DAG(s) 'twitter_pipeline_2' retrieved from /opt/airflow/dags/dag2.py
[2026-02-12T22:03:41.783+0000] {logging_mixin.py:188} INFO - [2026-02-12T22:03:41.783+0000] {dag.py:3089} INFO - Sync 1 DAGs
[2026-02-12T22:03:41.800+0000] {logging_mixin.py:188} INFO - [2026-02-12T22:03:41.800+0000] {dag.py:3947} INFO - Setting next_dagrun for twitter_pipeline_2 to 2026-02-12 00:00:00+00:00, run_after=2026-02-13 00:00:00+00:00
[2026-02-12T22:03:41.813+0000] {processor.py:183} INFO - Processing /opt/airflow/dags/dag2.py took 0.082 seconds
[2026-02-12T22:04:15.061+0000] {processor.py:161} INFO - Started process (PID=883) to work on /opt/airflow/dags/dag2.py
[2026-02-12T22:04:15.062+0000] {processor.py:830} INFO - Processing file /opt/airflow/dags/dag2.py for tasks to queue
[2026-02-12T22:04:15.064+0000] {logging_mixin.py:188} INFO - [2026-02-12T22:04:15.064+0000] {dagbag.py:545} INFO - Filling up the DagBag from /opt/airflow/dags/dag2.py
[2026-02-12T22:04:15.085+0000] {processor.py:840} INFO - DAG(s) 'twitter_pipeline_2' retrieved from /opt/airflow/dags/dag2.py
[2026-02-12T22:04:15.111+0000] {logging_mixin.py:188} INFO - [2026-02-12T22:04:15.111+0000] {dag.py:3089} INFO - Sync 1 DAGs
[2026-02-12T22:04:15.127+0000] {logging_mixin.py:188} INFO - [2026-02-12T22:04:15.127+0000] {dag.py:3947} INFO - Setting next_dagrun for twitter_pipeline_2 to 2026-02-12 00:00:00+00:00, run_after=2026-02-13 00:00:00+00:00
[2026-02-12T22:04:15.141+0000] {processor.py:183} INFO - Processing /opt/airflow/dags/dag2.py took 0.085 seconds
[2026-02-12T22:04:45.549+0000] {processor.py:161} INFO - Started process (PID=893) to work on /opt/airflow/dags/dag2.py
[2026-02-12T22:04:45.550+0000] {processor.py:830} INFO - Processing file /opt/airflow/dags/dag2.py for tasks to queue
[2026-02-12T22:04:45.552+0000] {logging_mixin.py:188} INFO - [2026-02-12T22:04:45.552+0000] {dagbag.py:545} INFO - Filling up the DagBag from /opt/airflow/dags/dag2.py
[2026-02-12T22:04:45.570+0000] {processor.py:840} INFO - DAG(s) 'twitter_pipeline_2' retrieved from /opt/airflow/dags/dag2.py
[2026-02-12T22:04:45.594+0000] {logging_mixin.py:188} INFO - [2026-02-12T22:04:45.593+0000] {dag.py:3089} INFO - Sync 1 DAGs
[2026-02-12T22:04:45.611+0000] {logging_mixin.py:188} INFO - [2026-02-12T22:04:45.611+0000] {dag.py:3947} INFO - Setting next_dagrun for twitter_pipeline_2 to 2026-02-12 00:00:00+00:00, run_after=2026-02-13 00:00:00+00:00
[2026-02-12T22:04:45.624+0000] {processor.py:183} INFO - Processing /opt/airflow/dags/dag2.py took 0.080 seconds
[2026-02-12T22:05:15.657+0000] {processor.py:161} INFO - Started process (PID=903) to work on /opt/airflow/dags/dag2.py
[2026-02-12T22:05:15.658+0000] {processor.py:830} INFO - Processing file /opt/airflow/dags/dag2.py for tasks to queue
[2026-02-12T22:05:15.659+0000] {logging_mixin.py:188} INFO - [2026-02-12T22:05:15.659+0000] {dagbag.py:545} INFO - Filling up the DagBag from /opt/airflow/dags/dag2.py
[2026-02-12T22:05:15.678+0000] {processor.py:840} INFO - DAG(s) 'twitter_pipeline_2' retrieved from /opt/airflow/dags/dag2.py
[2026-02-12T22:05:15.703+0000] {logging_mixin.py:188} INFO - [2026-02-12T22:05:15.702+0000] {dag.py:3089} INFO - Sync 1 DAGs
[2026-02-12T22:05:15.719+0000] {logging_mixin.py:188} INFO - [2026-02-12T22:05:15.719+0000] {dag.py:3947} INFO - Setting next_dagrun for twitter_pipeline_2 to 2026-02-12 00:00:00+00:00, run_after=2026-02-13 00:00:00+00:00
[2026-02-12T22:05:15.733+0000] {processor.py:183} INFO - Processing /opt/airflow/dags/dag2.py took 0.082 seconds
[2026-02-12T22:05:45.912+0000] {processor.py:161} INFO - Started process (PID=913) to work on /opt/airflow/dags/dag2.py
[2026-02-12T22:05:45.914+0000] {processor.py:830} INFO - Processing file /opt/airflow/dags/dag2.py for tasks to queue
[2026-02-12T22:05:45.916+0000] {logging_mixin.py:188} INFO - [2026-02-12T22:05:45.915+0000] {dagbag.py:545} INFO - Filling up the DagBag from /opt/airflow/dags/dag2.py
[2026-02-12T22:05:45.939+0000] {processor.py:840} INFO - DAG(s) 'twitter_pipeline_2' retrieved from /opt/airflow/dags/dag2.py
[2026-02-12T22:05:45.964+0000] {logging_mixin.py:188} INFO - [2026-02-12T22:05:45.964+0000] {dag.py:3089} INFO - Sync 1 DAGs
[2026-02-12T22:05:45.985+0000] {logging_mixin.py:188} INFO - [2026-02-12T22:05:45.985+0000] {dag.py:3947} INFO - Setting next_dagrun for twitter_pipeline_2 to 2026-02-12 00:00:00+00:00, run_after=2026-02-13 00:00:00+00:00
[2026-02-12T22:05:45.999+0000] {processor.py:183} INFO - Processing /opt/airflow/dags/dag2.py took 0.092 seconds
[2026-02-12T22:06:16.154+0000] {processor.py:161} INFO - Started process (PID=923) to work on /opt/airflow/dags/dag2.py
[2026-02-12T22:06:16.155+0000] {processor.py:830} INFO - Processing file /opt/airflow/dags/dag2.py for tasks to queue
[2026-02-12T22:06:16.156+0000] {logging_mixin.py:188} INFO - [2026-02-12T22:06:16.156+0000] {dagbag.py:545} INFO - Filling up the DagBag from /opt/airflow/dags/dag2.py
[2026-02-12T22:06:16.174+0000] {processor.py:840} INFO - DAG(s) 'twitter_pipeline_2' retrieved from /opt/airflow/dags/dag2.py
[2026-02-12T22:06:16.198+0000] {logging_mixin.py:188} INFO - [2026-02-12T22:06:16.198+0000] {dag.py:3089} INFO - Sync 1 DAGs
[2026-02-12T22:06:16.215+0000] {logging_mixin.py:188} INFO - [2026-02-12T22:06:16.215+0000] {dag.py:3947} INFO - Setting next_dagrun for twitter_pipeline_2 to 2026-02-12 00:00:00+00:00, run_after=2026-02-13 00:00:00+00:00
[2026-02-12T22:06:16.228+0000] {processor.py:183} INFO - Processing /opt/airflow/dags/dag2.py took 0.078 seconds
[2026-02-12T22:06:46.508+0000] {processor.py:161} INFO - Started process (PID=933) to work on /opt/airflow/dags/dag2.py
[2026-02-12T22:06:46.509+0000] {processor.py:830} INFO - Processing file /opt/airflow/dags/dag2.py for tasks to queue
[2026-02-12T22:06:46.511+0000] {logging_mixin.py:188} INFO - [2026-02-12T22:06:46.511+0000] {dagbag.py:545} INFO - Filling up the DagBag from /opt/airflow/dags/dag2.py
[2026-02-12T22:06:46.530+0000] {processor.py:840} INFO - DAG(s) 'twitter_pipeline_2' retrieved from /opt/airflow/dags/dag2.py
[2026-02-12T22:06:46.555+0000] {logging_mixin.py:188} INFO - [2026-02-12T22:06:46.555+0000] {dag.py:3089} INFO - Sync 1 DAGs
[2026-02-12T22:06:46.573+0000] {logging_mixin.py:188} INFO - [2026-02-12T22:06:46.573+0000] {dag.py:3947} INFO - Setting next_dagrun for twitter_pipeline_2 to 2026-02-12 00:00:00+00:00, run_after=2026-02-13 00:00:00+00:00
[2026-02-12T22:06:46.586+0000] {processor.py:183} INFO - Processing /opt/airflow/dags/dag2.py took 0.084 seconds
[2026-02-12T22:07:16.781+0000] {processor.py:161} INFO - Started process (PID=943) to work on /opt/airflow/dags/dag2.py
[2026-02-12T22:07:16.782+0000] {processor.py:830} INFO - Processing file /opt/airflow/dags/dag2.py for tasks to queue
[2026-02-12T22:07:16.784+0000] {logging_mixin.py:188} INFO - [2026-02-12T22:07:16.783+0000] {dagbag.py:545} INFO - Filling up the DagBag from /opt/airflow/dags/dag2.py
[2026-02-12T22:07:16.804+0000] {processor.py:840} INFO - DAG(s) 'twitter_pipeline_2' retrieved from /opt/airflow/dags/dag2.py
[2026-02-12T22:07:16.827+0000] {logging_mixin.py:188} INFO - [2026-02-12T22:07:16.826+0000] {dag.py:3089} INFO - Sync 1 DAGs
[2026-02-12T22:07:16.843+0000] {logging_mixin.py:188} INFO - [2026-02-12T22:07:16.843+0000] {dag.py:3947} INFO - Setting next_dagrun for twitter_pipeline_2 to 2026-02-12 00:00:00+00:00, run_after=2026-02-13 00:00:00+00:00
[2026-02-12T22:07:16.856+0000] {processor.py:183} INFO - Processing /opt/airflow/dags/dag2.py took 0.081 seconds
[2026-02-12T22:07:47.102+0000] {processor.py:161} INFO - Started process (PID=953) to work on /opt/airflow/dags/dag2.py
[2026-02-12T22:07:47.103+0000] {processor.py:830} INFO - Processing file /opt/airflow/dags/dag2.py for tasks to queue
[2026-02-12T22:07:47.105+0000] {logging_mixin.py:188} INFO - [2026-02-12T22:07:47.105+0000] {dagbag.py:545} INFO - Filling up the DagBag from /opt/airflow/dags/dag2.py
[2026-02-12T22:07:47.125+0000] {processor.py:840} INFO - DAG(s) 'twitter_pipeline_2' retrieved from /opt/airflow/dags/dag2.py
[2026-02-12T22:07:47.147+0000] {logging_mixin.py:188} INFO - [2026-02-12T22:07:47.147+0000] {dag.py:3089} INFO - Sync 1 DAGs
[2026-02-12T22:07:47.164+0000] {logging_mixin.py:188} INFO - [2026-02-12T22:07:47.164+0000] {dag.py:3947} INFO - Setting next_dagrun for twitter_pipeline_2 to 2026-02-12 00:00:00+00:00, run_after=2026-02-13 00:00:00+00:00
[2026-02-12T22:07:47.177+0000] {processor.py:183} INFO - Processing /opt/airflow/dags/dag2.py took 0.082 seconds
[2026-02-12T22:08:17.344+0000] {processor.py:161} INFO - Started process (PID=963) to work on /opt/airflow/dags/dag2.py
[2026-02-12T22:08:17.345+0000] {processor.py:830} INFO - Processing file /opt/airflow/dags/dag2.py for tasks to queue
[2026-02-12T22:08:17.347+0000] {logging_mixin.py:188} INFO - [2026-02-12T22:08:17.347+0000] {dagbag.py:545} INFO - Filling up the DagBag from /opt/airflow/dags/dag2.py
[2026-02-12T22:08:17.366+0000] {processor.py:840} INFO - DAG(s) 'twitter_pipeline_2' retrieved from /opt/airflow/dags/dag2.py
[2026-02-12T22:08:17.390+0000] {logging_mixin.py:188} INFO - [2026-02-12T22:08:17.390+0000] {dag.py:3089} INFO - Sync 1 DAGs
[2026-02-12T22:08:17.410+0000] {logging_mixin.py:188} INFO - [2026-02-12T22:08:17.410+0000] {dag.py:3947} INFO - Setting next_dagrun for twitter_pipeline_2 to 2026-02-12 00:00:00+00:00, run_after=2026-02-13 00:00:00+00:00
[2026-02-12T22:08:17.426+0000] {processor.py:183} INFO - Processing /opt/airflow/dags/dag2.py took 0.088 seconds
[2026-02-12T22:08:47.618+0000] {processor.py:161} INFO - Started process (PID=973) to work on /opt/airflow/dags/dag2.py
[2026-02-12T22:08:47.619+0000] {processor.py:830} INFO - Processing file /opt/airflow/dags/dag2.py for tasks to queue
[2026-02-12T22:08:47.621+0000] {logging_mixin.py:188} INFO - [2026-02-12T22:08:47.620+0000] {dagbag.py:545} INFO - Filling up the DagBag from /opt/airflow/dags/dag2.py
[2026-02-12T22:08:47.639+0000] {processor.py:840} INFO - DAG(s) 'twitter_pipeline_2' retrieved from /opt/airflow/dags/dag2.py
[2026-02-12T22:08:47.662+0000] {logging_mixin.py:188} INFO - [2026-02-12T22:08:47.662+0000] {dag.py:3089} INFO - Sync 1 DAGs
[2026-02-12T22:08:47.679+0000] {logging_mixin.py:188} INFO - [2026-02-12T22:08:47.679+0000] {dag.py:3947} INFO - Setting next_dagrun for twitter_pipeline_2 to 2026-02-12 00:00:00+00:00, run_after=2026-02-13 00:00:00+00:00
[2026-02-12T22:08:47.691+0000] {processor.py:183} INFO - Processing /opt/airflow/dags/dag2.py took 0.080 seconds
[2026-02-12T22:09:17.901+0000] {processor.py:161} INFO - Started process (PID=983) to work on /opt/airflow/dags/dag2.py
[2026-02-12T22:09:17.902+0000] {processor.py:830} INFO - Processing file /opt/airflow/dags/dag2.py for tasks to queue
[2026-02-12T22:09:17.904+0000] {logging_mixin.py:188} INFO - [2026-02-12T22:09:17.904+0000] {dagbag.py:545} INFO - Filling up the DagBag from /opt/airflow/dags/dag2.py
[2026-02-12T22:09:17.923+0000] {processor.py:840} INFO - DAG(s) 'twitter_pipeline_2' retrieved from /opt/airflow/dags/dag2.py
[2026-02-12T22:09:17.946+0000] {logging_mixin.py:188} INFO - [2026-02-12T22:09:17.946+0000] {dag.py:3089} INFO - Sync 1 DAGs
[2026-02-12T22:09:17.965+0000] {logging_mixin.py:188} INFO - [2026-02-12T22:09:17.964+0000] {dag.py:3947} INFO - Setting next_dagrun for twitter_pipeline_2 to 2026-02-12 00:00:00+00:00, run_after=2026-02-13 00:00:00+00:00
[2026-02-12T22:09:17.978+0000] {processor.py:183} INFO - Processing /opt/airflow/dags/dag2.py took 0.084 seconds
[2026-02-12T22:09:48.190+0000] {processor.py:161} INFO - Started process (PID=993) to work on /opt/airflow/dags/dag2.py
[2026-02-12T22:09:48.191+0000] {processor.py:830} INFO - Processing file /opt/airflow/dags/dag2.py for tasks to queue
[2026-02-12T22:09:48.193+0000] {logging_mixin.py:188} INFO - [2026-02-12T22:09:48.193+0000] {dagbag.py:545} INFO - Filling up the DagBag from /opt/airflow/dags/dag2.py
[2026-02-12T22:09:48.212+0000] {processor.py:840} INFO - DAG(s) 'twitter_pipeline_2' retrieved from /opt/airflow/dags/dag2.py
[2026-02-12T22:09:48.237+0000] {logging_mixin.py:188} INFO - [2026-02-12T22:09:48.236+0000] {dag.py:3089} INFO - Sync 1 DAGs
[2026-02-12T22:09:48.253+0000] {logging_mixin.py:188} INFO - [2026-02-12T22:09:48.253+0000] {dag.py:3947} INFO - Setting next_dagrun for twitter_pipeline_2 to 2026-02-12 00:00:00+00:00, run_after=2026-02-13 00:00:00+00:00
[2026-02-12T22:09:48.266+0000] {processor.py:183} INFO - Processing /opt/airflow/dags/dag2.py took 0.083 seconds
[2026-02-12T22:10:19.451+0000] {processor.py:161} INFO - Started process (PID=1003) to work on /opt/airflow/dags/dag2.py
[2026-02-12T22:10:19.451+0000] {processor.py:830} INFO - Processing file /opt/airflow/dags/dag2.py for tasks to queue
[2026-02-12T22:10:19.453+0000] {logging_mixin.py:188} INFO - [2026-02-12T22:10:19.453+0000] {dagbag.py:545} INFO - Filling up the DagBag from /opt/airflow/dags/dag2.py
[2026-02-12T22:10:19.472+0000] {processor.py:840} INFO - DAG(s) 'twitter_pipeline_2' retrieved from /opt/airflow/dags/dag2.py
[2026-02-12T22:10:19.498+0000] {logging_mixin.py:188} INFO - [2026-02-12T22:10:19.497+0000] {dag.py:3089} INFO - Sync 1 DAGs
[2026-02-12T22:10:19.514+0000] {logging_mixin.py:188} INFO - [2026-02-12T22:10:19.514+0000] {dag.py:3947} INFO - Setting next_dagrun for twitter_pipeline_2 to 2026-02-12 00:00:00+00:00, run_after=2026-02-13 00:00:00+00:00
[2026-02-12T22:10:19.527+0000] {processor.py:183} INFO - Processing /opt/airflow/dags/dag2.py took 0.082 seconds
[2026-02-12T22:10:52.707+0000] {processor.py:161} INFO - Started process (PID=1013) to work on /opt/airflow/dags/dag2.py
[2026-02-12T22:10:52.708+0000] {processor.py:830} INFO - Processing file /opt/airflow/dags/dag2.py for tasks to queue
[2026-02-12T22:10:52.710+0000] {logging_mixin.py:188} INFO - [2026-02-12T22:10:52.710+0000] {dagbag.py:545} INFO - Filling up the DagBag from /opt/airflow/dags/dag2.py
[2026-02-12T22:10:52.729+0000] {processor.py:840} INFO - DAG(s) 'twitter_pipeline_2' retrieved from /opt/airflow/dags/dag2.py
[2026-02-12T22:10:52.752+0000] {logging_mixin.py:188} INFO - [2026-02-12T22:10:52.751+0000] {dag.py:3089} INFO - Sync 1 DAGs
[2026-02-12T22:10:52.768+0000] {logging_mixin.py:188} INFO - [2026-02-12T22:10:52.768+0000] {dag.py:3947} INFO - Setting next_dagrun for twitter_pipeline_2 to 2026-02-12 00:00:00+00:00, run_after=2026-02-13 00:00:00+00:00
[2026-02-12T22:10:52.781+0000] {processor.py:183} INFO - Processing /opt/airflow/dags/dag2.py took 0.081 seconds
[2026-02-12T22:11:26.019+0000] {processor.py:161} INFO - Started process (PID=1023) to work on /opt/airflow/dags/dag2.py
[2026-02-12T22:11:26.020+0000] {processor.py:830} INFO - Processing file /opt/airflow/dags/dag2.py for tasks to queue
[2026-02-12T22:11:26.022+0000] {logging_mixin.py:188} INFO - [2026-02-12T22:11:26.022+0000] {dagbag.py:545} INFO - Filling up the DagBag from /opt/airflow/dags/dag2.py
[2026-02-12T22:11:26.044+0000] {processor.py:840} INFO - DAG(s) 'twitter_pipeline_2' retrieved from /opt/airflow/dags/dag2.py
[2026-02-12T22:11:26.069+0000] {logging_mixin.py:188} INFO - [2026-02-12T22:11:26.068+0000] {dag.py:3089} INFO - Sync 1 DAGs
[2026-02-12T22:11:26.090+0000] {logging_mixin.py:188} INFO - [2026-02-12T22:11:26.089+0000] {dag.py:3947} INFO - Setting next_dagrun for twitter_pipeline_2 to 2026-02-12 00:00:00+00:00, run_after=2026-02-13 00:00:00+00:00
[2026-02-12T22:11:26.105+0000] {processor.py:183} INFO - Processing /opt/airflow/dags/dag2.py took 0.094 seconds
[2026-02-12T22:11:56.384+0000] {processor.py:161} INFO - Started process (PID=1033) to work on /opt/airflow/dags/dag2.py
[2026-02-12T22:11:56.385+0000] {processor.py:830} INFO - Processing file /opt/airflow/dags/dag2.py for tasks to queue
[2026-02-12T22:11:56.386+0000] {logging_mixin.py:188} INFO - [2026-02-12T22:11:56.386+0000] {dagbag.py:545} INFO - Filling up the DagBag from /opt/airflow/dags/dag2.py
[2026-02-12T22:11:56.404+0000] {processor.py:840} INFO - DAG(s) 'twitter_pipeline_2' retrieved from /opt/airflow/dags/dag2.py
[2026-02-12T22:11:56.427+0000] {logging_mixin.py:188} INFO - [2026-02-12T22:11:56.427+0000] {dag.py:3089} INFO - Sync 1 DAGs
[2026-02-12T22:11:56.445+0000] {logging_mixin.py:188} INFO - [2026-02-12T22:11:56.445+0000] {dag.py:3947} INFO - Setting next_dagrun for twitter_pipeline_2 to 2026-02-12 00:00:00+00:00, run_after=2026-02-13 00:00:00+00:00
[2026-02-12T22:11:56.459+0000] {processor.py:183} INFO - Processing /opt/airflow/dags/dag2.py took 0.080 seconds
[2026-02-12T22:12:26.516+0000] {processor.py:161} INFO - Started process (PID=1043) to work on /opt/airflow/dags/dag2.py
[2026-02-12T22:12:26.517+0000] {processor.py:830} INFO - Processing file /opt/airflow/dags/dag2.py for tasks to queue
[2026-02-12T22:12:26.519+0000] {logging_mixin.py:188} INFO - [2026-02-12T22:12:26.518+0000] {dagbag.py:545} INFO - Filling up the DagBag from /opt/airflow/dags/dag2.py
[2026-02-12T22:12:26.540+0000] {processor.py:840} INFO - DAG(s) 'twitter_pipeline_2' retrieved from /opt/airflow/dags/dag2.py
[2026-02-12T22:12:26.564+0000] {logging_mixin.py:188} INFO - [2026-02-12T22:12:26.563+0000] {dag.py:3089} INFO - Sync 1 DAGs
[2026-02-12T22:12:26.580+0000] {logging_mixin.py:188} INFO - [2026-02-12T22:12:26.580+0000] {dag.py:3947} INFO - Setting next_dagrun for twitter_pipeline_2 to 2026-02-12 00:00:00+00:00, run_after=2026-02-13 00:00:00+00:00
[2026-02-12T22:12:26.593+0000] {processor.py:183} INFO - Processing /opt/airflow/dags/dag2.py took 0.081 seconds
[2026-02-12T22:12:56.752+0000] {processor.py:161} INFO - Started process (PID=1053) to work on /opt/airflow/dags/dag2.py
[2026-02-12T22:12:56.753+0000] {processor.py:830} INFO - Processing file /opt/airflow/dags/dag2.py for tasks to queue
[2026-02-12T22:12:56.756+0000] {logging_mixin.py:188} INFO - [2026-02-12T22:12:56.755+0000] {dagbag.py:545} INFO - Filling up the DagBag from /opt/airflow/dags/dag2.py
[2026-02-12T22:12:56.774+0000] {processor.py:840} INFO - DAG(s) 'twitter_pipeline_2' retrieved from /opt/airflow/dags/dag2.py
[2026-02-12T22:12:56.798+0000] {logging_mixin.py:188} INFO - [2026-02-12T22:12:56.798+0000] {dag.py:3089} INFO - Sync 1 DAGs
[2026-02-12T22:12:56.814+0000] {logging_mixin.py:188} INFO - [2026-02-12T22:12:56.814+0000] {dag.py:3947} INFO - Setting next_dagrun for twitter_pipeline_2 to 2026-02-12 00:00:00+00:00, run_after=2026-02-13 00:00:00+00:00
[2026-02-12T22:12:56.828+0000] {processor.py:183} INFO - Processing /opt/airflow/dags/dag2.py took 0.082 seconds
[2026-02-12T22:13:27.035+0000] {processor.py:161} INFO - Started process (PID=1063) to work on /opt/airflow/dags/dag2.py
[2026-02-12T22:13:27.036+0000] {processor.py:830} INFO - Processing file /opt/airflow/dags/dag2.py for tasks to queue
[2026-02-12T22:13:27.037+0000] {logging_mixin.py:188} INFO - [2026-02-12T22:13:27.037+0000] {dagbag.py:545} INFO - Filling up the DagBag from /opt/airflow/dags/dag2.py
[2026-02-12T22:13:27.054+0000] {processor.py:840} INFO - DAG(s) 'twitter_pipeline_2' retrieved from /opt/airflow/dags/dag2.py
[2026-02-12T22:13:27.075+0000] {logging_mixin.py:188} INFO - [2026-02-12T22:13:27.075+0000] {dag.py:3089} INFO - Sync 1 DAGs
[2026-02-12T22:13:27.092+0000] {logging_mixin.py:188} INFO - [2026-02-12T22:13:27.092+0000] {dag.py:3947} INFO - Setting next_dagrun for twitter_pipeline_2 to 2026-02-12 00:00:00+00:00, run_after=2026-02-13 00:00:00+00:00
[2026-02-12T22:13:27.105+0000] {processor.py:183} INFO - Processing /opt/airflow/dags/dag2.py took 0.075 seconds
[2026-02-12T22:13:57.319+0000] {processor.py:161} INFO - Started process (PID=1073) to work on /opt/airflow/dags/dag2.py
[2026-02-12T22:13:57.320+0000] {processor.py:830} INFO - Processing file /opt/airflow/dags/dag2.py for tasks to queue
[2026-02-12T22:13:57.321+0000] {logging_mixin.py:188} INFO - [2026-02-12T22:13:57.321+0000] {dagbag.py:545} INFO - Filling up the DagBag from /opt/airflow/dags/dag2.py
[2026-02-12T22:13:57.337+0000] {processor.py:840} INFO - DAG(s) 'twitter_pipeline_2' retrieved from /opt/airflow/dags/dag2.py
[2026-02-12T22:13:57.357+0000] {logging_mixin.py:188} INFO - [2026-02-12T22:13:57.357+0000] {dag.py:3089} INFO - Sync 1 DAGs
[2026-02-12T22:13:57.373+0000] {logging_mixin.py:188} INFO - [2026-02-12T22:13:57.373+0000] {dag.py:3947} INFO - Setting next_dagrun for twitter_pipeline_2 to 2026-02-12 00:00:00+00:00, run_after=2026-02-13 00:00:00+00:00
[2026-02-12T22:13:57.385+0000] {processor.py:183} INFO - Processing /opt/airflow/dags/dag2.py took 0.072 seconds
[2026-02-12T22:14:27.567+0000] {processor.py:161} INFO - Started process (PID=1083) to work on /opt/airflow/dags/dag2.py
[2026-02-12T22:14:27.568+0000] {processor.py:830} INFO - Processing file /opt/airflow/dags/dag2.py for tasks to queue
[2026-02-12T22:14:27.569+0000] {logging_mixin.py:188} INFO - [2026-02-12T22:14:27.569+0000] {dagbag.py:545} INFO - Filling up the DagBag from /opt/airflow/dags/dag2.py
[2026-02-12T22:14:27.589+0000] {processor.py:840} INFO - DAG(s) 'twitter_pipeline_2' retrieved from /opt/airflow/dags/dag2.py
[2026-02-12T22:14:27.613+0000] {logging_mixin.py:188} INFO - [2026-02-12T22:14:27.612+0000] {dag.py:3089} INFO - Sync 1 DAGs
[2026-02-12T22:14:27.629+0000] {logging_mixin.py:188} INFO - [2026-02-12T22:14:27.629+0000] {dag.py:3947} INFO - Setting next_dagrun for twitter_pipeline_2 to 2026-02-12 00:00:00+00:00, run_after=2026-02-13 00:00:00+00:00
[2026-02-12T22:14:27.645+0000] {processor.py:183} INFO - Processing /opt/airflow/dags/dag2.py took 0.083 seconds
[2026-02-12T22:14:57.881+0000] {processor.py:161} INFO - Started process (PID=1093) to work on /opt/airflow/dags/dag2.py
[2026-02-12T22:14:57.882+0000] {processor.py:830} INFO - Processing file /opt/airflow/dags/dag2.py for tasks to queue
[2026-02-12T22:14:57.884+0000] {logging_mixin.py:188} INFO - [2026-02-12T22:14:57.884+0000] {dagbag.py:545} INFO - Filling up the DagBag from /opt/airflow/dags/dag2.py
[2026-02-12T22:14:57.902+0000] {processor.py:840} INFO - DAG(s) 'twitter_pipeline_2' retrieved from /opt/airflow/dags/dag2.py
[2026-02-12T22:14:57.926+0000] {logging_mixin.py:188} INFO - [2026-02-12T22:14:57.925+0000] {dag.py:3089} INFO - Sync 1 DAGs
[2026-02-12T22:14:57.944+0000] {logging_mixin.py:188} INFO - [2026-02-12T22:14:57.944+0000] {dag.py:3947} INFO - Setting next_dagrun for twitter_pipeline_2 to 2026-02-12 00:00:00+00:00, run_after=2026-02-13 00:00:00+00:00
[2026-02-12T22:14:57.959+0000] {processor.py:183} INFO - Processing /opt/airflow/dags/dag2.py took 0.083 seconds
[2026-02-12T22:15:28.257+0000] {processor.py:161} INFO - Started process (PID=1103) to work on /opt/airflow/dags/dag2.py
[2026-02-12T22:15:28.258+0000] {processor.py:830} INFO - Processing file /opt/airflow/dags/dag2.py for tasks to queue
[2026-02-12T22:15:28.259+0000] {logging_mixin.py:188} INFO - [2026-02-12T22:15:28.259+0000] {dagbag.py:545} INFO - Filling up the DagBag from /opt/airflow/dags/dag2.py
[2026-02-12T22:15:28.278+0000] {processor.py:840} INFO - DAG(s) 'twitter_pipeline_2' retrieved from /opt/airflow/dags/dag2.py
[2026-02-12T22:15:28.301+0000] {logging_mixin.py:188} INFO - [2026-02-12T22:15:28.301+0000] {dag.py:3089} INFO - Sync 1 DAGs
[2026-02-12T22:15:28.319+0000] {logging_mixin.py:188} INFO - [2026-02-12T22:15:28.319+0000] {dag.py:3947} INFO - Setting next_dagrun for twitter_pipeline_2 to 2026-02-12 00:00:00+00:00, run_after=2026-02-13 00:00:00+00:00
[2026-02-12T22:15:28.332+0000] {processor.py:183} INFO - Processing /opt/airflow/dags/dag2.py took 0.083 seconds
[2026-02-12T22:15:58.597+0000] {processor.py:161} INFO - Started process (PID=1113) to work on /opt/airflow/dags/dag2.py
[2026-02-12T22:15:58.598+0000] {processor.py:830} INFO - Processing file /opt/airflow/dags/dag2.py for tasks to queue
[2026-02-12T22:15:58.601+0000] {logging_mixin.py:188} INFO - [2026-02-12T22:15:58.600+0000] {dagbag.py:545} INFO - Filling up the DagBag from /opt/airflow/dags/dag2.py
[2026-02-12T22:15:58.629+0000] {processor.py:840} INFO - DAG(s) 'twitter_pipeline_2' retrieved from /opt/airflow/dags/dag2.py
[2026-02-12T22:15:58.667+0000] {logging_mixin.py:188} INFO - [2026-02-12T22:15:58.667+0000] {dag.py:3089} INFO - Sync 1 DAGs
[2026-02-12T22:15:58.689+0000] {logging_mixin.py:188} INFO - [2026-02-12T22:15:58.688+0000] {dag.py:3947} INFO - Setting next_dagrun for twitter_pipeline_2 to 2026-02-12 00:00:00+00:00, run_after=2026-02-13 00:00:00+00:00
[2026-02-12T22:15:58.707+0000] {processor.py:183} INFO - Processing /opt/airflow/dags/dag2.py took 0.125 seconds
[2026-02-12T22:16:28.921+0000] {processor.py:161} INFO - Started process (PID=1123) to work on /opt/airflow/dags/dag2.py
[2026-02-12T22:16:28.922+0000] {processor.py:830} INFO - Processing file /opt/airflow/dags/dag2.py for tasks to queue
[2026-02-12T22:16:28.923+0000] {logging_mixin.py:188} INFO - [2026-02-12T22:16:28.923+0000] {dagbag.py:545} INFO - Filling up the DagBag from /opt/airflow/dags/dag2.py
[2026-02-12T22:16:28.943+0000] {processor.py:840} INFO - DAG(s) 'twitter_pipeline_2' retrieved from /opt/airflow/dags/dag2.py
[2026-02-12T22:16:28.968+0000] {logging_mixin.py:188} INFO - [2026-02-12T22:16:28.968+0000] {dag.py:3089} INFO - Sync 1 DAGs
[2026-02-12T22:16:28.986+0000] {logging_mixin.py:188} INFO - [2026-02-12T22:16:28.986+0000] {dag.py:3947} INFO - Setting next_dagrun for twitter_pipeline_2 to 2026-02-12 00:00:00+00:00, run_after=2026-02-13 00:00:00+00:00
[2026-02-12T22:16:29.001+0000] {processor.py:183} INFO - Processing /opt/airflow/dags/dag2.py took 0.086 seconds
[2026-02-12T22:16:59.295+0000] {processor.py:161} INFO - Started process (PID=1133) to work on /opt/airflow/dags/dag2.py
[2026-02-12T22:16:59.298+0000] {processor.py:830} INFO - Processing file /opt/airflow/dags/dag2.py for tasks to queue
[2026-02-12T22:16:59.300+0000] {logging_mixin.py:188} INFO - [2026-02-12T22:16:59.300+0000] {dagbag.py:545} INFO - Filling up the DagBag from /opt/airflow/dags/dag2.py
[2026-02-12T22:16:59.322+0000] {processor.py:840} INFO - DAG(s) 'twitter_pipeline_2' retrieved from /opt/airflow/dags/dag2.py
[2026-02-12T22:16:59.348+0000] {logging_mixin.py:188} INFO - [2026-02-12T22:16:59.348+0000] {dag.py:3089} INFO - Sync 1 DAGs
[2026-02-12T22:16:59.367+0000] {logging_mixin.py:188} INFO - [2026-02-12T22:16:59.367+0000] {dag.py:3947} INFO - Setting next_dagrun for twitter_pipeline_2 to 2026-02-12 00:00:00+00:00, run_after=2026-02-13 00:00:00+00:00
[2026-02-12T22:16:59.381+0000] {processor.py:183} INFO - Processing /opt/airflow/dags/dag2.py took 0.096 seconds
[2026-02-12T22:17:30.630+0000] {processor.py:161} INFO - Started process (PID=1143) to work on /opt/airflow/dags/dag2.py
[2026-02-12T22:17:30.631+0000] {processor.py:830} INFO - Processing file /opt/airflow/dags/dag2.py for tasks to queue
[2026-02-12T22:17:30.633+0000] {logging_mixin.py:188} INFO - [2026-02-12T22:17:30.633+0000] {dagbag.py:545} INFO - Filling up the DagBag from /opt/airflow/dags/dag2.py
[2026-02-12T22:17:30.654+0000] {processor.py:840} INFO - DAG(s) 'twitter_pipeline_2' retrieved from /opt/airflow/dags/dag2.py
[2026-02-12T22:17:30.678+0000] {logging_mixin.py:188} INFO - [2026-02-12T22:17:30.678+0000] {dag.py:3089} INFO - Sync 1 DAGs
[2026-02-12T22:17:30.695+0000] {logging_mixin.py:188} INFO - [2026-02-12T22:17:30.694+0000] {dag.py:3947} INFO - Setting next_dagrun for twitter_pipeline_2 to 2026-02-12 00:00:00+00:00, run_after=2026-02-13 00:00:00+00:00
[2026-02-12T22:17:30.708+0000] {processor.py:183} INFO - Processing /opt/airflow/dags/dag2.py took 0.085 seconds
[2026-02-12T22:18:03.978+0000] {processor.py:161} INFO - Started process (PID=1153) to work on /opt/airflow/dags/dag2.py
[2026-02-12T22:18:03.980+0000] {processor.py:830} INFO - Processing file /opt/airflow/dags/dag2.py for tasks to queue
[2026-02-12T22:18:03.982+0000] {logging_mixin.py:188} INFO - [2026-02-12T22:18:03.982+0000] {dagbag.py:545} INFO - Filling up the DagBag from /opt/airflow/dags/dag2.py
[2026-02-12T22:18:04.001+0000] {processor.py:840} INFO - DAG(s) 'twitter_pipeline_2' retrieved from /opt/airflow/dags/dag2.py
[2026-02-12T22:18:04.028+0000] {logging_mixin.py:188} INFO - [2026-02-12T22:18:04.028+0000] {dag.py:3089} INFO - Sync 1 DAGs
[2026-02-12T22:18:04.046+0000] {logging_mixin.py:188} INFO - [2026-02-12T22:18:04.045+0000] {dag.py:3947} INFO - Setting next_dagrun for twitter_pipeline_2 to 2026-02-12 00:00:00+00:00, run_after=2026-02-13 00:00:00+00:00
[2026-02-12T22:18:04.062+0000] {processor.py:183} INFO - Processing /opt/airflow/dags/dag2.py took 0.090 seconds
[2026-02-12T22:18:37.336+0000] {processor.py:161} INFO - Started process (PID=1163) to work on /opt/airflow/dags/dag2.py
[2026-02-12T22:18:37.337+0000] {processor.py:830} INFO - Processing file /opt/airflow/dags/dag2.py for tasks to queue
[2026-02-12T22:18:37.339+0000] {logging_mixin.py:188} INFO - [2026-02-12T22:18:37.338+0000] {dagbag.py:545} INFO - Filling up the DagBag from /opt/airflow/dags/dag2.py
[2026-02-12T22:18:37.360+0000] {processor.py:840} INFO - DAG(s) 'twitter_pipeline_2' retrieved from /opt/airflow/dags/dag2.py
[2026-02-12T22:18:37.385+0000] {logging_mixin.py:188} INFO - [2026-02-12T22:18:37.385+0000] {dag.py:3089} INFO - Sync 1 DAGs
[2026-02-12T22:18:37.403+0000] {logging_mixin.py:188} INFO - [2026-02-12T22:18:37.403+0000] {dag.py:3947} INFO - Setting next_dagrun for twitter_pipeline_2 to 2026-02-12 00:00:00+00:00, run_after=2026-02-13 00:00:00+00:00
[2026-02-12T22:18:37.419+0000] {processor.py:183} INFO - Processing /opt/airflow/dags/dag2.py took 0.088 seconds
[2026-02-12T22:19:07.639+0000] {processor.py:161} INFO - Started process (PID=1173) to work on /opt/airflow/dags/dag2.py
[2026-02-12T22:19:07.640+0000] {processor.py:830} INFO - Processing file /opt/airflow/dags/dag2.py for tasks to queue
[2026-02-12T22:19:07.642+0000] {logging_mixin.py:188} INFO - [2026-02-12T22:19:07.642+0000] {dagbag.py:545} INFO - Filling up the DagBag from /opt/airflow/dags/dag2.py
[2026-02-12T22:19:07.657+0000] {processor.py:840} INFO - DAG(s) 'twitter_pipeline_2' retrieved from /opt/airflow/dags/dag2.py
[2026-02-12T22:19:07.678+0000] {logging_mixin.py:188} INFO - [2026-02-12T22:19:07.678+0000] {dag.py:3089} INFO - Sync 1 DAGs
[2026-02-12T22:19:09.657+0000] {logging_mixin.py:188} INFO - [2026-02-12T22:19:09.656+0000] {dag.py:3947} INFO - Setting next_dagrun for twitter_pipeline_2 to 2026-02-12 00:00:00+00:00, run_after=2026-02-13 00:00:00+00:00
[2026-02-12T22:19:09.670+0000] {processor.py:183} INFO - Processing /opt/airflow/dags/dag2.py took 0.074 seconds
[2026-02-12T22:19:42.940+0000] {processor.py:161} INFO - Started process (PID=1183) to work on /opt/airflow/dags/dag2.py
[2026-02-12T22:19:42.941+0000] {processor.py:830} INFO - Processing file /opt/airflow/dags/dag2.py for tasks to queue
[2026-02-12T22:19:42.942+0000] {logging_mixin.py:188} INFO - [2026-02-12T22:19:42.942+0000] {dagbag.py:545} INFO - Filling up the DagBag from /opt/airflow/dags/dag2.py
[2026-02-12T22:19:42.959+0000] {processor.py:840} INFO - DAG(s) 'twitter_pipeline_2' retrieved from /opt/airflow/dags/dag2.py
[2026-02-12T22:19:42.983+0000] {logging_mixin.py:188} INFO - [2026-02-12T22:19:42.982+0000] {dag.py:3089} INFO - Sync 1 DAGs
[2026-02-12T22:19:43.000+0000] {logging_mixin.py:188} INFO - [2026-02-12T22:19:43.000+0000] {dag.py:3947} INFO - Setting next_dagrun for twitter_pipeline_2 to 2026-02-12 00:00:00+00:00, run_after=2026-02-13 00:00:00+00:00
[2026-02-12T22:19:43.014+0000] {processor.py:183} INFO - Processing /opt/airflow/dags/dag2.py took 0.079 seconds
[2026-02-12T22:20:16.289+0000] {processor.py:161} INFO - Started process (PID=1193) to work on /opt/airflow/dags/dag2.py
[2026-02-12T22:20:16.291+0000] {processor.py:830} INFO - Processing file /opt/airflow/dags/dag2.py for tasks to queue
[2026-02-12T22:20:16.292+0000] {logging_mixin.py:188} INFO - [2026-02-12T22:20:16.292+0000] {dagbag.py:545} INFO - Filling up the DagBag from /opt/airflow/dags/dag2.py
[2026-02-12T22:20:16.312+0000] {processor.py:840} INFO - DAG(s) 'twitter_pipeline_2' retrieved from /opt/airflow/dags/dag2.py
[2026-02-12T22:20:16.336+0000] {logging_mixin.py:188} INFO - [2026-02-12T22:20:16.336+0000] {dag.py:3089} INFO - Sync 1 DAGs
[2026-02-12T22:20:16.353+0000] {logging_mixin.py:188} INFO - [2026-02-12T22:20:16.353+0000] {dag.py:3947} INFO - Setting next_dagrun for twitter_pipeline_2 to 2026-02-12 00:00:00+00:00, run_after=2026-02-13 00:00:00+00:00
[2026-02-12T22:20:16.367+0000] {processor.py:183} INFO - Processing /opt/airflow/dags/dag2.py took 0.083 seconds
[2026-02-12T22:20:49.614+0000] {processor.py:161} INFO - Started process (PID=1203) to work on /opt/airflow/dags/dag2.py
[2026-02-12T22:20:49.615+0000] {processor.py:830} INFO - Processing file /opt/airflow/dags/dag2.py for tasks to queue
[2026-02-12T22:20:49.617+0000] {logging_mixin.py:188} INFO - [2026-02-12T22:20:49.616+0000] {dagbag.py:545} INFO - Filling up the DagBag from /opt/airflow/dags/dag2.py
[2026-02-12T22:20:49.636+0000] {processor.py:840} INFO - DAG(s) 'twitter_pipeline_2' retrieved from /opt/airflow/dags/dag2.py
[2026-02-12T22:20:49.660+0000] {logging_mixin.py:188} INFO - [2026-02-12T22:20:49.660+0000] {dag.py:3089} INFO - Sync 1 DAGs
[2026-02-12T22:20:49.677+0000] {logging_mixin.py:188} INFO - [2026-02-12T22:20:49.677+0000] {dag.py:3947} INFO - Setting next_dagrun for twitter_pipeline_2 to 2026-02-12 00:00:00+00:00, run_after=2026-02-13 00:00:00+00:00
[2026-02-12T22:20:49.691+0000] {processor.py:183} INFO - Processing /opt/airflow/dags/dag2.py took 0.083 seconds
[2026-02-12T22:21:22.857+0000] {processor.py:161} INFO - Started process (PID=1213) to work on /opt/airflow/dags/dag2.py
[2026-02-12T22:21:22.858+0000] {processor.py:830} INFO - Processing file /opt/airflow/dags/dag2.py for tasks to queue
[2026-02-12T22:21:22.861+0000] {logging_mixin.py:188} INFO - [2026-02-12T22:21:22.860+0000] {dagbag.py:545} INFO - Filling up the DagBag from /opt/airflow/dags/dag2.py
[2026-02-12T22:21:22.880+0000] {processor.py:840} INFO - DAG(s) 'twitter_pipeline_2' retrieved from /opt/airflow/dags/dag2.py
[2026-02-12T22:21:22.904+0000] {logging_mixin.py:188} INFO - [2026-02-12T22:21:22.903+0000] {dag.py:3089} INFO - Sync 1 DAGs
[2026-02-12T22:21:22.922+0000] {logging_mixin.py:188} INFO - [2026-02-12T22:21:22.922+0000] {dag.py:3947} INFO - Setting next_dagrun for twitter_pipeline_2 to 2026-02-12 00:00:00+00:00, run_after=2026-02-13 00:00:00+00:00
[2026-02-12T22:21:22.936+0000] {processor.py:183} INFO - Processing /opt/airflow/dags/dag2.py took 0.088 seconds
[2026-02-12T22:21:54.424+0000] {processor.py:161} INFO - Started process (PID=1223) to work on /opt/airflow/dags/dag2.py
[2026-02-12T22:21:54.425+0000] {processor.py:830} INFO - Processing file /opt/airflow/dags/dag2.py for tasks to queue
[2026-02-12T22:21:54.428+0000] {logging_mixin.py:188} INFO - [2026-02-12T22:21:54.428+0000] {dagbag.py:545} INFO - Filling up the DagBag from /opt/airflow/dags/dag2.py
[2026-02-12T22:21:54.455+0000] {processor.py:840} INFO - DAG(s) 'twitter_pipeline_2' retrieved from /opt/airflow/dags/dag2.py
[2026-02-12T22:21:54.487+0000] {logging_mixin.py:188} INFO - [2026-02-12T22:21:54.487+0000] {dag.py:3089} INFO - Sync 1 DAGs
[2026-02-12T22:21:54.514+0000] {logging_mixin.py:188} INFO - [2026-02-12T22:21:54.513+0000] {dag.py:3947} INFO - Setting next_dagrun for twitter_pipeline_2 to 2026-02-12 00:00:00+00:00, run_after=2026-02-13 00:00:00+00:00
[2026-02-12T22:21:54.534+0000] {processor.py:183} INFO - Processing /opt/airflow/dags/dag2.py took 0.116 seconds
[2026-02-12T22:22:25.065+0000] {processor.py:161} INFO - Started process (PID=1233) to work on /opt/airflow/dags/dag2.py
[2026-02-12T22:22:25.066+0000] {processor.py:830} INFO - Processing file /opt/airflow/dags/dag2.py for tasks to queue
[2026-02-12T22:22:25.068+0000] {logging_mixin.py:188} INFO - [2026-02-12T22:22:25.068+0000] {dagbag.py:545} INFO - Filling up the DagBag from /opt/airflow/dags/dag2.py
[2026-02-12T22:22:25.087+0000] {processor.py:840} INFO - DAG(s) 'twitter_pipeline_2' retrieved from /opt/airflow/dags/dag2.py
[2026-02-12T22:22:25.111+0000] {logging_mixin.py:188} INFO - [2026-02-12T22:22:25.111+0000] {dag.py:3089} INFO - Sync 1 DAGs
[2026-02-12T22:22:25.127+0000] {logging_mixin.py:188} INFO - [2026-02-12T22:22:25.127+0000] {dag.py:3947} INFO - Setting next_dagrun for twitter_pipeline_2 to 2026-02-12 00:00:00+00:00, run_after=2026-02-13 00:00:00+00:00
[2026-02-12T22:22:25.141+0000] {processor.py:183} INFO - Processing /opt/airflow/dags/dag2.py took 0.081 seconds
[2026-02-12T22:22:55.682+0000] {processor.py:161} INFO - Started process (PID=1243) to work on /opt/airflow/dags/dag2.py
[2026-02-12T22:22:55.682+0000] {processor.py:830} INFO - Processing file /opt/airflow/dags/dag2.py for tasks to queue
[2026-02-12T22:22:55.684+0000] {logging_mixin.py:188} INFO - [2026-02-12T22:22:55.684+0000] {dagbag.py:545} INFO - Filling up the DagBag from /opt/airflow/dags/dag2.py
[2026-02-12T22:22:55.702+0000] {processor.py:840} INFO - DAG(s) 'twitter_pipeline_2' retrieved from /opt/airflow/dags/dag2.py
[2026-02-12T22:22:55.725+0000] {logging_mixin.py:188} INFO - [2026-02-12T22:22:55.725+0000] {dag.py:3089} INFO - Sync 1 DAGs
[2026-02-12T22:22:55.742+0000] {logging_mixin.py:188} INFO - [2026-02-12T22:22:55.742+0000] {dag.py:3947} INFO - Setting next_dagrun for twitter_pipeline_2 to 2026-02-12 00:00:00+00:00, run_after=2026-02-13 00:00:00+00:00
[2026-02-12T22:22:55.755+0000] {processor.py:183} INFO - Processing /opt/airflow/dags/dag2.py took 0.079 seconds
[2026-02-12T22:23:26.034+0000] {processor.py:161} INFO - Started process (PID=1253) to work on /opt/airflow/dags/dag2.py
[2026-02-12T22:23:26.036+0000] {processor.py:830} INFO - Processing file /opt/airflow/dags/dag2.py for tasks to queue
[2026-02-12T22:23:26.038+0000] {logging_mixin.py:188} INFO - [2026-02-12T22:23:26.037+0000] {dagbag.py:545} INFO - Filling up the DagBag from /opt/airflow/dags/dag2.py
[2026-02-12T22:23:26.056+0000] {processor.py:840} INFO - DAG(s) 'twitter_pipeline_2' retrieved from /opt/airflow/dags/dag2.py
[2026-02-12T22:23:26.080+0000] {logging_mixin.py:188} INFO - [2026-02-12T22:23:26.080+0000] {dag.py:3089} INFO - Sync 1 DAGs
[2026-02-12T22:23:26.096+0000] {logging_mixin.py:188} INFO - [2026-02-12T22:23:26.096+0000] {dag.py:3947} INFO - Setting next_dagrun for twitter_pipeline_2 to 2026-02-12 00:00:00+00:00, run_after=2026-02-13 00:00:00+00:00
[2026-02-12T22:23:26.109+0000] {processor.py:183} INFO - Processing /opt/airflow/dags/dag2.py took 0.080 seconds
[2026-02-12T22:23:56.308+0000] {processor.py:161} INFO - Started process (PID=1263) to work on /opt/airflow/dags/dag2.py
[2026-02-12T22:23:56.309+0000] {processor.py:830} INFO - Processing file /opt/airflow/dags/dag2.py for tasks to queue
[2026-02-12T22:23:56.311+0000] {logging_mixin.py:188} INFO - [2026-02-12T22:23:56.311+0000] {dagbag.py:545} INFO - Filling up the DagBag from /opt/airflow/dags/dag2.py
[2026-02-12T22:23:56.331+0000] {processor.py:840} INFO - DAG(s) 'twitter_pipeline_2' retrieved from /opt/airflow/dags/dag2.py
[2026-02-12T22:23:56.356+0000] {logging_mixin.py:188} INFO - [2026-02-12T22:23:56.355+0000] {dag.py:3089} INFO - Sync 1 DAGs
[2026-02-12T22:23:56.374+0000] {logging_mixin.py:188} INFO - [2026-02-12T22:23:56.374+0000] {dag.py:3947} INFO - Setting next_dagrun for twitter_pipeline_2 to 2026-02-12 00:00:00+00:00, run_after=2026-02-13 00:00:00+00:00
[2026-02-12T22:23:56.389+0000] {processor.py:183} INFO - Processing /opt/airflow/dags/dag2.py took 0.086 seconds
[2026-02-12T22:24:26.671+0000] {processor.py:161} INFO - Started process (PID=1273) to work on /opt/airflow/dags/dag2.py
[2026-02-12T22:24:26.672+0000] {processor.py:830} INFO - Processing file /opt/airflow/dags/dag2.py for tasks to queue
[2026-02-12T22:24:26.674+0000] {logging_mixin.py:188} INFO - [2026-02-12T22:24:26.674+0000] {dagbag.py:545} INFO - Filling up the DagBag from /opt/airflow/dags/dag2.py
[2026-02-12T22:24:26.696+0000] {processor.py:840} INFO - DAG(s) 'twitter_pipeline_2' retrieved from /opt/airflow/dags/dag2.py
[2026-02-12T22:24:26.721+0000] {logging_mixin.py:188} INFO - [2026-02-12T22:24:26.721+0000] {dag.py:3089} INFO - Sync 1 DAGs
[2026-02-12T22:24:26.739+0000] {logging_mixin.py:188} INFO - [2026-02-12T22:24:26.739+0000] {dag.py:3947} INFO - Setting next_dagrun for twitter_pipeline_2 to 2026-02-12 00:00:00+00:00, run_after=2026-02-13 00:00:00+00:00
[2026-02-12T22:24:26.754+0000] {processor.py:183} INFO - Processing /opt/airflow/dags/dag2.py took 0.088 seconds
[2026-02-12T22:24:56.976+0000] {processor.py:161} INFO - Started process (PID=1283) to work on /opt/airflow/dags/dag2.py
[2026-02-12T22:24:56.977+0000] {processor.py:830} INFO - Processing file /opt/airflow/dags/dag2.py for tasks to queue
[2026-02-12T22:24:56.978+0000] {logging_mixin.py:188} INFO - [2026-02-12T22:24:56.978+0000] {dagbag.py:545} INFO - Filling up the DagBag from /opt/airflow/dags/dag2.py
[2026-02-12T22:24:56.993+0000] {processor.py:840} INFO - DAG(s) 'twitter_pipeline_2' retrieved from /opt/airflow/dags/dag2.py
[2026-02-12T22:24:57.015+0000] {logging_mixin.py:188} INFO - [2026-02-12T22:24:57.015+0000] {dag.py:3089} INFO - Sync 1 DAGs
[2026-02-12T22:24:57.033+0000] {logging_mixin.py:188} INFO - [2026-02-12T22:24:57.032+0000] {dag.py:3947} INFO - Setting next_dagrun for twitter_pipeline_2 to 2026-02-12 00:00:00+00:00, run_after=2026-02-13 00:00:00+00:00
[2026-02-12T22:24:57.045+0000] {processor.py:183} INFO - Processing /opt/airflow/dags/dag2.py took 0.074 seconds
[2026-02-12T22:25:27.365+0000] {processor.py:161} INFO - Started process (PID=1293) to work on /opt/airflow/dags/dag2.py
[2026-02-12T22:25:27.367+0000] {processor.py:830} INFO - Processing file /opt/airflow/dags/dag2.py for tasks to queue
[2026-02-12T22:25:27.371+0000] {logging_mixin.py:188} INFO - [2026-02-12T22:25:27.371+0000] {dagbag.py:545} INFO - Filling up the DagBag from /opt/airflow/dags/dag2.py
[2026-02-12T22:25:27.392+0000] {processor.py:840} INFO - DAG(s) 'twitter_pipeline_2' retrieved from /opt/airflow/dags/dag2.py
[2026-02-12T22:25:27.421+0000] {logging_mixin.py:188} INFO - [2026-02-12T22:25:27.421+0000] {dag.py:3089} INFO - Sync 1 DAGs
[2026-02-12T22:25:27.442+0000] {logging_mixin.py:188} INFO - [2026-02-12T22:25:27.442+0000] {dag.py:3947} INFO - Setting next_dagrun for twitter_pipeline_2 to 2026-02-12 00:00:00+00:00, run_after=2026-02-13 00:00:00+00:00
[2026-02-12T22:25:27.458+0000] {processor.py:183} INFO - Processing /opt/airflow/dags/dag2.py took 0.101 seconds
[2026-02-12T22:25:57.558+0000] {processor.py:161} INFO - Started process (PID=1303) to work on /opt/airflow/dags/dag2.py
[2026-02-12T22:25:57.559+0000] {processor.py:830} INFO - Processing file /opt/airflow/dags/dag2.py for tasks to queue
[2026-02-12T22:25:57.560+0000] {logging_mixin.py:188} INFO - [2026-02-12T22:25:57.560+0000] {dagbag.py:545} INFO - Filling up the DagBag from /opt/airflow/dags/dag2.py
[2026-02-12T22:25:57.578+0000] {processor.py:840} INFO - DAG(s) 'twitter_pipeline_2' retrieved from /opt/airflow/dags/dag2.py
[2026-02-12T22:25:57.599+0000] {logging_mixin.py:188} INFO - [2026-02-12T22:25:57.598+0000] {dag.py:3089} INFO - Sync 1 DAGs
[2026-02-12T22:25:57.614+0000] {logging_mixin.py:188} INFO - [2026-02-12T22:25:57.614+0000] {dag.py:3947} INFO - Setting next_dagrun for twitter_pipeline_2 to 2026-02-12 00:00:00+00:00, run_after=2026-02-13 00:00:00+00:00
[2026-02-12T22:25:57.626+0000] {processor.py:183} INFO - Processing /opt/airflow/dags/dag2.py took 0.075 seconds
[2026-02-12T22:26:27.909+0000] {processor.py:161} INFO - Started process (PID=1313) to work on /opt/airflow/dags/dag2.py
[2026-02-12T22:26:27.911+0000] {processor.py:830} INFO - Processing file /opt/airflow/dags/dag2.py for tasks to queue
[2026-02-12T22:26:27.912+0000] {logging_mixin.py:188} INFO - [2026-02-12T22:26:27.912+0000] {dagbag.py:545} INFO - Filling up the DagBag from /opt/airflow/dags/dag2.py
[2026-02-12T22:26:27.929+0000] {processor.py:840} INFO - DAG(s) 'twitter_pipeline_2' retrieved from /opt/airflow/dags/dag2.py
[2026-02-12T22:26:27.951+0000] {logging_mixin.py:188} INFO - [2026-02-12T22:26:27.951+0000] {dag.py:3089} INFO - Sync 1 DAGs
[2026-02-12T22:26:27.968+0000] {logging_mixin.py:188} INFO - [2026-02-12T22:26:27.967+0000] {dag.py:3947} INFO - Setting next_dagrun for twitter_pipeline_2 to 2026-02-12 00:00:00+00:00, run_after=2026-02-13 00:00:00+00:00
[2026-02-12T22:26:27.981+0000] {processor.py:183} INFO - Processing /opt/airflow/dags/dag2.py took 0.078 seconds
[2026-02-12T22:26:58.212+0000] {processor.py:161} INFO - Started process (PID=1323) to work on /opt/airflow/dags/dag2.py
[2026-02-12T22:26:58.213+0000] {processor.py:830} INFO - Processing file /opt/airflow/dags/dag2.py for tasks to queue
[2026-02-12T22:26:58.215+0000] {logging_mixin.py:188} INFO - [2026-02-12T22:26:58.215+0000] {dagbag.py:545} INFO - Filling up the DagBag from /opt/airflow/dags/dag2.py
[2026-02-12T22:26:58.235+0000] {processor.py:840} INFO - DAG(s) 'twitter_pipeline_2' retrieved from /opt/airflow/dags/dag2.py
[2026-02-12T22:26:58.259+0000] {logging_mixin.py:188} INFO - [2026-02-12T22:26:58.259+0000] {dag.py:3089} INFO - Sync 1 DAGs
[2026-02-12T22:26:58.278+0000] {logging_mixin.py:188} INFO - [2026-02-12T22:26:58.278+0000] {dag.py:3947} INFO - Setting next_dagrun for twitter_pipeline_2 to 2026-02-12 00:00:00+00:00, run_after=2026-02-13 00:00:00+00:00
[2026-02-12T22:26:58.292+0000] {processor.py:183} INFO - Processing /opt/airflow/dags/dag2.py took 0.087 seconds
[2026-02-12T22:27:28.541+0000] {processor.py:161} INFO - Started process (PID=1333) to work on /opt/airflow/dags/dag2.py
[2026-02-12T22:27:28.543+0000] {processor.py:830} INFO - Processing file /opt/airflow/dags/dag2.py for tasks to queue
[2026-02-12T22:27:28.545+0000] {logging_mixin.py:188} INFO - [2026-02-12T22:27:28.544+0000] {dagbag.py:545} INFO - Filling up the DagBag from /opt/airflow/dags/dag2.py
[2026-02-12T22:27:28.563+0000] {processor.py:840} INFO - DAG(s) 'twitter_pipeline_2' retrieved from /opt/airflow/dags/dag2.py
[2026-02-12T22:27:28.587+0000] {logging_mixin.py:188} INFO - [2026-02-12T22:27:28.587+0000] {dag.py:3089} INFO - Sync 1 DAGs
[2026-02-12T22:27:28.605+0000] {logging_mixin.py:188} INFO - [2026-02-12T22:27:28.605+0000] {dag.py:3947} INFO - Setting next_dagrun for twitter_pipeline_2 to 2026-02-12 00:00:00+00:00, run_after=2026-02-13 00:00:00+00:00
[2026-02-12T22:27:28.618+0000] {processor.py:183} INFO - Processing /opt/airflow/dags/dag2.py took 0.083 seconds
[2026-02-12T22:28:00.793+0000] {processor.py:161} INFO - Started process (PID=1343) to work on /opt/airflow/dags/dag2.py
[2026-02-12T22:28:00.794+0000] {processor.py:830} INFO - Processing file /opt/airflow/dags/dag2.py for tasks to queue
[2026-02-12T22:28:00.796+0000] {logging_mixin.py:188} INFO - [2026-02-12T22:28:00.796+0000] {dagbag.py:545} INFO - Filling up the DagBag from /opt/airflow/dags/dag2.py
[2026-02-12T22:28:00.815+0000] {processor.py:840} INFO - DAG(s) 'twitter_pipeline_2' retrieved from /opt/airflow/dags/dag2.py
[2026-02-12T22:28:00.838+0000] {logging_mixin.py:188} INFO - [2026-02-12T22:28:00.838+0000] {dag.py:3089} INFO - Sync 1 DAGs
[2026-02-12T22:28:00.856+0000] {logging_mixin.py:188} INFO - [2026-02-12T22:28:00.856+0000] {dag.py:3947} INFO - Setting next_dagrun for twitter_pipeline_2 to 2026-02-12 00:00:00+00:00, run_after=2026-02-13 00:00:00+00:00
[2026-02-12T22:28:00.870+0000] {processor.py:183} INFO - Processing /opt/airflow/dags/dag2.py took 0.084 seconds
[2026-02-12T22:28:34.133+0000] {processor.py:161} INFO - Started process (PID=1353) to work on /opt/airflow/dags/dag2.py
[2026-02-12T22:28:34.135+0000] {processor.py:830} INFO - Processing file /opt/airflow/dags/dag2.py for tasks to queue
[2026-02-12T22:28:34.136+0000] {logging_mixin.py:188} INFO - [2026-02-12T22:28:34.136+0000] {dagbag.py:545} INFO - Filling up the DagBag from /opt/airflow/dags/dag2.py
[2026-02-12T22:28:34.153+0000] {processor.py:840} INFO - DAG(s) 'twitter_pipeline_2' retrieved from /opt/airflow/dags/dag2.py
[2026-02-12T22:28:34.176+0000] {logging_mixin.py:188} INFO - [2026-02-12T22:28:34.176+0000] {dag.py:3089} INFO - Sync 1 DAGs
[2026-02-12T22:28:34.192+0000] {logging_mixin.py:188} INFO - [2026-02-12T22:28:34.192+0000] {dag.py:3947} INFO - Setting next_dagrun for twitter_pipeline_2 to 2026-02-12 00:00:00+00:00, run_after=2026-02-13 00:00:00+00:00
[2026-02-12T22:28:34.204+0000] {processor.py:183} INFO - Processing /opt/airflow/dags/dag2.py took 0.077 seconds
[2026-02-12T22:29:07.437+0000] {processor.py:161} INFO - Started process (PID=1363) to work on /opt/airflow/dags/dag2.py
[2026-02-12T22:29:07.438+0000] {processor.py:830} INFO - Processing file /opt/airflow/dags/dag2.py for tasks to queue
[2026-02-12T22:29:07.439+0000] {logging_mixin.py:188} INFO - [2026-02-12T22:29:07.439+0000] {dagbag.py:545} INFO - Filling up the DagBag from /opt/airflow/dags/dag2.py
[2026-02-12T22:29:07.458+0000] {processor.py:840} INFO - DAG(s) 'twitter_pipeline_2' retrieved from /opt/airflow/dags/dag2.py
[2026-02-12T22:29:07.483+0000] {logging_mixin.py:188} INFO - [2026-02-12T22:29:07.482+0000] {dag.py:3089} INFO - Sync 1 DAGs
[2026-02-12T22:29:07.502+0000] {logging_mixin.py:188} INFO - [2026-02-12T22:29:07.501+0000] {dag.py:3947} INFO - Setting next_dagrun for twitter_pipeline_2 to 2026-02-12 00:00:00+00:00, run_after=2026-02-13 00:00:00+00:00
[2026-02-12T22:29:07.515+0000] {processor.py:183} INFO - Processing /opt/airflow/dags/dag2.py took 0.083 seconds
[2026-02-12T22:29:40.844+0000] {processor.py:161} INFO - Started process (PID=1373) to work on /opt/airflow/dags/dag2.py
[2026-02-12T22:29:40.846+0000] {processor.py:830} INFO - Processing file /opt/airflow/dags/dag2.py for tasks to queue
[2026-02-12T22:29:40.848+0000] {logging_mixin.py:188} INFO - [2026-02-12T22:29:40.847+0000] {dagbag.py:545} INFO - Filling up the DagBag from /opt/airflow/dags/dag2.py
[2026-02-12T22:29:40.868+0000] {processor.py:840} INFO - DAG(s) 'twitter_pipeline_2' retrieved from /opt/airflow/dags/dag2.py
[2026-02-12T22:29:40.892+0000] {logging_mixin.py:188} INFO - [2026-02-12T22:29:40.892+0000] {dag.py:3089} INFO - Sync 1 DAGs
[2026-02-12T22:29:40.909+0000] {logging_mixin.py:188} INFO - [2026-02-12T22:29:40.909+0000] {dag.py:3947} INFO - Setting next_dagrun for twitter_pipeline_2 to 2026-02-12 00:00:00+00:00, run_after=2026-02-13 00:00:00+00:00
[2026-02-12T22:29:40.923+0000] {processor.py:183} INFO - Processing /opt/airflow/dags/dag2.py took 0.086 seconds
[2026-02-12T22:30:14.103+0000] {processor.py:161} INFO - Started process (PID=1383) to work on /opt/airflow/dags/dag2.py
[2026-02-12T22:30:14.104+0000] {processor.py:830} INFO - Processing file /opt/airflow/dags/dag2.py for tasks to queue
[2026-02-12T22:30:14.106+0000] {logging_mixin.py:188} INFO - [2026-02-12T22:30:14.106+0000] {dagbag.py:545} INFO - Filling up the DagBag from /opt/airflow/dags/dag2.py
[2026-02-12T22:30:14.125+0000] {processor.py:840} INFO - DAG(s) 'twitter_pipeline_2' retrieved from /opt/airflow/dags/dag2.py
[2026-02-12T22:30:14.149+0000] {logging_mixin.py:188} INFO - [2026-02-12T22:30:14.149+0000] {dag.py:3089} INFO - Sync 1 DAGs
[2026-02-12T22:30:14.166+0000] {logging_mixin.py:188} INFO - [2026-02-12T22:30:14.166+0000] {dag.py:3947} INFO - Setting next_dagrun for twitter_pipeline_2 to 2026-02-12 00:00:00+00:00, run_after=2026-02-13 00:00:00+00:00
[2026-02-12T22:30:14.181+0000] {processor.py:183} INFO - Processing /opt/airflow/dags/dag2.py took 0.083 seconds
[2026-02-12T22:30:44.442+0000] {processor.py:161} INFO - Started process (PID=1393) to work on /opt/airflow/dags/dag2.py
[2026-02-12T22:30:44.443+0000] {processor.py:830} INFO - Processing file /opt/airflow/dags/dag2.py for tasks to queue
[2026-02-12T22:30:44.445+0000] {logging_mixin.py:188} INFO - [2026-02-12T22:30:44.445+0000] {dagbag.py:545} INFO - Filling up the DagBag from /opt/airflow/dags/dag2.py
[2026-02-12T22:30:44.465+0000] {processor.py:840} INFO - DAG(s) 'twitter_pipeline_2' retrieved from /opt/airflow/dags/dag2.py
[2026-02-12T22:30:44.495+0000] {logging_mixin.py:188} INFO - [2026-02-12T22:30:44.494+0000] {dag.py:3089} INFO - Sync 1 DAGs
[2026-02-12T22:30:46.491+0000] {logging_mixin.py:188} INFO - [2026-02-12T22:30:46.491+0000] {dag.py:3947} INFO - Setting next_dagrun for twitter_pipeline_2 to 2026-02-12 00:00:00+00:00, run_after=2026-02-13 00:00:00+00:00
[2026-02-12T22:30:46.505+0000] {processor.py:183} INFO - Processing /opt/airflow/dags/dag2.py took 0.090 seconds
[2026-02-12T22:31:19.733+0000] {processor.py:161} INFO - Started process (PID=1403) to work on /opt/airflow/dags/dag2.py
[2026-02-12T22:31:19.735+0000] {processor.py:830} INFO - Processing file /opt/airflow/dags/dag2.py for tasks to queue
[2026-02-12T22:31:19.738+0000] {logging_mixin.py:188} INFO - [2026-02-12T22:31:19.738+0000] {dagbag.py:545} INFO - Filling up the DagBag from /opt/airflow/dags/dag2.py
[2026-02-12T22:31:19.765+0000] {processor.py:840} INFO - DAG(s) 'twitter_pipeline_2' retrieved from /opt/airflow/dags/dag2.py
[2026-02-12T22:31:19.798+0000] {logging_mixin.py:188} INFO - [2026-02-12T22:31:19.798+0000] {dag.py:3089} INFO - Sync 1 DAGs
[2026-02-12T22:31:19.822+0000] {logging_mixin.py:188} INFO - [2026-02-12T22:31:19.822+0000] {dag.py:3947} INFO - Setting next_dagrun for twitter_pipeline_2 to 2026-02-12 00:00:00+00:00, run_after=2026-02-13 00:00:00+00:00
[2026-02-12T22:31:19.841+0000] {processor.py:183} INFO - Processing /opt/airflow/dags/dag2.py took 0.117 seconds
[2026-02-12T22:31:53.155+0000] {processor.py:161} INFO - Started process (PID=1413) to work on /opt/airflow/dags/dag2.py
[2026-02-12T22:31:53.157+0000] {processor.py:830} INFO - Processing file /opt/airflow/dags/dag2.py for tasks to queue
[2026-02-12T22:31:53.158+0000] {logging_mixin.py:188} INFO - [2026-02-12T22:31:53.158+0000] {dagbag.py:545} INFO - Filling up the DagBag from /opt/airflow/dags/dag2.py
[2026-02-12T22:31:53.178+0000] {processor.py:840} INFO - DAG(s) 'twitter_pipeline_2' retrieved from /opt/airflow/dags/dag2.py
[2026-02-12T22:31:53.202+0000] {logging_mixin.py:188} INFO - [2026-02-12T22:31:53.202+0000] {dag.py:3089} INFO - Sync 1 DAGs
[2026-02-12T22:31:53.219+0000] {logging_mixin.py:188} INFO - [2026-02-12T22:31:53.218+0000] {dag.py:3947} INFO - Setting next_dagrun for twitter_pipeline_2 to 2026-02-12 00:00:00+00:00, run_after=2026-02-13 00:00:00+00:00
[2026-02-12T22:31:53.232+0000] {processor.py:183} INFO - Processing /opt/airflow/dags/dag2.py took 0.086 seconds
[2026-02-12T22:32:26.405+0000] {processor.py:161} INFO - Started process (PID=1423) to work on /opt/airflow/dags/dag2.py
[2026-02-12T22:32:26.406+0000] {processor.py:830} INFO - Processing file /opt/airflow/dags/dag2.py for tasks to queue
[2026-02-12T22:32:26.407+0000] {logging_mixin.py:188} INFO - [2026-02-12T22:32:26.407+0000] {dagbag.py:545} INFO - Filling up the DagBag from /opt/airflow/dags/dag2.py
[2026-02-12T22:32:26.426+0000] {processor.py:840} INFO - DAG(s) 'twitter_pipeline_2' retrieved from /opt/airflow/dags/dag2.py
[2026-02-12T22:32:26.450+0000] {logging_mixin.py:188} INFO - [2026-02-12T22:32:26.449+0000] {dag.py:3089} INFO - Sync 1 DAGs
[2026-02-12T22:32:26.466+0000] {logging_mixin.py:188} INFO - [2026-02-12T22:32:26.466+0000] {dag.py:3947} INFO - Setting next_dagrun for twitter_pipeline_2 to 2026-02-12 00:00:00+00:00, run_after=2026-02-13 00:00:00+00:00
[2026-02-12T22:32:26.480+0000] {processor.py:183} INFO - Processing /opt/airflow/dags/dag2.py took 0.081 seconds
[2026-02-12T22:32:59.879+0000] {processor.py:161} INFO - Started process (PID=1433) to work on /opt/airflow/dags/dag2.py
[2026-02-12T22:32:59.880+0000] {processor.py:830} INFO - Processing file /opt/airflow/dags/dag2.py for tasks to queue
[2026-02-12T22:32:59.882+0000] {logging_mixin.py:188} INFO - [2026-02-12T22:32:59.881+0000] {dagbag.py:545} INFO - Filling up the DagBag from /opt/airflow/dags/dag2.py
[2026-02-12T22:32:59.901+0000] {processor.py:840} INFO - DAG(s) 'twitter_pipeline_2' retrieved from /opt/airflow/dags/dag2.py
[2026-02-12T22:32:59.925+0000] {logging_mixin.py:188} INFO - [2026-02-12T22:32:59.925+0000] {dag.py:3089} INFO - Sync 1 DAGs
[2026-02-12T22:32:59.949+0000] {logging_mixin.py:188} INFO - [2026-02-12T22:32:59.949+0000] {dag.py:3947} INFO - Setting next_dagrun for twitter_pipeline_2 to 2026-02-12 00:00:00+00:00, run_after=2026-02-13 00:00:00+00:00
[2026-02-12T22:32:59.965+0000] {processor.py:183} INFO - Processing /opt/airflow/dags/dag2.py took 0.092 seconds
[2026-02-12T22:33:33.274+0000] {processor.py:161} INFO - Started process (PID=1443) to work on /opt/airflow/dags/dag2.py
[2026-02-12T22:33:33.275+0000] {processor.py:830} INFO - Processing file /opt/airflow/dags/dag2.py for tasks to queue
[2026-02-12T22:33:33.276+0000] {logging_mixin.py:188} INFO - [2026-02-12T22:33:33.276+0000] {dagbag.py:545} INFO - Filling up the DagBag from /opt/airflow/dags/dag2.py
[2026-02-12T22:33:33.295+0000] {processor.py:840} INFO - DAG(s) 'twitter_pipeline_2' retrieved from /opt/airflow/dags/dag2.py
[2026-02-12T22:33:33.319+0000] {logging_mixin.py:188} INFO - [2026-02-12T22:33:33.318+0000] {dag.py:3089} INFO - Sync 1 DAGs
[2026-02-12T22:33:33.337+0000] {logging_mixin.py:188} INFO - [2026-02-12T22:33:33.337+0000] {dag.py:3947} INFO - Setting next_dagrun for twitter_pipeline_2 to 2026-02-12 00:00:00+00:00, run_after=2026-02-13 00:00:00+00:00
[2026-02-12T22:33:33.351+0000] {processor.py:183} INFO - Processing /opt/airflow/dags/dag2.py took 0.082 seconds
[2026-02-12T22:34:03.577+0000] {processor.py:161} INFO - Started process (PID=1453) to work on /opt/airflow/dags/dag2.py
[2026-02-12T22:34:03.578+0000] {processor.py:830} INFO - Processing file /opt/airflow/dags/dag2.py for tasks to queue
[2026-02-12T22:34:03.580+0000] {logging_mixin.py:188} INFO - [2026-02-12T22:34:03.580+0000] {dagbag.py:545} INFO - Filling up the DagBag from /opt/airflow/dags/dag2.py
[2026-02-12T22:34:03.599+0000] {processor.py:840} INFO - DAG(s) 'twitter_pipeline_2' retrieved from /opt/airflow/dags/dag2.py
[2026-02-12T22:34:03.622+0000] {logging_mixin.py:188} INFO - [2026-02-12T22:34:03.621+0000] {dag.py:3089} INFO - Sync 1 DAGs
[2026-02-12T22:34:03.639+0000] {logging_mixin.py:188} INFO - [2026-02-12T22:34:03.639+0000] {dag.py:3947} INFO - Setting next_dagrun for twitter_pipeline_2 to 2026-02-12 00:00:00+00:00, run_after=2026-02-13 00:00:00+00:00
[2026-02-12T22:34:03.651+0000] {processor.py:183} INFO - Processing /opt/airflow/dags/dag2.py took 0.079 seconds
[2026-02-12T22:34:38.894+0000] {processor.py:161} INFO - Started process (PID=1463) to work on /opt/airflow/dags/dag2.py
[2026-02-12T22:34:38.895+0000] {processor.py:830} INFO - Processing file /opt/airflow/dags/dag2.py for tasks to queue
[2026-02-12T22:34:38.896+0000] {logging_mixin.py:188} INFO - [2026-02-12T22:34:38.896+0000] {dagbag.py:545} INFO - Filling up the DagBag from /opt/airflow/dags/dag2.py
[2026-02-12T22:34:38.914+0000] {processor.py:840} INFO - DAG(s) 'twitter_pipeline_2' retrieved from /opt/airflow/dags/dag2.py
[2026-02-12T22:34:38.939+0000] {logging_mixin.py:188} INFO - [2026-02-12T22:34:38.939+0000] {dag.py:3089} INFO - Sync 1 DAGs
[2026-02-12T22:34:38.955+0000] {logging_mixin.py:188} INFO - [2026-02-12T22:34:38.955+0000] {dag.py:3947} INFO - Setting next_dagrun for twitter_pipeline_2 to 2026-02-12 00:00:00+00:00, run_after=2026-02-13 00:00:00+00:00
[2026-02-12T22:34:38.968+0000] {processor.py:183} INFO - Processing /opt/airflow/dags/dag2.py took 0.080 seconds
[2026-02-12T22:35:12.201+0000] {processor.py:161} INFO - Started process (PID=1473) to work on /opt/airflow/dags/dag2.py
[2026-02-12T22:35:12.202+0000] {processor.py:830} INFO - Processing file /opt/airflow/dags/dag2.py for tasks to queue
[2026-02-12T22:35:12.204+0000] {logging_mixin.py:188} INFO - [2026-02-12T22:35:12.204+0000] {dagbag.py:545} INFO - Filling up the DagBag from /opt/airflow/dags/dag2.py
[2026-02-12T22:35:12.222+0000] {processor.py:840} INFO - DAG(s) 'twitter_pipeline_2' retrieved from /opt/airflow/dags/dag2.py
[2026-02-12T22:35:12.248+0000] {logging_mixin.py:188} INFO - [2026-02-12T22:35:12.248+0000] {dag.py:3089} INFO - Sync 1 DAGs
[2026-02-12T22:35:12.266+0000] {logging_mixin.py:188} INFO - [2026-02-12T22:35:12.266+0000] {dag.py:3947} INFO - Setting next_dagrun for twitter_pipeline_2 to 2026-02-12 00:00:00+00:00, run_after=2026-02-13 00:00:00+00:00
[2026-02-12T22:35:12.281+0000] {processor.py:183} INFO - Processing /opt/airflow/dags/dag2.py took 0.086 seconds
[2026-02-12T22:35:45.586+0000] {processor.py:161} INFO - Started process (PID=1483) to work on /opt/airflow/dags/dag2.py
[2026-02-12T22:35:45.587+0000] {processor.py:830} INFO - Processing file /opt/airflow/dags/dag2.py for tasks to queue
[2026-02-12T22:35:45.589+0000] {logging_mixin.py:188} INFO - [2026-02-12T22:35:45.589+0000] {dagbag.py:545} INFO - Filling up the DagBag from /opt/airflow/dags/dag2.py
[2026-02-12T22:35:45.608+0000] {processor.py:840} INFO - DAG(s) 'twitter_pipeline_2' retrieved from /opt/airflow/dags/dag2.py
[2026-02-12T22:35:45.631+0000] {logging_mixin.py:188} INFO - [2026-02-12T22:35:45.631+0000] {dag.py:3089} INFO - Sync 1 DAGs
[2026-02-12T22:35:45.648+0000] {logging_mixin.py:188} INFO - [2026-02-12T22:35:45.648+0000] {dag.py:3947} INFO - Setting next_dagrun for twitter_pipeline_2 to 2026-02-12 00:00:00+00:00, run_after=2026-02-13 00:00:00+00:00
[2026-02-12T22:35:45.661+0000] {processor.py:183} INFO - Processing /opt/airflow/dags/dag2.py took 0.082 seconds
[2026-02-12T22:36:18.885+0000] {processor.py:161} INFO - Started process (PID=1493) to work on /opt/airflow/dags/dag2.py
[2026-02-12T22:36:18.886+0000] {processor.py:830} INFO - Processing file /opt/airflow/dags/dag2.py for tasks to queue
[2026-02-12T22:36:18.888+0000] {logging_mixin.py:188} INFO - [2026-02-12T22:36:18.888+0000] {dagbag.py:545} INFO - Filling up the DagBag from /opt/airflow/dags/dag2.py
[2026-02-12T22:36:18.906+0000] {processor.py:840} INFO - DAG(s) 'twitter_pipeline_2' retrieved from /opt/airflow/dags/dag2.py
[2026-02-12T22:36:18.929+0000] {logging_mixin.py:188} INFO - [2026-02-12T22:36:18.929+0000] {dag.py:3089} INFO - Sync 1 DAGs
[2026-02-12T22:36:18.946+0000] {logging_mixin.py:188} INFO - [2026-02-12T22:36:18.946+0000] {dag.py:3947} INFO - Setting next_dagrun for twitter_pipeline_2 to 2026-02-12 00:00:00+00:00, run_after=2026-02-13 00:00:00+00:00
[2026-02-12T22:36:18.960+0000] {processor.py:183} INFO - Processing /opt/airflow/dags/dag2.py took 0.083 seconds
[2026-02-12T22:36:52.234+0000] {processor.py:161} INFO - Started process (PID=1503) to work on /opt/airflow/dags/dag2.py
[2026-02-12T22:36:52.235+0000] {processor.py:830} INFO - Processing file /opt/airflow/dags/dag2.py for tasks to queue
[2026-02-12T22:36:52.237+0000] {logging_mixin.py:188} INFO - [2026-02-12T22:36:52.237+0000] {dagbag.py:545} INFO - Filling up the DagBag from /opt/airflow/dags/dag2.py
[2026-02-12T22:36:52.263+0000] {processor.py:840} INFO - DAG(s) 'twitter_pipeline_2' retrieved from /opt/airflow/dags/dag2.py
[2026-02-12T22:36:52.301+0000] {logging_mixin.py:188} INFO - [2026-02-12T22:36:52.301+0000] {dag.py:3089} INFO - Sync 1 DAGs
[2026-02-12T22:36:52.324+0000] {logging_mixin.py:188} INFO - [2026-02-12T22:36:52.324+0000] {dag.py:3947} INFO - Setting next_dagrun for twitter_pipeline_2 to 2026-02-12 00:00:00+00:00, run_after=2026-02-13 00:00:00+00:00
[2026-02-12T22:36:52.338+0000] {processor.py:183} INFO - Processing /opt/airflow/dags/dag2.py took 0.112 seconds
[2026-02-12T22:37:25.507+0000] {processor.py:161} INFO - Started process (PID=1513) to work on /opt/airflow/dags/dag2.py
[2026-02-12T22:37:25.508+0000] {processor.py:830} INFO - Processing file /opt/airflow/dags/dag2.py for tasks to queue
[2026-02-12T22:37:25.510+0000] {logging_mixin.py:188} INFO - [2026-02-12T22:37:25.510+0000] {dagbag.py:545} INFO - Filling up the DagBag from /opt/airflow/dags/dag2.py
[2026-02-12T22:37:25.530+0000] {processor.py:840} INFO - DAG(s) 'twitter_pipeline_2' retrieved from /opt/airflow/dags/dag2.py
[2026-02-12T22:37:25.557+0000] {logging_mixin.py:188} INFO - [2026-02-12T22:37:25.557+0000] {dag.py:3089} INFO - Sync 1 DAGs
[2026-02-12T22:37:25.580+0000] {logging_mixin.py:188} INFO - [2026-02-12T22:37:25.580+0000] {dag.py:3947} INFO - Setting next_dagrun for twitter_pipeline_2 to 2026-02-12 00:00:00+00:00, run_after=2026-02-13 00:00:00+00:00
[2026-02-12T22:37:25.601+0000] {processor.py:183} INFO - Processing /opt/airflow/dags/dag2.py took 0.101 seconds
[2026-02-12T22:37:55.925+0000] {processor.py:161} INFO - Started process (PID=1523) to work on /opt/airflow/dags/dag2.py
[2026-02-12T22:37:55.926+0000] {processor.py:830} INFO - Processing file /opt/airflow/dags/dag2.py for tasks to queue
[2026-02-12T22:37:55.927+0000] {logging_mixin.py:188} INFO - [2026-02-12T22:37:55.927+0000] {dagbag.py:545} INFO - Filling up the DagBag from /opt/airflow/dags/dag2.py
[2026-02-12T22:37:55.947+0000] {processor.py:840} INFO - DAG(s) 'twitter_pipeline_2' retrieved from /opt/airflow/dags/dag2.py
[2026-02-12T22:37:57.963+0000] {logging_mixin.py:188} INFO - [2026-02-12T22:37:57.962+0000] {dag.py:3089} INFO - Sync 1 DAGs
[2026-02-12T22:37:57.983+0000] {logging_mixin.py:188} INFO - [2026-02-12T22:37:57.982+0000] {dag.py:3947} INFO - Setting next_dagrun for twitter_pipeline_2 to 2026-02-12 00:00:00+00:00, run_after=2026-02-13 00:00:00+00:00
[2026-02-12T22:37:57.998+0000] {processor.py:183} INFO - Processing /opt/airflow/dags/dag2.py took 0.090 seconds
[2026-02-12T22:38:31.228+0000] {processor.py:161} INFO - Started process (PID=1533) to work on /opt/airflow/dags/dag2.py
[2026-02-12T22:38:31.229+0000] {processor.py:830} INFO - Processing file /opt/airflow/dags/dag2.py for tasks to queue
[2026-02-12T22:38:31.231+0000] {logging_mixin.py:188} INFO - [2026-02-12T22:38:31.231+0000] {dagbag.py:545} INFO - Filling up the DagBag from /opt/airflow/dags/dag2.py
[2026-02-12T22:38:31.249+0000] {processor.py:840} INFO - DAG(s) 'twitter_pipeline_2' retrieved from /opt/airflow/dags/dag2.py
[2026-02-12T22:38:31.272+0000] {logging_mixin.py:188} INFO - [2026-02-12T22:38:31.271+0000] {dag.py:3089} INFO - Sync 1 DAGs
[2026-02-12T22:38:31.289+0000] {logging_mixin.py:188} INFO - [2026-02-12T22:38:31.289+0000] {dag.py:3947} INFO - Setting next_dagrun for twitter_pipeline_2 to 2026-02-12 00:00:00+00:00, run_after=2026-02-13 00:00:00+00:00
[2026-02-12T22:38:31.302+0000] {processor.py:183} INFO - Processing /opt/airflow/dags/dag2.py took 0.079 seconds
[2026-02-12T22:39:04.594+0000] {processor.py:161} INFO - Started process (PID=1543) to work on /opt/airflow/dags/dag2.py
[2026-02-12T22:39:04.595+0000] {processor.py:830} INFO - Processing file /opt/airflow/dags/dag2.py for tasks to queue
[2026-02-12T22:39:04.597+0000] {logging_mixin.py:188} INFO - [2026-02-12T22:39:04.597+0000] {dagbag.py:545} INFO - Filling up the DagBag from /opt/airflow/dags/dag2.py
[2026-02-12T22:39:04.617+0000] {processor.py:840} INFO - DAG(s) 'twitter_pipeline_2' retrieved from /opt/airflow/dags/dag2.py
[2026-02-12T22:39:04.641+0000] {logging_mixin.py:188} INFO - [2026-02-12T22:39:04.641+0000] {dag.py:3089} INFO - Sync 1 DAGs
[2026-02-12T22:39:04.657+0000] {logging_mixin.py:188} INFO - [2026-02-12T22:39:04.657+0000] {dag.py:3947} INFO - Setting next_dagrun for twitter_pipeline_2 to 2026-02-12 00:00:00+00:00, run_after=2026-02-13 00:00:00+00:00
[2026-02-12T22:39:04.670+0000] {processor.py:183} INFO - Processing /opt/airflow/dags/dag2.py took 0.082 seconds
[2026-02-12T22:39:26.681+0000] {processor.py:161} INFO - Started process (PID=1553) to work on /opt/airflow/dags/dag2.py
[2026-02-12T22:39:26.682+0000] {processor.py:830} INFO - Processing file /opt/airflow/dags/dag2.py for tasks to queue
[2026-02-12T22:39:26.684+0000] {logging_mixin.py:188} INFO - [2026-02-12T22:39:26.683+0000] {dagbag.py:545} INFO - Filling up the DagBag from /opt/airflow/dags/dag2.py
[2026-02-12T22:39:26.700+0000] {processor.py:840} INFO - DAG(s) 'twitter_pipeline_2' retrieved from /opt/airflow/dags/dag2.py
[2026-02-12T22:39:26.796+0000] {logging_mixin.py:188} INFO - [2026-02-12T22:39:26.796+0000] {dag.py:3089} INFO - Sync 1 DAGs
[2026-02-12T22:39:26.811+0000] {logging_mixin.py:188} INFO - [2026-02-12T22:39:26.811+0000] {dag.py:3947} INFO - Setting next_dagrun for twitter_pipeline_2 to 2026-02-12 00:00:00+00:00, run_after=2026-02-13 00:00:00+00:00
[2026-02-12T22:39:26.825+0000] {processor.py:183} INFO - Processing /opt/airflow/dags/dag2.py took 0.149 seconds
[2026-02-12T22:39:57.089+0000] {processor.py:161} INFO - Started process (PID=1563) to work on /opt/airflow/dags/dag2.py
[2026-02-12T22:39:57.090+0000] {processor.py:830} INFO - Processing file /opt/airflow/dags/dag2.py for tasks to queue
[2026-02-12T22:39:57.091+0000] {logging_mixin.py:188} INFO - [2026-02-12T22:39:57.091+0000] {dagbag.py:545} INFO - Filling up the DagBag from /opt/airflow/dags/dag2.py
[2026-02-12T22:39:57.107+0000] {processor.py:840} INFO - DAG(s) 'twitter_pipeline_2' retrieved from /opt/airflow/dags/dag2.py
[2026-02-12T22:39:57.127+0000] {logging_mixin.py:188} INFO - [2026-02-12T22:39:57.127+0000] {dag.py:3089} INFO - Sync 1 DAGs
[2026-02-12T22:39:57.144+0000] {logging_mixin.py:188} INFO - [2026-02-12T22:39:57.144+0000] {dag.py:3947} INFO - Setting next_dagrun for twitter_pipeline_2 to 2026-02-12 00:00:00+00:00, run_after=2026-02-13 00:00:00+00:00
[2026-02-12T22:39:57.156+0000] {processor.py:183} INFO - Processing /opt/airflow/dags/dag2.py took 0.072 seconds
[2026-02-12T22:40:27.464+0000] {processor.py:161} INFO - Started process (PID=1573) to work on /opt/airflow/dags/dag2.py
[2026-02-12T22:40:27.465+0000] {processor.py:830} INFO - Processing file /opt/airflow/dags/dag2.py for tasks to queue
[2026-02-12T22:40:27.467+0000] {logging_mixin.py:188} INFO - [2026-02-12T22:40:27.467+0000] {dagbag.py:545} INFO - Filling up the DagBag from /opt/airflow/dags/dag2.py
[2026-02-12T22:40:27.483+0000] {processor.py:840} INFO - DAG(s) 'twitter_pipeline_2' retrieved from /opt/airflow/dags/dag2.py
[2026-02-12T22:40:27.507+0000] {logging_mixin.py:188} INFO - [2026-02-12T22:40:27.507+0000] {dag.py:3089} INFO - Sync 1 DAGs
[2026-02-12T22:40:27.526+0000] {logging_mixin.py:188} INFO - [2026-02-12T22:40:27.526+0000] {dag.py:3947} INFO - Setting next_dagrun for twitter_pipeline_2 to 2026-02-12 00:00:00+00:00, run_after=2026-02-13 00:00:00+00:00
[2026-02-12T22:40:27.543+0000] {processor.py:183} INFO - Processing /opt/airflow/dags/dag2.py took 0.083 seconds
[2026-02-12T22:40:57.877+0000] {processor.py:161} INFO - Started process (PID=1583) to work on /opt/airflow/dags/dag2.py
[2026-02-12T22:40:57.877+0000] {processor.py:830} INFO - Processing file /opt/airflow/dags/dag2.py for tasks to queue
[2026-02-12T22:40:57.879+0000] {logging_mixin.py:188} INFO - [2026-02-12T22:40:57.878+0000] {dagbag.py:545} INFO - Filling up the DagBag from /opt/airflow/dags/dag2.py
[2026-02-12T22:40:57.895+0000] {processor.py:840} INFO - DAG(s) 'twitter_pipeline_2' retrieved from /opt/airflow/dags/dag2.py
[2026-02-12T22:40:57.917+0000] {logging_mixin.py:188} INFO - [2026-02-12T22:40:57.917+0000] {dag.py:3089} INFO - Sync 1 DAGs
[2026-02-12T22:40:57.935+0000] {logging_mixin.py:188} INFO - [2026-02-12T22:40:57.935+0000] {dag.py:3947} INFO - Setting next_dagrun for twitter_pipeline_2 to 2026-02-12 00:00:00+00:00, run_after=2026-02-13 00:00:00+00:00
[2026-02-12T22:40:57.949+0000] {processor.py:183} INFO - Processing /opt/airflow/dags/dag2.py took 0.077 seconds
[2026-02-12T22:41:28.245+0000] {processor.py:161} INFO - Started process (PID=1593) to work on /opt/airflow/dags/dag2.py
[2026-02-12T22:41:28.246+0000] {processor.py:830} INFO - Processing file /opt/airflow/dags/dag2.py for tasks to queue
[2026-02-12T22:41:28.248+0000] {logging_mixin.py:188} INFO - [2026-02-12T22:41:28.247+0000] {dagbag.py:545} INFO - Filling up the DagBag from /opt/airflow/dags/dag2.py
[2026-02-12T22:41:28.266+0000] {processor.py:840} INFO - DAG(s) 'twitter_pipeline_2' retrieved from /opt/airflow/dags/dag2.py
[2026-02-12T22:41:28.288+0000] {logging_mixin.py:188} INFO - [2026-02-12T22:41:28.288+0000] {dag.py:3089} INFO - Sync 1 DAGs
[2026-02-12T22:41:28.304+0000] {logging_mixin.py:188} INFO - [2026-02-12T22:41:28.304+0000] {dag.py:3947} INFO - Setting next_dagrun for twitter_pipeline_2 to 2026-02-12 00:00:00+00:00, run_after=2026-02-13 00:00:00+00:00
[2026-02-12T22:41:28.318+0000] {processor.py:183} INFO - Processing /opt/airflow/dags/dag2.py took 0.078 seconds
[2026-02-12T22:42:01.632+0000] {processor.py:161} INFO - Started process (PID=169) to work on /opt/airflow/dags/dag2.py
[2026-02-12T22:42:01.633+0000] {processor.py:830} INFO - Processing file /opt/airflow/dags/dag2.py for tasks to queue
[2026-02-12T22:42:01.636+0000] {logging_mixin.py:188} INFO - [2026-02-12T22:42:01.635+0000] {dagbag.py:545} INFO - Filling up the DagBag from /opt/airflow/dags/dag2.py
[2026-02-12T22:42:01.693+0000] {processor.py:840} INFO - DAG(s) 'twitter_pipeline_2' retrieved from /opt/airflow/dags/dag2.py
[2026-02-12T22:42:01.708+0000] {logging_mixin.py:188} INFO - [2026-02-12T22:42:01.708+0000] {dag.py:3089} INFO - Sync 1 DAGs
[2026-02-12T22:42:01.735+0000] {logging_mixin.py:188} INFO - [2026-02-12T22:42:01.735+0000] {dag.py:3947} INFO - Setting next_dagrun for twitter_pipeline_2 to 2026-02-12 00:00:00+00:00, run_after=2026-02-13 00:00:00+00:00
[2026-02-12T22:42:01.750+0000] {processor.py:183} INFO - Processing /opt/airflow/dags/dag2.py took 0.125 seconds
[2026-02-12T22:42:31.974+0000] {processor.py:161} INFO - Started process (PID=179) to work on /opt/airflow/dags/dag2.py
[2026-02-12T22:42:31.975+0000] {processor.py:830} INFO - Processing file /opt/airflow/dags/dag2.py for tasks to queue
[2026-02-12T22:42:31.977+0000] {logging_mixin.py:188} INFO - [2026-02-12T22:42:31.977+0000] {dagbag.py:545} INFO - Filling up the DagBag from /opt/airflow/dags/dag2.py
[2026-02-12T22:42:31.998+0000] {processor.py:840} INFO - DAG(s) 'twitter_pipeline_2' retrieved from /opt/airflow/dags/dag2.py
[2026-02-12T22:42:32.154+0000] {logging_mixin.py:188} INFO - [2026-02-12T22:42:32.153+0000] {dag.py:3089} INFO - Sync 1 DAGs
[2026-02-12T22:42:32.171+0000] {logging_mixin.py:188} INFO - [2026-02-12T22:42:32.171+0000] {dag.py:3947} INFO - Setting next_dagrun for twitter_pipeline_2 to 2026-02-12 00:00:00+00:00, run_after=2026-02-13 00:00:00+00:00
[2026-02-12T22:42:32.185+0000] {processor.py:183} INFO - Processing /opt/airflow/dags/dag2.py took 0.218 seconds
[2026-02-12T22:43:02.490+0000] {processor.py:161} INFO - Started process (PID=189) to work on /opt/airflow/dags/dag2.py
[2026-02-12T22:43:02.491+0000] {processor.py:830} INFO - Processing file /opt/airflow/dags/dag2.py for tasks to queue
[2026-02-12T22:43:02.493+0000] {logging_mixin.py:188} INFO - [2026-02-12T22:43:02.493+0000] {dagbag.py:545} INFO - Filling up the DagBag from /opt/airflow/dags/dag2.py
[2026-02-12T22:43:02.513+0000] {processor.py:840} INFO - DAG(s) 'twitter_pipeline_2' retrieved from /opt/airflow/dags/dag2.py
[2026-02-12T22:43:02.595+0000] {logging_mixin.py:188} INFO - [2026-02-12T22:43:02.595+0000] {dag.py:3089} INFO - Sync 1 DAGs
[2026-02-12T22:43:02.601+0000] {logging_mixin.py:188} INFO - [2026-02-12T22:43:02.601+0000] {dag.py:3111} INFO - Creating ORM DAG for twitter_pipeline_2
[2026-02-12T22:43:02.609+0000] {logging_mixin.py:188} INFO - [2026-02-12T22:43:02.609+0000] {dag.py:3947} INFO - Setting next_dagrun for twitter_pipeline_2 to 2026-02-11 00:00:00+00:00, run_after=2026-02-12 00:00:00+00:00
[2026-02-12T22:43:02.621+0000] {processor.py:183} INFO - Processing /opt/airflow/dags/dag2.py took 0.137 seconds
[2026-02-12T22:43:32.912+0000] {processor.py:161} INFO - Started process (PID=491) to work on /opt/airflow/dags/dag2.py
[2026-02-12T22:43:32.913+0000] {processor.py:830} INFO - Processing file /opt/airflow/dags/dag2.py for tasks to queue
[2026-02-12T22:43:32.915+0000] {logging_mixin.py:188} INFO - [2026-02-12T22:43:32.915+0000] {dagbag.py:545} INFO - Filling up the DagBag from /opt/airflow/dags/dag2.py
[2026-02-12T22:43:32.931+0000] {processor.py:840} INFO - DAG(s) 'twitter_pipeline_2' retrieved from /opt/airflow/dags/dag2.py
[2026-02-12T22:43:32.954+0000] {logging_mixin.py:188} INFO - [2026-02-12T22:43:32.954+0000] {dag.py:3089} INFO - Sync 1 DAGs
[2026-02-12T22:43:32.986+0000] {processor.py:183} INFO - Processing /opt/airflow/dags/dag2.py took 0.080 seconds
[2026-02-12T22:44:03.265+0000] {processor.py:161} INFO - Started process (PID=638) to work on /opt/airflow/dags/dag2.py
[2026-02-12T22:44:03.265+0000] {processor.py:830} INFO - Processing file /opt/airflow/dags/dag2.py for tasks to queue
[2026-02-12T22:44:03.267+0000] {logging_mixin.py:188} INFO - [2026-02-12T22:44:03.267+0000] {dagbag.py:545} INFO - Filling up the DagBag from /opt/airflow/dags/dag2.py
[2026-02-12T22:44:03.288+0000] {processor.py:840} INFO - DAG(s) 'twitter_pipeline_2' retrieved from /opt/airflow/dags/dag2.py
[2026-02-12T22:44:03.310+0000] {logging_mixin.py:188} INFO - [2026-02-12T22:44:03.310+0000] {dag.py:3089} INFO - Sync 1 DAGs
[2026-02-12T22:44:03.328+0000] {logging_mixin.py:188} INFO - [2026-02-12T22:44:03.327+0000] {dag.py:3947} INFO - Setting next_dagrun for twitter_pipeline_2 to 2026-02-12 00:00:00+00:00, run_after=2026-02-13 00:00:00+00:00
[2026-02-12T22:44:03.342+0000] {processor.py:183} INFO - Processing /opt/airflow/dags/dag2.py took 0.083 seconds
[2026-02-12T22:44:36.645+0000] {processor.py:161} INFO - Started process (PID=648) to work on /opt/airflow/dags/dag2.py
[2026-02-12T22:44:36.647+0000] {processor.py:830} INFO - Processing file /opt/airflow/dags/dag2.py for tasks to queue
[2026-02-12T22:44:36.648+0000] {logging_mixin.py:188} INFO - [2026-02-12T22:44:36.648+0000] {dagbag.py:545} INFO - Filling up the DagBag from /opt/airflow/dags/dag2.py
[2026-02-12T22:44:36.663+0000] {processor.py:840} INFO - DAG(s) 'twitter_pipeline_2' retrieved from /opt/airflow/dags/dag2.py
[2026-02-12T22:44:36.688+0000] {logging_mixin.py:188} INFO - [2026-02-12T22:44:36.687+0000] {dag.py:3089} INFO - Sync 1 DAGs
[2026-02-12T22:44:36.704+0000] {logging_mixin.py:188} INFO - [2026-02-12T22:44:36.704+0000] {dag.py:3947} INFO - Setting next_dagrun for twitter_pipeline_2 to 2026-02-12 00:00:00+00:00, run_after=2026-02-13 00:00:00+00:00
[2026-02-12T22:44:36.717+0000] {processor.py:183} INFO - Processing /opt/airflow/dags/dag2.py took 0.077 seconds
[2026-02-12T22:45:09.963+0000] {processor.py:161} INFO - Started process (PID=658) to work on /opt/airflow/dags/dag2.py
[2026-02-12T22:45:09.964+0000] {processor.py:830} INFO - Processing file /opt/airflow/dags/dag2.py for tasks to queue
[2026-02-12T22:45:09.965+0000] {logging_mixin.py:188} INFO - [2026-02-12T22:45:09.965+0000] {dagbag.py:545} INFO - Filling up the DagBag from /opt/airflow/dags/dag2.py
[2026-02-12T22:45:09.983+0000] {processor.py:840} INFO - DAG(s) 'twitter_pipeline_2' retrieved from /opt/airflow/dags/dag2.py
[2026-02-12T22:45:10.007+0000] {logging_mixin.py:188} INFO - [2026-02-12T22:45:10.007+0000] {dag.py:3089} INFO - Sync 1 DAGs
[2026-02-12T22:45:10.024+0000] {logging_mixin.py:188} INFO - [2026-02-12T22:45:10.023+0000] {dag.py:3947} INFO - Setting next_dagrun for twitter_pipeline_2 to 2026-02-12 00:00:00+00:00, run_after=2026-02-13 00:00:00+00:00
[2026-02-12T22:45:10.036+0000] {processor.py:183} INFO - Processing /opt/airflow/dags/dag2.py took 0.079 seconds
[2026-02-12T22:45:27.037+0000] {processor.py:161} INFO - Started process (PID=668) to work on /opt/airflow/dags/dag2.py
[2026-02-12T22:45:27.039+0000] {processor.py:830} INFO - Processing file /opt/airflow/dags/dag2.py for tasks to queue
[2026-02-12T22:45:27.040+0000] {logging_mixin.py:188} INFO - [2026-02-12T22:45:27.040+0000] {dagbag.py:545} INFO - Filling up the DagBag from /opt/airflow/dags/dag2.py
[2026-02-12T22:45:27.057+0000] {processor.py:840} INFO - DAG(s) 'twitter_pipeline_2' retrieved from /opt/airflow/dags/dag2.py
[2026-02-12T22:45:27.081+0000] {logging_mixin.py:188} INFO - [2026-02-12T22:45:27.081+0000] {dag.py:3089} INFO - Sync 1 DAGs
[2026-02-12T22:45:27.099+0000] {logging_mixin.py:188} INFO - [2026-02-12T22:45:27.099+0000] {dag.py:3947} INFO - Setting next_dagrun for twitter_pipeline_2 to 2026-02-12 00:00:00+00:00, run_after=2026-02-13 00:00:00+00:00
[2026-02-12T22:45:27.114+0000] {processor.py:183} INFO - Processing /opt/airflow/dags/dag2.py took 0.083 seconds
[2026-02-12T22:45:57.499+0000] {processor.py:161} INFO - Started process (PID=678) to work on /opt/airflow/dags/dag2.py
[2026-02-12T22:45:57.502+0000] {processor.py:830} INFO - Processing file /opt/airflow/dags/dag2.py for tasks to queue
[2026-02-12T22:45:57.508+0000] {logging_mixin.py:188} INFO - [2026-02-12T22:45:57.508+0000] {dagbag.py:545} INFO - Filling up the DagBag from /opt/airflow/dags/dag2.py
[2026-02-12T22:45:57.541+0000] {processor.py:840} INFO - DAG(s) 'twitter_pipeline_2' retrieved from /opt/airflow/dags/dag2.py
[2026-02-12T22:45:57.578+0000] {logging_mixin.py:188} INFO - [2026-02-12T22:45:57.578+0000] {dag.py:3089} INFO - Sync 1 DAGs
[2026-02-12T22:45:57.600+0000] {logging_mixin.py:188} INFO - [2026-02-12T22:45:57.600+0000] {dag.py:3947} INFO - Setting next_dagrun for twitter_pipeline_2 to 2026-02-12 00:00:00+00:00, run_after=2026-02-13 00:00:00+00:00
[2026-02-12T22:45:57.617+0000] {processor.py:183} INFO - Processing /opt/airflow/dags/dag2.py took 0.131 seconds
[2026-02-12T22:46:27.938+0000] {processor.py:161} INFO - Started process (PID=688) to work on /opt/airflow/dags/dag2.py
[2026-02-12T22:46:27.940+0000] {processor.py:830} INFO - Processing file /opt/airflow/dags/dag2.py for tasks to queue
[2026-02-12T22:46:27.941+0000] {logging_mixin.py:188} INFO - [2026-02-12T22:46:27.941+0000] {dagbag.py:545} INFO - Filling up the DagBag from /opt/airflow/dags/dag2.py
[2026-02-12T22:46:27.956+0000] {processor.py:840} INFO - DAG(s) 'twitter_pipeline_2' retrieved from /opt/airflow/dags/dag2.py
[2026-02-12T22:46:27.976+0000] {logging_mixin.py:188} INFO - [2026-02-12T22:46:27.976+0000] {dag.py:3089} INFO - Sync 1 DAGs
[2026-02-12T22:46:27.990+0000] {logging_mixin.py:188} INFO - [2026-02-12T22:46:27.990+0000] {dag.py:3947} INFO - Setting next_dagrun for twitter_pipeline_2 to 2026-02-12 00:00:00+00:00, run_after=2026-02-13 00:00:00+00:00
[2026-02-12T22:46:28.002+0000] {processor.py:183} INFO - Processing /opt/airflow/dags/dag2.py took 0.069 seconds
[2026-02-12T22:46:58.350+0000] {processor.py:161} INFO - Started process (PID=698) to work on /opt/airflow/dags/dag2.py
[2026-02-12T22:46:58.352+0000] {processor.py:830} INFO - Processing file /opt/airflow/dags/dag2.py for tasks to queue
[2026-02-12T22:46:58.353+0000] {logging_mixin.py:188} INFO - [2026-02-12T22:46:58.353+0000] {dagbag.py:545} INFO - Filling up the DagBag from /opt/airflow/dags/dag2.py
[2026-02-12T22:46:58.371+0000] {processor.py:840} INFO - DAG(s) 'twitter_pipeline_2' retrieved from /opt/airflow/dags/dag2.py
[2026-02-12T22:46:58.394+0000] {logging_mixin.py:188} INFO - [2026-02-12T22:46:58.394+0000] {dag.py:3089} INFO - Sync 1 DAGs
[2026-02-12T22:46:58.410+0000] {logging_mixin.py:188} INFO - [2026-02-12T22:46:58.410+0000] {dag.py:3947} INFO - Setting next_dagrun for twitter_pipeline_2 to 2026-02-12 00:00:00+00:00, run_after=2026-02-13 00:00:00+00:00
[2026-02-12T22:46:58.427+0000] {processor.py:183} INFO - Processing /opt/airflow/dags/dag2.py took 0.083 seconds
[2026-02-12T22:47:28.725+0000] {processor.py:161} INFO - Started process (PID=1001) to work on /opt/airflow/dags/dag2.py
[2026-02-12T22:47:28.727+0000] {processor.py:830} INFO - Processing file /opt/airflow/dags/dag2.py for tasks to queue
[2026-02-12T22:47:28.730+0000] {logging_mixin.py:188} INFO - [2026-02-12T22:47:28.729+0000] {dagbag.py:545} INFO - Filling up the DagBag from /opt/airflow/dags/dag2.py
[2026-02-12T22:47:28.757+0000] {processor.py:840} INFO - DAG(s) 'twitter_pipeline_2' retrieved from /opt/airflow/dags/dag2.py
[2026-02-12T22:47:28.785+0000] {logging_mixin.py:188} INFO - [2026-02-12T22:47:28.785+0000] {dag.py:3089} INFO - Sync 1 DAGs
[2026-02-12T22:47:28.817+0000] {processor.py:183} INFO - Processing /opt/airflow/dags/dag2.py took 0.102 seconds
[2026-02-12T22:47:57.166+0000] {processor.py:161} INFO - Started process (PID=1032) to work on /opt/airflow/dags/dag2.py
[2026-02-12T22:47:57.167+0000] {processor.py:830} INFO - Processing file /opt/airflow/dags/dag2.py for tasks to queue
[2026-02-12T22:47:57.169+0000] {logging_mixin.py:188} INFO - [2026-02-12T22:47:57.169+0000] {dagbag.py:545} INFO - Filling up the DagBag from /opt/airflow/dags/dag2.py
[2026-02-12T22:47:57.186+0000] {processor.py:840} INFO - DAG(s) 'twitter_pipeline_2' retrieved from /opt/airflow/dags/dag2.py
[2026-02-12T22:47:57.258+0000] {logging_mixin.py:188} INFO - [2026-02-12T22:47:57.258+0000] {dag.py:3089} INFO - Sync 1 DAGs
[2026-02-12T22:47:57.271+0000] {logging_mixin.py:188} INFO - [2026-02-12T22:47:57.271+0000] {dag.py:3947} INFO - Setting next_dagrun for twitter_pipeline_2 to 2026-02-12 00:00:00+00:00, run_after=2026-02-13 00:00:00+00:00
[2026-02-12T22:47:57.285+0000] {processor.py:183} INFO - Processing /opt/airflow/dags/dag2.py took 0.125 seconds
[2026-02-12T22:48:29.445+0000] {processor.py:161} INFO - Started process (PID=1197) to work on /opt/airflow/dags/dag2.py
[2026-02-12T22:48:29.447+0000] {processor.py:830} INFO - Processing file /opt/airflow/dags/dag2.py for tasks to queue
[2026-02-12T22:48:29.448+0000] {logging_mixin.py:188} INFO - [2026-02-12T22:48:29.448+0000] {dagbag.py:545} INFO - Filling up the DagBag from /opt/airflow/dags/dag2.py
[2026-02-12T22:48:29.463+0000] {processor.py:840} INFO - DAG(s) 'twitter_pipeline_2' retrieved from /opt/airflow/dags/dag2.py
[2026-02-12T22:48:29.483+0000] {logging_mixin.py:188} INFO - [2026-02-12T22:48:29.482+0000] {dag.py:3089} INFO - Sync 1 DAGs
[2026-02-12T22:48:29.496+0000] {logging_mixin.py:188} INFO - [2026-02-12T22:48:29.496+0000] {dag.py:3947} INFO - Setting next_dagrun for twitter_pipeline_2 to 2026-02-12 00:00:00+00:00, run_after=2026-02-13 00:00:00+00:00
[2026-02-12T22:48:29.508+0000] {processor.py:183} INFO - Processing /opt/airflow/dags/dag2.py took 0.067 seconds
[2026-02-12T22:48:59.902+0000] {processor.py:161} INFO - Started process (PID=1207) to work on /opt/airflow/dags/dag2.py
[2026-02-12T22:48:59.903+0000] {processor.py:830} INFO - Processing file /opt/airflow/dags/dag2.py for tasks to queue
[2026-02-12T22:48:59.905+0000] {logging_mixin.py:188} INFO - [2026-02-12T22:48:59.904+0000] {dagbag.py:545} INFO - Filling up the DagBag from /opt/airflow/dags/dag2.py
[2026-02-12T22:48:59.923+0000] {processor.py:840} INFO - DAG(s) 'twitter_pipeline_2' retrieved from /opt/airflow/dags/dag2.py
[2026-02-12T22:48:59.942+0000] {logging_mixin.py:188} INFO - [2026-02-12T22:48:59.942+0000] {dag.py:3089} INFO - Sync 1 DAGs
[2026-02-12T22:48:59.955+0000] {logging_mixin.py:188} INFO - [2026-02-12T22:48:59.955+0000] {dag.py:3947} INFO - Setting next_dagrun for twitter_pipeline_2 to 2026-02-12 00:00:00+00:00, run_after=2026-02-13 00:00:00+00:00
[2026-02-12T22:48:59.966+0000] {processor.py:183} INFO - Processing /opt/airflow/dags/dag2.py took 0.070 seconds
[2026-02-12T22:49:30.078+0000] {processor.py:161} INFO - Started process (PID=1217) to work on /opt/airflow/dags/dag2.py
[2026-02-12T22:49:30.079+0000] {processor.py:830} INFO - Processing file /opt/airflow/dags/dag2.py for tasks to queue
[2026-02-12T22:49:30.080+0000] {logging_mixin.py:188} INFO - [2026-02-12T22:49:30.080+0000] {dagbag.py:545} INFO - Filling up the DagBag from /opt/airflow/dags/dag2.py
[2026-02-12T22:49:30.096+0000] {processor.py:840} INFO - DAG(s) 'twitter_pipeline_2' retrieved from /opt/airflow/dags/dag2.py
[2026-02-12T22:49:30.116+0000] {logging_mixin.py:188} INFO - [2026-02-12T22:49:30.116+0000] {dag.py:3089} INFO - Sync 1 DAGs
[2026-02-12T22:49:30.130+0000] {logging_mixin.py:188} INFO - [2026-02-12T22:49:30.130+0000] {dag.py:3947} INFO - Setting next_dagrun for twitter_pipeline_2 to 2026-02-12 00:00:00+00:00, run_after=2026-02-13 00:00:00+00:00
[2026-02-12T22:49:30.142+0000] {processor.py:183} INFO - Processing /opt/airflow/dags/dag2.py took 0.069 seconds
[2026-02-12T22:50:00.362+0000] {processor.py:161} INFO - Started process (PID=1227) to work on /opt/airflow/dags/dag2.py
[2026-02-12T22:50:00.364+0000] {processor.py:830} INFO - Processing file /opt/airflow/dags/dag2.py for tasks to queue
[2026-02-12T22:50:00.365+0000] {logging_mixin.py:188} INFO - [2026-02-12T22:50:00.365+0000] {dagbag.py:545} INFO - Filling up the DagBag from /opt/airflow/dags/dag2.py
[2026-02-12T22:50:00.380+0000] {processor.py:840} INFO - DAG(s) 'twitter_pipeline_2' retrieved from /opt/airflow/dags/dag2.py
[2026-02-12T22:50:00.400+0000] {logging_mixin.py:188} INFO - [2026-02-12T22:50:00.400+0000] {dag.py:3089} INFO - Sync 1 DAGs
[2026-02-12T22:50:00.415+0000] {logging_mixin.py:188} INFO - [2026-02-12T22:50:00.415+0000] {dag.py:3947} INFO - Setting next_dagrun for twitter_pipeline_2 to 2026-02-12 00:00:00+00:00, run_after=2026-02-13 00:00:00+00:00
[2026-02-12T22:50:00.427+0000] {processor.py:183} INFO - Processing /opt/airflow/dags/dag2.py took 0.069 seconds
[2026-02-12T22:50:30.799+0000] {processor.py:161} INFO - Started process (PID=1366) to work on /opt/airflow/dags/dag2.py
[2026-02-12T22:50:30.800+0000] {processor.py:830} INFO - Processing file /opt/airflow/dags/dag2.py for tasks to queue
[2026-02-12T22:50:30.802+0000] {logging_mixin.py:188} INFO - [2026-02-12T22:50:30.801+0000] {dagbag.py:545} INFO - Filling up the DagBag from /opt/airflow/dags/dag2.py
[2026-02-12T22:50:30.819+0000] {processor.py:840} INFO - DAG(s) 'twitter_pipeline_2' retrieved from /opt/airflow/dags/dag2.py
[2026-02-12T22:50:30.842+0000] {logging_mixin.py:188} INFO - [2026-02-12T22:50:30.842+0000] {dag.py:3089} INFO - Sync 1 DAGs
[2026-02-12T22:50:30.872+0000] {processor.py:183} INFO - Processing /opt/airflow/dags/dag2.py took 0.078 seconds
[2026-02-12T22:51:01.189+0000] {processor.py:161} INFO - Started process (PID=1404) to work on /opt/airflow/dags/dag2.py
[2026-02-12T22:51:01.190+0000] {processor.py:830} INFO - Processing file /opt/airflow/dags/dag2.py for tasks to queue
[2026-02-12T22:51:01.192+0000] {logging_mixin.py:188} INFO - [2026-02-12T22:51:01.191+0000] {dagbag.py:545} INFO - Filling up the DagBag from /opt/airflow/dags/dag2.py
[2026-02-12T22:51:01.207+0000] {processor.py:840} INFO - DAG(s) 'twitter_pipeline_2' retrieved from /opt/airflow/dags/dag2.py
[2026-02-12T22:51:01.226+0000] {logging_mixin.py:188} INFO - [2026-02-12T22:51:01.226+0000] {dag.py:3089} INFO - Sync 1 DAGs
[2026-02-12T22:51:01.240+0000] {logging_mixin.py:188} INFO - [2026-02-12T22:51:01.240+0000] {dag.py:3947} INFO - Setting next_dagrun for twitter_pipeline_2 to 2026-02-12 00:00:00+00:00, run_after=2026-02-13 00:00:00+00:00
[2026-02-12T22:51:01.253+0000] {processor.py:183} INFO - Processing /opt/airflow/dags/dag2.py took 0.069 seconds
[2026-02-12T22:51:31.565+0000] {processor.py:161} INFO - Started process (PID=1414) to work on /opt/airflow/dags/dag2.py
[2026-02-12T22:51:31.566+0000] {processor.py:830} INFO - Processing file /opt/airflow/dags/dag2.py for tasks to queue
[2026-02-12T22:51:31.568+0000] {logging_mixin.py:188} INFO - [2026-02-12T22:51:31.567+0000] {dagbag.py:545} INFO - Filling up the DagBag from /opt/airflow/dags/dag2.py
[2026-02-12T22:51:31.586+0000] {processor.py:840} INFO - DAG(s) 'twitter_pipeline_2' retrieved from /opt/airflow/dags/dag2.py
[2026-02-12T22:51:31.608+0000] {logging_mixin.py:188} INFO - [2026-02-12T22:51:31.608+0000] {dag.py:3089} INFO - Sync 1 DAGs
[2026-02-12T22:51:31.624+0000] {logging_mixin.py:188} INFO - [2026-02-12T22:51:31.624+0000] {dag.py:3947} INFO - Setting next_dagrun for twitter_pipeline_2 to 2026-02-12 00:00:00+00:00, run_after=2026-02-13 00:00:00+00:00
[2026-02-12T22:51:31.638+0000] {processor.py:183} INFO - Processing /opt/airflow/dags/dag2.py took 0.078 seconds
[2026-02-12T22:52:01.898+0000] {processor.py:161} INFO - Started process (PID=1424) to work on /opt/airflow/dags/dag2.py
[2026-02-12T22:52:01.899+0000] {processor.py:830} INFO - Processing file /opt/airflow/dags/dag2.py for tasks to queue
[2026-02-12T22:52:01.901+0000] {logging_mixin.py:188} INFO - [2026-02-12T22:52:01.900+0000] {dagbag.py:545} INFO - Filling up the DagBag from /opt/airflow/dags/dag2.py
[2026-02-12T22:52:01.916+0000] {processor.py:840} INFO - DAG(s) 'twitter_pipeline_2' retrieved from /opt/airflow/dags/dag2.py
[2026-02-12T22:52:01.936+0000] {logging_mixin.py:188} INFO - [2026-02-12T22:52:01.935+0000] {dag.py:3089} INFO - Sync 1 DAGs
[2026-02-12T22:52:01.950+0000] {logging_mixin.py:188} INFO - [2026-02-12T22:52:01.950+0000] {dag.py:3947} INFO - Setting next_dagrun for twitter_pipeline_2 to 2026-02-12 00:00:00+00:00, run_after=2026-02-13 00:00:00+00:00
[2026-02-12T22:52:01.961+0000] {processor.py:183} INFO - Processing /opt/airflow/dags/dag2.py took 0.069 seconds
[2026-02-12T22:52:29.381+0000] {processor.py:161} INFO - Started process (PID=1434) to work on /opt/airflow/dags/dag2.py
[2026-02-12T22:52:29.383+0000] {processor.py:830} INFO - Processing file /opt/airflow/dags/dag2.py for tasks to queue
[2026-02-12T22:52:29.384+0000] {logging_mixin.py:188} INFO - [2026-02-12T22:52:29.384+0000] {dagbag.py:545} INFO - Filling up the DagBag from /opt/airflow/dags/dag2.py
[2026-02-12T22:52:29.399+0000] {processor.py:840} INFO - DAG(s) 'twitter_pipeline_2' retrieved from /opt/airflow/dags/dag2.py
[2026-02-12T22:52:29.421+0000] {logging_mixin.py:188} INFO - [2026-02-12T22:52:29.421+0000] {dag.py:3089} INFO - Sync 1 DAGs
[2026-02-12T22:52:29.434+0000] {logging_mixin.py:188} INFO - [2026-02-12T22:52:29.434+0000] {dag.py:3947} INFO - Setting next_dagrun for twitter_pipeline_2 to 2026-02-12 00:00:00+00:00, run_after=2026-02-13 00:00:00+00:00
[2026-02-12T22:52:29.447+0000] {processor.py:183} INFO - Processing /opt/airflow/dags/dag2.py took 0.071 seconds
[2026-02-12T22:52:37.493+0000] {processor.py:161} INFO - Started process (PID=1439) to work on /opt/airflow/dags/dag2.py
[2026-02-12T22:52:37.494+0000] {processor.py:830} INFO - Processing file /opt/airflow/dags/dag2.py for tasks to queue
[2026-02-12T22:52:37.496+0000] {logging_mixin.py:188} INFO - [2026-02-12T22:52:37.496+0000] {dagbag.py:545} INFO - Filling up the DagBag from /opt/airflow/dags/dag2.py
[2026-02-12T22:52:37.498+0000] {logging_mixin.py:188} INFO - [2026-02-12T22:52:37.498+0000] {dagbag.py:355} ERROR - Failed to import: /opt/airflow/dags/dag2.py
Traceback (most recent call last):
  File "/home/airflow/.local/lib/python3.10/site-packages/airflow/models/dagbag.py", line 351, in parse
    loader.exec_module(new_module)
  File "<frozen importlib._bootstrap_external>", line 879, in exec_module
  File "<frozen importlib._bootstrap_external>", line 1017, in get_code
  File "<frozen importlib._bootstrap_external>", line 947, in source_to_code
  File "<frozen importlib._bootstrap>", line 241, in _call_with_frames_removed
  File "/opt/airflow/dags/dag2.py", line 35
    application_args=[
                     
SyntaxError: invalid syntax. Perhaps you forgot a comma?
[2026-02-12T22:52:37.498+0000] {processor.py:842} WARNING - No viable dags retrieved from /opt/airflow/dags/dag2.py
[2026-02-12T22:52:37.517+0000] {processor.py:183} INFO - Processing /opt/airflow/dags/dag2.py took 0.028 seconds
[2026-02-12T22:52:54.825+0000] {processor.py:161} INFO - Started process (PID=1444) to work on /opt/airflow/dags/dag2.py
[2026-02-12T22:52:54.826+0000] {processor.py:830} INFO - Processing file /opt/airflow/dags/dag2.py for tasks to queue
[2026-02-12T22:52:54.828+0000] {logging_mixin.py:188} INFO - [2026-02-12T22:52:54.828+0000] {dagbag.py:545} INFO - Filling up the DagBag from /opt/airflow/dags/dag2.py
[2026-02-12T22:52:54.844+0000] {processor.py:840} INFO - DAG(s) 'twitter_pipeline_2' retrieved from /opt/airflow/dags/dag2.py
[2026-02-12T22:52:54.864+0000] {logging_mixin.py:188} INFO - [2026-02-12T22:52:54.864+0000] {dag.py:3089} INFO - Sync 1 DAGs
[2026-02-12T22:52:54.879+0000] {logging_mixin.py:188} INFO - [2026-02-12T22:52:54.879+0000] {dag.py:3947} INFO - Setting next_dagrun for twitter_pipeline_2 to 2026-02-12 00:00:00+00:00, run_after=2026-02-13 00:00:00+00:00
[2026-02-12T22:52:54.894+0000] {processor.py:183} INFO - Processing /opt/airflow/dags/dag2.py took 0.075 seconds
[2026-02-12T22:53:28.236+0000] {processor.py:161} INFO - Started process (PID=1621) to work on /opt/airflow/dags/dag2.py
[2026-02-12T22:53:28.237+0000] {processor.py:830} INFO - Processing file /opt/airflow/dags/dag2.py for tasks to queue
[2026-02-12T22:53:28.239+0000] {logging_mixin.py:188} INFO - [2026-02-12T22:53:28.238+0000] {dagbag.py:545} INFO - Filling up the DagBag from /opt/airflow/dags/dag2.py
[2026-02-12T22:53:28.254+0000] {processor.py:840} INFO - DAG(s) 'twitter_pipeline_2' retrieved from /opt/airflow/dags/dag2.py
[2026-02-12T22:53:28.274+0000] {logging_mixin.py:188} INFO - [2026-02-12T22:53:28.274+0000] {dag.py:3089} INFO - Sync 1 DAGs
[2026-02-12T22:53:28.289+0000] {logging_mixin.py:188} INFO - [2026-02-12T22:53:28.289+0000] {dag.py:3947} INFO - Setting next_dagrun for twitter_pipeline_2 to 2026-02-12 00:00:00+00:00, run_after=2026-02-13 00:00:00+00:00
[2026-02-12T22:53:28.302+0000] {processor.py:183} INFO - Processing /opt/airflow/dags/dag2.py took 0.071 seconds
[2026-02-12T22:54:01.574+0000] {processor.py:161} INFO - Started process (PID=1631) to work on /opt/airflow/dags/dag2.py
[2026-02-12T22:54:01.576+0000] {processor.py:830} INFO - Processing file /opt/airflow/dags/dag2.py for tasks to queue
[2026-02-12T22:54:01.577+0000] {logging_mixin.py:188} INFO - [2026-02-12T22:54:01.577+0000] {dagbag.py:545} INFO - Filling up the DagBag from /opt/airflow/dags/dag2.py
[2026-02-12T22:54:01.593+0000] {processor.py:840} INFO - DAG(s) 'twitter_pipeline_2' retrieved from /opt/airflow/dags/dag2.py
[2026-02-12T22:54:01.612+0000] {logging_mixin.py:188} INFO - [2026-02-12T22:54:01.612+0000] {dag.py:3089} INFO - Sync 1 DAGs
[2026-02-12T22:54:01.626+0000] {logging_mixin.py:188} INFO - [2026-02-12T22:54:01.626+0000] {dag.py:3947} INFO - Setting next_dagrun for twitter_pipeline_2 to 2026-02-12 00:00:00+00:00, run_after=2026-02-13 00:00:00+00:00
[2026-02-12T22:54:01.638+0000] {processor.py:183} INFO - Processing /opt/airflow/dags/dag2.py took 0.069 seconds
[2026-02-12T22:54:35.024+0000] {processor.py:161} INFO - Started process (PID=1641) to work on /opt/airflow/dags/dag2.py
[2026-02-12T22:54:35.025+0000] {processor.py:830} INFO - Processing file /opt/airflow/dags/dag2.py for tasks to queue
[2026-02-12T22:54:35.027+0000] {logging_mixin.py:188} INFO - [2026-02-12T22:54:35.026+0000] {dagbag.py:545} INFO - Filling up the DagBag from /opt/airflow/dags/dag2.py
[2026-02-12T22:54:35.041+0000] {processor.py:840} INFO - DAG(s) 'twitter_pipeline_2' retrieved from /opt/airflow/dags/dag2.py
[2026-02-12T22:54:35.061+0000] {logging_mixin.py:188} INFO - [2026-02-12T22:54:35.061+0000] {dag.py:3089} INFO - Sync 1 DAGs
[2026-02-12T22:54:35.076+0000] {logging_mixin.py:188} INFO - [2026-02-12T22:54:35.076+0000] {dag.py:3947} INFO - Setting next_dagrun for twitter_pipeline_2 to 2026-02-12 00:00:00+00:00, run_after=2026-02-13 00:00:00+00:00
[2026-02-12T22:54:35.089+0000] {processor.py:183} INFO - Processing /opt/airflow/dags/dag2.py took 0.070 seconds
[2026-02-12T22:55:08.418+0000] {processor.py:161} INFO - Started process (PID=1651) to work on /opt/airflow/dags/dag2.py
[2026-02-12T22:55:08.419+0000] {processor.py:830} INFO - Processing file /opt/airflow/dags/dag2.py for tasks to queue
[2026-02-12T22:55:08.421+0000] {logging_mixin.py:188} INFO - [2026-02-12T22:55:08.421+0000] {dagbag.py:545} INFO - Filling up the DagBag from /opt/airflow/dags/dag2.py
[2026-02-12T22:55:08.437+0000] {processor.py:840} INFO - DAG(s) 'twitter_pipeline_2' retrieved from /opt/airflow/dags/dag2.py
[2026-02-12T22:55:08.457+0000] {logging_mixin.py:188} INFO - [2026-02-12T22:55:08.457+0000] {dag.py:3089} INFO - Sync 1 DAGs
[2026-02-12T22:55:08.474+0000] {logging_mixin.py:188} INFO - [2026-02-12T22:55:08.474+0000] {dag.py:3947} INFO - Setting next_dagrun for twitter_pipeline_2 to 2026-02-12 00:00:00+00:00, run_after=2026-02-13 00:00:00+00:00
[2026-02-12T22:55:08.487+0000] {processor.py:183} INFO - Processing /opt/airflow/dags/dag2.py took 0.074 seconds
[2026-02-12T22:55:38.762+0000] {processor.py:161} INFO - Started process (PID=1661) to work on /opt/airflow/dags/dag2.py
[2026-02-12T22:55:38.763+0000] {processor.py:830} INFO - Processing file /opt/airflow/dags/dag2.py for tasks to queue
[2026-02-12T22:55:38.765+0000] {logging_mixin.py:188} INFO - [2026-02-12T22:55:38.764+0000] {dagbag.py:545} INFO - Filling up the DagBag from /opt/airflow/dags/dag2.py
[2026-02-12T22:55:38.779+0000] {processor.py:840} INFO - DAG(s) 'twitter_pipeline_2' retrieved from /opt/airflow/dags/dag2.py
[2026-02-12T22:55:40.819+0000] {logging_mixin.py:188} INFO - [2026-02-12T22:55:40.818+0000] {dag.py:3089} INFO - Sync 1 DAGs
[2026-02-12T22:55:40.835+0000] {logging_mixin.py:188} INFO - [2026-02-12T22:55:40.835+0000] {dag.py:3947} INFO - Setting next_dagrun for twitter_pipeline_2 to 2026-02-12 00:00:00+00:00, run_after=2026-02-13 00:00:00+00:00
[2026-02-12T22:55:40.848+0000] {processor.py:183} INFO - Processing /opt/airflow/dags/dag2.py took 0.073 seconds
[2026-02-12T22:56:14.090+0000] {processor.py:161} INFO - Started process (PID=1671) to work on /opt/airflow/dags/dag2.py
[2026-02-12T22:56:14.092+0000] {processor.py:830} INFO - Processing file /opt/airflow/dags/dag2.py for tasks to queue
[2026-02-12T22:56:14.093+0000] {logging_mixin.py:188} INFO - [2026-02-12T22:56:14.093+0000] {dagbag.py:545} INFO - Filling up the DagBag from /opt/airflow/dags/dag2.py
[2026-02-12T22:56:14.109+0000] {processor.py:840} INFO - DAG(s) 'twitter_pipeline_2' retrieved from /opt/airflow/dags/dag2.py
[2026-02-12T22:56:14.129+0000] {logging_mixin.py:188} INFO - [2026-02-12T22:56:14.129+0000] {dag.py:3089} INFO - Sync 1 DAGs
[2026-02-12T22:56:14.148+0000] {logging_mixin.py:188} INFO - [2026-02-12T22:56:14.148+0000] {dag.py:3947} INFO - Setting next_dagrun for twitter_pipeline_2 to 2026-02-12 00:00:00+00:00, run_after=2026-02-13 00:00:00+00:00
[2026-02-12T22:56:14.161+0000] {processor.py:183} INFO - Processing /opt/airflow/dags/dag2.py took 0.076 seconds
[2026-02-12T22:56:47.539+0000] {processor.py:161} INFO - Started process (PID=1681) to work on /opt/airflow/dags/dag2.py
[2026-02-12T22:56:47.541+0000] {processor.py:830} INFO - Processing file /opt/airflow/dags/dag2.py for tasks to queue
[2026-02-12T22:56:47.542+0000] {logging_mixin.py:188} INFO - [2026-02-12T22:56:47.542+0000] {dagbag.py:545} INFO - Filling up the DagBag from /opt/airflow/dags/dag2.py
[2026-02-12T22:56:47.561+0000] {processor.py:840} INFO - DAG(s) 'twitter_pipeline_2' retrieved from /opt/airflow/dags/dag2.py
[2026-02-12T22:56:47.588+0000] {logging_mixin.py:188} INFO - [2026-02-12T22:56:47.588+0000] {dag.py:3089} INFO - Sync 1 DAGs
[2026-02-12T22:56:47.611+0000] {logging_mixin.py:188} INFO - [2026-02-12T22:56:47.611+0000] {dag.py:3947} INFO - Setting next_dagrun for twitter_pipeline_2 to 2026-02-12 00:00:00+00:00, run_after=2026-02-13 00:00:00+00:00
[2026-02-12T22:56:47.627+0000] {processor.py:183} INFO - Processing /opt/airflow/dags/dag2.py took 0.094 seconds
[2026-02-12T22:57:21.018+0000] {processor.py:161} INFO - Started process (PID=1691) to work on /opt/airflow/dags/dag2.py
[2026-02-12T22:57:21.019+0000] {processor.py:830} INFO - Processing file /opt/airflow/dags/dag2.py for tasks to queue
[2026-02-12T22:57:21.020+0000] {logging_mixin.py:188} INFO - [2026-02-12T22:57:21.020+0000] {dagbag.py:545} INFO - Filling up the DagBag from /opt/airflow/dags/dag2.py
[2026-02-12T22:57:21.035+0000] {processor.py:840} INFO - DAG(s) 'twitter_pipeline_2' retrieved from /opt/airflow/dags/dag2.py
[2026-02-12T22:57:21.057+0000] {logging_mixin.py:188} INFO - [2026-02-12T22:57:21.056+0000] {dag.py:3089} INFO - Sync 1 DAGs
[2026-02-12T22:57:21.073+0000] {logging_mixin.py:188} INFO - [2026-02-12T22:57:21.073+0000] {dag.py:3947} INFO - Setting next_dagrun for twitter_pipeline_2 to 2026-02-12 00:00:00+00:00, run_after=2026-02-13 00:00:00+00:00
[2026-02-12T22:57:21.085+0000] {processor.py:183} INFO - Processing /opt/airflow/dags/dag2.py took 0.074 seconds
[2026-02-12T22:57:54.402+0000] {processor.py:161} INFO - Started process (PID=1701) to work on /opt/airflow/dags/dag2.py
[2026-02-12T22:57:54.402+0000] {processor.py:830} INFO - Processing file /opt/airflow/dags/dag2.py for tasks to queue
[2026-02-12T22:57:54.404+0000] {logging_mixin.py:188} INFO - [2026-02-12T22:57:54.403+0000] {dagbag.py:545} INFO - Filling up the DagBag from /opt/airflow/dags/dag2.py
[2026-02-12T22:57:54.419+0000] {processor.py:840} INFO - DAG(s) 'twitter_pipeline_2' retrieved from /opt/airflow/dags/dag2.py
[2026-02-12T22:57:54.440+0000] {logging_mixin.py:188} INFO - [2026-02-12T22:57:54.440+0000] {dag.py:3089} INFO - Sync 1 DAGs
[2026-02-12T22:57:54.458+0000] {logging_mixin.py:188} INFO - [2026-02-12T22:57:54.457+0000] {dag.py:3947} INFO - Setting next_dagrun for twitter_pipeline_2 to 2026-02-12 00:00:00+00:00, run_after=2026-02-13 00:00:00+00:00
[2026-02-12T22:57:54.471+0000] {processor.py:183} INFO - Processing /opt/airflow/dags/dag2.py took 0.075 seconds
[2026-02-12T22:58:27.718+0000] {processor.py:161} INFO - Started process (PID=1711) to work on /opt/airflow/dags/dag2.py
[2026-02-12T22:58:27.719+0000] {processor.py:830} INFO - Processing file /opt/airflow/dags/dag2.py for tasks to queue
[2026-02-12T22:58:27.720+0000] {logging_mixin.py:188} INFO - [2026-02-12T22:58:27.720+0000] {dagbag.py:545} INFO - Filling up the DagBag from /opt/airflow/dags/dag2.py
[2026-02-12T22:58:27.736+0000] {processor.py:840} INFO - DAG(s) 'twitter_pipeline_2' retrieved from /opt/airflow/dags/dag2.py
[2026-02-12T22:58:27.755+0000] {logging_mixin.py:188} INFO - [2026-02-12T22:58:27.755+0000] {dag.py:3089} INFO - Sync 1 DAGs
[2026-02-12T22:58:27.771+0000] {logging_mixin.py:188} INFO - [2026-02-12T22:58:27.771+0000] {dag.py:3947} INFO - Setting next_dagrun for twitter_pipeline_2 to 2026-02-12 00:00:00+00:00, run_after=2026-02-13 00:00:00+00:00
[2026-02-12T22:58:27.785+0000] {processor.py:183} INFO - Processing /opt/airflow/dags/dag2.py took 0.073 seconds
[2026-02-12T22:59:01.142+0000] {processor.py:161} INFO - Started process (PID=1721) to work on /opt/airflow/dags/dag2.py
[2026-02-12T22:59:01.143+0000] {processor.py:830} INFO - Processing file /opt/airflow/dags/dag2.py for tasks to queue
[2026-02-12T22:59:01.144+0000] {logging_mixin.py:188} INFO - [2026-02-12T22:59:01.144+0000] {dagbag.py:545} INFO - Filling up the DagBag from /opt/airflow/dags/dag2.py
[2026-02-12T22:59:01.159+0000] {processor.py:840} INFO - DAG(s) 'twitter_pipeline_2' retrieved from /opt/airflow/dags/dag2.py
[2026-02-12T22:59:01.179+0000] {logging_mixin.py:188} INFO - [2026-02-12T22:59:01.179+0000] {dag.py:3089} INFO - Sync 1 DAGs
[2026-02-12T22:59:01.195+0000] {logging_mixin.py:188} INFO - [2026-02-12T22:59:01.195+0000] {dag.py:3947} INFO - Setting next_dagrun for twitter_pipeline_2 to 2026-02-12 00:00:00+00:00, run_after=2026-02-13 00:00:00+00:00
[2026-02-12T22:59:01.208+0000] {processor.py:183} INFO - Processing /opt/airflow/dags/dag2.py took 0.071 seconds
[2026-02-12T22:59:31.513+0000] {processor.py:161} INFO - Started process (PID=1731) to work on /opt/airflow/dags/dag2.py
[2026-02-12T22:59:31.514+0000] {processor.py:830} INFO - Processing file /opt/airflow/dags/dag2.py for tasks to queue
[2026-02-12T22:59:31.516+0000] {logging_mixin.py:188} INFO - [2026-02-12T22:59:31.516+0000] {dagbag.py:545} INFO - Filling up the DagBag from /opt/airflow/dags/dag2.py
[2026-02-12T22:59:31.539+0000] {processor.py:840} INFO - DAG(s) 'twitter_pipeline_2' retrieved from /opt/airflow/dags/dag2.py
[2026-02-12T22:59:33.596+0000] {logging_mixin.py:188} INFO - [2026-02-12T22:59:33.596+0000] {dag.py:3089} INFO - Sync 1 DAGs
[2026-02-12T22:59:33.619+0000] {logging_mixin.py:188} INFO - [2026-02-12T22:59:33.619+0000] {dag.py:3947} INFO - Setting next_dagrun for twitter_pipeline_2 to 2026-02-12 00:00:00+00:00, run_after=2026-02-13 00:00:00+00:00
[2026-02-12T22:59:33.635+0000] {processor.py:183} INFO - Processing /opt/airflow/dags/dag2.py took 0.107 seconds
[2026-02-12T23:00:06.934+0000] {processor.py:161} INFO - Started process (PID=1741) to work on /opt/airflow/dags/dag2.py
[2026-02-12T23:00:06.935+0000] {processor.py:830} INFO - Processing file /opt/airflow/dags/dag2.py for tasks to queue
[2026-02-12T23:00:06.937+0000] {logging_mixin.py:188} INFO - [2026-02-12T23:00:06.937+0000] {dagbag.py:545} INFO - Filling up the DagBag from /opt/airflow/dags/dag2.py
[2026-02-12T23:00:06.956+0000] {processor.py:840} INFO - DAG(s) 'twitter_pipeline_2' retrieved from /opt/airflow/dags/dag2.py
[2026-02-12T23:00:06.979+0000] {logging_mixin.py:188} INFO - [2026-02-12T23:00:06.979+0000] {dag.py:3089} INFO - Sync 1 DAGs
[2026-02-12T23:00:06.996+0000] {logging_mixin.py:188} INFO - [2026-02-12T23:00:06.996+0000] {dag.py:3947} INFO - Setting next_dagrun for twitter_pipeline_2 to 2026-02-12 00:00:00+00:00, run_after=2026-02-13 00:00:00+00:00
[2026-02-12T23:00:07.010+0000] {processor.py:183} INFO - Processing /opt/airflow/dags/dag2.py took 0.082 seconds
[2026-02-12T23:00:40.287+0000] {processor.py:161} INFO - Started process (PID=1751) to work on /opt/airflow/dags/dag2.py
[2026-02-12T23:00:40.288+0000] {processor.py:830} INFO - Processing file /opt/airflow/dags/dag2.py for tasks to queue
[2026-02-12T23:00:40.291+0000] {logging_mixin.py:188} INFO - [2026-02-12T23:00:40.290+0000] {dagbag.py:545} INFO - Filling up the DagBag from /opt/airflow/dags/dag2.py
[2026-02-12T23:00:40.309+0000] {processor.py:840} INFO - DAG(s) 'twitter_pipeline_2' retrieved from /opt/airflow/dags/dag2.py
[2026-02-12T23:00:40.333+0000] {logging_mixin.py:188} INFO - [2026-02-12T23:00:40.333+0000] {dag.py:3089} INFO - Sync 1 DAGs
[2026-02-12T23:00:40.349+0000] {logging_mixin.py:188} INFO - [2026-02-12T23:00:40.349+0000] {dag.py:3947} INFO - Setting next_dagrun for twitter_pipeline_2 to 2026-02-12 00:00:00+00:00, run_after=2026-02-13 00:00:00+00:00
[2026-02-12T23:00:40.362+0000] {processor.py:183} INFO - Processing /opt/airflow/dags/dag2.py took 0.082 seconds
[2026-02-12T23:01:13.678+0000] {processor.py:161} INFO - Started process (PID=1761) to work on /opt/airflow/dags/dag2.py
[2026-02-12T23:01:13.679+0000] {processor.py:830} INFO - Processing file /opt/airflow/dags/dag2.py for tasks to queue
[2026-02-12T23:01:13.681+0000] {logging_mixin.py:188} INFO - [2026-02-12T23:01:13.680+0000] {dagbag.py:545} INFO - Filling up the DagBag from /opt/airflow/dags/dag2.py
[2026-02-12T23:01:13.699+0000] {processor.py:840} INFO - DAG(s) 'twitter_pipeline_2' retrieved from /opt/airflow/dags/dag2.py
[2026-02-12T23:01:13.725+0000] {logging_mixin.py:188} INFO - [2026-02-12T23:01:13.725+0000] {dag.py:3089} INFO - Sync 1 DAGs
[2026-02-12T23:01:13.743+0000] {logging_mixin.py:188} INFO - [2026-02-12T23:01:13.743+0000] {dag.py:3947} INFO - Setting next_dagrun for twitter_pipeline_2 to 2026-02-12 00:00:00+00:00, run_after=2026-02-13 00:00:00+00:00
[2026-02-12T23:01:13.757+0000] {processor.py:183} INFO - Processing /opt/airflow/dags/dag2.py took 0.084 seconds
[2026-02-12T23:01:47.145+0000] {processor.py:161} INFO - Started process (PID=1771) to work on /opt/airflow/dags/dag2.py
[2026-02-12T23:01:47.146+0000] {processor.py:830} INFO - Processing file /opt/airflow/dags/dag2.py for tasks to queue
[2026-02-12T23:01:47.148+0000] {logging_mixin.py:188} INFO - [2026-02-12T23:01:47.148+0000] {dagbag.py:545} INFO - Filling up the DagBag from /opt/airflow/dags/dag2.py
[2026-02-12T23:01:47.164+0000] {processor.py:840} INFO - DAG(s) 'twitter_pipeline_2' retrieved from /opt/airflow/dags/dag2.py
[2026-02-12T23:01:47.186+0000] {logging_mixin.py:188} INFO - [2026-02-12T23:01:47.186+0000] {dag.py:3089} INFO - Sync 1 DAGs
[2026-02-12T23:01:47.203+0000] {logging_mixin.py:188} INFO - [2026-02-12T23:01:47.203+0000] {dag.py:3947} INFO - Setting next_dagrun for twitter_pipeline_2 to 2026-02-12 00:00:00+00:00, run_after=2026-02-13 00:00:00+00:00
[2026-02-12T23:01:47.217+0000] {processor.py:183} INFO - Processing /opt/airflow/dags/dag2.py took 0.078 seconds
[2026-02-12T23:02:20.550+0000] {processor.py:161} INFO - Started process (PID=1781) to work on /opt/airflow/dags/dag2.py
[2026-02-12T23:02:20.550+0000] {processor.py:830} INFO - Processing file /opt/airflow/dags/dag2.py for tasks to queue
[2026-02-12T23:02:20.552+0000] {logging_mixin.py:188} INFO - [2026-02-12T23:02:20.551+0000] {dagbag.py:545} INFO - Filling up the DagBag from /opt/airflow/dags/dag2.py
[2026-02-12T23:02:20.570+0000] {processor.py:840} INFO - DAG(s) 'twitter_pipeline_2' retrieved from /opt/airflow/dags/dag2.py
[2026-02-12T23:02:20.593+0000] {logging_mixin.py:188} INFO - [2026-02-12T23:02:20.593+0000] {dag.py:3089} INFO - Sync 1 DAGs
[2026-02-12T23:02:20.610+0000] {logging_mixin.py:188} INFO - [2026-02-12T23:02:20.609+0000] {dag.py:3947} INFO - Setting next_dagrun for twitter_pipeline_2 to 2026-02-12 00:00:00+00:00, run_after=2026-02-13 00:00:00+00:00
[2026-02-12T23:02:20.622+0000] {processor.py:183} INFO - Processing /opt/airflow/dags/dag2.py took 0.078 seconds
[2026-02-12T23:02:37.703+0000] {processor.py:161} INFO - Started process (PID=1791) to work on /opt/airflow/dags/dag2.py
[2026-02-12T23:02:37.704+0000] {processor.py:830} INFO - Processing file /opt/airflow/dags/dag2.py for tasks to queue
[2026-02-12T23:02:37.706+0000] {logging_mixin.py:188} INFO - [2026-02-12T23:02:37.706+0000] {dagbag.py:545} INFO - Filling up the DagBag from /opt/airflow/dags/dag2.py
[2026-02-12T23:02:37.726+0000] {processor.py:840} INFO - DAG(s) 'twitter_pipeline_2' retrieved from /opt/airflow/dags/dag2.py
[2026-02-12T23:02:37.752+0000] {logging_mixin.py:188} INFO - [2026-02-12T23:02:37.752+0000] {dag.py:3089} INFO - Sync 1 DAGs
[2026-02-12T23:02:37.772+0000] {logging_mixin.py:188} INFO - [2026-02-12T23:02:37.771+0000] {dag.py:3947} INFO - Setting next_dagrun for twitter_pipeline_2 to 2026-02-12 00:00:00+00:00, run_after=2026-02-13 00:00:00+00:00
[2026-02-12T23:02:37.788+0000] {processor.py:183} INFO - Processing /opt/airflow/dags/dag2.py took 0.091 seconds
[2026-02-12T23:03:08.065+0000] {processor.py:161} INFO - Started process (PID=1960) to work on /opt/airflow/dags/dag2.py
[2026-02-12T23:03:08.066+0000] {processor.py:830} INFO - Processing file /opt/airflow/dags/dag2.py for tasks to queue
[2026-02-12T23:03:08.067+0000] {logging_mixin.py:188} INFO - [2026-02-12T23:03:08.067+0000] {dagbag.py:545} INFO - Filling up the DagBag from /opt/airflow/dags/dag2.py
[2026-02-12T23:03:08.083+0000] {processor.py:840} INFO - DAG(s) 'twitter_pipeline_2' retrieved from /opt/airflow/dags/dag2.py
[2026-02-12T23:03:08.105+0000] {logging_mixin.py:188} INFO - [2026-02-12T23:03:08.105+0000] {dag.py:3089} INFO - Sync 1 DAGs
[2026-02-12T23:03:08.120+0000] {logging_mixin.py:188} INFO - [2026-02-12T23:03:08.120+0000] {dag.py:3947} INFO - Setting next_dagrun for twitter_pipeline_2 to 2026-02-12 00:00:00+00:00, run_after=2026-02-13 00:00:00+00:00
[2026-02-12T23:03:08.133+0000] {processor.py:183} INFO - Processing /opt/airflow/dags/dag2.py took 0.073 seconds
[2026-02-12T23:03:38.534+0000] {processor.py:161} INFO - Started process (PID=1970) to work on /opt/airflow/dags/dag2.py
[2026-02-12T23:03:38.535+0000] {processor.py:830} INFO - Processing file /opt/airflow/dags/dag2.py for tasks to queue
[2026-02-12T23:03:38.537+0000] {logging_mixin.py:188} INFO - [2026-02-12T23:03:38.537+0000] {dagbag.py:545} INFO - Filling up the DagBag from /opt/airflow/dags/dag2.py
[2026-02-12T23:03:38.556+0000] {processor.py:840} INFO - DAG(s) 'twitter_pipeline_2' retrieved from /opt/airflow/dags/dag2.py
[2026-02-12T23:03:38.580+0000] {logging_mixin.py:188} INFO - [2026-02-12T23:03:38.579+0000] {dag.py:3089} INFO - Sync 1 DAGs
[2026-02-12T23:03:38.596+0000] {logging_mixin.py:188} INFO - [2026-02-12T23:03:38.596+0000] {dag.py:3947} INFO - Setting next_dagrun for twitter_pipeline_2 to 2026-02-12 00:00:00+00:00, run_after=2026-02-13 00:00:00+00:00
[2026-02-12T23:03:38.609+0000] {processor.py:183} INFO - Processing /opt/airflow/dags/dag2.py took 0.082 seconds
[2026-02-12T23:04:08.986+0000] {processor.py:161} INFO - Started process (PID=1980) to work on /opt/airflow/dags/dag2.py
[2026-02-12T23:04:08.986+0000] {processor.py:830} INFO - Processing file /opt/airflow/dags/dag2.py for tasks to queue
[2026-02-12T23:04:08.988+0000] {logging_mixin.py:188} INFO - [2026-02-12T23:04:08.987+0000] {dagbag.py:545} INFO - Filling up the DagBag from /opt/airflow/dags/dag2.py
[2026-02-12T23:04:09.005+0000] {processor.py:840} INFO - DAG(s) 'twitter_pipeline_2' retrieved from /opt/airflow/dags/dag2.py
[2026-02-12T23:04:09.028+0000] {logging_mixin.py:188} INFO - [2026-02-12T23:04:09.027+0000] {dag.py:3089} INFO - Sync 1 DAGs
[2026-02-12T23:04:09.043+0000] {logging_mixin.py:188} INFO - [2026-02-12T23:04:09.043+0000] {dag.py:3947} INFO - Setting next_dagrun for twitter_pipeline_2 to 2026-02-12 00:00:00+00:00, run_after=2026-02-13 00:00:00+00:00
[2026-02-12T23:04:09.056+0000] {processor.py:183} INFO - Processing /opt/airflow/dags/dag2.py took 0.075 seconds
[2026-02-12T23:04:39.448+0000] {processor.py:161} INFO - Started process (PID=2148) to work on /opt/airflow/dags/dag2.py
[2026-02-12T23:04:39.450+0000] {processor.py:830} INFO - Processing file /opt/airflow/dags/dag2.py for tasks to queue
[2026-02-12T23:04:39.451+0000] {logging_mixin.py:188} INFO - [2026-02-12T23:04:39.451+0000] {dagbag.py:545} INFO - Filling up the DagBag from /opt/airflow/dags/dag2.py
[2026-02-12T23:04:39.466+0000] {processor.py:840} INFO - DAG(s) 'twitter_pipeline_2' retrieved from /opt/airflow/dags/dag2.py
[2026-02-12T23:04:39.486+0000] {logging_mixin.py:188} INFO - [2026-02-12T23:04:39.486+0000] {dag.py:3089} INFO - Sync 1 DAGs
[2026-02-12T23:04:39.513+0000] {processor.py:183} INFO - Processing /opt/airflow/dags/dag2.py took 0.069 seconds
[2026-02-12T23:05:09.777+0000] {processor.py:161} INFO - Started process (PID=2320) to work on /opt/airflow/dags/dag2.py
[2026-02-12T23:05:09.778+0000] {processor.py:830} INFO - Processing file /opt/airflow/dags/dag2.py for tasks to queue
[2026-02-12T23:05:09.779+0000] {logging_mixin.py:188} INFO - [2026-02-12T23:05:09.779+0000] {dagbag.py:545} INFO - Filling up the DagBag from /opt/airflow/dags/dag2.py
[2026-02-12T23:05:09.794+0000] {processor.py:840} INFO - DAG(s) 'twitter_pipeline_2' retrieved from /opt/airflow/dags/dag2.py
[2026-02-12T23:05:09.813+0000] {logging_mixin.py:188} INFO - [2026-02-12T23:05:09.813+0000] {dag.py:3089} INFO - Sync 1 DAGs
[2026-02-12T23:05:09.839+0000] {processor.py:183} INFO - Processing /opt/airflow/dags/dag2.py took 0.067 seconds
[2026-02-12T23:05:40.257+0000] {processor.py:161} INFO - Started process (PID=2487) to work on /opt/airflow/dags/dag2.py
[2026-02-12T23:05:40.258+0000] {processor.py:830} INFO - Processing file /opt/airflow/dags/dag2.py for tasks to queue
[2026-02-12T23:05:40.259+0000] {logging_mixin.py:188} INFO - [2026-02-12T23:05:40.259+0000] {dagbag.py:545} INFO - Filling up the DagBag from /opt/airflow/dags/dag2.py
[2026-02-12T23:05:40.274+0000] {processor.py:840} INFO - DAG(s) 'twitter_pipeline_2' retrieved from /opt/airflow/dags/dag2.py
[2026-02-12T23:05:40.292+0000] {logging_mixin.py:188} INFO - [2026-02-12T23:05:40.292+0000] {dag.py:3089} INFO - Sync 1 DAGs
[2026-02-12T23:05:40.315+0000] {processor.py:183} INFO - Processing /opt/airflow/dags/dag2.py took 0.064 seconds
[2026-02-12T23:06:12.689+0000] {processor.py:161} INFO - Started process (PID=2661) to work on /opt/airflow/dags/dag2.py
[2026-02-12T23:06:12.690+0000] {processor.py:830} INFO - Processing file /opt/airflow/dags/dag2.py for tasks to queue
[2026-02-12T23:06:12.691+0000] {logging_mixin.py:188} INFO - [2026-02-12T23:06:12.691+0000] {dagbag.py:545} INFO - Filling up the DagBag from /opt/airflow/dags/dag2.py
[2026-02-12T23:06:12.706+0000] {processor.py:840} INFO - DAG(s) 'twitter_pipeline_2' retrieved from /opt/airflow/dags/dag2.py
[2026-02-12T23:06:12.726+0000] {logging_mixin.py:188} INFO - [2026-02-12T23:06:12.726+0000] {dag.py:3089} INFO - Sync 1 DAGs
[2026-02-12T23:06:12.751+0000] {processor.py:183} INFO - Processing /opt/airflow/dags/dag2.py took 0.067 seconds
[2026-02-12T23:06:46.134+0000] {processor.py:161} INFO - Started process (PID=2832) to work on /opt/airflow/dags/dag2.py
[2026-02-12T23:06:46.135+0000] {processor.py:830} INFO - Processing file /opt/airflow/dags/dag2.py for tasks to queue
[2026-02-12T23:06:46.136+0000] {logging_mixin.py:188} INFO - [2026-02-12T23:06:46.136+0000] {dagbag.py:545} INFO - Filling up the DagBag from /opt/airflow/dags/dag2.py
[2026-02-12T23:06:46.151+0000] {processor.py:840} INFO - DAG(s) 'twitter_pipeline_2' retrieved from /opt/airflow/dags/dag2.py
[2026-02-12T23:06:46.171+0000] {logging_mixin.py:188} INFO - [2026-02-12T23:06:46.171+0000] {dag.py:3089} INFO - Sync 1 DAGs
[2026-02-12T23:06:46.195+0000] {processor.py:183} INFO - Processing /opt/airflow/dags/dag2.py took 0.067 seconds
[2026-02-12T23:07:19.480+0000] {processor.py:161} INFO - Started process (PID=3003) to work on /opt/airflow/dags/dag2.py
[2026-02-12T23:07:19.480+0000] {processor.py:830} INFO - Processing file /opt/airflow/dags/dag2.py for tasks to queue
[2026-02-12T23:07:19.481+0000] {logging_mixin.py:188} INFO - [2026-02-12T23:07:19.481+0000] {dagbag.py:545} INFO - Filling up the DagBag from /opt/airflow/dags/dag2.py
[2026-02-12T23:07:19.497+0000] {processor.py:840} INFO - DAG(s) 'twitter_pipeline_2' retrieved from /opt/airflow/dags/dag2.py
[2026-02-12T23:07:19.515+0000] {logging_mixin.py:188} INFO - [2026-02-12T23:07:19.515+0000] {dag.py:3089} INFO - Sync 1 DAGs
[2026-02-12T23:07:19.539+0000] {processor.py:183} INFO - Processing /opt/airflow/dags/dag2.py took 0.064 seconds
[2026-02-12T23:07:52.991+0000] {processor.py:161} INFO - Started process (PID=3174) to work on /opt/airflow/dags/dag2.py
[2026-02-12T23:07:52.992+0000] {processor.py:830} INFO - Processing file /opt/airflow/dags/dag2.py for tasks to queue
[2026-02-12T23:07:52.993+0000] {logging_mixin.py:188} INFO - [2026-02-12T23:07:52.993+0000] {dagbag.py:545} INFO - Filling up the DagBag from /opt/airflow/dags/dag2.py
[2026-02-12T23:07:53.008+0000] {processor.py:840} INFO - DAG(s) 'twitter_pipeline_2' retrieved from /opt/airflow/dags/dag2.py
[2026-02-12T23:07:53.026+0000] {logging_mixin.py:188} INFO - [2026-02-12T23:07:53.026+0000] {dag.py:3089} INFO - Sync 1 DAGs
[2026-02-12T23:07:53.050+0000] {processor.py:183} INFO - Processing /opt/airflow/dags/dag2.py took 0.064 seconds
[2026-02-12T23:08:26.430+0000] {processor.py:161} INFO - Started process (PID=3344) to work on /opt/airflow/dags/dag2.py
[2026-02-12T23:08:26.430+0000] {processor.py:830} INFO - Processing file /opt/airflow/dags/dag2.py for tasks to queue
[2026-02-12T23:08:26.432+0000] {logging_mixin.py:188} INFO - [2026-02-12T23:08:26.431+0000] {dagbag.py:545} INFO - Filling up the DagBag from /opt/airflow/dags/dag2.py
[2026-02-12T23:08:26.447+0000] {processor.py:840} INFO - DAG(s) 'twitter_pipeline_2' retrieved from /opt/airflow/dags/dag2.py
[2026-02-12T23:08:26.468+0000] {logging_mixin.py:188} INFO - [2026-02-12T23:08:26.468+0000] {dag.py:3089} INFO - Sync 1 DAGs
[2026-02-12T23:08:26.494+0000] {processor.py:183} INFO - Processing /opt/airflow/dags/dag2.py took 0.070 seconds
[2026-02-12T23:08:56.799+0000] {processor.py:161} INFO - Started process (PID=3513) to work on /opt/airflow/dags/dag2.py
[2026-02-12T23:08:56.800+0000] {processor.py:830} INFO - Processing file /opt/airflow/dags/dag2.py for tasks to queue
[2026-02-12T23:08:56.801+0000] {logging_mixin.py:188} INFO - [2026-02-12T23:08:56.801+0000] {dagbag.py:545} INFO - Filling up the DagBag from /opt/airflow/dags/dag2.py
[2026-02-12T23:08:56.817+0000] {processor.py:840} INFO - DAG(s) 'twitter_pipeline_2' retrieved from /opt/airflow/dags/dag2.py
[2026-02-12T23:08:56.839+0000] {logging_mixin.py:188} INFO - [2026-02-12T23:08:56.839+0000] {dag.py:3089} INFO - Sync 1 DAGs
[2026-02-12T23:08:56.867+0000] {processor.py:183} INFO - Processing /opt/airflow/dags/dag2.py took 0.074 seconds
[2026-02-12T23:09:26.939+0000] {processor.py:161} INFO - Started process (PID=3683) to work on /opt/airflow/dags/dag2.py
[2026-02-12T23:09:26.939+0000] {processor.py:830} INFO - Processing file /opt/airflow/dags/dag2.py for tasks to queue
[2026-02-12T23:09:26.940+0000] {logging_mixin.py:188} INFO - [2026-02-12T23:09:26.940+0000] {dagbag.py:545} INFO - Filling up the DagBag from /opt/airflow/dags/dag2.py
[2026-02-12T23:09:26.955+0000] {processor.py:840} INFO - DAG(s) 'twitter_pipeline_2' retrieved from /opt/airflow/dags/dag2.py
[2026-02-12T23:09:26.975+0000] {logging_mixin.py:188} INFO - [2026-02-12T23:09:26.974+0000] {dag.py:3089} INFO - Sync 1 DAGs
[2026-02-12T23:09:27.000+0000] {processor.py:183} INFO - Processing /opt/airflow/dags/dag2.py took 0.067 seconds
[2026-02-12T23:09:57.260+0000] {processor.py:161} INFO - Started process (PID=3748) to work on /opt/airflow/dags/dag2.py
[2026-02-12T23:09:57.261+0000] {processor.py:830} INFO - Processing file /opt/airflow/dags/dag2.py for tasks to queue
[2026-02-12T23:09:57.262+0000] {logging_mixin.py:188} INFO - [2026-02-12T23:09:57.262+0000] {dagbag.py:545} INFO - Filling up the DagBag from /opt/airflow/dags/dag2.py
[2026-02-12T23:09:57.278+0000] {processor.py:840} INFO - DAG(s) 'twitter_pipeline_2' retrieved from /opt/airflow/dags/dag2.py
[2026-02-12T23:09:57.301+0000] {logging_mixin.py:188} INFO - [2026-02-12T23:09:57.301+0000] {dag.py:3089} INFO - Sync 1 DAGs
[2026-02-12T23:09:57.316+0000] {logging_mixin.py:188} INFO - [2026-02-12T23:09:57.316+0000] {dag.py:3947} INFO - Setting next_dagrun for twitter_pipeline_2 to 2026-02-12 00:00:00+00:00, run_after=2026-02-13 00:00:00+00:00
[2026-02-12T23:09:57.330+0000] {processor.py:183} INFO - Processing /opt/airflow/dags/dag2.py took 0.076 seconds
[2026-02-12T23:10:27.699+0000] {processor.py:161} INFO - Started process (PID=3758) to work on /opt/airflow/dags/dag2.py
[2026-02-12T23:10:27.699+0000] {processor.py:830} INFO - Processing file /opt/airflow/dags/dag2.py for tasks to queue
[2026-02-12T23:10:27.701+0000] {logging_mixin.py:188} INFO - [2026-02-12T23:10:27.700+0000] {dagbag.py:545} INFO - Filling up the DagBag from /opt/airflow/dags/dag2.py
[2026-02-12T23:10:27.715+0000] {processor.py:840} INFO - DAG(s) 'twitter_pipeline_2' retrieved from /opt/airflow/dags/dag2.py
[2026-02-12T23:10:27.736+0000] {logging_mixin.py:188} INFO - [2026-02-12T23:10:27.736+0000] {dag.py:3089} INFO - Sync 1 DAGs
[2026-02-12T23:10:27.752+0000] {logging_mixin.py:188} INFO - [2026-02-12T23:10:27.752+0000] {dag.py:3947} INFO - Setting next_dagrun for twitter_pipeline_2 to 2026-02-12 00:00:00+00:00, run_after=2026-02-13 00:00:00+00:00
[2026-02-12T23:10:27.766+0000] {processor.py:183} INFO - Processing /opt/airflow/dags/dag2.py took 0.074 seconds
[2026-02-12T23:10:58.171+0000] {processor.py:161} INFO - Started process (PID=3768) to work on /opt/airflow/dags/dag2.py
[2026-02-12T23:10:58.172+0000] {processor.py:830} INFO - Processing file /opt/airflow/dags/dag2.py for tasks to queue
[2026-02-12T23:10:58.174+0000] {logging_mixin.py:188} INFO - [2026-02-12T23:10:58.174+0000] {dagbag.py:545} INFO - Filling up the DagBag from /opt/airflow/dags/dag2.py
[2026-02-12T23:10:58.190+0000] {processor.py:840} INFO - DAG(s) 'twitter_pipeline_2' retrieved from /opt/airflow/dags/dag2.py
[2026-02-12T23:10:58.211+0000] {logging_mixin.py:188} INFO - [2026-02-12T23:10:58.211+0000] {dag.py:3089} INFO - Sync 1 DAGs
[2026-02-12T23:10:58.227+0000] {logging_mixin.py:188} INFO - [2026-02-12T23:10:58.227+0000] {dag.py:3947} INFO - Setting next_dagrun for twitter_pipeline_2 to 2026-02-12 00:00:00+00:00, run_after=2026-02-13 00:00:00+00:00
[2026-02-12T23:10:58.242+0000] {processor.py:183} INFO - Processing /opt/airflow/dags/dag2.py took 0.076 seconds
[2026-02-12T23:11:28.538+0000] {processor.py:161} INFO - Started process (PID=3778) to work on /opt/airflow/dags/dag2.py
[2026-02-12T23:11:28.539+0000] {processor.py:830} INFO - Processing file /opt/airflow/dags/dag2.py for tasks to queue
[2026-02-12T23:11:28.540+0000] {logging_mixin.py:188} INFO - [2026-02-12T23:11:28.540+0000] {dagbag.py:545} INFO - Filling up the DagBag from /opt/airflow/dags/dag2.py
[2026-02-12T23:11:28.559+0000] {processor.py:840} INFO - DAG(s) 'twitter_pipeline_2' retrieved from /opt/airflow/dags/dag2.py
[2026-02-12T23:11:28.581+0000] {logging_mixin.py:188} INFO - [2026-02-12T23:11:28.581+0000] {dag.py:3089} INFO - Sync 1 DAGs
[2026-02-12T23:11:28.600+0000] {logging_mixin.py:188} INFO - [2026-02-12T23:11:28.600+0000] {dag.py:3947} INFO - Setting next_dagrun for twitter_pipeline_2 to 2026-02-12 00:00:00+00:00, run_after=2026-02-13 00:00:00+00:00
[2026-02-12T23:11:28.614+0000] {processor.py:183} INFO - Processing /opt/airflow/dags/dag2.py took 0.081 seconds
[2026-02-12T23:11:58.921+0000] {processor.py:161} INFO - Started process (PID=3789) to work on /opt/airflow/dags/dag2.py
[2026-02-12T23:11:58.923+0000] {processor.py:830} INFO - Processing file /opt/airflow/dags/dag2.py for tasks to queue
[2026-02-12T23:11:58.924+0000] {logging_mixin.py:188} INFO - [2026-02-12T23:11:58.924+0000] {dagbag.py:545} INFO - Filling up the DagBag from /opt/airflow/dags/dag2.py
[2026-02-12T23:11:58.942+0000] {processor.py:840} INFO - DAG(s) 'twitter_pipeline_2' retrieved from /opt/airflow/dags/dag2.py
[2026-02-12T23:11:58.964+0000] {logging_mixin.py:188} INFO - [2026-02-12T23:11:58.964+0000] {dag.py:3089} INFO - Sync 1 DAGs
[2026-02-12T23:11:58.982+0000] {logging_mixin.py:188} INFO - [2026-02-12T23:11:58.982+0000] {dag.py:3947} INFO - Setting next_dagrun for twitter_pipeline_2 to 2026-02-12 00:00:00+00:00, run_after=2026-02-13 00:00:00+00:00
[2026-02-12T23:11:58.995+0000] {processor.py:183} INFO - Processing /opt/airflow/dags/dag2.py took 0.080 seconds
[2026-02-12T23:12:29.298+0000] {processor.py:161} INFO - Started process (PID=3801) to work on /opt/airflow/dags/dag2.py
[2026-02-12T23:12:29.298+0000] {processor.py:830} INFO - Processing file /opt/airflow/dags/dag2.py for tasks to queue
[2026-02-12T23:12:29.300+0000] {logging_mixin.py:188} INFO - [2026-02-12T23:12:29.300+0000] {dagbag.py:545} INFO - Filling up the DagBag from /opt/airflow/dags/dag2.py
[2026-02-12T23:12:29.316+0000] {processor.py:840} INFO - DAG(s) 'twitter_pipeline_2' retrieved from /opt/airflow/dags/dag2.py
[2026-02-12T23:12:29.340+0000] {logging_mixin.py:188} INFO - [2026-02-12T23:12:29.340+0000] {dag.py:3089} INFO - Sync 1 DAGs
[2026-02-12T23:12:29.357+0000] {logging_mixin.py:188} INFO - [2026-02-12T23:12:29.357+0000] {dag.py:3947} INFO - Setting next_dagrun for twitter_pipeline_2 to 2026-02-12 00:00:00+00:00, run_after=2026-02-13 00:00:00+00:00
[2026-02-12T23:12:29.370+0000] {processor.py:183} INFO - Processing /opt/airflow/dags/dag2.py took 0.078 seconds
[2026-02-12T23:12:59.690+0000] {processor.py:161} INFO - Started process (PID=3811) to work on /opt/airflow/dags/dag2.py
[2026-02-12T23:12:59.691+0000] {processor.py:830} INFO - Processing file /opt/airflow/dags/dag2.py for tasks to queue
[2026-02-12T23:12:59.693+0000] {logging_mixin.py:188} INFO - [2026-02-12T23:12:59.693+0000] {dagbag.py:545} INFO - Filling up the DagBag from /opt/airflow/dags/dag2.py
[2026-02-12T23:12:59.716+0000] {processor.py:840} INFO - DAG(s) 'twitter_pipeline_2' retrieved from /opt/airflow/dags/dag2.py
[2026-02-12T23:12:59.741+0000] {logging_mixin.py:188} INFO - [2026-02-12T23:12:59.741+0000] {dag.py:3089} INFO - Sync 1 DAGs
[2026-02-12T23:12:59.757+0000] {logging_mixin.py:188} INFO - [2026-02-12T23:12:59.757+0000] {dag.py:3947} INFO - Setting next_dagrun for twitter_pipeline_2 to 2026-02-12 00:00:00+00:00, run_after=2026-02-13 00:00:00+00:00
[2026-02-12T23:12:59.772+0000] {processor.py:183} INFO - Processing /opt/airflow/dags/dag2.py took 0.090 seconds
[2026-02-12T23:13:30.096+0000] {processor.py:161} INFO - Started process (PID=3821) to work on /opt/airflow/dags/dag2.py
[2026-02-12T23:13:30.097+0000] {processor.py:830} INFO - Processing file /opt/airflow/dags/dag2.py for tasks to queue
[2026-02-12T23:13:30.099+0000] {logging_mixin.py:188} INFO - [2026-02-12T23:13:30.099+0000] {dagbag.py:545} INFO - Filling up the DagBag from /opt/airflow/dags/dag2.py
[2026-02-12T23:13:30.119+0000] {processor.py:840} INFO - DAG(s) 'twitter_pipeline_2' retrieved from /opt/airflow/dags/dag2.py
[2026-02-12T23:13:30.143+0000] {logging_mixin.py:188} INFO - [2026-02-12T23:13:30.143+0000] {dag.py:3089} INFO - Sync 1 DAGs
[2026-02-12T23:13:30.159+0000] {logging_mixin.py:188} INFO - [2026-02-12T23:13:30.159+0000] {dag.py:3947} INFO - Setting next_dagrun for twitter_pipeline_2 to 2026-02-12 00:00:00+00:00, run_after=2026-02-13 00:00:00+00:00
[2026-02-12T23:13:30.172+0000] {processor.py:183} INFO - Processing /opt/airflow/dags/dag2.py took 0.083 seconds
[2026-02-12T23:14:00.366+0000] {processor.py:161} INFO - Started process (PID=3831) to work on /opt/airflow/dags/dag2.py
[2026-02-12T23:14:00.367+0000] {processor.py:830} INFO - Processing file /opt/airflow/dags/dag2.py for tasks to queue
[2026-02-12T23:14:00.369+0000] {logging_mixin.py:188} INFO - [2026-02-12T23:14:00.369+0000] {dagbag.py:545} INFO - Filling up the DagBag from /opt/airflow/dags/dag2.py
[2026-02-12T23:14:00.386+0000] {processor.py:840} INFO - DAG(s) 'twitter_pipeline_2' retrieved from /opt/airflow/dags/dag2.py
[2026-02-12T23:14:00.410+0000] {logging_mixin.py:188} INFO - [2026-02-12T23:14:00.410+0000] {dag.py:3089} INFO - Sync 1 DAGs
[2026-02-12T23:14:00.426+0000] {logging_mixin.py:188} INFO - [2026-02-12T23:14:00.426+0000] {dag.py:3947} INFO - Setting next_dagrun for twitter_pipeline_2 to 2026-02-12 00:00:00+00:00, run_after=2026-02-13 00:00:00+00:00
[2026-02-12T23:14:00.439+0000] {processor.py:183} INFO - Processing /opt/airflow/dags/dag2.py took 0.078 seconds
[2026-02-12T23:14:31.770+0000] {processor.py:161} INFO - Started process (PID=3841) to work on /opt/airflow/dags/dag2.py
[2026-02-12T23:14:31.771+0000] {processor.py:830} INFO - Processing file /opt/airflow/dags/dag2.py for tasks to queue
[2026-02-12T23:14:31.772+0000] {logging_mixin.py:188} INFO - [2026-02-12T23:14:31.772+0000] {dagbag.py:545} INFO - Filling up the DagBag from /opt/airflow/dags/dag2.py
[2026-02-12T23:14:31.792+0000] {processor.py:840} INFO - DAG(s) 'twitter_pipeline_2' retrieved from /opt/airflow/dags/dag2.py
[2026-02-12T23:14:31.817+0000] {logging_mixin.py:188} INFO - [2026-02-12T23:14:31.816+0000] {dag.py:3089} INFO - Sync 1 DAGs
[2026-02-12T23:14:31.834+0000] {logging_mixin.py:188} INFO - [2026-02-12T23:14:31.834+0000] {dag.py:3947} INFO - Setting next_dagrun for twitter_pipeline_2 to 2026-02-12 00:00:00+00:00, run_after=2026-02-13 00:00:00+00:00
[2026-02-12T23:14:31.847+0000] {processor.py:183} INFO - Processing /opt/airflow/dags/dag2.py took 0.082 seconds
[2026-02-12T23:15:05.253+0000] {processor.py:161} INFO - Started process (PID=3851) to work on /opt/airflow/dags/dag2.py
[2026-02-12T23:15:05.255+0000] {processor.py:830} INFO - Processing file /opt/airflow/dags/dag2.py for tasks to queue
[2026-02-12T23:15:05.258+0000] {logging_mixin.py:188} INFO - [2026-02-12T23:15:05.257+0000] {dagbag.py:545} INFO - Filling up the DagBag from /opt/airflow/dags/dag2.py
[2026-02-12T23:15:05.284+0000] {processor.py:840} INFO - DAG(s) 'twitter_pipeline_2' retrieved from /opt/airflow/dags/dag2.py
[2026-02-12T23:15:05.314+0000] {logging_mixin.py:188} INFO - [2026-02-12T23:15:05.314+0000] {dag.py:3089} INFO - Sync 1 DAGs
[2026-02-12T23:15:05.332+0000] {logging_mixin.py:188} INFO - [2026-02-12T23:15:05.331+0000] {dag.py:3947} INFO - Setting next_dagrun for twitter_pipeline_2 to 2026-02-12 00:00:00+00:00, run_after=2026-02-13 00:00:00+00:00
[2026-02-12T23:15:05.345+0000] {processor.py:183} INFO - Processing /opt/airflow/dags/dag2.py took 0.100 seconds
[2026-02-12T23:15:38.604+0000] {processor.py:161} INFO - Started process (PID=3861) to work on /opt/airflow/dags/dag2.py
[2026-02-12T23:15:38.605+0000] {processor.py:830} INFO - Processing file /opt/airflow/dags/dag2.py for tasks to queue
[2026-02-12T23:15:38.607+0000] {logging_mixin.py:188} INFO - [2026-02-12T23:15:38.607+0000] {dagbag.py:545} INFO - Filling up the DagBag from /opt/airflow/dags/dag2.py
[2026-02-12T23:15:38.626+0000] {processor.py:840} INFO - DAG(s) 'twitter_pipeline_2' retrieved from /opt/airflow/dags/dag2.py
[2026-02-12T23:15:38.651+0000] {logging_mixin.py:188} INFO - [2026-02-12T23:15:38.651+0000] {dag.py:3089} INFO - Sync 1 DAGs
[2026-02-12T23:15:38.670+0000] {logging_mixin.py:188} INFO - [2026-02-12T23:15:38.670+0000] {dag.py:3947} INFO - Setting next_dagrun for twitter_pipeline_2 to 2026-02-12 00:00:00+00:00, run_after=2026-02-13 00:00:00+00:00
[2026-02-12T23:15:38.685+0000] {processor.py:183} INFO - Processing /opt/airflow/dags/dag2.py took 0.087 seconds
[2026-02-12T23:16:12.101+0000] {processor.py:161} INFO - Started process (PID=3871) to work on /opt/airflow/dags/dag2.py
[2026-02-12T23:16:12.103+0000] {processor.py:830} INFO - Processing file /opt/airflow/dags/dag2.py for tasks to queue
[2026-02-12T23:16:12.105+0000] {logging_mixin.py:188} INFO - [2026-02-12T23:16:12.104+0000] {dagbag.py:545} INFO - Filling up the DagBag from /opt/airflow/dags/dag2.py
[2026-02-12T23:16:12.124+0000] {processor.py:840} INFO - DAG(s) 'twitter_pipeline_2' retrieved from /opt/airflow/dags/dag2.py
[2026-02-12T23:16:12.150+0000] {logging_mixin.py:188} INFO - [2026-02-12T23:16:12.150+0000] {dag.py:3089} INFO - Sync 1 DAGs
[2026-02-12T23:16:12.166+0000] {logging_mixin.py:188} INFO - [2026-02-12T23:16:12.166+0000] {dag.py:3947} INFO - Setting next_dagrun for twitter_pipeline_2 to 2026-02-12 00:00:00+00:00, run_after=2026-02-13 00:00:00+00:00
[2026-02-12T23:16:12.181+0000] {processor.py:183} INFO - Processing /opt/airflow/dags/dag2.py took 0.085 seconds
[2026-02-12T23:16:45.454+0000] {processor.py:161} INFO - Started process (PID=3881) to work on /opt/airflow/dags/dag2.py
[2026-02-12T23:16:45.455+0000] {processor.py:830} INFO - Processing file /opt/airflow/dags/dag2.py for tasks to queue
[2026-02-12T23:16:45.456+0000] {logging_mixin.py:188} INFO - [2026-02-12T23:16:45.456+0000] {dagbag.py:545} INFO - Filling up the DagBag from /opt/airflow/dags/dag2.py
[2026-02-12T23:16:45.476+0000] {processor.py:840} INFO - DAG(s) 'twitter_pipeline_2' retrieved from /opt/airflow/dags/dag2.py
[2026-02-12T23:16:45.500+0000] {logging_mixin.py:188} INFO - [2026-02-12T23:16:45.500+0000] {dag.py:3089} INFO - Sync 1 DAGs
[2026-02-12T23:16:45.516+0000] {logging_mixin.py:188} INFO - [2026-02-12T23:16:45.516+0000] {dag.py:3947} INFO - Setting next_dagrun for twitter_pipeline_2 to 2026-02-12 00:00:00+00:00, run_after=2026-02-13 00:00:00+00:00
[2026-02-12T23:16:45.529+0000] {processor.py:183} INFO - Processing /opt/airflow/dags/dag2.py took 0.083 seconds
[2026-02-12T23:17:15.882+0000] {processor.py:161} INFO - Started process (PID=3891) to work on /opt/airflow/dags/dag2.py
[2026-02-12T23:17:15.883+0000] {processor.py:830} INFO - Processing file /opt/airflow/dags/dag2.py for tasks to queue
[2026-02-12T23:17:15.886+0000] {logging_mixin.py:188} INFO - [2026-02-12T23:17:15.886+0000] {dagbag.py:545} INFO - Filling up the DagBag from /opt/airflow/dags/dag2.py
[2026-02-12T23:17:17.961+0000] {processor.py:840} INFO - DAG(s) 'twitter_pipeline_2' retrieved from /opt/airflow/dags/dag2.py
[2026-02-12T23:17:17.985+0000] {logging_mixin.py:188} INFO - [2026-02-12T23:17:17.985+0000] {dag.py:3089} INFO - Sync 1 DAGs
[2026-02-12T23:17:18.003+0000] {logging_mixin.py:188} INFO - [2026-02-12T23:17:18.003+0000] {dag.py:3947} INFO - Setting next_dagrun for twitter_pipeline_2 to 2026-02-12 00:00:00+00:00, run_after=2026-02-13 00:00:00+00:00
[2026-02-12T23:17:18.017+0000] {processor.py:183} INFO - Processing /opt/airflow/dags/dag2.py took 0.085 seconds
[2026-02-12T23:17:51.312+0000] {processor.py:161} INFO - Started process (PID=3901) to work on /opt/airflow/dags/dag2.py
[2026-02-12T23:17:51.313+0000] {processor.py:830} INFO - Processing file /opt/airflow/dags/dag2.py for tasks to queue
[2026-02-12T23:17:51.314+0000] {logging_mixin.py:188} INFO - [2026-02-12T23:17:51.314+0000] {dagbag.py:545} INFO - Filling up the DagBag from /opt/airflow/dags/dag2.py
[2026-02-12T23:17:51.332+0000] {processor.py:840} INFO - DAG(s) 'twitter_pipeline_2' retrieved from /opt/airflow/dags/dag2.py
[2026-02-12T23:17:51.355+0000] {logging_mixin.py:188} INFO - [2026-02-12T23:17:51.355+0000] {dag.py:3089} INFO - Sync 1 DAGs
[2026-02-12T23:17:51.372+0000] {logging_mixin.py:188} INFO - [2026-02-12T23:17:51.372+0000] {dag.py:3947} INFO - Setting next_dagrun for twitter_pipeline_2 to 2026-02-12 00:00:00+00:00, run_after=2026-02-13 00:00:00+00:00
[2026-02-12T23:17:51.385+0000] {processor.py:183} INFO - Processing /opt/airflow/dags/dag2.py took 0.078 seconds
[2026-02-12T23:18:24.726+0000] {processor.py:161} INFO - Started process (PID=3911) to work on /opt/airflow/dags/dag2.py
[2026-02-12T23:18:24.728+0000] {processor.py:830} INFO - Processing file /opt/airflow/dags/dag2.py for tasks to queue
[2026-02-12T23:18:24.730+0000] {logging_mixin.py:188} INFO - [2026-02-12T23:18:24.729+0000] {dagbag.py:545} INFO - Filling up the DagBag from /opt/airflow/dags/dag2.py
[2026-02-12T23:18:24.750+0000] {processor.py:840} INFO - DAG(s) 'twitter_pipeline_2' retrieved from /opt/airflow/dags/dag2.py
[2026-02-12T23:18:24.774+0000] {logging_mixin.py:188} INFO - [2026-02-12T23:18:24.773+0000] {dag.py:3089} INFO - Sync 1 DAGs
[2026-02-12T23:18:24.790+0000] {logging_mixin.py:188} INFO - [2026-02-12T23:18:24.790+0000] {dag.py:3947} INFO - Setting next_dagrun for twitter_pipeline_2 to 2026-02-12 00:00:00+00:00, run_after=2026-02-13 00:00:00+00:00
[2026-02-12T23:18:24.803+0000] {processor.py:183} INFO - Processing /opt/airflow/dags/dag2.py took 0.083 seconds
[2026-02-12T23:18:58.041+0000] {processor.py:161} INFO - Started process (PID=4014) to work on /opt/airflow/dags/dag2.py
[2026-02-12T23:18:58.042+0000] {processor.py:830} INFO - Processing file /opt/airflow/dags/dag2.py for tasks to queue
[2026-02-12T23:18:58.043+0000] {logging_mixin.py:188} INFO - [2026-02-12T23:18:58.043+0000] {dagbag.py:545} INFO - Filling up the DagBag from /opt/airflow/dags/dag2.py
[2026-02-12T23:18:58.058+0000] {processor.py:840} INFO - DAG(s) 'twitter_pipeline_2' retrieved from /opt/airflow/dags/dag2.py
[2026-02-12T23:18:58.082+0000] {logging_mixin.py:188} INFO - [2026-02-12T23:18:58.082+0000] {dag.py:3089} INFO - Sync 1 DAGs
[2026-02-12T23:18:58.098+0000] {logging_mixin.py:188} INFO - [2026-02-12T23:18:58.098+0000] {dag.py:3947} INFO - Setting next_dagrun for twitter_pipeline_2 to 2026-02-12 00:00:00+00:00, run_after=2026-02-13 00:00:00+00:00
[2026-02-12T23:18:58.111+0000] {processor.py:183} INFO - Processing /opt/airflow/dags/dag2.py took 0.075 seconds
[2026-02-12T23:19:31.484+0000] {processor.py:161} INFO - Started process (PID=4025) to work on /opt/airflow/dags/dag2.py
[2026-02-12T23:19:31.486+0000] {processor.py:830} INFO - Processing file /opt/airflow/dags/dag2.py for tasks to queue
[2026-02-12T23:19:31.488+0000] {logging_mixin.py:188} INFO - [2026-02-12T23:19:31.488+0000] {dagbag.py:545} INFO - Filling up the DagBag from /opt/airflow/dags/dag2.py
[2026-02-12T23:19:31.510+0000] {processor.py:840} INFO - DAG(s) 'twitter_pipeline_2' retrieved from /opt/airflow/dags/dag2.py
[2026-02-12T23:19:31.535+0000] {logging_mixin.py:188} INFO - [2026-02-12T23:19:31.535+0000] {dag.py:3089} INFO - Sync 1 DAGs
[2026-02-12T23:19:31.553+0000] {logging_mixin.py:188} INFO - [2026-02-12T23:19:31.553+0000] {dag.py:3947} INFO - Setting next_dagrun for twitter_pipeline_2 to 2026-02-12 00:00:00+00:00, run_after=2026-02-13 00:00:00+00:00
[2026-02-12T23:19:31.569+0000] {processor.py:183} INFO - Processing /opt/airflow/dags/dag2.py took 0.092 seconds
[2026-02-12T23:20:04.781+0000] {processor.py:161} INFO - Started process (PID=4035) to work on /opt/airflow/dags/dag2.py
[2026-02-12T23:20:04.781+0000] {processor.py:830} INFO - Processing file /opt/airflow/dags/dag2.py for tasks to queue
[2026-02-12T23:20:04.783+0000] {logging_mixin.py:188} INFO - [2026-02-12T23:20:04.782+0000] {dagbag.py:545} INFO - Filling up the DagBag from /opt/airflow/dags/dag2.py
[2026-02-12T23:20:04.798+0000] {processor.py:840} INFO - DAG(s) 'twitter_pipeline_2' retrieved from /opt/airflow/dags/dag2.py
[2026-02-12T23:20:04.823+0000] {logging_mixin.py:188} INFO - [2026-02-12T23:20:04.823+0000] {dag.py:3089} INFO - Sync 1 DAGs
[2026-02-12T23:20:04.840+0000] {logging_mixin.py:188} INFO - [2026-02-12T23:20:04.840+0000] {dag.py:3947} INFO - Setting next_dagrun for twitter_pipeline_2 to 2026-02-12 00:00:00+00:00, run_after=2026-02-13 00:00:00+00:00
[2026-02-12T23:20:04.853+0000] {processor.py:183} INFO - Processing /opt/airflow/dags/dag2.py took 0.078 seconds
[2026-02-12T23:20:38.268+0000] {processor.py:161} INFO - Started process (PID=4046) to work on /opt/airflow/dags/dag2.py
[2026-02-12T23:20:38.270+0000] {processor.py:830} INFO - Processing file /opt/airflow/dags/dag2.py for tasks to queue
[2026-02-12T23:20:38.271+0000] {logging_mixin.py:188} INFO - [2026-02-12T23:20:38.271+0000] {dagbag.py:545} INFO - Filling up the DagBag from /opt/airflow/dags/dag2.py
[2026-02-12T23:20:38.289+0000] {processor.py:840} INFO - DAG(s) 'twitter_pipeline_2' retrieved from /opt/airflow/dags/dag2.py
[2026-02-12T23:20:38.313+0000] {logging_mixin.py:188} INFO - [2026-02-12T23:20:38.313+0000] {dag.py:3089} INFO - Sync 1 DAGs
[2026-02-12T23:20:38.329+0000] {logging_mixin.py:188} INFO - [2026-02-12T23:20:38.329+0000] {dag.py:3947} INFO - Setting next_dagrun for twitter_pipeline_2 to 2026-02-12 00:00:00+00:00, run_after=2026-02-13 00:00:00+00:00
[2026-02-12T23:20:38.342+0000] {processor.py:183} INFO - Processing /opt/airflow/dags/dag2.py took 0.080 seconds
[2026-02-12T23:21:08.610+0000] {processor.py:161} INFO - Started process (PID=4056) to work on /opt/airflow/dags/dag2.py
[2026-02-12T23:21:08.611+0000] {processor.py:830} INFO - Processing file /opt/airflow/dags/dag2.py for tasks to queue
[2026-02-12T23:21:08.612+0000] {logging_mixin.py:188} INFO - [2026-02-12T23:21:08.612+0000] {dagbag.py:545} INFO - Filling up the DagBag from /opt/airflow/dags/dag2.py
[2026-02-12T23:21:08.628+0000] {processor.py:840} INFO - DAG(s) 'twitter_pipeline_2' retrieved from /opt/airflow/dags/dag2.py
[2026-02-12T23:21:08.653+0000] {logging_mixin.py:188} INFO - [2026-02-12T23:21:08.652+0000] {dag.py:3089} INFO - Sync 1 DAGs
[2026-02-12T23:21:08.672+0000] {logging_mixin.py:188} INFO - [2026-02-12T23:21:08.672+0000] {dag.py:3947} INFO - Setting next_dagrun for twitter_pipeline_2 to 2026-02-12 00:00:00+00:00, run_after=2026-02-13 00:00:00+00:00
[2026-02-12T23:21:10.744+0000] {processor.py:183} INFO - Processing /opt/airflow/dags/dag2.py took 0.080 seconds
[2026-02-12T23:21:44.098+0000] {processor.py:161} INFO - Started process (PID=4066) to work on /opt/airflow/dags/dag2.py
[2026-02-12T23:21:44.099+0000] {processor.py:830} INFO - Processing file /opt/airflow/dags/dag2.py for tasks to queue
[2026-02-12T23:21:44.101+0000] {logging_mixin.py:188} INFO - [2026-02-12T23:21:44.101+0000] {dagbag.py:545} INFO - Filling up the DagBag from /opt/airflow/dags/dag2.py
[2026-02-12T23:21:44.122+0000] {processor.py:840} INFO - DAG(s) 'twitter_pipeline_2' retrieved from /opt/airflow/dags/dag2.py
[2026-02-12T23:21:44.148+0000] {logging_mixin.py:188} INFO - [2026-02-12T23:21:44.148+0000] {dag.py:3089} INFO - Sync 1 DAGs
[2026-02-12T23:21:44.167+0000] {logging_mixin.py:188} INFO - [2026-02-12T23:21:44.167+0000] {dag.py:3947} INFO - Setting next_dagrun for twitter_pipeline_2 to 2026-02-12 00:00:00+00:00, run_after=2026-02-13 00:00:00+00:00
[2026-02-12T23:21:44.182+0000] {processor.py:183} INFO - Processing /opt/airflow/dags/dag2.py took 0.092 seconds
[2026-02-12T23:22:17.523+0000] {processor.py:161} INFO - Started process (PID=4288) to work on /opt/airflow/dags/dag2.py
[2026-02-12T23:22:17.524+0000] {processor.py:830} INFO - Processing file /opt/airflow/dags/dag2.py for tasks to queue
[2026-02-12T23:22:17.526+0000] {logging_mixin.py:188} INFO - [2026-02-12T23:22:17.526+0000] {dagbag.py:545} INFO - Filling up the DagBag from /opt/airflow/dags/dag2.py
[2026-02-12T23:22:17.546+0000] {processor.py:840} INFO - DAG(s) 'twitter_pipeline_2' retrieved from /opt/airflow/dags/dag2.py
[2026-02-12T23:22:17.572+0000] {logging_mixin.py:188} INFO - [2026-02-12T23:22:17.572+0000] {dag.py:3089} INFO - Sync 1 DAGs
[2026-02-12T23:22:17.607+0000] {processor.py:183} INFO - Processing /opt/airflow/dags/dag2.py took 0.093 seconds
[2026-02-12T23:22:50.969+0000] {processor.py:161} INFO - Started process (PID=4397) to work on /opt/airflow/dags/dag2.py
[2026-02-12T23:22:50.970+0000] {processor.py:830} INFO - Processing file /opt/airflow/dags/dag2.py for tasks to queue
[2026-02-12T23:22:50.972+0000] {logging_mixin.py:188} INFO - [2026-02-12T23:22:50.972+0000] {dagbag.py:545} INFO - Filling up the DagBag from /opt/airflow/dags/dag2.py
[2026-02-12T23:22:50.990+0000] {processor.py:840} INFO - DAG(s) 'twitter_pipeline_2' retrieved from /opt/airflow/dags/dag2.py
[2026-02-12T23:22:51.014+0000] {logging_mixin.py:188} INFO - [2026-02-12T23:22:51.014+0000] {dag.py:3089} INFO - Sync 1 DAGs
[2026-02-12T23:22:51.041+0000] {processor.py:183} INFO - Processing /opt/airflow/dags/dag2.py took 0.078 seconds
[2026-02-12T23:23:24.385+0000] {processor.py:161} INFO - Started process (PID=4407) to work on /opt/airflow/dags/dag2.py
[2026-02-12T23:23:24.386+0000] {processor.py:830} INFO - Processing file /opt/airflow/dags/dag2.py for tasks to queue
[2026-02-12T23:23:24.387+0000] {logging_mixin.py:188} INFO - [2026-02-12T23:23:24.387+0000] {dagbag.py:545} INFO - Filling up the DagBag from /opt/airflow/dags/dag2.py
[2026-02-12T23:23:24.408+0000] {processor.py:840} INFO - DAG(s) 'twitter_pipeline_2' retrieved from /opt/airflow/dags/dag2.py
[2026-02-12T23:23:24.433+0000] {logging_mixin.py:188} INFO - [2026-02-12T23:23:24.433+0000] {dag.py:3089} INFO - Sync 1 DAGs
[2026-02-12T23:23:24.467+0000] {processor.py:183} INFO - Processing /opt/airflow/dags/dag2.py took 0.088 seconds
[2026-02-12T23:23:55.629+0000] {processor.py:161} INFO - Started process (PID=4468) to work on /opt/airflow/dags/dag2.py
[2026-02-12T23:23:55.630+0000] {processor.py:830} INFO - Processing file /opt/airflow/dags/dag2.py for tasks to queue
[2026-02-12T23:23:55.632+0000] {logging_mixin.py:188} INFO - [2026-02-12T23:23:55.632+0000] {dagbag.py:545} INFO - Filling up the DagBag from /opt/airflow/dags/dag2.py
[2026-02-12T23:23:55.648+0000] {processor.py:840} INFO - DAG(s) 'twitter_pipeline_2' retrieved from /opt/airflow/dags/dag2.py
[2026-02-12T23:23:55.668+0000] {logging_mixin.py:188} INFO - [2026-02-12T23:23:55.668+0000] {dag.py:3089} INFO - Sync 1 DAGs
[2026-02-12T23:23:55.683+0000] {logging_mixin.py:188} INFO - [2026-02-12T23:23:55.683+0000] {dag.py:3947} INFO - Setting next_dagrun for twitter_pipeline_2 to 2026-02-12 00:00:00+00:00, run_after=2026-02-13 00:00:00+00:00
[2026-02-12T23:23:55.695+0000] {processor.py:183} INFO - Processing /opt/airflow/dags/dag2.py took 0.071 seconds
[2026-02-12T23:24:26.399+0000] {processor.py:161} INFO - Started process (PID=4478) to work on /opt/airflow/dags/dag2.py
[2026-02-12T23:24:26.400+0000] {processor.py:830} INFO - Processing file /opt/airflow/dags/dag2.py for tasks to queue
[2026-02-12T23:24:26.401+0000] {logging_mixin.py:188} INFO - [2026-02-12T23:24:26.401+0000] {dagbag.py:545} INFO - Filling up the DagBag from /opt/airflow/dags/dag2.py
[2026-02-12T23:24:26.417+0000] {processor.py:840} INFO - DAG(s) 'twitter_pipeline_2' retrieved from /opt/airflow/dags/dag2.py
[2026-02-12T23:24:26.440+0000] {logging_mixin.py:188} INFO - [2026-02-12T23:24:26.440+0000] {dag.py:3089} INFO - Sync 1 DAGs
[2026-02-12T23:24:26.456+0000] {logging_mixin.py:188} INFO - [2026-02-12T23:24:26.455+0000] {dag.py:3947} INFO - Setting next_dagrun for twitter_pipeline_2 to 2026-02-12 00:00:00+00:00, run_after=2026-02-13 00:00:00+00:00
[2026-02-12T23:24:26.468+0000] {processor.py:183} INFO - Processing /opt/airflow/dags/dag2.py took 0.074 seconds
[2026-02-12T23:24:56.960+0000] {processor.py:161} INFO - Started process (PID=4488) to work on /opt/airflow/dags/dag2.py
[2026-02-12T23:24:56.962+0000] {processor.py:830} INFO - Processing file /opt/airflow/dags/dag2.py for tasks to queue
[2026-02-12T23:24:56.964+0000] {logging_mixin.py:188} INFO - [2026-02-12T23:24:56.964+0000] {dagbag.py:545} INFO - Filling up the DagBag from /opt/airflow/dags/dag2.py
[2026-02-12T23:24:56.983+0000] {processor.py:840} INFO - DAG(s) 'twitter_pipeline_2' retrieved from /opt/airflow/dags/dag2.py
[2026-02-12T23:24:57.008+0000] {logging_mixin.py:188} INFO - [2026-02-12T23:24:57.008+0000] {dag.py:3089} INFO - Sync 1 DAGs
[2026-02-12T23:24:57.027+0000] {logging_mixin.py:188} INFO - [2026-02-12T23:24:57.026+0000] {dag.py:3947} INFO - Setting next_dagrun for twitter_pipeline_2 to 2026-02-12 00:00:00+00:00, run_after=2026-02-13 00:00:00+00:00
[2026-02-12T23:24:57.039+0000] {processor.py:183} INFO - Processing /opt/airflow/dags/dag2.py took 0.085 seconds
[2026-02-12T23:25:27.448+0000] {processor.py:161} INFO - Started process (PID=4510) to work on /opt/airflow/dags/dag2.py
[2026-02-12T23:25:27.449+0000] {processor.py:830} INFO - Processing file /opt/airflow/dags/dag2.py for tasks to queue
[2026-02-12T23:25:27.450+0000] {logging_mixin.py:188} INFO - [2026-02-12T23:25:27.450+0000] {dagbag.py:545} INFO - Filling up the DagBag from /opt/airflow/dags/dag2.py
[2026-02-12T23:25:27.468+0000] {processor.py:840} INFO - DAG(s) 'twitter_pipeline_2' retrieved from /opt/airflow/dags/dag2.py
[2026-02-12T23:25:27.491+0000] {logging_mixin.py:188} INFO - [2026-02-12T23:25:27.491+0000] {dag.py:3089} INFO - Sync 1 DAGs
[2026-02-12T23:25:27.509+0000] {logging_mixin.py:188} INFO - [2026-02-12T23:25:27.509+0000] {dag.py:3947} INFO - Setting next_dagrun for twitter_pipeline_2 to 2026-02-12 00:00:00+00:00, run_after=2026-02-13 00:00:00+00:00
[2026-02-12T23:25:27.521+0000] {processor.py:183} INFO - Processing /opt/airflow/dags/dag2.py took 0.079 seconds
[2026-02-12T23:25:57.869+0000] {processor.py:161} INFO - Started process (PID=4669) to work on /opt/airflow/dags/dag2.py
[2026-02-12T23:25:57.871+0000] {processor.py:830} INFO - Processing file /opt/airflow/dags/dag2.py for tasks to queue
[2026-02-12T23:25:57.873+0000] {logging_mixin.py:188} INFO - [2026-02-12T23:25:57.872+0000] {dagbag.py:545} INFO - Filling up the DagBag from /opt/airflow/dags/dag2.py
[2026-02-12T23:25:57.891+0000] {processor.py:840} INFO - DAG(s) 'twitter_pipeline_2' retrieved from /opt/airflow/dags/dag2.py
[2026-02-12T23:25:57.914+0000] {logging_mixin.py:188} INFO - [2026-02-12T23:25:57.914+0000] {dag.py:3089} INFO - Sync 1 DAGs
[2026-02-12T23:25:57.943+0000] {processor.py:183} INFO - Processing /opt/airflow/dags/dag2.py took 0.081 seconds
[2026-02-12T23:26:28.251+0000] {processor.py:161} INFO - Started process (PID=4679) to work on /opt/airflow/dags/dag2.py
[2026-02-12T23:26:28.252+0000] {processor.py:830} INFO - Processing file /opt/airflow/dags/dag2.py for tasks to queue
[2026-02-12T23:26:28.253+0000] {logging_mixin.py:188} INFO - [2026-02-12T23:26:28.253+0000] {dagbag.py:545} INFO - Filling up the DagBag from /opt/airflow/dags/dag2.py
[2026-02-12T23:26:28.272+0000] {processor.py:840} INFO - DAG(s) 'twitter_pipeline_2' retrieved from /opt/airflow/dags/dag2.py
[2026-02-12T23:26:28.295+0000] {logging_mixin.py:188} INFO - [2026-02-12T23:26:28.295+0000] {dag.py:3089} INFO - Sync 1 DAGs
[2026-02-12T23:26:28.312+0000] {logging_mixin.py:188} INFO - [2026-02-12T23:26:28.311+0000] {dag.py:3947} INFO - Setting next_dagrun for twitter_pipeline_2 to 2026-02-12 00:00:00+00:00, run_after=2026-02-13 00:00:00+00:00
[2026-02-12T23:26:28.324+0000] {processor.py:183} INFO - Processing /opt/airflow/dags/dag2.py took 0.080 seconds
[2026-02-12T23:26:58.529+0000] {processor.py:161} INFO - Started process (PID=4748) to work on /opt/airflow/dags/dag2.py
[2026-02-12T23:26:58.530+0000] {processor.py:830} INFO - Processing file /opt/airflow/dags/dag2.py for tasks to queue
[2026-02-12T23:26:58.532+0000] {logging_mixin.py:188} INFO - [2026-02-12T23:26:58.531+0000] {dagbag.py:545} INFO - Filling up the DagBag from /opt/airflow/dags/dag2.py
[2026-02-12T23:26:58.546+0000] {processor.py:840} INFO - DAG(s) 'twitter_pipeline_2' retrieved from /opt/airflow/dags/dag2.py
[2026-02-12T23:26:58.569+0000] {logging_mixin.py:188} INFO - [2026-02-12T23:26:58.568+0000] {dag.py:3089} INFO - Sync 1 DAGs
[2026-02-12T23:26:58.585+0000] {logging_mixin.py:188} INFO - [2026-02-12T23:26:58.585+0000] {dag.py:3947} INFO - Setting next_dagrun for twitter_pipeline_2 to 2026-02-12 00:00:00+00:00, run_after=2026-02-13 00:00:00+00:00
[2026-02-12T23:26:58.598+0000] {processor.py:183} INFO - Processing /opt/airflow/dags/dag2.py took 0.075 seconds
[2026-02-12T23:27:29.009+0000] {processor.py:161} INFO - Started process (PID=4758) to work on /opt/airflow/dags/dag2.py
[2026-02-12T23:27:29.010+0000] {processor.py:830} INFO - Processing file /opt/airflow/dags/dag2.py for tasks to queue
[2026-02-12T23:27:29.011+0000] {logging_mixin.py:188} INFO - [2026-02-12T23:27:29.011+0000] {dagbag.py:545} INFO - Filling up the DagBag from /opt/airflow/dags/dag2.py
[2026-02-12T23:27:29.027+0000] {processor.py:840} INFO - DAG(s) 'twitter_pipeline_2' retrieved from /opt/airflow/dags/dag2.py
[2026-02-12T23:27:29.050+0000] {logging_mixin.py:188} INFO - [2026-02-12T23:27:29.049+0000] {dag.py:3089} INFO - Sync 1 DAGs
[2026-02-12T23:27:29.067+0000] {logging_mixin.py:188} INFO - [2026-02-12T23:27:29.067+0000] {dag.py:3947} INFO - Setting next_dagrun for twitter_pipeline_2 to 2026-02-12 00:00:00+00:00, run_after=2026-02-13 00:00:00+00:00
[2026-02-12T23:27:29.080+0000] {processor.py:183} INFO - Processing /opt/airflow/dags/dag2.py took 0.077 seconds
[2026-02-12T23:27:59.426+0000] {processor.py:161} INFO - Started process (PID=4768) to work on /opt/airflow/dags/dag2.py
[2026-02-12T23:27:59.428+0000] {processor.py:830} INFO - Processing file /opt/airflow/dags/dag2.py for tasks to queue
[2026-02-12T23:27:59.429+0000] {logging_mixin.py:188} INFO - [2026-02-12T23:27:59.429+0000] {dagbag.py:545} INFO - Filling up the DagBag from /opt/airflow/dags/dag2.py
[2026-02-12T23:27:59.445+0000] {processor.py:840} INFO - DAG(s) 'twitter_pipeline_2' retrieved from /opt/airflow/dags/dag2.py
[2026-02-12T23:27:59.470+0000] {logging_mixin.py:188} INFO - [2026-02-12T23:27:59.469+0000] {dag.py:3089} INFO - Sync 1 DAGs
[2026-02-12T23:27:59.486+0000] {logging_mixin.py:188} INFO - [2026-02-12T23:27:59.486+0000] {dag.py:3947} INFO - Setting next_dagrun for twitter_pipeline_2 to 2026-02-12 00:00:00+00:00, run_after=2026-02-13 00:00:00+00:00
[2026-02-12T23:27:59.499+0000] {processor.py:183} INFO - Processing /opt/airflow/dags/dag2.py took 0.078 seconds
[2026-02-12T23:28:29.855+0000] {processor.py:161} INFO - Started process (PID=4842) to work on /opt/airflow/dags/dag2.py
[2026-02-12T23:28:29.858+0000] {processor.py:830} INFO - Processing file /opt/airflow/dags/dag2.py for tasks to queue
[2026-02-12T23:28:29.863+0000] {logging_mixin.py:188} INFO - [2026-02-12T23:28:29.863+0000] {dagbag.py:545} INFO - Filling up the DagBag from /opt/airflow/dags/dag2.py
[2026-02-12T23:28:29.904+0000] {processor.py:840} INFO - DAG(s) 'twitter_pipeline_2' retrieved from /opt/airflow/dags/dag2.py
[2026-02-12T23:28:29.959+0000] {logging_mixin.py:188} INFO - [2026-02-12T23:28:29.959+0000] {dag.py:3089} INFO - Sync 1 DAGs
[2026-02-12T23:28:29.987+0000] {logging_mixin.py:188} INFO - [2026-02-12T23:28:29.987+0000] {dag.py:3947} INFO - Setting next_dagrun for twitter_pipeline_2 to 2026-02-12 00:00:00+00:00, run_after=2026-02-13 00:00:00+00:00
[2026-02-12T23:28:30.006+0000] {processor.py:183} INFO - Processing /opt/airflow/dags/dag2.py took 0.178 seconds
[2026-02-12T23:28:47.523+0000] {processor.py:161} INFO - Started process (PID=169) to work on /opt/airflow/dags/dag2.py
[2026-02-12T23:28:47.525+0000] {processor.py:830} INFO - Processing file /opt/airflow/dags/dag2.py for tasks to queue
[2026-02-12T23:28:47.528+0000] {logging_mixin.py:188} INFO - [2026-02-12T23:28:47.527+0000] {dagbag.py:545} INFO - Filling up the DagBag from /opt/airflow/dags/dag2.py
[2026-02-12T23:28:47.617+0000] {processor.py:840} INFO - DAG(s) 'twitter_pipeline_2' retrieved from /opt/airflow/dags/dag2.py
[2026-02-12T23:28:47.631+0000] {logging_mixin.py:188} INFO - [2026-02-12T23:28:47.631+0000] {dag.py:3089} INFO - Sync 1 DAGs
[2026-02-12T23:28:47.656+0000] {logging_mixin.py:188} INFO - [2026-02-12T23:28:47.656+0000] {dag.py:3947} INFO - Setting next_dagrun for twitter_pipeline_2 to 2026-02-12 00:00:00+00:00, run_after=2026-02-13 00:00:00+00:00
[2026-02-12T23:28:47.671+0000] {processor.py:183} INFO - Processing /opt/airflow/dags/dag2.py took 0.156 seconds
[2026-02-12T23:29:17.847+0000] {processor.py:161} INFO - Started process (PID=179) to work on /opt/airflow/dags/dag2.py
[2026-02-12T23:29:17.848+0000] {processor.py:830} INFO - Processing file /opt/airflow/dags/dag2.py for tasks to queue
[2026-02-12T23:29:17.850+0000] {logging_mixin.py:188} INFO - [2026-02-12T23:29:17.849+0000] {dagbag.py:545} INFO - Filling up the DagBag from /opt/airflow/dags/dag2.py
[2026-02-12T23:29:17.873+0000] {processor.py:840} INFO - DAG(s) 'twitter_pipeline_2' retrieved from /opt/airflow/dags/dag2.py
[2026-02-12T23:29:18.033+0000] {logging_mixin.py:188} INFO - [2026-02-12T23:29:18.033+0000] {dag.py:3089} INFO - Sync 1 DAGs
[2026-02-12T23:29:18.047+0000] {logging_mixin.py:188} INFO - [2026-02-12T23:29:18.047+0000] {dag.py:3947} INFO - Setting next_dagrun for twitter_pipeline_2 to 2026-02-12 00:00:00+00:00, run_after=2026-02-13 00:00:00+00:00
[2026-02-12T23:29:18.060+0000] {processor.py:183} INFO - Processing /opt/airflow/dags/dag2.py took 0.220 seconds
[2026-02-12T23:29:48.366+0000] {processor.py:161} INFO - Started process (PID=189) to work on /opt/airflow/dags/dag2.py
[2026-02-12T23:29:48.367+0000] {processor.py:830} INFO - Processing file /opt/airflow/dags/dag2.py for tasks to queue
[2026-02-12T23:29:48.369+0000] {logging_mixin.py:188} INFO - [2026-02-12T23:29:48.369+0000] {dagbag.py:545} INFO - Filling up the DagBag from /opt/airflow/dags/dag2.py
[2026-02-12T23:29:48.389+0000] {processor.py:840} INFO - DAG(s) 'twitter_pipeline_2' retrieved from /opt/airflow/dags/dag2.py
[2026-02-12T23:29:48.477+0000] {logging_mixin.py:188} INFO - [2026-02-12T23:29:48.476+0000] {dag.py:3089} INFO - Sync 1 DAGs
[2026-02-12T23:29:48.484+0000] {logging_mixin.py:188} INFO - [2026-02-12T23:29:48.484+0000] {dag.py:3111} INFO - Creating ORM DAG for twitter_pipeline_2
[2026-02-12T23:29:48.492+0000] {logging_mixin.py:188} INFO - [2026-02-12T23:29:48.492+0000] {dag.py:3947} INFO - Setting next_dagrun for twitter_pipeline_2 to 2026-02-01 00:00:00+00:00, run_after=2026-02-02 00:00:00+00:00
[2026-02-12T23:29:48.505+0000] {processor.py:183} INFO - Processing /opt/airflow/dags/dag2.py took 0.146 seconds
[2026-02-12T23:30:18.867+0000] {processor.py:161} INFO - Started process (PID=520) to work on /opt/airflow/dags/dag2.py
[2026-02-12T23:30:18.868+0000] {processor.py:830} INFO - Processing file /opt/airflow/dags/dag2.py for tasks to queue
[2026-02-12T23:30:18.870+0000] {logging_mixin.py:188} INFO - [2026-02-12T23:30:18.869+0000] {dagbag.py:545} INFO - Filling up the DagBag from /opt/airflow/dags/dag2.py
[2026-02-12T23:30:18.884+0000] {processor.py:840} INFO - DAG(s) 'twitter_pipeline_2' retrieved from /opt/airflow/dags/dag2.py
[2026-02-12T23:30:18.904+0000] {logging_mixin.py:188} INFO - [2026-02-12T23:30:18.904+0000] {dag.py:3089} INFO - Sync 1 DAGs
[2026-02-12T23:30:18.919+0000] {logging_mixin.py:188} INFO - [2026-02-12T23:30:18.918+0000] {dag.py:3947} INFO - Setting next_dagrun for twitter_pipeline_2 to 2026-02-02 00:00:00+00:00, run_after=2026-02-03 00:00:00+00:00
[2026-02-12T23:30:18.931+0000] {processor.py:183} INFO - Processing /opt/airflow/dags/dag2.py took 0.070 seconds
[2026-02-12T23:30:49.258+0000] {processor.py:161} INFO - Started process (PID=1011) to work on /opt/airflow/dags/dag2.py
[2026-02-12T23:30:49.259+0000] {processor.py:830} INFO - Processing file /opt/airflow/dags/dag2.py for tasks to queue
[2026-02-12T23:30:49.261+0000] {logging_mixin.py:188} INFO - [2026-02-12T23:30:49.261+0000] {dagbag.py:545} INFO - Filling up the DagBag from /opt/airflow/dags/dag2.py
[2026-02-12T23:30:49.279+0000] {processor.py:840} INFO - DAG(s) 'twitter_pipeline_2' retrieved from /opt/airflow/dags/dag2.py
[2026-02-12T23:30:49.304+0000] {logging_mixin.py:188} INFO - [2026-02-12T23:30:49.303+0000] {dag.py:3089} INFO - Sync 1 DAGs
[2026-02-12T23:30:49.332+0000] {processor.py:183} INFO - Processing /opt/airflow/dags/dag2.py took 0.080 seconds
[2026-02-12T23:31:19.614+0000] {processor.py:161} INFO - Started process (PID=1583) to work on /opt/airflow/dags/dag2.py
[2026-02-12T23:31:19.615+0000] {processor.py:830} INFO - Processing file /opt/airflow/dags/dag2.py for tasks to queue
[2026-02-12T23:31:19.617+0000] {logging_mixin.py:188} INFO - [2026-02-12T23:31:19.617+0000] {dagbag.py:545} INFO - Filling up the DagBag from /opt/airflow/dags/dag2.py
[2026-02-12T23:31:19.638+0000] {processor.py:840} INFO - DAG(s) 'twitter_pipeline_2' retrieved from /opt/airflow/dags/dag2.py
[2026-02-12T23:31:19.662+0000] {logging_mixin.py:188} INFO - [2026-02-12T23:31:19.662+0000] {dag.py:3089} INFO - Sync 1 DAGs
[2026-02-12T23:31:19.690+0000] {processor.py:183} INFO - Processing /opt/airflow/dags/dag2.py took 0.083 seconds
[2026-02-12T23:31:50.052+0000] {processor.py:161} INFO - Started process (PID=2158) to work on /opt/airflow/dags/dag2.py
[2026-02-12T23:31:50.053+0000] {processor.py:830} INFO - Processing file /opt/airflow/dags/dag2.py for tasks to queue
[2026-02-12T23:31:50.054+0000] {logging_mixin.py:188} INFO - [2026-02-12T23:31:50.054+0000] {dagbag.py:545} INFO - Filling up the DagBag from /opt/airflow/dags/dag2.py
[2026-02-12T23:31:50.069+0000] {processor.py:840} INFO - DAG(s) 'twitter_pipeline_2' retrieved from /opt/airflow/dags/dag2.py
[2026-02-12T23:31:50.089+0000] {logging_mixin.py:188} INFO - [2026-02-12T23:31:50.089+0000] {dag.py:3089} INFO - Sync 1 DAGs
[2026-02-12T23:31:50.104+0000] {logging_mixin.py:188} INFO - [2026-02-12T23:31:50.103+0000] {dag.py:3947} INFO - Setting next_dagrun for twitter_pipeline_2 to 2026-02-12 00:00:00+00:00, run_after=2026-02-13 00:00:00+00:00
[2026-02-12T23:31:50.115+0000] {processor.py:183} INFO - Processing /opt/airflow/dags/dag2.py took 0.069 seconds
[2026-02-12T23:32:20.534+0000] {processor.py:161} INFO - Started process (PID=2168) to work on /opt/airflow/dags/dag2.py
[2026-02-12T23:32:20.536+0000] {processor.py:830} INFO - Processing file /opt/airflow/dags/dag2.py for tasks to queue
[2026-02-12T23:32:20.537+0000] {logging_mixin.py:188} INFO - [2026-02-12T23:32:20.537+0000] {dagbag.py:545} INFO - Filling up the DagBag from /opt/airflow/dags/dag2.py
[2026-02-12T23:32:20.555+0000] {processor.py:840} INFO - DAG(s) 'twitter_pipeline_2' retrieved from /opt/airflow/dags/dag2.py
[2026-02-12T23:32:20.577+0000] {logging_mixin.py:188} INFO - [2026-02-12T23:32:20.576+0000] {dag.py:3089} INFO - Sync 1 DAGs
[2026-02-12T23:32:20.594+0000] {logging_mixin.py:188} INFO - [2026-02-12T23:32:20.594+0000] {dag.py:3947} INFO - Setting next_dagrun for twitter_pipeline_2 to 2026-02-12 00:00:00+00:00, run_after=2026-02-13 00:00:00+00:00
[2026-02-12T23:32:20.606+0000] {processor.py:183} INFO - Processing /opt/airflow/dags/dag2.py took 0.077 seconds
[2026-02-12T23:32:51.013+0000] {processor.py:161} INFO - Started process (PID=2181) to work on /opt/airflow/dags/dag2.py
[2026-02-12T23:32:51.015+0000] {processor.py:830} INFO - Processing file /opt/airflow/dags/dag2.py for tasks to queue
[2026-02-12T23:32:51.017+0000] {logging_mixin.py:188} INFO - [2026-02-12T23:32:51.017+0000] {dagbag.py:545} INFO - Filling up the DagBag from /opt/airflow/dags/dag2.py
[2026-02-12T23:32:51.043+0000] {processor.py:840} INFO - DAG(s) 'twitter_pipeline_2' retrieved from /opt/airflow/dags/dag2.py
[2026-02-12T23:32:51.070+0000] {logging_mixin.py:188} INFO - [2026-02-12T23:32:51.070+0000] {dag.py:3089} INFO - Sync 1 DAGs
[2026-02-12T23:32:51.106+0000] {processor.py:183} INFO - Processing /opt/airflow/dags/dag2.py took 0.099 seconds
[2026-02-12T23:33:22.421+0000] {processor.py:161} INFO - Started process (PID=2509) to work on /opt/airflow/dags/dag2.py
[2026-02-12T23:33:22.422+0000] {processor.py:830} INFO - Processing file /opt/airflow/dags/dag2.py for tasks to queue
[2026-02-12T23:33:22.424+0000] {logging_mixin.py:188} INFO - [2026-02-12T23:33:22.424+0000] {dagbag.py:545} INFO - Filling up the DagBag from /opt/airflow/dags/dag2.py
[2026-02-12T23:33:22.442+0000] {processor.py:840} INFO - DAG(s) 'twitter_pipeline_2' retrieved from /opt/airflow/dags/dag2.py
[2026-02-12T23:33:22.463+0000] {logging_mixin.py:188} INFO - [2026-02-12T23:33:22.463+0000] {dag.py:3089} INFO - Sync 1 DAGs
[2026-02-12T23:33:22.478+0000] {logging_mixin.py:188} INFO - [2026-02-12T23:33:22.478+0000] {dag.py:3947} INFO - Setting next_dagrun for twitter_pipeline_2 to 2026-02-12 00:00:00+00:00, run_after=2026-02-13 00:00:00+00:00
[2026-02-12T23:33:22.490+0000] {processor.py:183} INFO - Processing /opt/airflow/dags/dag2.py took 0.076 seconds
[2026-02-12T23:33:55.876+0000] {processor.py:161} INFO - Started process (PID=2519) to work on /opt/airflow/dags/dag2.py
[2026-02-12T23:33:55.877+0000] {processor.py:830} INFO - Processing file /opt/airflow/dags/dag2.py for tasks to queue
[2026-02-12T23:33:55.879+0000] {logging_mixin.py:188} INFO - [2026-02-12T23:33:55.879+0000] {dagbag.py:545} INFO - Filling up the DagBag from /opt/airflow/dags/dag2.py
[2026-02-12T23:33:55.896+0000] {processor.py:840} INFO - DAG(s) 'twitter_pipeline_2' retrieved from /opt/airflow/dags/dag2.py
[2026-02-12T23:33:55.970+0000] {logging_mixin.py:188} INFO - [2026-02-12T23:33:55.970+0000] {dag.py:3089} INFO - Sync 1 DAGs
[2026-02-12T23:33:55.977+0000] {logging_mixin.py:188} INFO - [2026-02-12T23:33:55.977+0000] {dag.py:3111} INFO - Creating ORM DAG for twitter_pipeline_2
[2026-02-12T23:33:55.983+0000] {logging_mixin.py:188} INFO - [2026-02-12T23:33:55.983+0000] {dag.py:3947} INFO - Setting next_dagrun for twitter_pipeline_2 to 2026-02-01 00:00:00+00:00, run_after=2026-02-02 00:00:00+00:00
[2026-02-12T23:33:55.996+0000] {processor.py:183} INFO - Processing /opt/airflow/dags/dag2.py took 0.126 seconds
[2026-02-12T23:34:29.341+0000] {processor.py:161} INFO - Started process (PID=2532) to work on /opt/airflow/dags/dag2.py
[2026-02-12T23:34:29.343+0000] {processor.py:830} INFO - Processing file /opt/airflow/dags/dag2.py for tasks to queue
[2026-02-12T23:34:29.344+0000] {logging_mixin.py:188} INFO - [2026-02-12T23:34:29.344+0000] {dagbag.py:545} INFO - Filling up the DagBag from /opt/airflow/dags/dag2.py
[2026-02-12T23:34:29.363+0000] {processor.py:840} INFO - DAG(s) 'twitter_pipeline_2' retrieved from /opt/airflow/dags/dag2.py
[2026-02-12T23:34:29.388+0000] {logging_mixin.py:188} INFO - [2026-02-12T23:34:29.388+0000] {dag.py:3089} INFO - Sync 1 DAGs
[2026-02-12T23:34:29.416+0000] {processor.py:183} INFO - Processing /opt/airflow/dags/dag2.py took 0.081 seconds
[2026-02-12T23:35:02.786+0000] {processor.py:161} INFO - Started process (PID=3270) to work on /opt/airflow/dags/dag2.py
[2026-02-12T23:35:02.787+0000] {processor.py:830} INFO - Processing file /opt/airflow/dags/dag2.py for tasks to queue
[2026-02-12T23:35:02.789+0000] {logging_mixin.py:188} INFO - [2026-02-12T23:35:02.788+0000] {dagbag.py:545} INFO - Filling up the DagBag from /opt/airflow/dags/dag2.py
[2026-02-12T23:35:02.808+0000] {processor.py:840} INFO - DAG(s) 'twitter_pipeline_2' retrieved from /opt/airflow/dags/dag2.py
[2026-02-12T23:35:02.836+0000] {logging_mixin.py:188} INFO - [2026-02-12T23:35:02.835+0000] {dag.py:3089} INFO - Sync 1 DAGs
[2026-02-12T23:35:02.851+0000] {logging_mixin.py:188} INFO - [2026-02-12T23:35:02.851+0000] {dag.py:3947} INFO - Setting next_dagrun for twitter_pipeline_2 to 2026-02-02 00:00:00+00:00, run_after=2026-02-03 00:00:00+00:00
[2026-02-12T23:35:02.864+0000] {processor.py:183} INFO - Processing /opt/airflow/dags/dag2.py took 0.087 seconds
[2026-02-12T23:35:36.185+0000] {processor.py:161} INFO - Started process (PID=3514) to work on /opt/airflow/dags/dag2.py
[2026-02-12T23:35:36.186+0000] {processor.py:830} INFO - Processing file /opt/airflow/dags/dag2.py for tasks to queue
[2026-02-12T23:35:36.187+0000] {logging_mixin.py:188} INFO - [2026-02-12T23:35:36.187+0000] {dagbag.py:545} INFO - Filling up the DagBag from /opt/airflow/dags/dag2.py
[2026-02-12T23:35:36.204+0000] {processor.py:840} INFO - DAG(s) 'twitter_pipeline_2' retrieved from /opt/airflow/dags/dag2.py
[2026-02-12T23:35:36.224+0000] {logging_mixin.py:188} INFO - [2026-02-12T23:35:36.224+0000] {dag.py:3089} INFO - Sync 1 DAGs
[2026-02-12T23:35:36.249+0000] {processor.py:183} INFO - Processing /opt/airflow/dags/dag2.py took 0.071 seconds
[2026-02-12T23:36:06.595+0000] {processor.py:161} INFO - Started process (PID=3524) to work on /opt/airflow/dags/dag2.py
[2026-02-12T23:36:06.597+0000] {processor.py:830} INFO - Processing file /opt/airflow/dags/dag2.py for tasks to queue
[2026-02-12T23:36:06.598+0000] {logging_mixin.py:188} INFO - [2026-02-12T23:36:06.598+0000] {dagbag.py:545} INFO - Filling up the DagBag from /opt/airflow/dags/dag2.py
[2026-02-12T23:36:06.613+0000] {processor.py:840} INFO - DAG(s) 'twitter_pipeline_2' retrieved from /opt/airflow/dags/dag2.py
[2026-02-12T23:36:06.634+0000] {logging_mixin.py:188} INFO - [2026-02-12T23:36:06.634+0000] {dag.py:3089} INFO - Sync 1 DAGs
[2026-02-12T23:36:06.660+0000] {processor.py:183} INFO - Processing /opt/airflow/dags/dag2.py took 0.071 seconds
[2026-02-12T23:36:36.780+0000] {processor.py:161} INFO - Started process (PID=3534) to work on /opt/airflow/dags/dag2.py
[2026-02-12T23:36:36.781+0000] {processor.py:830} INFO - Processing file /opt/airflow/dags/dag2.py for tasks to queue
[2026-02-12T23:36:36.783+0000] {logging_mixin.py:188} INFO - [2026-02-12T23:36:36.783+0000] {dagbag.py:545} INFO - Filling up the DagBag from /opt/airflow/dags/dag2.py
[2026-02-12T23:36:36.801+0000] {processor.py:840} INFO - DAG(s) 'twitter_pipeline_2' retrieved from /opt/airflow/dags/dag2.py
[2026-02-12T23:36:36.825+0000] {logging_mixin.py:188} INFO - [2026-02-12T23:36:36.825+0000] {dag.py:3089} INFO - Sync 1 DAGs
[2026-02-12T23:36:36.854+0000] {processor.py:183} INFO - Processing /opt/airflow/dags/dag2.py took 0.080 seconds
[2026-02-12T23:37:07.259+0000] {processor.py:161} INFO - Started process (PID=3544) to work on /opt/airflow/dags/dag2.py
[2026-02-12T23:37:07.260+0000] {processor.py:830} INFO - Processing file /opt/airflow/dags/dag2.py for tasks to queue
[2026-02-12T23:37:07.262+0000] {logging_mixin.py:188} INFO - [2026-02-12T23:37:07.261+0000] {dagbag.py:545} INFO - Filling up the DagBag from /opt/airflow/dags/dag2.py
[2026-02-12T23:37:07.277+0000] {processor.py:840} INFO - DAG(s) 'twitter_pipeline_2' retrieved from /opt/airflow/dags/dag2.py
[2026-02-12T23:37:07.298+0000] {logging_mixin.py:188} INFO - [2026-02-12T23:37:07.298+0000] {dag.py:3089} INFO - Sync 1 DAGs
[2026-02-12T23:37:07.326+0000] {processor.py:183} INFO - Processing /opt/airflow/dags/dag2.py took 0.073 seconds
[2026-02-12T23:37:37.636+0000] {processor.py:161} INFO - Started process (PID=3554) to work on /opt/airflow/dags/dag2.py
[2026-02-12T23:37:37.637+0000] {processor.py:830} INFO - Processing file /opt/airflow/dags/dag2.py for tasks to queue
[2026-02-12T23:37:37.639+0000] {logging_mixin.py:188} INFO - [2026-02-12T23:37:37.639+0000] {dagbag.py:545} INFO - Filling up the DagBag from /opt/airflow/dags/dag2.py
[2026-02-12T23:37:37.654+0000] {processor.py:840} INFO - DAG(s) 'twitter_pipeline_2' retrieved from /opt/airflow/dags/dag2.py
[2026-02-12T23:37:37.676+0000] {logging_mixin.py:188} INFO - [2026-02-12T23:37:37.676+0000] {dag.py:3089} INFO - Sync 1 DAGs
[2026-02-12T23:37:37.704+0000] {processor.py:183} INFO - Processing /opt/airflow/dags/dag2.py took 0.073 seconds
[2026-02-12T23:38:08.031+0000] {processor.py:161} INFO - Started process (PID=3564) to work on /opt/airflow/dags/dag2.py
[2026-02-12T23:38:08.032+0000] {processor.py:830} INFO - Processing file /opt/airflow/dags/dag2.py for tasks to queue
[2026-02-12T23:38:08.034+0000] {logging_mixin.py:188} INFO - [2026-02-12T23:38:08.034+0000] {dagbag.py:545} INFO - Filling up the DagBag from /opt/airflow/dags/dag2.py
[2026-02-12T23:38:08.049+0000] {processor.py:840} INFO - DAG(s) 'twitter_pipeline_2' retrieved from /opt/airflow/dags/dag2.py
[2026-02-12T23:38:08.069+0000] {logging_mixin.py:188} INFO - [2026-02-12T23:38:08.069+0000] {dag.py:3089} INFO - Sync 1 DAGs
[2026-02-12T23:38:08.097+0000] {processor.py:183} INFO - Processing /opt/airflow/dags/dag2.py took 0.071 seconds
[2026-02-12T23:38:38.387+0000] {processor.py:161} INFO - Started process (PID=3574) to work on /opt/airflow/dags/dag2.py
[2026-02-12T23:38:38.389+0000] {processor.py:830} INFO - Processing file /opt/airflow/dags/dag2.py for tasks to queue
[2026-02-12T23:38:38.390+0000] {logging_mixin.py:188} INFO - [2026-02-12T23:38:38.390+0000] {dagbag.py:545} INFO - Filling up the DagBag from /opt/airflow/dags/dag2.py
[2026-02-12T23:38:38.406+0000] {processor.py:840} INFO - DAG(s) 'twitter_pipeline_2' retrieved from /opt/airflow/dags/dag2.py
[2026-02-12T23:38:38.428+0000] {logging_mixin.py:188} INFO - [2026-02-12T23:38:38.428+0000] {dag.py:3089} INFO - Sync 1 DAGs
[2026-02-12T23:38:38.457+0000] {processor.py:183} INFO - Processing /opt/airflow/dags/dag2.py took 0.075 seconds
[2026-02-12T23:39:08.808+0000] {processor.py:161} INFO - Started process (PID=3584) to work on /opt/airflow/dags/dag2.py
[2026-02-12T23:39:08.810+0000] {processor.py:830} INFO - Processing file /opt/airflow/dags/dag2.py for tasks to queue
[2026-02-12T23:39:08.811+0000] {logging_mixin.py:188} INFO - [2026-02-12T23:39:08.811+0000] {dagbag.py:545} INFO - Filling up the DagBag from /opt/airflow/dags/dag2.py
[2026-02-12T23:39:08.827+0000] {processor.py:840} INFO - DAG(s) 'twitter_pipeline_2' retrieved from /opt/airflow/dags/dag2.py
[2026-02-12T23:39:08.850+0000] {logging_mixin.py:188} INFO - [2026-02-12T23:39:08.850+0000] {dag.py:3089} INFO - Sync 1 DAGs
[2026-02-12T23:39:08.881+0000] {processor.py:183} INFO - Processing /opt/airflow/dags/dag2.py took 0.078 seconds
[2026-02-12T23:39:39.289+0000] {processor.py:161} INFO - Started process (PID=4018) to work on /opt/airflow/dags/dag2.py
[2026-02-12T23:39:39.291+0000] {processor.py:830} INFO - Processing file /opt/airflow/dags/dag2.py for tasks to queue
[2026-02-12T23:39:39.294+0000] {logging_mixin.py:188} INFO - [2026-02-12T23:39:39.294+0000] {dagbag.py:545} INFO - Filling up the DagBag from /opt/airflow/dags/dag2.py
[2026-02-12T23:39:39.325+0000] {processor.py:840} INFO - DAG(s) 'twitter_pipeline_2' retrieved from /opt/airflow/dags/dag2.py
[2026-02-12T23:39:39.360+0000] {logging_mixin.py:188} INFO - [2026-02-12T23:39:39.360+0000] {dag.py:3089} INFO - Sync 1 DAGs
[2026-02-12T23:39:39.405+0000] {processor.py:183} INFO - Processing /opt/airflow/dags/dag2.py took 0.127 seconds
[2026-02-12T23:40:09.764+0000] {processor.py:161} INFO - Started process (PID=4395) to work on /opt/airflow/dags/dag2.py
[2026-02-12T23:40:09.765+0000] {processor.py:830} INFO - Processing file /opt/airflow/dags/dag2.py for tasks to queue
[2026-02-12T23:40:09.766+0000] {logging_mixin.py:188} INFO - [2026-02-12T23:40:09.766+0000] {dagbag.py:545} INFO - Filling up the DagBag from /opt/airflow/dags/dag2.py
[2026-02-12T23:40:09.781+0000] {processor.py:840} INFO - DAG(s) 'twitter_pipeline_2' retrieved from /opt/airflow/dags/dag2.py
[2026-02-12T23:40:09.801+0000] {logging_mixin.py:188} INFO - [2026-02-12T23:40:09.801+0000] {dag.py:3089} INFO - Sync 1 DAGs
[2026-02-12T23:40:09.819+0000] {logging_mixin.py:188} INFO - [2026-02-12T23:40:09.818+0000] {dag.py:3947} INFO - Setting next_dagrun for twitter_pipeline_2 to 2026-02-03 00:00:00+00:00, run_after=2026-02-04 00:00:00+00:00
[2026-02-12T23:40:09.831+0000] {processor.py:183} INFO - Processing /opt/airflow/dags/dag2.py took 0.072 seconds
[2026-02-12T23:40:40.093+0000] {processor.py:161} INFO - Started process (PID=5210) to work on /opt/airflow/dags/dag2.py
[2026-02-12T23:40:40.094+0000] {processor.py:830} INFO - Processing file /opt/airflow/dags/dag2.py for tasks to queue
[2026-02-12T23:40:40.096+0000] {logging_mixin.py:188} INFO - [2026-02-12T23:40:40.096+0000] {dagbag.py:545} INFO - Filling up the DagBag from /opt/airflow/dags/dag2.py
[2026-02-12T23:40:40.116+0000] {processor.py:840} INFO - DAG(s) 'twitter_pipeline_2' retrieved from /opt/airflow/dags/dag2.py
[2026-02-12T23:40:40.138+0000] {logging_mixin.py:188} INFO - [2026-02-12T23:40:40.138+0000] {dag.py:3089} INFO - Sync 1 DAGs
[2026-02-12T23:40:40.165+0000] {processor.py:183} INFO - Processing /opt/airflow/dags/dag2.py took 0.078 seconds
[2026-02-12T23:41:10.549+0000] {processor.py:161} INFO - Started process (PID=5912) to work on /opt/airflow/dags/dag2.py
[2026-02-12T23:41:10.550+0000] {processor.py:830} INFO - Processing file /opt/airflow/dags/dag2.py for tasks to queue
[2026-02-12T23:41:10.552+0000] {logging_mixin.py:188} INFO - [2026-02-12T23:41:10.552+0000] {dagbag.py:545} INFO - Filling up the DagBag from /opt/airflow/dags/dag2.py
[2026-02-12T23:41:10.568+0000] {processor.py:840} INFO - DAG(s) 'twitter_pipeline_2' retrieved from /opt/airflow/dags/dag2.py
[2026-02-12T23:41:10.588+0000] {logging_mixin.py:188} INFO - [2026-02-12T23:41:10.588+0000] {dag.py:3089} INFO - Sync 1 DAGs
[2026-02-12T23:41:10.613+0000] {processor.py:183} INFO - Processing /opt/airflow/dags/dag2.py took 0.069 seconds
[2026-02-12T23:41:41.941+0000] {processor.py:161} INFO - Started process (PID=6796) to work on /opt/airflow/dags/dag2.py
[2026-02-12T23:41:41.943+0000] {processor.py:830} INFO - Processing file /opt/airflow/dags/dag2.py for tasks to queue
[2026-02-12T23:41:41.945+0000] {logging_mixin.py:188} INFO - [2026-02-12T23:41:41.945+0000] {dagbag.py:545} INFO - Filling up the DagBag from /opt/airflow/dags/dag2.py
[2026-02-12T23:41:41.965+0000] {processor.py:840} INFO - DAG(s) 'twitter_pipeline_2' retrieved from /opt/airflow/dags/dag2.py
[2026-02-12T23:41:41.989+0000] {logging_mixin.py:188} INFO - [2026-02-12T23:41:41.989+0000] {dag.py:3089} INFO - Sync 1 DAGs
[2026-02-12T23:41:42.020+0000] {processor.py:183} INFO - Processing /opt/airflow/dags/dag2.py took 0.086 seconds
[2026-02-12T23:42:15.390+0000] {processor.py:161} INFO - Started process (PID=7688) to work on /opt/airflow/dags/dag2.py
[2026-02-12T23:42:15.391+0000] {processor.py:830} INFO - Processing file /opt/airflow/dags/dag2.py for tasks to queue
[2026-02-12T23:42:15.393+0000] {logging_mixin.py:188} INFO - [2026-02-12T23:42:15.392+0000] {dagbag.py:545} INFO - Filling up the DagBag from /opt/airflow/dags/dag2.py
[2026-02-12T23:42:15.408+0000] {processor.py:840} INFO - DAG(s) 'twitter_pipeline_2' retrieved from /opt/airflow/dags/dag2.py
[2026-02-12T23:42:15.428+0000] {logging_mixin.py:188} INFO - [2026-02-12T23:42:15.428+0000] {dag.py:3089} INFO - Sync 1 DAGs
[2026-02-12T23:42:15.452+0000] {processor.py:183} INFO - Processing /opt/airflow/dags/dag2.py took 0.068 seconds
[2026-02-12T23:42:48.760+0000] {processor.py:161} INFO - Started process (PID=8569) to work on /opt/airflow/dags/dag2.py
[2026-02-12T23:42:48.761+0000] {processor.py:830} INFO - Processing file /opt/airflow/dags/dag2.py for tasks to queue
[2026-02-12T23:42:48.763+0000] {logging_mixin.py:188} INFO - [2026-02-12T23:42:48.762+0000] {dagbag.py:545} INFO - Filling up the DagBag from /opt/airflow/dags/dag2.py
[2026-02-12T23:42:48.779+0000] {processor.py:840} INFO - DAG(s) 'twitter_pipeline_2' retrieved from /opt/airflow/dags/dag2.py
[2026-02-12T23:42:48.804+0000] {logging_mixin.py:188} INFO - [2026-02-12T23:42:48.804+0000] {dag.py:3089} INFO - Sync 1 DAGs
[2026-02-12T23:42:48.835+0000] {processor.py:183} INFO - Processing /opt/airflow/dags/dag2.py took 0.080 seconds
[2026-02-12T23:43:19.164+0000] {processor.py:161} INFO - Started process (PID=8964) to work on /opt/airflow/dags/dag2.py
[2026-02-12T23:43:19.166+0000] {processor.py:830} INFO - Processing file /opt/airflow/dags/dag2.py for tasks to queue
[2026-02-12T23:43:19.167+0000] {logging_mixin.py:188} INFO - [2026-02-12T23:43:19.167+0000] {dagbag.py:545} INFO - Filling up the DagBag from /opt/airflow/dags/dag2.py
[2026-02-12T23:43:19.182+0000] {processor.py:840} INFO - DAG(s) 'twitter_pipeline_2' retrieved from /opt/airflow/dags/dag2.py
[2026-02-12T23:43:19.205+0000] {logging_mixin.py:188} INFO - [2026-02-12T23:43:19.204+0000] {dag.py:3089} INFO - Sync 1 DAGs
[2026-02-12T23:43:19.219+0000] {logging_mixin.py:188} INFO - [2026-02-12T23:43:19.219+0000] {dag.py:3947} INFO - Setting next_dagrun for twitter_pipeline_2 to 2026-02-12 00:00:00+00:00, run_after=2026-02-13 00:00:00+00:00
[2026-02-12T23:43:19.231+0000] {processor.py:183} INFO - Processing /opt/airflow/dags/dag2.py took 0.072 seconds
[2026-02-12T23:43:49.363+0000] {processor.py:161} INFO - Started process (PID=8974) to work on /opt/airflow/dags/dag2.py
[2026-02-12T23:43:49.364+0000] {processor.py:830} INFO - Processing file /opt/airflow/dags/dag2.py for tasks to queue
[2026-02-12T23:43:49.366+0000] {logging_mixin.py:188} INFO - [2026-02-12T23:43:49.365+0000] {dagbag.py:545} INFO - Filling up the DagBag from /opt/airflow/dags/dag2.py
[2026-02-12T23:43:49.381+0000] {processor.py:840} INFO - DAG(s) 'twitter_pipeline_2' retrieved from /opt/airflow/dags/dag2.py
[2026-02-12T23:43:49.402+0000] {logging_mixin.py:188} INFO - [2026-02-12T23:43:49.401+0000] {dag.py:3089} INFO - Sync 1 DAGs
[2026-02-12T23:43:49.415+0000] {logging_mixin.py:188} INFO - [2026-02-12T23:43:49.415+0000] {dag.py:3947} INFO - Setting next_dagrun for twitter_pipeline_2 to 2026-02-12 00:00:00+00:00, run_after=2026-02-13 00:00:00+00:00
[2026-02-12T23:43:49.428+0000] {processor.py:183} INFO - Processing /opt/airflow/dags/dag2.py took 0.070 seconds
[2026-02-12T23:44:19.792+0000] {processor.py:161} INFO - Started process (PID=8984) to work on /opt/airflow/dags/dag2.py
[2026-02-12T23:44:19.793+0000] {processor.py:830} INFO - Processing file /opt/airflow/dags/dag2.py for tasks to queue
[2026-02-12T23:44:19.794+0000] {logging_mixin.py:188} INFO - [2026-02-12T23:44:19.794+0000] {dagbag.py:545} INFO - Filling up the DagBag from /opt/airflow/dags/dag2.py
[2026-02-12T23:44:19.810+0000] {processor.py:840} INFO - DAG(s) 'twitter_pipeline_2' retrieved from /opt/airflow/dags/dag2.py
[2026-02-12T23:44:19.830+0000] {logging_mixin.py:188} INFO - [2026-02-12T23:44:19.830+0000] {dag.py:3089} INFO - Sync 1 DAGs
[2026-02-12T23:44:19.844+0000] {logging_mixin.py:188} INFO - [2026-02-12T23:44:19.844+0000] {dag.py:3947} INFO - Setting next_dagrun for twitter_pipeline_2 to 2026-02-12 00:00:00+00:00, run_after=2026-02-13 00:00:00+00:00
[2026-02-12T23:44:19.856+0000] {processor.py:183} INFO - Processing /opt/airflow/dags/dag2.py took 0.070 seconds
[2026-02-12T23:44:50.170+0000] {processor.py:161} INFO - Started process (PID=8994) to work on /opt/airflow/dags/dag2.py
[2026-02-12T23:44:50.180+0000] {processor.py:830} INFO - Processing file /opt/airflow/dags/dag2.py for tasks to queue
[2026-02-12T23:44:50.182+0000] {logging_mixin.py:188} INFO - [2026-02-12T23:44:50.181+0000] {dagbag.py:545} INFO - Filling up the DagBag from /opt/airflow/dags/dag2.py
[2026-02-12T23:44:50.200+0000] {processor.py:840} INFO - DAG(s) 'twitter_pipeline_2' retrieved from /opt/airflow/dags/dag2.py
[2026-02-12T23:44:50.224+0000] {logging_mixin.py:188} INFO - [2026-02-12T23:44:50.223+0000] {dag.py:3089} INFO - Sync 1 DAGs
[2026-02-12T23:44:50.238+0000] {logging_mixin.py:188} INFO - [2026-02-12T23:44:50.238+0000] {dag.py:3947} INFO - Setting next_dagrun for twitter_pipeline_2 to 2026-02-12 00:00:00+00:00, run_after=2026-02-13 00:00:00+00:00
[2026-02-12T23:44:50.252+0000] {processor.py:183} INFO - Processing /opt/airflow/dags/dag2.py took 0.087 seconds
[2026-02-12T23:45:20.568+0000] {processor.py:161} INFO - Started process (PID=9004) to work on /opt/airflow/dags/dag2.py
[2026-02-12T23:45:20.569+0000] {processor.py:830} INFO - Processing file /opt/airflow/dags/dag2.py for tasks to queue
[2026-02-12T23:45:20.571+0000] {logging_mixin.py:188} INFO - [2026-02-12T23:45:20.570+0000] {dagbag.py:545} INFO - Filling up the DagBag from /opt/airflow/dags/dag2.py
[2026-02-12T23:45:20.586+0000] {processor.py:840} INFO - DAG(s) 'twitter_pipeline_2' retrieved from /opt/airflow/dags/dag2.py
[2026-02-12T23:45:20.607+0000] {logging_mixin.py:188} INFO - [2026-02-12T23:45:20.607+0000] {dag.py:3089} INFO - Sync 1 DAGs
[2026-02-12T23:45:20.625+0000] {logging_mixin.py:188} INFO - [2026-02-12T23:45:20.625+0000] {dag.py:3947} INFO - Setting next_dagrun for twitter_pipeline_2 to 2026-02-12 00:00:00+00:00, run_after=2026-02-13 00:00:00+00:00
[2026-02-12T23:45:20.639+0000] {processor.py:183} INFO - Processing /opt/airflow/dags/dag2.py took 0.076 seconds
[2026-02-12T23:45:51.082+0000] {processor.py:161} INFO - Started process (PID=9014) to work on /opt/airflow/dags/dag2.py
[2026-02-12T23:45:51.084+0000] {processor.py:830} INFO - Processing file /opt/airflow/dags/dag2.py for tasks to queue
[2026-02-12T23:45:51.085+0000] {logging_mixin.py:188} INFO - [2026-02-12T23:45:51.085+0000] {dagbag.py:545} INFO - Filling up the DagBag from /opt/airflow/dags/dag2.py
[2026-02-12T23:45:51.101+0000] {processor.py:840} INFO - DAG(s) 'twitter_pipeline_2' retrieved from /opt/airflow/dags/dag2.py
[2026-02-12T23:45:51.121+0000] {logging_mixin.py:188} INFO - [2026-02-12T23:45:51.121+0000] {dag.py:3089} INFO - Sync 1 DAGs
[2026-02-12T23:45:51.137+0000] {logging_mixin.py:188} INFO - [2026-02-12T23:45:51.137+0000] {dag.py:3947} INFO - Setting next_dagrun for twitter_pipeline_2 to 2026-02-12 00:00:00+00:00, run_after=2026-02-13 00:00:00+00:00
[2026-02-12T23:45:51.150+0000] {processor.py:183} INFO - Processing /opt/airflow/dags/dag2.py took 0.073 seconds
[2026-02-12T23:46:21.433+0000] {processor.py:161} INFO - Started process (PID=9024) to work on /opt/airflow/dags/dag2.py
[2026-02-12T23:46:21.434+0000] {processor.py:830} INFO - Processing file /opt/airflow/dags/dag2.py for tasks to queue
[2026-02-12T23:46:21.436+0000] {logging_mixin.py:188} INFO - [2026-02-12T23:46:21.436+0000] {dagbag.py:545} INFO - Filling up the DagBag from /opt/airflow/dags/dag2.py
[2026-02-12T23:46:21.451+0000] {processor.py:840} INFO - DAG(s) 'twitter_pipeline_2' retrieved from /opt/airflow/dags/dag2.py
[2026-02-12T23:46:21.471+0000] {logging_mixin.py:188} INFO - [2026-02-12T23:46:21.471+0000] {dag.py:3089} INFO - Sync 1 DAGs
[2026-02-12T23:46:21.487+0000] {logging_mixin.py:188} INFO - [2026-02-12T23:46:21.486+0000] {dag.py:3947} INFO - Setting next_dagrun for twitter_pipeline_2 to 2026-02-12 00:00:00+00:00, run_after=2026-02-13 00:00:00+00:00
[2026-02-12T23:46:21.500+0000] {processor.py:183} INFO - Processing /opt/airflow/dags/dag2.py took 0.072 seconds
[2026-02-12T23:46:51.900+0000] {processor.py:161} INFO - Started process (PID=9034) to work on /opt/airflow/dags/dag2.py
[2026-02-12T23:46:51.901+0000] {processor.py:830} INFO - Processing file /opt/airflow/dags/dag2.py for tasks to queue
[2026-02-12T23:46:51.903+0000] {logging_mixin.py:188} INFO - [2026-02-12T23:46:51.902+0000] {dagbag.py:545} INFO - Filling up the DagBag from /opt/airflow/dags/dag2.py
[2026-02-12T23:46:51.918+0000] {processor.py:840} INFO - DAG(s) 'twitter_pipeline_2' retrieved from /opt/airflow/dags/dag2.py
[2026-02-12T23:46:51.939+0000] {logging_mixin.py:188} INFO - [2026-02-12T23:46:51.939+0000] {dag.py:3089} INFO - Sync 1 DAGs
[2026-02-12T23:46:51.955+0000] {logging_mixin.py:188} INFO - [2026-02-12T23:46:51.955+0000] {dag.py:3947} INFO - Setting next_dagrun for twitter_pipeline_2 to 2026-02-12 00:00:00+00:00, run_after=2026-02-13 00:00:00+00:00
[2026-02-12T23:46:51.997+0000] {processor.py:183} INFO - Processing /opt/airflow/dags/dag2.py took 0.103 seconds
[2026-02-12T23:47:22.404+0000] {processor.py:161} INFO - Started process (PID=9044) to work on /opt/airflow/dags/dag2.py
[2026-02-12T23:47:22.405+0000] {processor.py:830} INFO - Processing file /opt/airflow/dags/dag2.py for tasks to queue
[2026-02-12T23:47:22.406+0000] {logging_mixin.py:188} INFO - [2026-02-12T23:47:22.406+0000] {dagbag.py:545} INFO - Filling up the DagBag from /opt/airflow/dags/dag2.py
[2026-02-12T23:47:22.421+0000] {processor.py:840} INFO - DAG(s) 'twitter_pipeline_2' retrieved from /opt/airflow/dags/dag2.py
[2026-02-12T23:47:22.442+0000] {logging_mixin.py:188} INFO - [2026-02-12T23:47:22.441+0000] {dag.py:3089} INFO - Sync 1 DAGs
[2026-02-12T23:47:22.458+0000] {logging_mixin.py:188} INFO - [2026-02-12T23:47:22.457+0000] {dag.py:3947} INFO - Setting next_dagrun for twitter_pipeline_2 to 2026-02-12 00:00:00+00:00, run_after=2026-02-13 00:00:00+00:00
[2026-02-12T23:47:22.470+0000] {processor.py:183} INFO - Processing /opt/airflow/dags/dag2.py took 0.072 seconds
[2026-02-12T23:47:52.777+0000] {processor.py:161} INFO - Started process (PID=9054) to work on /opt/airflow/dags/dag2.py
[2026-02-12T23:47:52.778+0000] {processor.py:830} INFO - Processing file /opt/airflow/dags/dag2.py for tasks to queue
[2026-02-12T23:47:52.779+0000] {logging_mixin.py:188} INFO - [2026-02-12T23:47:52.779+0000] {dagbag.py:545} INFO - Filling up the DagBag from /opt/airflow/dags/dag2.py
[2026-02-12T23:47:52.795+0000] {processor.py:840} INFO - DAG(s) 'twitter_pipeline_2' retrieved from /opt/airflow/dags/dag2.py
[2026-02-12T23:47:52.817+0000] {logging_mixin.py:188} INFO - [2026-02-12T23:47:52.817+0000] {dag.py:3089} INFO - Sync 1 DAGs
[2026-02-12T23:47:52.831+0000] {logging_mixin.py:188} INFO - [2026-02-12T23:47:52.831+0000] {dag.py:3947} INFO - Setting next_dagrun for twitter_pipeline_2 to 2026-02-12 00:00:00+00:00, run_after=2026-02-13 00:00:00+00:00
[2026-02-12T23:47:52.874+0000] {processor.py:183} INFO - Processing /opt/airflow/dags/dag2.py took 0.103 seconds
[2026-02-12T23:48:23.152+0000] {processor.py:161} INFO - Started process (PID=9064) to work on /opt/airflow/dags/dag2.py
[2026-02-12T23:48:23.154+0000] {processor.py:830} INFO - Processing file /opt/airflow/dags/dag2.py for tasks to queue
[2026-02-12T23:48:23.155+0000] {logging_mixin.py:188} INFO - [2026-02-12T23:48:23.155+0000] {dagbag.py:545} INFO - Filling up the DagBag from /opt/airflow/dags/dag2.py
[2026-02-12T23:48:23.171+0000] {processor.py:840} INFO - DAG(s) 'twitter_pipeline_2' retrieved from /opt/airflow/dags/dag2.py
[2026-02-12T23:48:23.191+0000] {logging_mixin.py:188} INFO - [2026-02-12T23:48:23.191+0000] {dag.py:3089} INFO - Sync 1 DAGs
[2026-02-12T23:48:23.208+0000] {logging_mixin.py:188} INFO - [2026-02-12T23:48:23.208+0000] {dag.py:3947} INFO - Setting next_dagrun for twitter_pipeline_2 to 2026-02-12 00:00:00+00:00, run_after=2026-02-13 00:00:00+00:00
[2026-02-12T23:48:23.221+0000] {processor.py:183} INFO - Processing /opt/airflow/dags/dag2.py took 0.074 seconds
[2026-02-12T23:48:54.609+0000] {processor.py:161} INFO - Started process (PID=9074) to work on /opt/airflow/dags/dag2.py
[2026-02-12T23:48:54.610+0000] {processor.py:830} INFO - Processing file /opt/airflow/dags/dag2.py for tasks to queue
[2026-02-12T23:48:54.611+0000] {logging_mixin.py:188} INFO - [2026-02-12T23:48:54.611+0000] {dagbag.py:545} INFO - Filling up the DagBag from /opt/airflow/dags/dag2.py
[2026-02-12T23:48:54.626+0000] {processor.py:840} INFO - DAG(s) 'twitter_pipeline_2' retrieved from /opt/airflow/dags/dag2.py
[2026-02-12T23:48:54.647+0000] {logging_mixin.py:188} INFO - [2026-02-12T23:48:54.647+0000] {dag.py:3089} INFO - Sync 1 DAGs
[2026-02-12T23:48:54.663+0000] {logging_mixin.py:188} INFO - [2026-02-12T23:48:54.663+0000] {dag.py:3947} INFO - Setting next_dagrun for twitter_pipeline_2 to 2026-02-12 00:00:00+00:00, run_after=2026-02-13 00:00:00+00:00
[2026-02-12T23:48:54.677+0000] {processor.py:183} INFO - Processing /opt/airflow/dags/dag2.py took 0.075 seconds
[2026-02-12T23:49:28.067+0000] {processor.py:161} INFO - Started process (PID=9084) to work on /opt/airflow/dags/dag2.py
[2026-02-12T23:49:28.069+0000] {processor.py:830} INFO - Processing file /opt/airflow/dags/dag2.py for tasks to queue
[2026-02-12T23:49:28.070+0000] {logging_mixin.py:188} INFO - [2026-02-12T23:49:28.070+0000] {dagbag.py:545} INFO - Filling up the DagBag from /opt/airflow/dags/dag2.py
[2026-02-12T23:49:28.085+0000] {processor.py:840} INFO - DAG(s) 'twitter_pipeline_2' retrieved from /opt/airflow/dags/dag2.py
[2026-02-12T23:49:28.107+0000] {logging_mixin.py:188} INFO - [2026-02-12T23:49:28.106+0000] {dag.py:3089} INFO - Sync 1 DAGs
[2026-02-12T23:49:28.122+0000] {logging_mixin.py:188} INFO - [2026-02-12T23:49:28.122+0000] {dag.py:3947} INFO - Setting next_dagrun for twitter_pipeline_2 to 2026-02-12 00:00:00+00:00, run_after=2026-02-13 00:00:00+00:00
[2026-02-12T23:49:28.135+0000] {processor.py:183} INFO - Processing /opt/airflow/dags/dag2.py took 0.073 seconds
[2026-02-12T23:50:01.522+0000] {processor.py:161} INFO - Started process (PID=9094) to work on /opt/airflow/dags/dag2.py
[2026-02-12T23:50:01.523+0000] {processor.py:830} INFO - Processing file /opt/airflow/dags/dag2.py for tasks to queue
[2026-02-12T23:50:01.524+0000] {logging_mixin.py:188} INFO - [2026-02-12T23:50:01.524+0000] {dagbag.py:545} INFO - Filling up the DagBag from /opt/airflow/dags/dag2.py
[2026-02-12T23:50:01.540+0000] {processor.py:840} INFO - DAG(s) 'twitter_pipeline_2' retrieved from /opt/airflow/dags/dag2.py
[2026-02-12T23:50:01.561+0000] {logging_mixin.py:188} INFO - [2026-02-12T23:50:01.561+0000] {dag.py:3089} INFO - Sync 1 DAGs
[2026-02-12T23:50:01.577+0000] {logging_mixin.py:188} INFO - [2026-02-12T23:50:01.577+0000] {dag.py:3947} INFO - Setting next_dagrun for twitter_pipeline_2 to 2026-02-12 00:00:00+00:00, run_after=2026-02-13 00:00:00+00:00
[2026-02-12T23:50:01.591+0000] {processor.py:183} INFO - Processing /opt/airflow/dags/dag2.py took 0.074 seconds
[2026-02-12T23:50:34.984+0000] {processor.py:161} INFO - Started process (PID=9104) to work on /opt/airflow/dags/dag2.py
[2026-02-12T23:50:34.985+0000] {processor.py:830} INFO - Processing file /opt/airflow/dags/dag2.py for tasks to queue
[2026-02-12T23:50:34.986+0000] {logging_mixin.py:188} INFO - [2026-02-12T23:50:34.986+0000] {dagbag.py:545} INFO - Filling up the DagBag from /opt/airflow/dags/dag2.py
[2026-02-12T23:50:35.001+0000] {processor.py:840} INFO - DAG(s) 'twitter_pipeline_2' retrieved from /opt/airflow/dags/dag2.py
[2026-02-12T23:50:35.022+0000] {logging_mixin.py:188} INFO - [2026-02-12T23:50:35.021+0000] {dag.py:3089} INFO - Sync 1 DAGs
[2026-02-12T23:50:35.036+0000] {logging_mixin.py:188} INFO - [2026-02-12T23:50:35.035+0000] {dag.py:3947} INFO - Setting next_dagrun for twitter_pipeline_2 to 2026-02-12 00:00:00+00:00, run_after=2026-02-13 00:00:00+00:00
[2026-02-12T23:50:35.049+0000] {processor.py:183} INFO - Processing /opt/airflow/dags/dag2.py took 0.070 seconds
[2026-02-12T23:51:05.277+0000] {processor.py:161} INFO - Started process (PID=9114) to work on /opt/airflow/dags/dag2.py
[2026-02-12T23:51:05.279+0000] {processor.py:830} INFO - Processing file /opt/airflow/dags/dag2.py for tasks to queue
[2026-02-12T23:51:05.280+0000] {logging_mixin.py:188} INFO - [2026-02-12T23:51:05.280+0000] {dagbag.py:545} INFO - Filling up the DagBag from /opt/airflow/dags/dag2.py
[2026-02-12T23:51:05.297+0000] {processor.py:840} INFO - DAG(s) 'twitter_pipeline_2' retrieved from /opt/airflow/dags/dag2.py
[2026-02-12T23:51:05.317+0000] {logging_mixin.py:188} INFO - [2026-02-12T23:51:05.317+0000] {dag.py:3089} INFO - Sync 1 DAGs
[2026-02-12T23:51:05.333+0000] {logging_mixin.py:188} INFO - [2026-02-12T23:51:05.333+0000] {dag.py:3947} INFO - Setting next_dagrun for twitter_pipeline_2 to 2026-02-12 00:00:00+00:00, run_after=2026-02-13 00:00:00+00:00
[2026-02-12T23:51:05.346+0000] {processor.py:183} INFO - Processing /opt/airflow/dags/dag2.py took 0.073 seconds
[2026-02-12T23:51:35.517+0000] {processor.py:161} INFO - Started process (PID=9124) to work on /opt/airflow/dags/dag2.py
[2026-02-12T23:51:35.519+0000] {processor.py:830} INFO - Processing file /opt/airflow/dags/dag2.py for tasks to queue
[2026-02-12T23:51:35.520+0000] {logging_mixin.py:188} INFO - [2026-02-12T23:51:35.520+0000] {dagbag.py:545} INFO - Filling up the DagBag from /opt/airflow/dags/dag2.py
[2026-02-12T23:51:35.536+0000] {processor.py:840} INFO - DAG(s) 'twitter_pipeline_2' retrieved from /opt/airflow/dags/dag2.py
[2026-02-12T23:51:35.556+0000] {logging_mixin.py:188} INFO - [2026-02-12T23:51:35.556+0000] {dag.py:3089} INFO - Sync 1 DAGs
[2026-02-12T23:51:35.574+0000] {logging_mixin.py:188} INFO - [2026-02-12T23:51:35.574+0000] {dag.py:3947} INFO - Setting next_dagrun for twitter_pipeline_2 to 2026-02-12 00:00:00+00:00, run_after=2026-02-13 00:00:00+00:00
[2026-02-12T23:51:35.588+0000] {processor.py:183} INFO - Processing /opt/airflow/dags/dag2.py took 0.076 seconds
[2026-02-12T23:52:05.944+0000] {processor.py:161} INFO - Started process (PID=9134) to work on /opt/airflow/dags/dag2.py
[2026-02-12T23:52:05.946+0000] {processor.py:830} INFO - Processing file /opt/airflow/dags/dag2.py for tasks to queue
[2026-02-12T23:52:05.947+0000] {logging_mixin.py:188} INFO - [2026-02-12T23:52:05.947+0000] {dagbag.py:545} INFO - Filling up the DagBag from /opt/airflow/dags/dag2.py
[2026-02-12T23:52:05.963+0000] {processor.py:840} INFO - DAG(s) 'twitter_pipeline_2' retrieved from /opt/airflow/dags/dag2.py
[2026-02-12T23:52:05.983+0000] {logging_mixin.py:188} INFO - [2026-02-12T23:52:05.983+0000] {dag.py:3089} INFO - Sync 1 DAGs
[2026-02-12T23:52:05.999+0000] {logging_mixin.py:188} INFO - [2026-02-12T23:52:05.999+0000] {dag.py:3947} INFO - Setting next_dagrun for twitter_pipeline_2 to 2026-02-12 00:00:00+00:00, run_after=2026-02-13 00:00:00+00:00
[2026-02-12T23:52:06.012+0000] {processor.py:183} INFO - Processing /opt/airflow/dags/dag2.py took 0.072 seconds
[2026-02-12T23:52:36.326+0000] {processor.py:161} INFO - Started process (PID=9144) to work on /opt/airflow/dags/dag2.py
[2026-02-12T23:52:36.328+0000] {processor.py:830} INFO - Processing file /opt/airflow/dags/dag2.py for tasks to queue
[2026-02-12T23:52:36.329+0000] {logging_mixin.py:188} INFO - [2026-02-12T23:52:36.329+0000] {dagbag.py:545} INFO - Filling up the DagBag from /opt/airflow/dags/dag2.py
[2026-02-12T23:52:36.344+0000] {processor.py:840} INFO - DAG(s) 'twitter_pipeline_2' retrieved from /opt/airflow/dags/dag2.py
[2026-02-12T23:52:36.365+0000] {logging_mixin.py:188} INFO - [2026-02-12T23:52:36.364+0000] {dag.py:3089} INFO - Sync 1 DAGs
[2026-02-12T23:52:36.382+0000] {logging_mixin.py:188} INFO - [2026-02-12T23:52:36.382+0000] {dag.py:3947} INFO - Setting next_dagrun for twitter_pipeline_2 to 2026-02-12 00:00:00+00:00, run_after=2026-02-13 00:00:00+00:00
[2026-02-12T23:52:36.394+0000] {processor.py:183} INFO - Processing /opt/airflow/dags/dag2.py took 0.073 seconds
[2026-02-12T23:53:06.608+0000] {processor.py:161} INFO - Started process (PID=9154) to work on /opt/airflow/dags/dag2.py
[2026-02-12T23:53:06.609+0000] {processor.py:830} INFO - Processing file /opt/airflow/dags/dag2.py for tasks to queue
[2026-02-12T23:53:06.610+0000] {logging_mixin.py:188} INFO - [2026-02-12T23:53:06.610+0000] {dagbag.py:545} INFO - Filling up the DagBag from /opt/airflow/dags/dag2.py
[2026-02-12T23:53:06.626+0000] {processor.py:840} INFO - DAG(s) 'twitter_pipeline_2' retrieved from /opt/airflow/dags/dag2.py
[2026-02-12T23:53:06.646+0000] {logging_mixin.py:188} INFO - [2026-02-12T23:53:06.646+0000] {dag.py:3089} INFO - Sync 1 DAGs
[2026-02-12T23:53:06.662+0000] {logging_mixin.py:188} INFO - [2026-02-12T23:53:06.662+0000] {dag.py:3947} INFO - Setting next_dagrun for twitter_pipeline_2 to 2026-02-12 00:00:00+00:00, run_after=2026-02-13 00:00:00+00:00
[2026-02-12T23:53:06.675+0000] {processor.py:183} INFO - Processing /opt/airflow/dags/dag2.py took 0.073 seconds
[2026-02-12T23:53:37.073+0000] {processor.py:161} INFO - Started process (PID=9164) to work on /opt/airflow/dags/dag2.py
[2026-02-12T23:53:37.074+0000] {processor.py:830} INFO - Processing file /opt/airflow/dags/dag2.py for tasks to queue
[2026-02-12T23:53:37.076+0000] {logging_mixin.py:188} INFO - [2026-02-12T23:53:37.075+0000] {dagbag.py:545} INFO - Filling up the DagBag from /opt/airflow/dags/dag2.py
[2026-02-12T23:53:37.091+0000] {processor.py:840} INFO - DAG(s) 'twitter_pipeline_2' retrieved from /opt/airflow/dags/dag2.py
[2026-02-12T23:53:37.112+0000] {logging_mixin.py:188} INFO - [2026-02-12T23:53:37.111+0000] {dag.py:3089} INFO - Sync 1 DAGs
[2026-02-12T23:53:37.126+0000] {logging_mixin.py:188} INFO - [2026-02-12T23:53:37.126+0000] {dag.py:3947} INFO - Setting next_dagrun for twitter_pipeline_2 to 2026-02-12 00:00:00+00:00, run_after=2026-02-13 00:00:00+00:00
[2026-02-12T23:53:37.138+0000] {processor.py:183} INFO - Processing /opt/airflow/dags/dag2.py took 0.071 seconds
[2026-02-12T23:54:07.539+0000] {processor.py:161} INFO - Started process (PID=9174) to work on /opt/airflow/dags/dag2.py
[2026-02-12T23:54:07.543+0000] {processor.py:830} INFO - Processing file /opt/airflow/dags/dag2.py for tasks to queue
[2026-02-12T23:54:07.551+0000] {logging_mixin.py:188} INFO - [2026-02-12T23:54:07.550+0000] {dagbag.py:545} INFO - Filling up the DagBag from /opt/airflow/dags/dag2.py
[2026-02-12T23:54:07.613+0000] {processor.py:840} INFO - DAG(s) 'twitter_pipeline_2' retrieved from /opt/airflow/dags/dag2.py
[2026-02-12T23:54:07.669+0000] {logging_mixin.py:188} INFO - [2026-02-12T23:54:07.669+0000] {dag.py:3089} INFO - Sync 1 DAGs
[2026-02-12T23:54:07.703+0000] {logging_mixin.py:188} INFO - [2026-02-12T23:54:07.702+0000] {dag.py:3947} INFO - Setting next_dagrun for twitter_pipeline_2 to 2026-02-12 00:00:00+00:00, run_after=2026-02-13 00:00:00+00:00
[2026-02-12T23:54:07.722+0000] {processor.py:183} INFO - Processing /opt/airflow/dags/dag2.py took 0.207 seconds
[2026-02-12T23:54:37.996+0000] {processor.py:161} INFO - Started process (PID=9184) to work on /opt/airflow/dags/dag2.py
[2026-02-12T23:54:37.997+0000] {processor.py:830} INFO - Processing file /opt/airflow/dags/dag2.py for tasks to queue
[2026-02-12T23:54:37.998+0000] {logging_mixin.py:188} INFO - [2026-02-12T23:54:37.998+0000] {dagbag.py:545} INFO - Filling up the DagBag from /opt/airflow/dags/dag2.py
[2026-02-12T23:54:38.014+0000] {processor.py:840} INFO - DAG(s) 'twitter_pipeline_2' retrieved from /opt/airflow/dags/dag2.py
[2026-02-12T23:54:38.041+0000] {logging_mixin.py:188} INFO - [2026-02-12T23:54:38.041+0000] {dag.py:3089} INFO - Sync 1 DAGs
[2026-02-12T23:54:38.056+0000] {logging_mixin.py:188} INFO - [2026-02-12T23:54:38.056+0000] {dag.py:3947} INFO - Setting next_dagrun for twitter_pipeline_2 to 2026-02-12 00:00:00+00:00, run_after=2026-02-13 00:00:00+00:00
[2026-02-12T23:54:38.068+0000] {processor.py:183} INFO - Processing /opt/airflow/dags/dag2.py took 0.078 seconds
[2026-02-12T23:55:08.413+0000] {processor.py:161} INFO - Started process (PID=9194) to work on /opt/airflow/dags/dag2.py
[2026-02-12T23:55:08.415+0000] {processor.py:830} INFO - Processing file /opt/airflow/dags/dag2.py for tasks to queue
[2026-02-12T23:55:08.419+0000] {logging_mixin.py:188} INFO - [2026-02-12T23:55:08.419+0000] {dagbag.py:545} INFO - Filling up the DagBag from /opt/airflow/dags/dag2.py
[2026-02-12T23:55:08.450+0000] {processor.py:840} INFO - DAG(s) 'twitter_pipeline_2' retrieved from /opt/airflow/dags/dag2.py
[2026-02-12T23:55:08.491+0000] {logging_mixin.py:188} INFO - [2026-02-12T23:55:08.491+0000] {dag.py:3089} INFO - Sync 1 DAGs
[2026-02-12T23:55:08.511+0000] {logging_mixin.py:188} INFO - [2026-02-12T23:55:08.511+0000] {dag.py:3947} INFO - Setting next_dagrun for twitter_pipeline_2 to 2026-02-12 00:00:00+00:00, run_after=2026-02-13 00:00:00+00:00
[2026-02-12T23:55:08.531+0000] {processor.py:183} INFO - Processing /opt/airflow/dags/dag2.py took 0.132 seconds
