[2026-02-12T20:33:35.227+0000] {local_task_job_runner.py:120} INFO - ::group::Pre task execution logs
[2026-02-12T20:33:35.241+0000] {taskinstance.py:2076} INFO - Dependencies all met for dep_context=non-requeueable deps ti=<TaskInstance: twitter_pipeline_2.transform_twitter_datascience scheduled__2026-02-04T00:00:00+00:00 [queued]>
[2026-02-12T20:33:35.247+0000] {taskinstance.py:2076} INFO - Dependencies all met for dep_context=requeueable deps ti=<TaskInstance: twitter_pipeline_2.transform_twitter_datascience scheduled__2026-02-04T00:00:00+00:00 [queued]>
[2026-02-12T20:33:35.247+0000] {taskinstance.py:2306} INFO - Starting attempt 1 of 1
[2026-02-12T20:33:35.256+0000] {taskinstance.py:2330} INFO - Executing <Task(SparkSubmitOperator): transform_twitter_datascience> on 2026-02-04 00:00:00+00:00
[2026-02-12T20:33:35.261+0000] {standard_task_runner.py:64} INFO - Started process 1441 to run task
[2026-02-12T20:33:35.264+0000] {standard_task_runner.py:90} INFO - Running: ['airflow', 'tasks', 'run', 'twitter_pipeline_2', 'transform_twitter_datascience', 'scheduled__2026-02-04T00:00:00+00:00', '--job-id', '78', '--raw', '--subdir', 'DAGS_FOLDER/dag2.py', '--cfg-path', '/tmp/tmpmotq21nq']
[2026-02-12T20:33:35.265+0000] {standard_task_runner.py:91} INFO - Job 78: Subtask transform_twitter_datascience
[2026-02-12T20:33:35.308+0000] {task_command.py:426} INFO - Running <TaskInstance: twitter_pipeline_2.transform_twitter_datascience scheduled__2026-02-04T00:00:00+00:00 [running]> on host 649004db3ede
[2026-02-12T20:33:35.381+0000] {taskinstance.py:2648} INFO - Exporting env vars: AIRFLOW_CTX_DAG_OWNER='airflow' AIRFLOW_CTX_DAG_ID='twitter_pipeline_2' AIRFLOW_CTX_TASK_ID='transform_twitter_datascience' AIRFLOW_CTX_EXECUTION_DATE='2026-02-04T00:00:00+00:00' AIRFLOW_CTX_TRY_NUMBER='1' AIRFLOW_CTX_DAG_RUN_ID='scheduled__2026-02-04T00:00:00+00:00'
[2026-02-12T20:33:35.382+0000] {taskinstance.py:430} INFO - ::endgroup::
[2026-02-12T20:33:35.389+0000] {base.py:84} INFO - Using connection ID 'spark_default' for task execution.
[2026-02-12T20:33:35.390+0000] {spark_submit.py:341} INFO - Spark-Submit cmd: spark-submit --master local --name twitter_transformation --queue root.default /opt/airflow/src/spark/transformation.py --src /opt/data_lake/twitter_posts_raw --dest /opt/airflow/data/silver
[2026-02-12T20:33:37.419+0000] {spark_submit.py:492} INFO - 26/02/12 20:33:37 INFO SparkContext: Running Spark version 3.4.1
[2026-02-12T20:33:37.455+0000] {spark_submit.py:492} INFO - 26/02/12 20:33:37 WARN NativeCodeLoader: Unable to load native-hadoop library for your platform... using builtin-java classes where applicable
[2026-02-12T20:33:37.522+0000] {spark_submit.py:492} INFO - 26/02/12 20:33:37 INFO ResourceUtils: ==============================================================
[2026-02-12T20:33:37.522+0000] {spark_submit.py:492} INFO - 26/02/12 20:33:37 INFO ResourceUtils: No custom resources configured for spark.driver.
[2026-02-12T20:33:37.523+0000] {spark_submit.py:492} INFO - 26/02/12 20:33:37 INFO ResourceUtils: ==============================================================
[2026-02-12T20:33:37.523+0000] {spark_submit.py:492} INFO - 26/02/12 20:33:37 INFO SparkContext: Submitted application: twitter_transformation
[2026-02-12T20:33:37.541+0000] {spark_submit.py:492} INFO - 26/02/12 20:33:37 INFO ResourceProfile: Default ResourceProfile created, executor resources: Map(cores -> name: cores, amount: 1, script: , vendor: , memory -> name: memory, amount: 1024, script: , vendor: , offHeap -> name: offHeap, amount: 0, script: , vendor: ), task resources: Map(cpus -> name: cpus, amount: 1.0)
[2026-02-12T20:33:37.547+0000] {spark_submit.py:492} INFO - 26/02/12 20:33:37 INFO ResourceProfile: Limiting resource is cpu
[2026-02-12T20:33:37.547+0000] {spark_submit.py:492} INFO - 26/02/12 20:33:37 INFO ResourceProfileManager: Added ResourceProfile id: 0
[2026-02-12T20:33:37.579+0000] {spark_submit.py:492} INFO - 26/02/12 20:33:37 INFO SecurityManager: Changing view acls to: default
[2026-02-12T20:33:37.579+0000] {spark_submit.py:492} INFO - 26/02/12 20:33:37 INFO SecurityManager: Changing modify acls to: default
[2026-02-12T20:33:37.579+0000] {spark_submit.py:492} INFO - 26/02/12 20:33:37 INFO SecurityManager: Changing view acls groups to:
[2026-02-12T20:33:37.579+0000] {spark_submit.py:492} INFO - 26/02/12 20:33:37 INFO SecurityManager: Changing modify acls groups to:
[2026-02-12T20:33:37.580+0000] {spark_submit.py:492} INFO - 26/02/12 20:33:37 INFO SecurityManager: SecurityManager: authentication disabled; ui acls disabled; users with view permissions: default; groups with view permissions: EMPTY; users with modify permissions: default; groups with modify permissions: EMPTY
[2026-02-12T20:33:37.731+0000] {spark_submit.py:492} INFO - 26/02/12 20:33:37 INFO Utils: Successfully started service 'sparkDriver' on port 33847.
[2026-02-12T20:33:37.748+0000] {spark_submit.py:492} INFO - 26/02/12 20:33:37 INFO SparkEnv: Registering MapOutputTracker
[2026-02-12T20:33:37.772+0000] {spark_submit.py:492} INFO - 26/02/12 20:33:37 INFO SparkEnv: Registering BlockManagerMaster
[2026-02-12T20:33:37.783+0000] {spark_submit.py:492} INFO - 26/02/12 20:33:37 INFO BlockManagerMasterEndpoint: Using org.apache.spark.storage.DefaultTopologyMapper for getting topology information
[2026-02-12T20:33:37.784+0000] {spark_submit.py:492} INFO - 26/02/12 20:33:37 INFO BlockManagerMasterEndpoint: BlockManagerMasterEndpoint up
[2026-02-12T20:33:37.787+0000] {spark_submit.py:492} INFO - 26/02/12 20:33:37 INFO SparkEnv: Registering BlockManagerMasterHeartbeat
[2026-02-12T20:33:37.801+0000] {spark_submit.py:492} INFO - 26/02/12 20:33:37 INFO DiskBlockManager: Created local directory at /tmp/blockmgr-64c7d75d-59fa-4e05-90af-22cbfe3ae5d6
[2026-02-12T20:33:37.812+0000] {spark_submit.py:492} INFO - 26/02/12 20:33:37 INFO MemoryStore: MemoryStore started with capacity 434.4 MiB
[2026-02-12T20:33:37.822+0000] {spark_submit.py:492} INFO - 26/02/12 20:33:37 INFO SparkEnv: Registering OutputCommitCoordinator
[2026-02-12T20:33:37.902+0000] {spark_submit.py:492} INFO - 26/02/12 20:33:37 INFO JettyUtils: Start Jetty 0.0.0.0:4040 for SparkUI
[2026-02-12T20:33:37.946+0000] {spark_submit.py:492} INFO - 26/02/12 20:33:37 INFO Utils: Successfully started service 'SparkUI' on port 4040.
[2026-02-12T20:33:38.011+0000] {spark_submit.py:492} INFO - 26/02/12 20:33:38 INFO Executor: Starting executor ID driver on host 649004db3ede
[2026-02-12T20:33:38.015+0000] {spark_submit.py:492} INFO - 26/02/12 20:33:38 INFO Executor: Starting executor with user classpath (userClassPathFirst = false): ''
[2026-02-12T20:33:38.027+0000] {spark_submit.py:492} INFO - 26/02/12 20:33:38 INFO Utils: Successfully started service 'org.apache.spark.network.netty.NettyBlockTransferService' on port 42193.
[2026-02-12T20:33:38.027+0000] {spark_submit.py:492} INFO - 26/02/12 20:33:38 INFO NettyBlockTransferService: Server created on 649004db3ede:42193
[2026-02-12T20:33:38.028+0000] {spark_submit.py:492} INFO - 26/02/12 20:33:38 INFO BlockManager: Using org.apache.spark.storage.RandomBlockReplicationPolicy for block replication policy
[2026-02-12T20:33:38.032+0000] {spark_submit.py:492} INFO - 26/02/12 20:33:38 INFO BlockManagerMaster: Registering BlockManager BlockManagerId(driver, 649004db3ede, 42193, None)
[2026-02-12T20:33:38.034+0000] {spark_submit.py:492} INFO - 26/02/12 20:33:38 INFO BlockManagerMasterEndpoint: Registering block manager 649004db3ede:42193 with 434.4 MiB RAM, BlockManagerId(driver, 649004db3ede, 42193, None)
[2026-02-12T20:33:38.035+0000] {spark_submit.py:492} INFO - 26/02/12 20:33:38 INFO BlockManagerMaster: Registered BlockManager BlockManagerId(driver, 649004db3ede, 42193, None)
[2026-02-12T20:33:38.036+0000] {spark_submit.py:492} INFO - 26/02/12 20:33:38 INFO BlockManager: Initialized BlockManager: BlockManagerId(driver, 649004db3ede, 42193, None)
[2026-02-12T20:33:38.303+0000] {spark_submit.py:492} INFO - 26/02/12 20:33:38 INFO SharedState: Setting hive.metastore.warehouse.dir ('null') to the value of spark.sql.warehouse.dir.
[2026-02-12T20:33:38.307+0000] {spark_submit.py:492} INFO - 26/02/12 20:33:38 INFO SharedState: Warehouse path is 'file:/opt/airflow/spark-warehouse'.
[2026-02-12T20:33:38.789+0000] {spark_submit.py:492} INFO - 26/02/12 20:33:38 INFO InMemoryFileIndex: It took 31 ms to list leaf files for 1 paths.
[2026-02-12T20:33:38.835+0000] {spark_submit.py:492} INFO - 26/02/12 20:33:38 INFO InMemoryFileIndex: It took 7 ms to list leaf files for 12 paths.
[2026-02-12T20:33:40.112+0000] {spark_submit.py:492} INFO - 26/02/12 20:33:40 INFO FileSourceStrategy: Pushed Filters:
[2026-02-12T20:33:40.121+0000] {spark_submit.py:492} INFO - 26/02/12 20:33:40 INFO FileSourceStrategy: Post-Scan Filters:
[2026-02-12T20:33:40.280+0000] {spark_submit.py:492} INFO - 26/02/12 20:33:40 INFO MemoryStore: Block broadcast_0 stored as values in memory (estimated size 199.2 KiB, free 434.2 MiB)
[2026-02-12T20:33:40.325+0000] {spark_submit.py:492} INFO - 26/02/12 20:33:40 INFO MemoryStore: Block broadcast_0_piece0 stored as bytes in memory (estimated size 34.2 KiB, free 434.2 MiB)
[2026-02-12T20:33:40.328+0000] {spark_submit.py:492} INFO - 26/02/12 20:33:40 INFO BlockManagerInfo: Added broadcast_0_piece0 in memory on 649004db3ede:42193 (size: 34.2 KiB, free: 434.4 MiB)
[2026-02-12T20:33:40.331+0000] {spark_submit.py:492} INFO - 26/02/12 20:33:40 INFO SparkContext: Created broadcast 0 from json at NativeMethodAccessorImpl.java:0
[2026-02-12T20:33:40.340+0000] {spark_submit.py:492} INFO - 26/02/12 20:33:40 INFO FileSourceScanExec: Planning scan with bin packing, max size: 50424618 bytes, open cost is considered as scanning 4194304 bytes.
[2026-02-12T20:33:40.450+0000] {spark_submit.py:492} INFO - 26/02/12 20:33:40 INFO SparkContext: Starting job: json at NativeMethodAccessorImpl.java:0
[2026-02-12T20:33:40.461+0000] {spark_submit.py:492} INFO - 26/02/12 20:33:40 INFO DAGScheduler: Got job 0 (json at NativeMethodAccessorImpl.java:0) with 1 output partitions
[2026-02-12T20:33:40.461+0000] {spark_submit.py:492} INFO - 26/02/12 20:33:40 INFO DAGScheduler: Final stage: ResultStage 0 (json at NativeMethodAccessorImpl.java:0)
[2026-02-12T20:33:40.461+0000] {spark_submit.py:492} INFO - 26/02/12 20:33:40 INFO DAGScheduler: Parents of final stage: List()
[2026-02-12T20:33:40.462+0000] {spark_submit.py:492} INFO - 26/02/12 20:33:40 INFO DAGScheduler: Missing parents: List()
[2026-02-12T20:33:40.465+0000] {spark_submit.py:492} INFO - 26/02/12 20:33:40 INFO DAGScheduler: Submitting ResultStage 0 (MapPartitionsRDD[3] at json at NativeMethodAccessorImpl.java:0), which has no missing parents
[2026-02-12T20:33:40.530+0000] {spark_submit.py:492} INFO - 26/02/12 20:33:40 INFO MemoryStore: Block broadcast_1 stored as values in memory (estimated size 15.0 KiB, free 434.2 MiB)
[2026-02-12T20:33:40.532+0000] {spark_submit.py:492} INFO - 26/02/12 20:33:40 INFO MemoryStore: Block broadcast_1_piece0 stored as bytes in memory (estimated size 7.2 KiB, free 434.2 MiB)
[2026-02-12T20:33:40.533+0000] {spark_submit.py:492} INFO - 26/02/12 20:33:40 INFO BlockManagerInfo: Added broadcast_1_piece0 in memory on 649004db3ede:42193 (size: 7.2 KiB, free: 434.4 MiB)
[2026-02-12T20:33:40.534+0000] {spark_submit.py:492} INFO - 26/02/12 20:33:40 INFO SparkContext: Created broadcast 1 from broadcast at DAGScheduler.scala:1535
[2026-02-12T20:33:40.544+0000] {spark_submit.py:492} INFO - 26/02/12 20:33:40 INFO DAGScheduler: Submitting 1 missing tasks from ResultStage 0 (MapPartitionsRDD[3] at json at NativeMethodAccessorImpl.java:0) (first 15 tasks are for partitions Vector(0))
[2026-02-12T20:33:40.544+0000] {spark_submit.py:492} INFO - 26/02/12 20:33:40 INFO TaskSchedulerImpl: Adding task set 0.0 with 1 tasks resource profile 0
[2026-02-12T20:33:40.580+0000] {spark_submit.py:492} INFO - 26/02/12 20:33:40 INFO TaskSetManager: Starting task 0.0 in stage 0.0 (TID 0) (649004db3ede, executor driver, partition 0, PROCESS_LOCAL, 9196 bytes)
[2026-02-12T20:33:40.588+0000] {spark_submit.py:492} INFO - 26/02/12 20:33:40 INFO Executor: Running task 0.0 in stage 0.0 (TID 0)
[2026-02-12T20:33:40.651+0000] {spark_submit.py:492} INFO - 26/02/12 20:33:40 INFO FileScanRDD: Reading File path: file:///opt/data_lake/twitter_posts_raw/tweets_2026-02-02.json, range: 0-31150, partition values: [empty row]
[2026-02-12T20:33:40.783+0000] {spark_submit.py:492} INFO - 26/02/12 20:33:40 INFO CodeGenerator: Code generated in 112.263779 ms
[2026-02-12T20:33:40.823+0000] {spark_submit.py:492} INFO - 26/02/12 20:33:40 INFO FileScanRDD: Reading File path: file:///opt/data_lake/twitter_posts_raw/tweets_2026-02-04.json, range: 0-10266, partition values: [empty row]
[2026-02-12T20:33:40.829+0000] {spark_submit.py:492} INFO - 26/02/12 20:33:40 INFO FileScanRDD: Reading File path: file:///opt/data_lake/twitter_posts_raw/tweets_2026-02-03.json, range: 0-7059, partition values: [empty row]
[2026-02-12T20:33:40.832+0000] {spark_submit.py:492} INFO - 26/02/12 20:33:40 INFO FileScanRDD: Reading File path: file:///opt/data_lake/twitter_posts_raw/tweets_2026-02-11.json, range: 0-5524, partition values: [empty row]
[2026-02-12T20:33:40.835+0000] {spark_submit.py:492} INFO - 26/02/12 20:33:40 INFO FileScanRDD: Reading File path: file:///opt/data_lake/twitter_posts_raw/tweets_2026-02-08.json, range: 0-5455, partition values: [empty row]
[2026-02-12T20:33:40.837+0000] {spark_submit.py:492} INFO - 26/02/12 20:33:40 INFO FileScanRDD: Reading File path: file:///opt/data_lake/twitter_posts_raw/tweets_2026-02-10.json, range: 0-5426, partition values: [empty row]
[2026-02-12T20:33:40.840+0000] {spark_submit.py:492} INFO - 26/02/12 20:33:40 INFO FileScanRDD: Reading File path: file:///opt/data_lake/twitter_posts_raw/tweets_2026-02-07.json, range: 0-5394, partition values: [empty row]
[2026-02-12T20:33:40.842+0000] {spark_submit.py:492} INFO - 26/02/12 20:33:40 INFO FileScanRDD: Reading File path: file:///opt/data_lake/twitter_posts_raw/tweets_2026-02-09.json, range: 0-5376, partition values: [empty row]
[2026-02-12T20:33:40.844+0000] {spark_submit.py:492} INFO - 26/02/12 20:33:40 INFO FileScanRDD: Reading File path: file:///opt/data_lake/twitter_posts_raw/tweets_2026-02-05.json, range: 0-5311, partition values: [empty row]
[2026-02-12T20:33:40.846+0000] {spark_submit.py:492} INFO - 26/02/12 20:33:40 INFO FileScanRDD: Reading File path: file:///opt/data_lake/twitter_posts_raw/tweets_2026-02-06.json, range: 0-5026, partition values: [empty row]
[2026-02-12T20:33:40.848+0000] {spark_submit.py:492} INFO - 26/02/12 20:33:40 INFO FileScanRDD: Reading File path: file:///opt/data_lake/twitter_posts_raw/tweets_2026-02-01.json, range: 0-3511, partition values: [empty row]
[2026-02-12T20:33:40.849+0000] {spark_submit.py:492} INFO - 26/02/12 20:33:40 INFO FileScanRDD: Reading File path: file:///opt/data_lake/twitter_posts_raw/tweets_2026-02-12.json, range: 0-3472, partition values: [empty row]
[2026-02-12T20:33:40.870+0000] {spark_submit.py:492} INFO - 26/02/12 20:33:40 INFO Executor: Finished task 0.0 in stage 0.0 (TID 0). 2649 bytes result sent to driver
[2026-02-12T20:33:40.876+0000] {spark_submit.py:492} INFO - 26/02/12 20:33:40 INFO TaskSetManager: Finished task 0.0 in stage 0.0 (TID 0) in 305 ms on 649004db3ede (executor driver) (1/1)
[2026-02-12T20:33:40.878+0000] {spark_submit.py:492} INFO - 26/02/12 20:33:40 INFO TaskSchedulerImpl: Removed TaskSet 0.0, whose tasks have all completed, from pool
[2026-02-12T20:33:40.881+0000] {spark_submit.py:492} INFO - 26/02/12 20:33:40 INFO DAGScheduler: ResultStage 0 (json at NativeMethodAccessorImpl.java:0) finished in 0.403 s
[2026-02-12T20:33:40.882+0000] {spark_submit.py:492} INFO - 26/02/12 20:33:40 INFO DAGScheduler: Job 0 is finished. Cancelling potential speculative or zombie tasks for this job
[2026-02-12T20:33:40.883+0000] {spark_submit.py:492} INFO - 26/02/12 20:33:40 INFO TaskSchedulerImpl: Killing all running tasks in stage 0: Stage finished
[2026-02-12T20:33:40.884+0000] {spark_submit.py:492} INFO - 26/02/12 20:33:40 INFO DAGScheduler: Job 0 finished: json at NativeMethodAccessorImpl.java:0, took 0.433325 s
[2026-02-12T20:33:41.108+0000] {spark_submit.py:492} INFO - 26/02/12 20:33:41 INFO FileSourceStrategy: Pushed Filters:
[2026-02-12T20:33:41.109+0000] {spark_submit.py:492} INFO - 26/02/12 20:33:41 INFO FileSourceStrategy: Post-Scan Filters:
[2026-02-12T20:33:41.151+0000] {spark_submit.py:492} INFO - 26/02/12 20:33:41 INFO ParquetUtils: Using default output committer for Parquet: org.apache.parquet.hadoop.ParquetOutputCommitter
[2026-02-12T20:33:41.163+0000] {spark_submit.py:492} INFO - 26/02/12 20:33:41 INFO FileOutputCommitter: File Output Committer Algorithm version is 1
[2026-02-12T20:33:41.163+0000] {spark_submit.py:492} INFO - 26/02/12 20:33:41 INFO FileOutputCommitter: FileOutputCommitter skip cleanup _temporary folders under output directory:false, ignore cleanup failures: false
[2026-02-12T20:33:41.163+0000] {spark_submit.py:492} INFO - 26/02/12 20:33:41 INFO SQLHadoopMapReduceCommitProtocol: Using user defined output committer class org.apache.parquet.hadoop.ParquetOutputCommitter
[2026-02-12T20:33:41.163+0000] {spark_submit.py:492} INFO - 26/02/12 20:33:41 INFO FileOutputCommitter: File Output Committer Algorithm version is 1
[2026-02-12T20:33:41.163+0000] {spark_submit.py:492} INFO - 26/02/12 20:33:41 INFO FileOutputCommitter: FileOutputCommitter skip cleanup _temporary folders under output directory:false, ignore cleanup failures: false
[2026-02-12T20:33:41.164+0000] {spark_submit.py:492} INFO - 26/02/12 20:33:41 INFO SQLHadoopMapReduceCommitProtocol: Using output committer class org.apache.parquet.hadoop.ParquetOutputCommitter
[2026-02-12T20:33:41.244+0000] {spark_submit.py:492} INFO - 26/02/12 20:33:41 INFO CodeGenerator: Code generated in 34.725474 ms
[2026-02-12T20:33:41.247+0000] {spark_submit.py:492} INFO - 26/02/12 20:33:41 INFO MemoryStore: Block broadcast_2 stored as values in memory (estimated size 199.1 KiB, free 434.0 MiB)
[2026-02-12T20:33:41.254+0000] {spark_submit.py:492} INFO - 26/02/12 20:33:41 INFO MemoryStore: Block broadcast_2_piece0 stored as bytes in memory (estimated size 34.1 KiB, free 433.9 MiB)
[2026-02-12T20:33:41.256+0000] {spark_submit.py:492} INFO - 26/02/12 20:33:41 INFO BlockManagerInfo: Added broadcast_2_piece0 in memory on 649004db3ede:42193 (size: 34.1 KiB, free: 434.3 MiB)
[2026-02-12T20:33:41.257+0000] {spark_submit.py:492} INFO - 26/02/12 20:33:41 INFO SparkContext: Created broadcast 2 from parquet at NativeMethodAccessorImpl.java:0
[2026-02-12T20:33:41.260+0000] {spark_submit.py:492} INFO - 26/02/12 20:33:41 INFO FileSourceScanExec: Planning scan with bin packing, max size: 50424618 bytes, open cost is considered as scanning 4194304 bytes.
[2026-02-12T20:33:41.293+0000] {spark_submit.py:492} INFO - 26/02/12 20:33:41 INFO SparkContext: Starting job: parquet at NativeMethodAccessorImpl.java:0
[2026-02-12T20:33:41.294+0000] {spark_submit.py:492} INFO - 26/02/12 20:33:41 INFO DAGScheduler: Got job 1 (parquet at NativeMethodAccessorImpl.java:0) with 1 output partitions
[2026-02-12T20:33:41.294+0000] {spark_submit.py:492} INFO - 26/02/12 20:33:41 INFO DAGScheduler: Final stage: ResultStage 1 (parquet at NativeMethodAccessorImpl.java:0)
[2026-02-12T20:33:41.294+0000] {spark_submit.py:492} INFO - 26/02/12 20:33:41 INFO DAGScheduler: Parents of final stage: List()
[2026-02-12T20:33:41.294+0000] {spark_submit.py:492} INFO - 26/02/12 20:33:41 INFO DAGScheduler: Missing parents: List()
[2026-02-12T20:33:41.295+0000] {spark_submit.py:492} INFO - 26/02/12 20:33:41 INFO DAGScheduler: Submitting ResultStage 1 (MapPartitionsRDD[7] at parquet at NativeMethodAccessorImpl.java:0), which has no missing parents
[2026-02-12T20:33:41.310+0000] {spark_submit.py:492} INFO - 26/02/12 20:33:41 INFO MemoryStore: Block broadcast_3 stored as values in memory (estimated size 236.4 KiB, free 433.7 MiB)
[2026-02-12T20:33:41.312+0000] {spark_submit.py:492} INFO - 26/02/12 20:33:41 INFO MemoryStore: Block broadcast_3_piece0 stored as bytes in memory (estimated size 86.4 KiB, free 433.6 MiB)
[2026-02-12T20:33:41.313+0000] {spark_submit.py:492} INFO - 26/02/12 20:33:41 INFO BlockManagerInfo: Added broadcast_3_piece0 in memory on 649004db3ede:42193 (size: 86.4 KiB, free: 434.2 MiB)
[2026-02-12T20:33:41.313+0000] {spark_submit.py:492} INFO - 26/02/12 20:33:41 INFO SparkContext: Created broadcast 3 from broadcast at DAGScheduler.scala:1535
[2026-02-12T20:33:41.314+0000] {spark_submit.py:492} INFO - 26/02/12 20:33:41 INFO DAGScheduler: Submitting 1 missing tasks from ResultStage 1 (MapPartitionsRDD[7] at parquet at NativeMethodAccessorImpl.java:0) (first 15 tasks are for partitions Vector(0))
[2026-02-12T20:33:41.314+0000] {spark_submit.py:492} INFO - 26/02/12 20:33:41 INFO TaskSchedulerImpl: Adding task set 1.0 with 1 tasks resource profile 0
[2026-02-12T20:33:41.315+0000] {spark_submit.py:492} INFO - 26/02/12 20:33:41 INFO TaskSetManager: Starting task 0.0 in stage 1.0 (TID 1) (649004db3ede, executor driver, partition 0, PROCESS_LOCAL, 9196 bytes)
[2026-02-12T20:33:41.316+0000] {spark_submit.py:492} INFO - 26/02/12 20:33:41 INFO Executor: Running task 0.0 in stage 1.0 (TID 1)
[2026-02-12T20:33:41.355+0000] {spark_submit.py:492} INFO - 26/02/12 20:33:41 INFO CodeGenerator: Code generated in 7.666477 ms
[2026-02-12T20:33:41.366+0000] {spark_submit.py:492} INFO - 26/02/12 20:33:41 INFO CodeGenerator: Code generated in 5.494882 ms
[2026-02-12T20:33:41.372+0000] {spark_submit.py:492} INFO - 26/02/12 20:33:41 INFO FileOutputCommitter: File Output Committer Algorithm version is 1
[2026-02-12T20:33:41.373+0000] {spark_submit.py:492} INFO - 26/02/12 20:33:41 INFO FileOutputCommitter: FileOutputCommitter skip cleanup _temporary folders under output directory:false, ignore cleanup failures: false
[2026-02-12T20:33:41.373+0000] {spark_submit.py:492} INFO - 26/02/12 20:33:41 INFO SQLHadoopMapReduceCommitProtocol: Using user defined output committer class org.apache.parquet.hadoop.ParquetOutputCommitter
[2026-02-12T20:33:41.373+0000] {spark_submit.py:492} INFO - 26/02/12 20:33:41 INFO FileOutputCommitter: File Output Committer Algorithm version is 1
[2026-02-12T20:33:41.373+0000] {spark_submit.py:492} INFO - 26/02/12 20:33:41 INFO FileOutputCommitter: FileOutputCommitter skip cleanup _temporary folders under output directory:false, ignore cleanup failures: false
[2026-02-12T20:33:41.373+0000] {spark_submit.py:492} INFO - 26/02/12 20:33:41 INFO SQLHadoopMapReduceCommitProtocol: Using output committer class org.apache.parquet.hadoop.ParquetOutputCommitter
[2026-02-12T20:33:41.395+0000] {spark_submit.py:492} INFO - 26/02/12 20:33:41 INFO CodeGenerator: Code generated in 14.010601 ms
[2026-02-12T20:33:41.397+0000] {spark_submit.py:492} INFO - 26/02/12 20:33:41 INFO FileScanRDD: Reading File path: file:///opt/data_lake/twitter_posts_raw/tweets_2026-02-02.json, range: 0-31150, partition values: [empty row]
[2026-02-12T20:33:41.415+0000] {spark_submit.py:492} INFO - 26/02/12 20:33:41 INFO CodeGenerator: Code generated in 14.037211 ms
[2026-02-12T20:33:41.446+0000] {spark_submit.py:492} INFO - 26/02/12 20:33:41 INFO FileScanRDD: Reading File path: file:///opt/data_lake/twitter_posts_raw/tweets_2026-02-04.json, range: 0-10266, partition values: [empty row]
[2026-02-12T20:33:41.454+0000] {spark_submit.py:492} INFO - 26/02/12 20:33:41 INFO FileScanRDD: Reading File path: file:///opt/data_lake/twitter_posts_raw/tweets_2026-02-03.json, range: 0-7059, partition values: [empty row]
[2026-02-12T20:33:41.459+0000] {spark_submit.py:492} INFO - 26/02/12 20:33:41 INFO FileScanRDD: Reading File path: file:///opt/data_lake/twitter_posts_raw/tweets_2026-02-11.json, range: 0-5524, partition values: [empty row]
[2026-02-12T20:33:41.462+0000] {spark_submit.py:492} INFO - 26/02/12 20:33:41 INFO FileScanRDD: Reading File path: file:///opt/data_lake/twitter_posts_raw/tweets_2026-02-08.json, range: 0-5455, partition values: [empty row]
[2026-02-12T20:33:41.464+0000] {spark_submit.py:492} INFO - 26/02/12 20:33:41 INFO FileScanRDD: Reading File path: file:///opt/data_lake/twitter_posts_raw/tweets_2026-02-10.json, range: 0-5426, partition values: [empty row]
[2026-02-12T20:33:41.469+0000] {spark_submit.py:492} INFO - 26/02/12 20:33:41 INFO FileScanRDD: Reading File path: file:///opt/data_lake/twitter_posts_raw/tweets_2026-02-07.json, range: 0-5394, partition values: [empty row]
[2026-02-12T20:33:41.473+0000] {spark_submit.py:492} INFO - 26/02/12 20:33:41 INFO FileScanRDD: Reading File path: file:///opt/data_lake/twitter_posts_raw/tweets_2026-02-09.json, range: 0-5376, partition values: [empty row]
[2026-02-12T20:33:41.475+0000] {spark_submit.py:492} INFO - 26/02/12 20:33:41 INFO FileScanRDD: Reading File path: file:///opt/data_lake/twitter_posts_raw/tweets_2026-02-05.json, range: 0-5311, partition values: [empty row]
[2026-02-12T20:33:41.478+0000] {spark_submit.py:492} INFO - 26/02/12 20:33:41 INFO FileScanRDD: Reading File path: file:///opt/data_lake/twitter_posts_raw/tweets_2026-02-06.json, range: 0-5026, partition values: [empty row]
[2026-02-12T20:33:41.481+0000] {spark_submit.py:492} INFO - 26/02/12 20:33:41 INFO FileScanRDD: Reading File path: file:///opt/data_lake/twitter_posts_raw/tweets_2026-02-01.json, range: 0-3511, partition values: [empty row]
[2026-02-12T20:33:41.483+0000] {spark_submit.py:492} INFO - 26/02/12 20:33:41 INFO FileScanRDD: Reading File path: file:///opt/data_lake/twitter_posts_raw/tweets_2026-02-12.json, range: 0-3472, partition values: [empty row]
[2026-02-12T20:33:41.495+0000] {spark_submit.py:492} INFO - 26/02/12 20:33:41 INFO CodeGenerator: Code generated in 5.862429 ms
[2026-02-12T20:33:41.519+0000] {spark_submit.py:492} INFO - 26/02/12 20:33:41 INFO CodeGenerator: Code generated in 14.848812 ms
[2026-02-12T20:33:41.526+0000] {spark_submit.py:492} INFO - 26/02/12 20:33:41 INFO CodecConfig: Compression: SNAPPY
[2026-02-12T20:33:41.527+0000] {spark_submit.py:492} INFO - 26/02/12 20:33:41 INFO CodecConfig: Compression: SNAPPY
[2026-02-12T20:33:41.537+0000] {spark_submit.py:492} INFO - 26/02/12 20:33:41 INFO ParquetOutputFormat: ParquetRecordWriter [block size: 134217728b, row group padding size: 8388608b, validating: false]
[2026-02-12T20:33:41.553+0000] {spark_submit.py:492} INFO - 26/02/12 20:33:41 INFO ParquetWriteSupport: Initialized Parquet WriteSupport with Catalyst schema:
[2026-02-12T20:33:41.553+0000] {spark_submit.py:492} INFO - {
[2026-02-12T20:33:41.554+0000] {spark_submit.py:492} INFO - "type" : "struct",
[2026-02-12T20:33:41.554+0000] {spark_submit.py:492} INFO - "fields" : [ {
[2026-02-12T20:33:41.554+0000] {spark_submit.py:492} INFO - "name" : "user_id",
[2026-02-12T20:33:41.554+0000] {spark_submit.py:492} INFO - "type" : "string",
[2026-02-12T20:33:41.554+0000] {spark_submit.py:492} INFO - "nullable" : true,
[2026-02-12T20:33:41.554+0000] {spark_submit.py:492} INFO - "metadata" : { }
[2026-02-12T20:33:41.554+0000] {spark_submit.py:492} INFO - }, {
[2026-02-12T20:33:41.554+0000] {spark_submit.py:492} INFO - "name" : "thread_id",
[2026-02-12T20:33:41.554+0000] {spark_submit.py:492} INFO - "type" : "string",
[2026-02-12T20:33:41.554+0000] {spark_submit.py:492} INFO - "nullable" : true,
[2026-02-12T20:33:41.555+0000] {spark_submit.py:492} INFO - "metadata" : { }
[2026-02-12T20:33:41.555+0000] {spark_submit.py:492} INFO - }, {
[2026-02-12T20:33:41.555+0000] {spark_submit.py:492} INFO - "name" : "created_at",
[2026-02-12T20:33:41.555+0000] {spark_submit.py:492} INFO - "type" : "string",
[2026-02-12T20:33:41.555+0000] {spark_submit.py:492} INFO - "nullable" : true,
[2026-02-12T20:33:41.555+0000] {spark_submit.py:492} INFO - "metadata" : { }
[2026-02-12T20:33:41.555+0000] {spark_submit.py:492} INFO - }, {
[2026-02-12T20:33:41.555+0000] {spark_submit.py:492} INFO - "name" : "edit_versions_ids",
[2026-02-12T20:33:41.556+0000] {spark_submit.py:492} INFO - "type" : {
[2026-02-12T20:33:41.556+0000] {spark_submit.py:492} INFO - "type" : "array",
[2026-02-12T20:33:41.556+0000] {spark_submit.py:492} INFO - "elementType" : "long",
[2026-02-12T20:33:41.556+0000] {spark_submit.py:492} INFO - "containsNull" : true
[2026-02-12T20:33:41.556+0000] {spark_submit.py:492} INFO - },
[2026-02-12T20:33:41.556+0000] {spark_submit.py:492} INFO - "nullable" : true,
[2026-02-12T20:33:41.556+0000] {spark_submit.py:492} INFO - "metadata" : { }
[2026-02-12T20:33:41.556+0000] {spark_submit.py:492} INFO - }, {
[2026-02-12T20:33:41.557+0000] {spark_submit.py:492} INFO - "name" : "tweet_id",
[2026-02-12T20:33:41.557+0000] {spark_submit.py:492} INFO - "type" : "string",
[2026-02-12T20:33:41.557+0000] {spark_submit.py:492} INFO - "nullable" : true,
[2026-02-12T20:33:41.557+0000] {spark_submit.py:492} INFO - "metadata" : { }
[2026-02-12T20:33:41.557+0000] {spark_submit.py:492} INFO - }, {
[2026-02-12T20:33:41.557+0000] {spark_submit.py:492} INFO - "name" : "reply_to_user_id",
[2026-02-12T20:33:41.558+0000] {spark_submit.py:492} INFO - "type" : "string",
[2026-02-12T20:33:41.558+0000] {spark_submit.py:492} INFO - "nullable" : true,
[2026-02-12T20:33:41.558+0000] {spark_submit.py:492} INFO - "metadata" : { }
[2026-02-12T20:33:41.558+0000] {spark_submit.py:492} INFO - }, {
[2026-02-12T20:33:41.558+0000] {spark_submit.py:492} INFO - "name" : "language",
[2026-02-12T20:33:41.558+0000] {spark_submit.py:492} INFO - "type" : "string",
[2026-02-12T20:33:41.558+0000] {spark_submit.py:492} INFO - "nullable" : true,
[2026-02-12T20:33:41.558+0000] {spark_submit.py:492} INFO - "metadata" : { }
[2026-02-12T20:33:41.558+0000] {spark_submit.py:492} INFO - }, {
[2026-02-12T20:33:41.559+0000] {spark_submit.py:492} INFO - "name" : "tweet_text",
[2026-02-12T20:33:41.559+0000] {spark_submit.py:492} INFO - "type" : "string",
[2026-02-12T20:33:41.559+0000] {spark_submit.py:492} INFO - "nullable" : true,
[2026-02-12T20:33:41.559+0000] {spark_submit.py:492} INFO - "metadata" : { }
[2026-02-12T20:33:41.559+0000] {spark_submit.py:492} INFO - }, {
[2026-02-12T20:33:41.559+0000] {spark_submit.py:492} INFO - "name" : "likes",
[2026-02-12T20:33:41.559+0000] {spark_submit.py:492} INFO - "type" : "long",
[2026-02-12T20:33:41.559+0000] {spark_submit.py:492} INFO - "nullable" : true,
[2026-02-12T20:33:41.559+0000] {spark_submit.py:492} INFO - "metadata" : { }
[2026-02-12T20:33:41.559+0000] {spark_submit.py:492} INFO - }, {
[2026-02-12T20:33:41.559+0000] {spark_submit.py:492} INFO - "name" : "quotes",
[2026-02-12T20:33:41.559+0000] {spark_submit.py:492} INFO - "type" : "long",
[2026-02-12T20:33:41.560+0000] {spark_submit.py:492} INFO - "nullable" : true,
[2026-02-12T20:33:41.560+0000] {spark_submit.py:492} INFO - "metadata" : { }
[2026-02-12T20:33:41.560+0000] {spark_submit.py:492} INFO - }, {
[2026-02-12T20:33:41.560+0000] {spark_submit.py:492} INFO - "name" : "replies",
[2026-02-12T20:33:41.560+0000] {spark_submit.py:492} INFO - "type" : "long",
[2026-02-12T20:33:41.560+0000] {spark_submit.py:492} INFO - "nullable" : true,
[2026-02-12T20:33:41.560+0000] {spark_submit.py:492} INFO - "metadata" : { }
[2026-02-12T20:33:41.560+0000] {spark_submit.py:492} INFO - }, {
[2026-02-12T20:33:41.560+0000] {spark_submit.py:492} INFO - "name" : "retweets",
[2026-02-12T20:33:41.560+0000] {spark_submit.py:492} INFO - "type" : "long",
[2026-02-12T20:33:41.560+0000] {spark_submit.py:492} INFO - "nullable" : true,
[2026-02-12T20:33:41.560+0000] {spark_submit.py:492} INFO - "metadata" : { }
[2026-02-12T20:33:41.560+0000] {spark_submit.py:492} INFO - }, {
[2026-02-12T20:33:41.560+0000] {spark_submit.py:492} INFO - "name" : "processing_date",
[2026-02-12T20:33:41.561+0000] {spark_submit.py:492} INFO - "type" : "date",
[2026-02-12T20:33:41.561+0000] {spark_submit.py:492} INFO - "nullable" : false,
[2026-02-12T20:33:41.561+0000] {spark_submit.py:492} INFO - "metadata" : { }
[2026-02-12T20:33:41.561+0000] {spark_submit.py:492} INFO - } ]
[2026-02-12T20:33:41.561+0000] {spark_submit.py:492} INFO - }
[2026-02-12T20:33:41.561+0000] {spark_submit.py:492} INFO - and corresponding Parquet message type:
[2026-02-12T20:33:41.561+0000] {spark_submit.py:492} INFO - message spark_schema {
[2026-02-12T20:33:41.561+0000] {spark_submit.py:492} INFO - optional binary user_id (STRING);
[2026-02-12T20:33:41.561+0000] {spark_submit.py:492} INFO - optional binary thread_id (STRING);
[2026-02-12T20:33:41.561+0000] {spark_submit.py:492} INFO - optional binary created_at (STRING);
[2026-02-12T20:33:41.562+0000] {spark_submit.py:492} INFO - optional group edit_versions_ids (LIST) {
[2026-02-12T20:33:41.562+0000] {spark_submit.py:492} INFO - repeated group list {
[2026-02-12T20:33:41.562+0000] {spark_submit.py:492} INFO - optional int64 element;
[2026-02-12T20:33:41.562+0000] {spark_submit.py:492} INFO - }
[2026-02-12T20:33:41.562+0000] {spark_submit.py:492} INFO - }
[2026-02-12T20:33:41.562+0000] {spark_submit.py:492} INFO - optional binary tweet_id (STRING);
[2026-02-12T20:33:41.562+0000] {spark_submit.py:492} INFO - optional binary reply_to_user_id (STRING);
[2026-02-12T20:33:41.562+0000] {spark_submit.py:492} INFO - optional binary language (STRING);
[2026-02-12T20:33:41.563+0000] {spark_submit.py:492} INFO - optional binary tweet_text (STRING);
[2026-02-12T20:33:41.563+0000] {spark_submit.py:492} INFO - optional int64 likes;
[2026-02-12T20:33:41.563+0000] {spark_submit.py:492} INFO - optional int64 quotes;
[2026-02-12T20:33:41.563+0000] {spark_submit.py:492} INFO - optional int64 replies;
[2026-02-12T20:33:41.563+0000] {spark_submit.py:492} INFO - optional int64 retweets;
[2026-02-12T20:33:41.563+0000] {spark_submit.py:492} INFO - required int32 processing_date (DATE);
[2026-02-12T20:33:41.563+0000] {spark_submit.py:492} INFO - }
[2026-02-12T20:33:41.563+0000] {spark_submit.py:492} INFO - 
[2026-02-12T20:33:41.563+0000] {spark_submit.py:492} INFO - 
[2026-02-12T20:33:41.596+0000] {spark_submit.py:492} INFO - 26/02/12 20:33:41 INFO CodecPool: Got brand-new compressor [.snappy]
[2026-02-12T20:33:41.891+0000] {spark_submit.py:492} INFO - 26/02/12 20:33:41 INFO CodecConfig: Compression: SNAPPY
[2026-02-12T20:33:41.891+0000] {spark_submit.py:492} INFO - 26/02/12 20:33:41 INFO CodecConfig: Compression: SNAPPY
[2026-02-12T20:33:41.892+0000] {spark_submit.py:492} INFO - 26/02/12 20:33:41 INFO ParquetOutputFormat: ParquetRecordWriter [block size: 134217728b, row group padding size: 8388608b, validating: false]
[2026-02-12T20:33:41.893+0000] {spark_submit.py:492} INFO - 26/02/12 20:33:41 INFO ParquetWriteSupport: Initialized Parquet WriteSupport with Catalyst schema:
[2026-02-12T20:33:41.894+0000] {spark_submit.py:492} INFO - {
[2026-02-12T20:33:41.894+0000] {spark_submit.py:492} INFO - "type" : "struct",
[2026-02-12T20:33:41.894+0000] {spark_submit.py:492} INFO - "fields" : [ {
[2026-02-12T20:33:41.894+0000] {spark_submit.py:492} INFO - "name" : "user_id",
[2026-02-12T20:33:41.894+0000] {spark_submit.py:492} INFO - "type" : "string",
[2026-02-12T20:33:41.894+0000] {spark_submit.py:492} INFO - "nullable" : true,
[2026-02-12T20:33:41.894+0000] {spark_submit.py:492} INFO - "metadata" : { }
[2026-02-12T20:33:41.894+0000] {spark_submit.py:492} INFO - }, {
[2026-02-12T20:33:41.895+0000] {spark_submit.py:492} INFO - "name" : "thread_id",
[2026-02-12T20:33:41.895+0000] {spark_submit.py:492} INFO - "type" : "string",
[2026-02-12T20:33:41.895+0000] {spark_submit.py:492} INFO - "nullable" : true,
[2026-02-12T20:33:41.895+0000] {spark_submit.py:492} INFO - "metadata" : { }
[2026-02-12T20:33:41.895+0000] {spark_submit.py:492} INFO - }, {
[2026-02-12T20:33:41.895+0000] {spark_submit.py:492} INFO - "name" : "created_at",
[2026-02-12T20:33:41.896+0000] {spark_submit.py:492} INFO - "type" : "string",
[2026-02-12T20:33:41.896+0000] {spark_submit.py:492} INFO - "nullable" : true,
[2026-02-12T20:33:41.896+0000] {spark_submit.py:492} INFO - "metadata" : { }
[2026-02-12T20:33:41.896+0000] {spark_submit.py:492} INFO - }, {
[2026-02-12T20:33:41.896+0000] {spark_submit.py:492} INFO - "name" : "edit_versions_ids",
[2026-02-12T20:33:41.896+0000] {spark_submit.py:492} INFO - "type" : {
[2026-02-12T20:33:41.896+0000] {spark_submit.py:492} INFO - "type" : "array",
[2026-02-12T20:33:41.896+0000] {spark_submit.py:492} INFO - "elementType" : "long",
[2026-02-12T20:33:41.896+0000] {spark_submit.py:492} INFO - "containsNull" : true
[2026-02-12T20:33:41.897+0000] {spark_submit.py:492} INFO - },
[2026-02-12T20:33:41.897+0000] {spark_submit.py:492} INFO - "nullable" : true,
[2026-02-12T20:33:41.897+0000] {spark_submit.py:492} INFO - "metadata" : { }
[2026-02-12T20:33:41.897+0000] {spark_submit.py:492} INFO - }, {
[2026-02-12T20:33:41.897+0000] {spark_submit.py:492} INFO - "name" : "tweet_id",
[2026-02-12T20:33:41.897+0000] {spark_submit.py:492} INFO - "type" : "string",
[2026-02-12T20:33:41.897+0000] {spark_submit.py:492} INFO - "nullable" : true,
[2026-02-12T20:33:41.897+0000] {spark_submit.py:492} INFO - "metadata" : { }
[2026-02-12T20:33:41.898+0000] {spark_submit.py:492} INFO - }, {
[2026-02-12T20:33:41.898+0000] {spark_submit.py:492} INFO - "name" : "reply_to_user_id",
[2026-02-12T20:33:41.898+0000] {spark_submit.py:492} INFO - "type" : "string",
[2026-02-12T20:33:41.898+0000] {spark_submit.py:492} INFO - "nullable" : true,
[2026-02-12T20:33:41.898+0000] {spark_submit.py:492} INFO - "metadata" : { }
[2026-02-12T20:33:41.898+0000] {spark_submit.py:492} INFO - }, {
[2026-02-12T20:33:41.898+0000] {spark_submit.py:492} INFO - "name" : "language",
[2026-02-12T20:33:41.898+0000] {spark_submit.py:492} INFO - "type" : "string",
[2026-02-12T20:33:41.898+0000] {spark_submit.py:492} INFO - "nullable" : true,
[2026-02-12T20:33:41.898+0000] {spark_submit.py:492} INFO - "metadata" : { }
[2026-02-12T20:33:41.898+0000] {spark_submit.py:492} INFO - }, {
[2026-02-12T20:33:41.898+0000] {spark_submit.py:492} INFO - "name" : "tweet_text",
[2026-02-12T20:33:41.899+0000] {spark_submit.py:492} INFO - "type" : "string",
[2026-02-12T20:33:41.899+0000] {spark_submit.py:492} INFO - "nullable" : true,
[2026-02-12T20:33:41.899+0000] {spark_submit.py:492} INFO - "metadata" : { }
[2026-02-12T20:33:41.899+0000] {spark_submit.py:492} INFO - }, {
[2026-02-12T20:33:41.899+0000] {spark_submit.py:492} INFO - "name" : "likes",
[2026-02-12T20:33:41.899+0000] {spark_submit.py:492} INFO - "type" : "long",
[2026-02-12T20:33:41.899+0000] {spark_submit.py:492} INFO - "nullable" : true,
[2026-02-12T20:33:41.899+0000] {spark_submit.py:492} INFO - "metadata" : { }
[2026-02-12T20:33:41.899+0000] {spark_submit.py:492} INFO - }, {
[2026-02-12T20:33:41.900+0000] {spark_submit.py:492} INFO - "name" : "quotes",
[2026-02-12T20:33:41.900+0000] {spark_submit.py:492} INFO - "type" : "long",
[2026-02-12T20:33:41.900+0000] {spark_submit.py:492} INFO - "nullable" : true,
[2026-02-12T20:33:41.900+0000] {spark_submit.py:492} INFO - "metadata" : { }
[2026-02-12T20:33:41.900+0000] {spark_submit.py:492} INFO - }, {
[2026-02-12T20:33:41.900+0000] {spark_submit.py:492} INFO - "name" : "replies",
[2026-02-12T20:33:41.900+0000] {spark_submit.py:492} INFO - "type" : "long",
[2026-02-12T20:33:41.900+0000] {spark_submit.py:492} INFO - "nullable" : true,
[2026-02-12T20:33:41.900+0000] {spark_submit.py:492} INFO - "metadata" : { }
[2026-02-12T20:33:41.901+0000] {spark_submit.py:492} INFO - }, {
[2026-02-12T20:33:41.901+0000] {spark_submit.py:492} INFO - "name" : "retweets",
[2026-02-12T20:33:41.901+0000] {spark_submit.py:492} INFO - "type" : "long",
[2026-02-12T20:33:41.901+0000] {spark_submit.py:492} INFO - "nullable" : true,
[2026-02-12T20:33:41.901+0000] {spark_submit.py:492} INFO - "metadata" : { }
[2026-02-12T20:33:41.901+0000] {spark_submit.py:492} INFO - }, {
[2026-02-12T20:33:41.901+0000] {spark_submit.py:492} INFO - "name" : "processing_date",
[2026-02-12T20:33:41.901+0000] {spark_submit.py:492} INFO - "type" : "date",
[2026-02-12T20:33:41.901+0000] {spark_submit.py:492} INFO - "nullable" : false,
[2026-02-12T20:33:41.901+0000] {spark_submit.py:492} INFO - "metadata" : { }
[2026-02-12T20:33:41.902+0000] {spark_submit.py:492} INFO - } ]
[2026-02-12T20:33:41.902+0000] {spark_submit.py:492} INFO - }
[2026-02-12T20:33:41.902+0000] {spark_submit.py:492} INFO - and corresponding Parquet message type:
[2026-02-12T20:33:41.902+0000] {spark_submit.py:492} INFO - message spark_schema {
[2026-02-12T20:33:41.902+0000] {spark_submit.py:492} INFO - optional binary user_id (STRING);
[2026-02-12T20:33:41.902+0000] {spark_submit.py:492} INFO - optional binary thread_id (STRING);
[2026-02-12T20:33:41.902+0000] {spark_submit.py:492} INFO - optional binary created_at (STRING);
[2026-02-12T20:33:41.902+0000] {spark_submit.py:492} INFO - optional group edit_versions_ids (LIST) {
[2026-02-12T20:33:41.902+0000] {spark_submit.py:492} INFO - repeated group list {
[2026-02-12T20:33:41.902+0000] {spark_submit.py:492} INFO - optional int64 element;
[2026-02-12T20:33:41.903+0000] {spark_submit.py:492} INFO - }
[2026-02-12T20:33:41.903+0000] {spark_submit.py:492} INFO - }
[2026-02-12T20:33:41.903+0000] {spark_submit.py:492} INFO - optional binary tweet_id (STRING);
[2026-02-12T20:33:41.903+0000] {spark_submit.py:492} INFO - optional binary reply_to_user_id (STRING);
[2026-02-12T20:33:41.903+0000] {spark_submit.py:492} INFO - optional binary language (STRING);
[2026-02-12T20:33:41.903+0000] {spark_submit.py:492} INFO - optional binary tweet_text (STRING);
[2026-02-12T20:33:41.903+0000] {spark_submit.py:492} INFO - optional int64 likes;
[2026-02-12T20:33:41.903+0000] {spark_submit.py:492} INFO - optional int64 quotes;
[2026-02-12T20:33:41.903+0000] {spark_submit.py:492} INFO - optional int64 replies;
[2026-02-12T20:33:41.903+0000] {spark_submit.py:492} INFO - optional int64 retweets;
[2026-02-12T20:33:41.903+0000] {spark_submit.py:492} INFO - required int32 processing_date (DATE);
[2026-02-12T20:33:41.903+0000] {spark_submit.py:492} INFO - }
[2026-02-12T20:33:41.903+0000] {spark_submit.py:492} INFO - 
[2026-02-12T20:33:41.903+0000] {spark_submit.py:492} INFO - 
[2026-02-12T20:33:41.927+0000] {spark_submit.py:492} INFO - 26/02/12 20:33:41 INFO CodecConfig: Compression: SNAPPY
[2026-02-12T20:33:41.927+0000] {spark_submit.py:492} INFO - 26/02/12 20:33:41 INFO CodecConfig: Compression: SNAPPY
[2026-02-12T20:33:41.928+0000] {spark_submit.py:492} INFO - 26/02/12 20:33:41 INFO ParquetOutputFormat: ParquetRecordWriter [block size: 134217728b, row group padding size: 8388608b, validating: false]
[2026-02-12T20:33:41.929+0000] {spark_submit.py:492} INFO - 26/02/12 20:33:41 INFO ParquetWriteSupport: Initialized Parquet WriteSupport with Catalyst schema:
[2026-02-12T20:33:41.930+0000] {spark_submit.py:492} INFO - {
[2026-02-12T20:33:41.930+0000] {spark_submit.py:492} INFO - "type" : "struct",
[2026-02-12T20:33:41.930+0000] {spark_submit.py:492} INFO - "fields" : [ {
[2026-02-12T20:33:41.930+0000] {spark_submit.py:492} INFO - "name" : "user_id",
[2026-02-12T20:33:41.930+0000] {spark_submit.py:492} INFO - "type" : "string",
[2026-02-12T20:33:41.930+0000] {spark_submit.py:492} INFO - "nullable" : true,
[2026-02-12T20:33:41.930+0000] {spark_submit.py:492} INFO - "metadata" : { }
[2026-02-12T20:33:41.930+0000] {spark_submit.py:492} INFO - }, {
[2026-02-12T20:33:41.930+0000] {spark_submit.py:492} INFO - "name" : "thread_id",
[2026-02-12T20:33:41.931+0000] {spark_submit.py:492} INFO - "type" : "string",
[2026-02-12T20:33:41.931+0000] {spark_submit.py:492} INFO - "nullable" : true,
[2026-02-12T20:33:41.931+0000] {spark_submit.py:492} INFO - "metadata" : { }
[2026-02-12T20:33:41.931+0000] {spark_submit.py:492} INFO - }, {
[2026-02-12T20:33:41.931+0000] {spark_submit.py:492} INFO - "name" : "created_at",
[2026-02-12T20:33:41.931+0000] {spark_submit.py:492} INFO - "type" : "string",
[2026-02-12T20:33:41.931+0000] {spark_submit.py:492} INFO - "nullable" : true,
[2026-02-12T20:33:41.931+0000] {spark_submit.py:492} INFO - "metadata" : { }
[2026-02-12T20:33:41.931+0000] {spark_submit.py:492} INFO - }, {
[2026-02-12T20:33:41.931+0000] {spark_submit.py:492} INFO - "name" : "edit_versions_ids",
[2026-02-12T20:33:41.931+0000] {spark_submit.py:492} INFO - "type" : {
[2026-02-12T20:33:41.931+0000] {spark_submit.py:492} INFO - "type" : "array",
[2026-02-12T20:33:41.932+0000] {spark_submit.py:492} INFO - "elementType" : "long",
[2026-02-12T20:33:41.932+0000] {spark_submit.py:492} INFO - "containsNull" : true
[2026-02-12T20:33:41.932+0000] {spark_submit.py:492} INFO - },
[2026-02-12T20:33:41.932+0000] {spark_submit.py:492} INFO - "nullable" : true,
[2026-02-12T20:33:41.932+0000] {spark_submit.py:492} INFO - "metadata" : { }
[2026-02-12T20:33:41.932+0000] {spark_submit.py:492} INFO - }, {
[2026-02-12T20:33:41.932+0000] {spark_submit.py:492} INFO - "name" : "tweet_id",
[2026-02-12T20:33:41.932+0000] {spark_submit.py:492} INFO - "type" : "string",
[2026-02-12T20:33:41.932+0000] {spark_submit.py:492} INFO - "nullable" : true,
[2026-02-12T20:33:41.932+0000] {spark_submit.py:492} INFO - "metadata" : { }
[2026-02-12T20:33:41.932+0000] {spark_submit.py:492} INFO - }, {
[2026-02-12T20:33:41.932+0000] {spark_submit.py:492} INFO - "name" : "reply_to_user_id",
[2026-02-12T20:33:41.933+0000] {spark_submit.py:492} INFO - "type" : "string",
[2026-02-12T20:33:41.933+0000] {spark_submit.py:492} INFO - "nullable" : true,
[2026-02-12T20:33:41.933+0000] {spark_submit.py:492} INFO - "metadata" : { }
[2026-02-12T20:33:41.933+0000] {spark_submit.py:492} INFO - }, {
[2026-02-12T20:33:41.933+0000] {spark_submit.py:492} INFO - "name" : "language",
[2026-02-12T20:33:41.933+0000] {spark_submit.py:492} INFO - "type" : "string",
[2026-02-12T20:33:41.933+0000] {spark_submit.py:492} INFO - "nullable" : true,
[2026-02-12T20:33:41.933+0000] {spark_submit.py:492} INFO - "metadata" : { }
[2026-02-12T20:33:41.933+0000] {spark_submit.py:492} INFO - }, {
[2026-02-12T20:33:41.934+0000] {spark_submit.py:492} INFO - "name" : "tweet_text",
[2026-02-12T20:33:41.934+0000] {spark_submit.py:492} INFO - "type" : "string",
[2026-02-12T20:33:41.934+0000] {spark_submit.py:492} INFO - "nullable" : true,
[2026-02-12T20:33:41.934+0000] {spark_submit.py:492} INFO - "metadata" : { }
[2026-02-12T20:33:41.934+0000] {spark_submit.py:492} INFO - }, {
[2026-02-12T20:33:41.934+0000] {spark_submit.py:492} INFO - "name" : "likes",
[2026-02-12T20:33:41.934+0000] {spark_submit.py:492} INFO - "type" : "long",
[2026-02-12T20:33:41.934+0000] {spark_submit.py:492} INFO - "nullable" : true,
[2026-02-12T20:33:41.935+0000] {spark_submit.py:492} INFO - "metadata" : { }
[2026-02-12T20:33:41.935+0000] {spark_submit.py:492} INFO - }, {
[2026-02-12T20:33:41.935+0000] {spark_submit.py:492} INFO - "name" : "quotes",
[2026-02-12T20:33:41.935+0000] {spark_submit.py:492} INFO - "type" : "long",
[2026-02-12T20:33:41.935+0000] {spark_submit.py:492} INFO - "nullable" : true,
[2026-02-12T20:33:41.935+0000] {spark_submit.py:492} INFO - "metadata" : { }
[2026-02-12T20:33:41.935+0000] {spark_submit.py:492} INFO - }, {
[2026-02-12T20:33:41.935+0000] {spark_submit.py:492} INFO - "name" : "replies",
[2026-02-12T20:33:41.935+0000] {spark_submit.py:492} INFO - "type" : "long",
[2026-02-12T20:33:41.936+0000] {spark_submit.py:492} INFO - "nullable" : true,
[2026-02-12T20:33:41.936+0000] {spark_submit.py:492} INFO - "metadata" : { }
[2026-02-12T20:33:41.936+0000] {spark_submit.py:492} INFO - }, {
[2026-02-12T20:33:41.936+0000] {spark_submit.py:492} INFO - "name" : "retweets",
[2026-02-12T20:33:41.936+0000] {spark_submit.py:492} INFO - "type" : "long",
[2026-02-12T20:33:41.936+0000] {spark_submit.py:492} INFO - "nullable" : true,
[2026-02-12T20:33:41.936+0000] {spark_submit.py:492} INFO - "metadata" : { }
[2026-02-12T20:33:41.937+0000] {spark_submit.py:492} INFO - }, {
[2026-02-12T20:33:41.937+0000] {spark_submit.py:492} INFO - "name" : "processing_date",
[2026-02-12T20:33:41.937+0000] {spark_submit.py:492} INFO - "type" : "date",
[2026-02-12T20:33:41.937+0000] {spark_submit.py:492} INFO - "nullable" : false,
[2026-02-12T20:33:41.937+0000] {spark_submit.py:492} INFO - "metadata" : { }
[2026-02-12T20:33:41.937+0000] {spark_submit.py:492} INFO - } ]
[2026-02-12T20:33:41.937+0000] {spark_submit.py:492} INFO - }
[2026-02-12T20:33:41.938+0000] {spark_submit.py:492} INFO - and corresponding Parquet message type:
[2026-02-12T20:33:41.938+0000] {spark_submit.py:492} INFO - message spark_schema {
[2026-02-12T20:33:41.938+0000] {spark_submit.py:492} INFO - optional binary user_id (STRING);
[2026-02-12T20:33:41.938+0000] {spark_submit.py:492} INFO - optional binary thread_id (STRING);
[2026-02-12T20:33:41.938+0000] {spark_submit.py:492} INFO - optional binary created_at (STRING);
[2026-02-12T20:33:41.938+0000] {spark_submit.py:492} INFO - optional group edit_versions_ids (LIST) {
[2026-02-12T20:33:41.938+0000] {spark_submit.py:492} INFO - repeated group list {
[2026-02-12T20:33:41.938+0000] {spark_submit.py:492} INFO - optional int64 element;
[2026-02-12T20:33:41.938+0000] {spark_submit.py:492} INFO - }
[2026-02-12T20:33:41.938+0000] {spark_submit.py:492} INFO - }
[2026-02-12T20:33:41.938+0000] {spark_submit.py:492} INFO - optional binary tweet_id (STRING);
[2026-02-12T20:33:41.939+0000] {spark_submit.py:492} INFO - optional binary reply_to_user_id (STRING);
[2026-02-12T20:33:41.939+0000] {spark_submit.py:492} INFO - optional binary language (STRING);
[2026-02-12T20:33:41.939+0000] {spark_submit.py:492} INFO - optional binary tweet_text (STRING);
[2026-02-12T20:33:41.939+0000] {spark_submit.py:492} INFO - optional int64 likes;
[2026-02-12T20:33:41.939+0000] {spark_submit.py:492} INFO - optional int64 quotes;
[2026-02-12T20:33:41.939+0000] {spark_submit.py:492} INFO - optional int64 replies;
[2026-02-12T20:33:41.939+0000] {spark_submit.py:492} INFO - optional int64 retweets;
[2026-02-12T20:33:41.939+0000] {spark_submit.py:492} INFO - required int32 processing_date (DATE);
[2026-02-12T20:33:41.939+0000] {spark_submit.py:492} INFO - }
[2026-02-12T20:33:41.939+0000] {spark_submit.py:492} INFO - 
[2026-02-12T20:33:41.940+0000] {spark_submit.py:492} INFO - 
[2026-02-12T20:33:41.956+0000] {spark_submit.py:492} INFO - 26/02/12 20:33:41 INFO CodecConfig: Compression: SNAPPY
[2026-02-12T20:33:41.956+0000] {spark_submit.py:492} INFO - 26/02/12 20:33:41 INFO CodecConfig: Compression: SNAPPY
[2026-02-12T20:33:41.957+0000] {spark_submit.py:492} INFO - 26/02/12 20:33:41 INFO ParquetOutputFormat: ParquetRecordWriter [block size: 134217728b, row group padding size: 8388608b, validating: false]
[2026-02-12T20:33:41.959+0000] {spark_submit.py:492} INFO - 26/02/12 20:33:41 INFO ParquetWriteSupport: Initialized Parquet WriteSupport with Catalyst schema:
[2026-02-12T20:33:41.959+0000] {spark_submit.py:492} INFO - {
[2026-02-12T20:33:41.959+0000] {spark_submit.py:492} INFO - "type" : "struct",
[2026-02-12T20:33:41.959+0000] {spark_submit.py:492} INFO - "fields" : [ {
[2026-02-12T20:33:41.959+0000] {spark_submit.py:492} INFO - "name" : "user_id",
[2026-02-12T20:33:41.959+0000] {spark_submit.py:492} INFO - "type" : "string",
[2026-02-12T20:33:41.959+0000] {spark_submit.py:492} INFO - "nullable" : true,
[2026-02-12T20:33:41.960+0000] {spark_submit.py:492} INFO - "metadata" : { }
[2026-02-12T20:33:41.960+0000] {spark_submit.py:492} INFO - }, {
[2026-02-12T20:33:41.960+0000] {spark_submit.py:492} INFO - "name" : "thread_id",
[2026-02-12T20:33:41.960+0000] {spark_submit.py:492} INFO - "type" : "string",
[2026-02-12T20:33:41.960+0000] {spark_submit.py:492} INFO - "nullable" : true,
[2026-02-12T20:33:41.960+0000] {spark_submit.py:492} INFO - "metadata" : { }
[2026-02-12T20:33:41.960+0000] {spark_submit.py:492} INFO - }, {
[2026-02-12T20:33:41.960+0000] {spark_submit.py:492} INFO - "name" : "created_at",
[2026-02-12T20:33:41.961+0000] {spark_submit.py:492} INFO - "type" : "string",
[2026-02-12T20:33:41.961+0000] {spark_submit.py:492} INFO - "nullable" : true,
[2026-02-12T20:33:41.961+0000] {spark_submit.py:492} INFO - "metadata" : { }
[2026-02-12T20:33:41.961+0000] {spark_submit.py:492} INFO - }, {
[2026-02-12T20:33:41.961+0000] {spark_submit.py:492} INFO - "name" : "edit_versions_ids",
[2026-02-12T20:33:41.961+0000] {spark_submit.py:492} INFO - "type" : {
[2026-02-12T20:33:41.961+0000] {spark_submit.py:492} INFO - "type" : "array",
[2026-02-12T20:33:41.961+0000] {spark_submit.py:492} INFO - "elementType" : "long",
[2026-02-12T20:33:41.962+0000] {spark_submit.py:492} INFO - "containsNull" : true
[2026-02-12T20:33:41.962+0000] {spark_submit.py:492} INFO - },
[2026-02-12T20:33:41.962+0000] {spark_submit.py:492} INFO - "nullable" : true,
[2026-02-12T20:33:41.962+0000] {spark_submit.py:492} INFO - "metadata" : { }
[2026-02-12T20:33:41.962+0000] {spark_submit.py:492} INFO - }, {
[2026-02-12T20:33:41.962+0000] {spark_submit.py:492} INFO - "name" : "tweet_id",
[2026-02-12T20:33:41.962+0000] {spark_submit.py:492} INFO - "type" : "string",
[2026-02-12T20:33:41.962+0000] {spark_submit.py:492} INFO - "nullable" : true,
[2026-02-12T20:33:41.962+0000] {spark_submit.py:492} INFO - "metadata" : { }
[2026-02-12T20:33:41.963+0000] {spark_submit.py:492} INFO - }, {
[2026-02-12T20:33:41.963+0000] {spark_submit.py:492} INFO - "name" : "reply_to_user_id",
[2026-02-12T20:33:41.963+0000] {spark_submit.py:492} INFO - "type" : "string",
[2026-02-12T20:33:41.963+0000] {spark_submit.py:492} INFO - "nullable" : true,
[2026-02-12T20:33:41.963+0000] {spark_submit.py:492} INFO - "metadata" : { }
[2026-02-12T20:33:41.963+0000] {spark_submit.py:492} INFO - }, {
[2026-02-12T20:33:41.963+0000] {spark_submit.py:492} INFO - "name" : "language",
[2026-02-12T20:33:41.963+0000] {spark_submit.py:492} INFO - "type" : "string",
[2026-02-12T20:33:41.963+0000] {spark_submit.py:492} INFO - "nullable" : true,
[2026-02-12T20:33:41.963+0000] {spark_submit.py:492} INFO - "metadata" : { }
[2026-02-12T20:33:41.964+0000] {spark_submit.py:492} INFO - }, {
[2026-02-12T20:33:41.964+0000] {spark_submit.py:492} INFO - "name" : "tweet_text",
[2026-02-12T20:33:41.964+0000] {spark_submit.py:492} INFO - "type" : "string",
[2026-02-12T20:33:41.964+0000] {spark_submit.py:492} INFO - "nullable" : true,
[2026-02-12T20:33:41.964+0000] {spark_submit.py:492} INFO - "metadata" : { }
[2026-02-12T20:33:41.964+0000] {spark_submit.py:492} INFO - }, {
[2026-02-12T20:33:41.964+0000] {spark_submit.py:492} INFO - "name" : "likes",
[2026-02-12T20:33:41.964+0000] {spark_submit.py:492} INFO - "type" : "long",
[2026-02-12T20:33:41.964+0000] {spark_submit.py:492} INFO - "nullable" : true,
[2026-02-12T20:33:41.965+0000] {spark_submit.py:492} INFO - "metadata" : { }
[2026-02-12T20:33:41.965+0000] {spark_submit.py:492} INFO - }, {
[2026-02-12T20:33:41.965+0000] {spark_submit.py:492} INFO - "name" : "quotes",
[2026-02-12T20:33:41.965+0000] {spark_submit.py:492} INFO - "type" : "long",
[2026-02-12T20:33:41.965+0000] {spark_submit.py:492} INFO - "nullable" : true,
[2026-02-12T20:33:41.965+0000] {spark_submit.py:492} INFO - "metadata" : { }
[2026-02-12T20:33:41.965+0000] {spark_submit.py:492} INFO - }, {
[2026-02-12T20:33:41.965+0000] {spark_submit.py:492} INFO - "name" : "replies",
[2026-02-12T20:33:41.965+0000] {spark_submit.py:492} INFO - "type" : "long",
[2026-02-12T20:33:41.965+0000] {spark_submit.py:492} INFO - "nullable" : true,
[2026-02-12T20:33:41.966+0000] {spark_submit.py:492} INFO - "metadata" : { }
[2026-02-12T20:33:41.966+0000] {spark_submit.py:492} INFO - }, {
[2026-02-12T20:33:41.966+0000] {spark_submit.py:492} INFO - "name" : "retweets",
[2026-02-12T20:33:41.966+0000] {spark_submit.py:492} INFO - "type" : "long",
[2026-02-12T20:33:41.966+0000] {spark_submit.py:492} INFO - "nullable" : true,
[2026-02-12T20:33:41.966+0000] {spark_submit.py:492} INFO - "metadata" : { }
[2026-02-12T20:33:41.966+0000] {spark_submit.py:492} INFO - }, {
[2026-02-12T20:33:41.966+0000] {spark_submit.py:492} INFO - "name" : "processing_date",
[2026-02-12T20:33:41.966+0000] {spark_submit.py:492} INFO - "type" : "date",
[2026-02-12T20:33:41.966+0000] {spark_submit.py:492} INFO - "nullable" : false,
[2026-02-12T20:33:41.967+0000] {spark_submit.py:492} INFO - "metadata" : { }
[2026-02-12T20:33:41.967+0000] {spark_submit.py:492} INFO - } ]
[2026-02-12T20:33:41.967+0000] {spark_submit.py:492} INFO - }
[2026-02-12T20:33:41.967+0000] {spark_submit.py:492} INFO - and corresponding Parquet message type:
[2026-02-12T20:33:41.967+0000] {spark_submit.py:492} INFO - message spark_schema {
[2026-02-12T20:33:41.967+0000] {spark_submit.py:492} INFO - optional binary user_id (STRING);
[2026-02-12T20:33:41.967+0000] {spark_submit.py:492} INFO - optional binary thread_id (STRING);
[2026-02-12T20:33:41.967+0000] {spark_submit.py:492} INFO - optional binary created_at (STRING);
[2026-02-12T20:33:41.967+0000] {spark_submit.py:492} INFO - optional group edit_versions_ids (LIST) {
[2026-02-12T20:33:41.967+0000] {spark_submit.py:492} INFO - repeated group list {
[2026-02-12T20:33:41.968+0000] {spark_submit.py:492} INFO - optional int64 element;
[2026-02-12T20:33:41.968+0000] {spark_submit.py:492} INFO - }
[2026-02-12T20:33:41.968+0000] {spark_submit.py:492} INFO - }
[2026-02-12T20:33:41.968+0000] {spark_submit.py:492} INFO - optional binary tweet_id (STRING);
[2026-02-12T20:33:41.968+0000] {spark_submit.py:492} INFO - optional binary reply_to_user_id (STRING);
[2026-02-12T20:33:41.968+0000] {spark_submit.py:492} INFO - optional binary language (STRING);
[2026-02-12T20:33:41.968+0000] {spark_submit.py:492} INFO - optional binary tweet_text (STRING);
[2026-02-12T20:33:41.968+0000] {spark_submit.py:492} INFO - optional int64 likes;
[2026-02-12T20:33:41.969+0000] {spark_submit.py:492} INFO - optional int64 quotes;
[2026-02-12T20:33:41.969+0000] {spark_submit.py:492} INFO - optional int64 replies;
[2026-02-12T20:33:41.969+0000] {spark_submit.py:492} INFO - optional int64 retweets;
[2026-02-12T20:33:41.969+0000] {spark_submit.py:492} INFO - required int32 processing_date (DATE);
[2026-02-12T20:33:41.969+0000] {spark_submit.py:492} INFO - }
[2026-02-12T20:33:41.969+0000] {spark_submit.py:492} INFO - 
[2026-02-12T20:33:41.969+0000] {spark_submit.py:492} INFO - 
[2026-02-12T20:33:41.988+0000] {spark_submit.py:492} INFO - 26/02/12 20:33:41 INFO CodecConfig: Compression: SNAPPY
[2026-02-12T20:33:41.989+0000] {spark_submit.py:492} INFO - 26/02/12 20:33:41 INFO CodecConfig: Compression: SNAPPY
[2026-02-12T20:33:41.990+0000] {spark_submit.py:492} INFO - 26/02/12 20:33:41 INFO ParquetOutputFormat: ParquetRecordWriter [block size: 134217728b, row group padding size: 8388608b, validating: false]
[2026-02-12T20:33:41.991+0000] {spark_submit.py:492} INFO - 26/02/12 20:33:41 INFO ParquetWriteSupport: Initialized Parquet WriteSupport with Catalyst schema:
[2026-02-12T20:33:41.992+0000] {spark_submit.py:492} INFO - {
[2026-02-12T20:33:41.992+0000] {spark_submit.py:492} INFO - "type" : "struct",
[2026-02-12T20:33:41.992+0000] {spark_submit.py:492} INFO - "fields" : [ {
[2026-02-12T20:33:41.992+0000] {spark_submit.py:492} INFO - "name" : "user_id",
[2026-02-12T20:33:41.992+0000] {spark_submit.py:492} INFO - "type" : "string",
[2026-02-12T20:33:41.992+0000] {spark_submit.py:492} INFO - "nullable" : true,
[2026-02-12T20:33:41.992+0000] {spark_submit.py:492} INFO - "metadata" : { }
[2026-02-12T20:33:41.992+0000] {spark_submit.py:492} INFO - }, {
[2026-02-12T20:33:41.992+0000] {spark_submit.py:492} INFO - "name" : "thread_id",
[2026-02-12T20:33:41.992+0000] {spark_submit.py:492} INFO - "type" : "string",
[2026-02-12T20:33:41.993+0000] {spark_submit.py:492} INFO - "nullable" : true,
[2026-02-12T20:33:41.993+0000] {spark_submit.py:492} INFO - "metadata" : { }
[2026-02-12T20:33:41.993+0000] {spark_submit.py:492} INFO - }, {
[2026-02-12T20:33:41.993+0000] {spark_submit.py:492} INFO - "name" : "created_at",
[2026-02-12T20:33:41.993+0000] {spark_submit.py:492} INFO - "type" : "string",
[2026-02-12T20:33:41.993+0000] {spark_submit.py:492} INFO - "nullable" : true,
[2026-02-12T20:33:41.993+0000] {spark_submit.py:492} INFO - "metadata" : { }
[2026-02-12T20:33:41.993+0000] {spark_submit.py:492} INFO - }, {
[2026-02-12T20:33:41.993+0000] {spark_submit.py:492} INFO - "name" : "edit_versions_ids",
[2026-02-12T20:33:41.994+0000] {spark_submit.py:492} INFO - "type" : {
[2026-02-12T20:33:41.994+0000] {spark_submit.py:492} INFO - "type" : "array",
[2026-02-12T20:33:41.994+0000] {spark_submit.py:492} INFO - "elementType" : "long",
[2026-02-12T20:33:41.994+0000] {spark_submit.py:492} INFO - "containsNull" : true
[2026-02-12T20:33:41.994+0000] {spark_submit.py:492} INFO - },
[2026-02-12T20:33:41.994+0000] {spark_submit.py:492} INFO - "nullable" : true,
[2026-02-12T20:33:41.994+0000] {spark_submit.py:492} INFO - "metadata" : { }
[2026-02-12T20:33:41.994+0000] {spark_submit.py:492} INFO - }, {
[2026-02-12T20:33:41.994+0000] {spark_submit.py:492} INFO - "name" : "tweet_id",
[2026-02-12T20:33:41.994+0000] {spark_submit.py:492} INFO - "type" : "string",
[2026-02-12T20:33:41.994+0000] {spark_submit.py:492} INFO - "nullable" : true,
[2026-02-12T20:33:41.994+0000] {spark_submit.py:492} INFO - "metadata" : { }
[2026-02-12T20:33:41.995+0000] {spark_submit.py:492} INFO - }, {
[2026-02-12T20:33:41.995+0000] {spark_submit.py:492} INFO - "name" : "reply_to_user_id",
[2026-02-12T20:33:41.995+0000] {spark_submit.py:492} INFO - "type" : "string",
[2026-02-12T20:33:41.995+0000] {spark_submit.py:492} INFO - "nullable" : true,
[2026-02-12T20:33:41.995+0000] {spark_submit.py:492} INFO - "metadata" : { }
[2026-02-12T20:33:41.995+0000] {spark_submit.py:492} INFO - }, {
[2026-02-12T20:33:41.995+0000] {spark_submit.py:492} INFO - "name" : "language",
[2026-02-12T20:33:41.995+0000] {spark_submit.py:492} INFO - "type" : "string",
[2026-02-12T20:33:41.995+0000] {spark_submit.py:492} INFO - "nullable" : true,
[2026-02-12T20:33:41.995+0000] {spark_submit.py:492} INFO - "metadata" : { }
[2026-02-12T20:33:41.995+0000] {spark_submit.py:492} INFO - }, {
[2026-02-12T20:33:41.995+0000] {spark_submit.py:492} INFO - "name" : "tweet_text",
[2026-02-12T20:33:41.995+0000] {spark_submit.py:492} INFO - "type" : "string",
[2026-02-12T20:33:41.996+0000] {spark_submit.py:492} INFO - "nullable" : true,
[2026-02-12T20:33:41.996+0000] {spark_submit.py:492} INFO - "metadata" : { }
[2026-02-12T20:33:41.996+0000] {spark_submit.py:492} INFO - }, {
[2026-02-12T20:33:41.996+0000] {spark_submit.py:492} INFO - "name" : "likes",
[2026-02-12T20:33:41.996+0000] {spark_submit.py:492} INFO - "type" : "long",
[2026-02-12T20:33:41.996+0000] {spark_submit.py:492} INFO - "nullable" : true,
[2026-02-12T20:33:41.996+0000] {spark_submit.py:492} INFO - "metadata" : { }
[2026-02-12T20:33:41.996+0000] {spark_submit.py:492} INFO - }, {
[2026-02-12T20:33:41.996+0000] {spark_submit.py:492} INFO - "name" : "quotes",
[2026-02-12T20:33:41.996+0000] {spark_submit.py:492} INFO - "type" : "long",
[2026-02-12T20:33:41.996+0000] {spark_submit.py:492} INFO - "nullable" : true,
[2026-02-12T20:33:41.996+0000] {spark_submit.py:492} INFO - "metadata" : { }
[2026-02-12T20:33:41.996+0000] {spark_submit.py:492} INFO - }, {
[2026-02-12T20:33:41.997+0000] {spark_submit.py:492} INFO - "name" : "replies",
[2026-02-12T20:33:41.997+0000] {spark_submit.py:492} INFO - "type" : "long",
[2026-02-12T20:33:41.997+0000] {spark_submit.py:492} INFO - "nullable" : true,
[2026-02-12T20:33:41.997+0000] {spark_submit.py:492} INFO - "metadata" : { }
[2026-02-12T20:33:41.997+0000] {spark_submit.py:492} INFO - }, {
[2026-02-12T20:33:41.997+0000] {spark_submit.py:492} INFO - "name" : "retweets",
[2026-02-12T20:33:41.997+0000] {spark_submit.py:492} INFO - "type" : "long",
[2026-02-12T20:33:41.997+0000] {spark_submit.py:492} INFO - "nullable" : true,
[2026-02-12T20:33:41.997+0000] {spark_submit.py:492} INFO - "metadata" : { }
[2026-02-12T20:33:41.997+0000] {spark_submit.py:492} INFO - }, {
[2026-02-12T20:33:41.997+0000] {spark_submit.py:492} INFO - "name" : "processing_date",
[2026-02-12T20:33:41.998+0000] {spark_submit.py:492} INFO - "type" : "date",
[2026-02-12T20:33:41.998+0000] {spark_submit.py:492} INFO - "nullable" : false,
[2026-02-12T20:33:41.998+0000] {spark_submit.py:492} INFO - "metadata" : { }
[2026-02-12T20:33:41.998+0000] {spark_submit.py:492} INFO - } ]
[2026-02-12T20:33:41.998+0000] {spark_submit.py:492} INFO - }
[2026-02-12T20:33:41.998+0000] {spark_submit.py:492} INFO - and corresponding Parquet message type:
[2026-02-12T20:33:41.998+0000] {spark_submit.py:492} INFO - message spark_schema {
[2026-02-12T20:33:41.998+0000] {spark_submit.py:492} INFO - optional binary user_id (STRING);
[2026-02-12T20:33:41.998+0000] {spark_submit.py:492} INFO - optional binary thread_id (STRING);
[2026-02-12T20:33:41.998+0000] {spark_submit.py:492} INFO - optional binary created_at (STRING);
[2026-02-12T20:33:41.999+0000] {spark_submit.py:492} INFO - optional group edit_versions_ids (LIST) {
[2026-02-12T20:33:41.999+0000] {spark_submit.py:492} INFO - repeated group list {
[2026-02-12T20:33:41.999+0000] {spark_submit.py:492} INFO - optional int64 element;
[2026-02-12T20:33:41.999+0000] {spark_submit.py:492} INFO - }
[2026-02-12T20:33:41.999+0000] {spark_submit.py:492} INFO - }
[2026-02-12T20:33:41.999+0000] {spark_submit.py:492} INFO - optional binary tweet_id (STRING);
[2026-02-12T20:33:41.999+0000] {spark_submit.py:492} INFO - optional binary reply_to_user_id (STRING);
[2026-02-12T20:33:41.999+0000] {spark_submit.py:492} INFO - optional binary language (STRING);
[2026-02-12T20:33:41.999+0000] {spark_submit.py:492} INFO - optional binary tweet_text (STRING);
[2026-02-12T20:33:41.999+0000] {spark_submit.py:492} INFO - optional int64 likes;
[2026-02-12T20:33:41.999+0000] {spark_submit.py:492} INFO - optional int64 quotes;
[2026-02-12T20:33:41.999+0000] {spark_submit.py:492} INFO - optional int64 replies;
[2026-02-12T20:33:42.000+0000] {spark_submit.py:492} INFO - optional int64 retweets;
[2026-02-12T20:33:42.000+0000] {spark_submit.py:492} INFO - required int32 processing_date (DATE);
[2026-02-12T20:33:42.000+0000] {spark_submit.py:492} INFO - }
[2026-02-12T20:33:42.000+0000] {spark_submit.py:492} INFO - 
[2026-02-12T20:33:42.000+0000] {spark_submit.py:492} INFO - 
[2026-02-12T20:33:42.016+0000] {spark_submit.py:492} INFO - 26/02/12 20:33:42 INFO CodecConfig: Compression: SNAPPY
[2026-02-12T20:33:42.016+0000] {spark_submit.py:492} INFO - 26/02/12 20:33:42 INFO CodecConfig: Compression: SNAPPY
[2026-02-12T20:33:42.017+0000] {spark_submit.py:492} INFO - 26/02/12 20:33:42 INFO ParquetOutputFormat: ParquetRecordWriter [block size: 134217728b, row group padding size: 8388608b, validating: false]
[2026-02-12T20:33:42.019+0000] {spark_submit.py:492} INFO - 26/02/12 20:33:42 INFO ParquetWriteSupport: Initialized Parquet WriteSupport with Catalyst schema:
[2026-02-12T20:33:42.019+0000] {spark_submit.py:492} INFO - {
[2026-02-12T20:33:42.019+0000] {spark_submit.py:492} INFO - "type" : "struct",
[2026-02-12T20:33:42.019+0000] {spark_submit.py:492} INFO - "fields" : [ {
[2026-02-12T20:33:42.019+0000] {spark_submit.py:492} INFO - "name" : "user_id",
[2026-02-12T20:33:42.019+0000] {spark_submit.py:492} INFO - "type" : "string",
[2026-02-12T20:33:42.019+0000] {spark_submit.py:492} INFO - "nullable" : true,
[2026-02-12T20:33:42.020+0000] {spark_submit.py:492} INFO - "metadata" : { }
[2026-02-12T20:33:42.020+0000] {spark_submit.py:492} INFO - }, {
[2026-02-12T20:33:42.020+0000] {spark_submit.py:492} INFO - "name" : "thread_id",
[2026-02-12T20:33:42.020+0000] {spark_submit.py:492} INFO - "type" : "string",
[2026-02-12T20:33:42.020+0000] {spark_submit.py:492} INFO - "nullable" : true,
[2026-02-12T20:33:42.020+0000] {spark_submit.py:492} INFO - "metadata" : { }
[2026-02-12T20:33:42.020+0000] {spark_submit.py:492} INFO - }, {
[2026-02-12T20:33:42.020+0000] {spark_submit.py:492} INFO - "name" : "created_at",
[2026-02-12T20:33:42.020+0000] {spark_submit.py:492} INFO - "type" : "string",
[2026-02-12T20:33:42.020+0000] {spark_submit.py:492} INFO - "nullable" : true,
[2026-02-12T20:33:42.020+0000] {spark_submit.py:492} INFO - "metadata" : { }
[2026-02-12T20:33:42.021+0000] {spark_submit.py:492} INFO - }, {
[2026-02-12T20:33:42.021+0000] {spark_submit.py:492} INFO - "name" : "edit_versions_ids",
[2026-02-12T20:33:42.021+0000] {spark_submit.py:492} INFO - "type" : {
[2026-02-12T20:33:42.021+0000] {spark_submit.py:492} INFO - "type" : "array",
[2026-02-12T20:33:42.021+0000] {spark_submit.py:492} INFO - "elementType" : "long",
[2026-02-12T20:33:42.021+0000] {spark_submit.py:492} INFO - "containsNull" : true
[2026-02-12T20:33:42.021+0000] {spark_submit.py:492} INFO - },
[2026-02-12T20:33:42.021+0000] {spark_submit.py:492} INFO - "nullable" : true,
[2026-02-12T20:33:42.022+0000] {spark_submit.py:492} INFO - "metadata" : { }
[2026-02-12T20:33:42.022+0000] {spark_submit.py:492} INFO - }, {
[2026-02-12T20:33:42.022+0000] {spark_submit.py:492} INFO - "name" : "tweet_id",
[2026-02-12T20:33:42.022+0000] {spark_submit.py:492} INFO - "type" : "string",
[2026-02-12T20:33:42.022+0000] {spark_submit.py:492} INFO - "nullable" : true,
[2026-02-12T20:33:42.022+0000] {spark_submit.py:492} INFO - "metadata" : { }
[2026-02-12T20:33:42.022+0000] {spark_submit.py:492} INFO - }, {
[2026-02-12T20:33:42.023+0000] {spark_submit.py:492} INFO - "name" : "reply_to_user_id",
[2026-02-12T20:33:42.023+0000] {spark_submit.py:492} INFO - "type" : "string",
[2026-02-12T20:33:42.023+0000] {spark_submit.py:492} INFO - "nullable" : true,
[2026-02-12T20:33:42.023+0000] {spark_submit.py:492} INFO - "metadata" : { }
[2026-02-12T20:33:42.023+0000] {spark_submit.py:492} INFO - }, {
[2026-02-12T20:33:42.023+0000] {spark_submit.py:492} INFO - "name" : "language",
[2026-02-12T20:33:42.023+0000] {spark_submit.py:492} INFO - "type" : "string",
[2026-02-12T20:33:42.024+0000] {spark_submit.py:492} INFO - "nullable" : true,
[2026-02-12T20:33:42.024+0000] {spark_submit.py:492} INFO - "metadata" : { }
[2026-02-12T20:33:42.024+0000] {spark_submit.py:492} INFO - }, {
[2026-02-12T20:33:42.024+0000] {spark_submit.py:492} INFO - "name" : "tweet_text",
[2026-02-12T20:33:42.024+0000] {spark_submit.py:492} INFO - "type" : "string",
[2026-02-12T20:33:42.024+0000] {spark_submit.py:492} INFO - "nullable" : true,
[2026-02-12T20:33:42.024+0000] {spark_submit.py:492} INFO - "metadata" : { }
[2026-02-12T20:33:42.024+0000] {spark_submit.py:492} INFO - }, {
[2026-02-12T20:33:42.024+0000] {spark_submit.py:492} INFO - "name" : "likes",
[2026-02-12T20:33:42.024+0000] {spark_submit.py:492} INFO - "type" : "long",
[2026-02-12T20:33:42.025+0000] {spark_submit.py:492} INFO - "nullable" : true,
[2026-02-12T20:33:42.025+0000] {spark_submit.py:492} INFO - "metadata" : { }
[2026-02-12T20:33:42.025+0000] {spark_submit.py:492} INFO - }, {
[2026-02-12T20:33:42.025+0000] {spark_submit.py:492} INFO - "name" : "quotes",
[2026-02-12T20:33:42.025+0000] {spark_submit.py:492} INFO - "type" : "long",
[2026-02-12T20:33:42.025+0000] {spark_submit.py:492} INFO - "nullable" : true,
[2026-02-12T20:33:42.025+0000] {spark_submit.py:492} INFO - "metadata" : { }
[2026-02-12T20:33:42.025+0000] {spark_submit.py:492} INFO - }, {
[2026-02-12T20:33:42.025+0000] {spark_submit.py:492} INFO - "name" : "replies",
[2026-02-12T20:33:42.025+0000] {spark_submit.py:492} INFO - "type" : "long",
[2026-02-12T20:33:42.025+0000] {spark_submit.py:492} INFO - "nullable" : true,
[2026-02-12T20:33:42.025+0000] {spark_submit.py:492} INFO - "metadata" : { }
[2026-02-12T20:33:42.026+0000] {spark_submit.py:492} INFO - }, {
[2026-02-12T20:33:42.026+0000] {spark_submit.py:492} INFO - "name" : "retweets",
[2026-02-12T20:33:42.026+0000] {spark_submit.py:492} INFO - "type" : "long",
[2026-02-12T20:33:42.026+0000] {spark_submit.py:492} INFO - "nullable" : true,
[2026-02-12T20:33:42.026+0000] {spark_submit.py:492} INFO - "metadata" : { }
[2026-02-12T20:33:42.026+0000] {spark_submit.py:492} INFO - }, {
[2026-02-12T20:33:42.026+0000] {spark_submit.py:492} INFO - "name" : "processing_date",
[2026-02-12T20:33:42.026+0000] {spark_submit.py:492} INFO - "type" : "date",
[2026-02-12T20:33:42.026+0000] {spark_submit.py:492} INFO - "nullable" : false,
[2026-02-12T20:33:42.026+0000] {spark_submit.py:492} INFO - "metadata" : { }
[2026-02-12T20:33:42.026+0000] {spark_submit.py:492} INFO - } ]
[2026-02-12T20:33:42.026+0000] {spark_submit.py:492} INFO - }
[2026-02-12T20:33:42.026+0000] {spark_submit.py:492} INFO - and corresponding Parquet message type:
[2026-02-12T20:33:42.026+0000] {spark_submit.py:492} INFO - message spark_schema {
[2026-02-12T20:33:42.027+0000] {spark_submit.py:492} INFO - optional binary user_id (STRING);
[2026-02-12T20:33:42.027+0000] {spark_submit.py:492} INFO - optional binary thread_id (STRING);
[2026-02-12T20:33:42.027+0000] {spark_submit.py:492} INFO - optional binary created_at (STRING);
[2026-02-12T20:33:42.027+0000] {spark_submit.py:492} INFO - optional group edit_versions_ids (LIST) {
[2026-02-12T20:33:42.027+0000] {spark_submit.py:492} INFO - repeated group list {
[2026-02-12T20:33:42.027+0000] {spark_submit.py:492} INFO - optional int64 element;
[2026-02-12T20:33:42.027+0000] {spark_submit.py:492} INFO - }
[2026-02-12T20:33:42.027+0000] {spark_submit.py:492} INFO - }
[2026-02-12T20:33:42.027+0000] {spark_submit.py:492} INFO - optional binary tweet_id (STRING);
[2026-02-12T20:33:42.027+0000] {spark_submit.py:492} INFO - optional binary reply_to_user_id (STRING);
[2026-02-12T20:33:42.028+0000] {spark_submit.py:492} INFO - optional binary language (STRING);
[2026-02-12T20:33:42.028+0000] {spark_submit.py:492} INFO - optional binary tweet_text (STRING);
[2026-02-12T20:33:42.028+0000] {spark_submit.py:492} INFO - optional int64 likes;
[2026-02-12T20:33:42.028+0000] {spark_submit.py:492} INFO - optional int64 quotes;
[2026-02-12T20:33:42.028+0000] {spark_submit.py:492} INFO - optional int64 replies;
[2026-02-12T20:33:42.028+0000] {spark_submit.py:492} INFO - optional int64 retweets;
[2026-02-12T20:33:42.028+0000] {spark_submit.py:492} INFO - required int32 processing_date (DATE);
[2026-02-12T20:33:42.028+0000] {spark_submit.py:492} INFO - }
[2026-02-12T20:33:42.028+0000] {spark_submit.py:492} INFO - 
[2026-02-12T20:33:42.028+0000] {spark_submit.py:492} INFO - 
[2026-02-12T20:33:42.042+0000] {spark_submit.py:492} INFO - 26/02/12 20:33:42 INFO CodecConfig: Compression: SNAPPY
[2026-02-12T20:33:42.043+0000] {spark_submit.py:492} INFO - 26/02/12 20:33:42 INFO CodecConfig: Compression: SNAPPY
[2026-02-12T20:33:42.043+0000] {spark_submit.py:492} INFO - 26/02/12 20:33:42 INFO ParquetOutputFormat: ParquetRecordWriter [block size: 134217728b, row group padding size: 8388608b, validating: false]
[2026-02-12T20:33:42.045+0000] {spark_submit.py:492} INFO - 26/02/12 20:33:42 INFO ParquetWriteSupport: Initialized Parquet WriteSupport with Catalyst schema:
[2026-02-12T20:33:42.045+0000] {spark_submit.py:492} INFO - {
[2026-02-12T20:33:42.045+0000] {spark_submit.py:492} INFO - "type" : "struct",
[2026-02-12T20:33:42.045+0000] {spark_submit.py:492} INFO - "fields" : [ {
[2026-02-12T20:33:42.045+0000] {spark_submit.py:492} INFO - "name" : "user_id",
[2026-02-12T20:33:42.045+0000] {spark_submit.py:492} INFO - "type" : "string",
[2026-02-12T20:33:42.045+0000] {spark_submit.py:492} INFO - "nullable" : true,
[2026-02-12T20:33:42.045+0000] {spark_submit.py:492} INFO - "metadata" : { }
[2026-02-12T20:33:42.045+0000] {spark_submit.py:492} INFO - }, {
[2026-02-12T20:33:42.045+0000] {spark_submit.py:492} INFO - "name" : "thread_id",
[2026-02-12T20:33:42.046+0000] {spark_submit.py:492} INFO - "type" : "string",
[2026-02-12T20:33:42.046+0000] {spark_submit.py:492} INFO - "nullable" : true,
[2026-02-12T20:33:42.046+0000] {spark_submit.py:492} INFO - "metadata" : { }
[2026-02-12T20:33:42.046+0000] {spark_submit.py:492} INFO - }, {
[2026-02-12T20:33:42.046+0000] {spark_submit.py:492} INFO - "name" : "created_at",
[2026-02-12T20:33:42.046+0000] {spark_submit.py:492} INFO - "type" : "string",
[2026-02-12T20:33:42.046+0000] {spark_submit.py:492} INFO - "nullable" : true,
[2026-02-12T20:33:42.046+0000] {spark_submit.py:492} INFO - "metadata" : { }
[2026-02-12T20:33:42.046+0000] {spark_submit.py:492} INFO - }, {
[2026-02-12T20:33:42.046+0000] {spark_submit.py:492} INFO - "name" : "edit_versions_ids",
[2026-02-12T20:33:42.046+0000] {spark_submit.py:492} INFO - "type" : {
[2026-02-12T20:33:42.046+0000] {spark_submit.py:492} INFO - "type" : "array",
[2026-02-12T20:33:42.046+0000] {spark_submit.py:492} INFO - "elementType" : "long",
[2026-02-12T20:33:42.047+0000] {spark_submit.py:492} INFO - "containsNull" : true
[2026-02-12T20:33:42.047+0000] {spark_submit.py:492} INFO - },
[2026-02-12T20:33:42.047+0000] {spark_submit.py:492} INFO - "nullable" : true,
[2026-02-12T20:33:42.047+0000] {spark_submit.py:492} INFO - "metadata" : { }
[2026-02-12T20:33:42.047+0000] {spark_submit.py:492} INFO - }, {
[2026-02-12T20:33:42.047+0000] {spark_submit.py:492} INFO - "name" : "tweet_id",
[2026-02-12T20:33:42.047+0000] {spark_submit.py:492} INFO - "type" : "string",
[2026-02-12T20:33:42.047+0000] {spark_submit.py:492} INFO - "nullable" : true,
[2026-02-12T20:33:42.047+0000] {spark_submit.py:492} INFO - "metadata" : { }
[2026-02-12T20:33:42.047+0000] {spark_submit.py:492} INFO - }, {
[2026-02-12T20:33:42.047+0000] {spark_submit.py:492} INFO - "name" : "reply_to_user_id",
[2026-02-12T20:33:42.047+0000] {spark_submit.py:492} INFO - "type" : "string",
[2026-02-12T20:33:42.047+0000] {spark_submit.py:492} INFO - "nullable" : true,
[2026-02-12T20:33:42.047+0000] {spark_submit.py:492} INFO - "metadata" : { }
[2026-02-12T20:33:42.047+0000] {spark_submit.py:492} INFO - }, {
[2026-02-12T20:33:42.047+0000] {spark_submit.py:492} INFO - "name" : "language",
[2026-02-12T20:33:42.048+0000] {spark_submit.py:492} INFO - "type" : "string",
[2026-02-12T20:33:42.048+0000] {spark_submit.py:492} INFO - "nullable" : true,
[2026-02-12T20:33:42.048+0000] {spark_submit.py:492} INFO - "metadata" : { }
[2026-02-12T20:33:42.048+0000] {spark_submit.py:492} INFO - }, {
[2026-02-12T20:33:42.048+0000] {spark_submit.py:492} INFO - "name" : "tweet_text",
[2026-02-12T20:33:42.048+0000] {spark_submit.py:492} INFO - "type" : "string",
[2026-02-12T20:33:42.048+0000] {spark_submit.py:492} INFO - "nullable" : true,
[2026-02-12T20:33:42.048+0000] {spark_submit.py:492} INFO - "metadata" : { }
[2026-02-12T20:33:42.049+0000] {spark_submit.py:492} INFO - }, {
[2026-02-12T20:33:42.049+0000] {spark_submit.py:492} INFO - "name" : "likes",
[2026-02-12T20:33:42.049+0000] {spark_submit.py:492} INFO - "type" : "long",
[2026-02-12T20:33:42.049+0000] {spark_submit.py:492} INFO - "nullable" : true,
[2026-02-12T20:33:42.049+0000] {spark_submit.py:492} INFO - "metadata" : { }
[2026-02-12T20:33:42.049+0000] {spark_submit.py:492} INFO - }, {
[2026-02-12T20:33:42.049+0000] {spark_submit.py:492} INFO - "name" : "quotes",
[2026-02-12T20:33:42.049+0000] {spark_submit.py:492} INFO - "type" : "long",
[2026-02-12T20:33:42.050+0000] {spark_submit.py:492} INFO - "nullable" : true,
[2026-02-12T20:33:42.050+0000] {spark_submit.py:492} INFO - "metadata" : { }
[2026-02-12T20:33:42.050+0000] {spark_submit.py:492} INFO - }, {
[2026-02-12T20:33:42.050+0000] {spark_submit.py:492} INFO - "name" : "replies",
[2026-02-12T20:33:42.050+0000] {spark_submit.py:492} INFO - "type" : "long",
[2026-02-12T20:33:42.050+0000] {spark_submit.py:492} INFO - "nullable" : true,
[2026-02-12T20:33:42.050+0000] {spark_submit.py:492} INFO - "metadata" : { }
[2026-02-12T20:33:42.050+0000] {spark_submit.py:492} INFO - }, {
[2026-02-12T20:33:42.051+0000] {spark_submit.py:492} INFO - "name" : "retweets",
[2026-02-12T20:33:42.051+0000] {spark_submit.py:492} INFO - "type" : "long",
[2026-02-12T20:33:42.051+0000] {spark_submit.py:492} INFO - "nullable" : true,
[2026-02-12T20:33:42.051+0000] {spark_submit.py:492} INFO - "metadata" : { }
[2026-02-12T20:33:42.051+0000] {spark_submit.py:492} INFO - }, {
[2026-02-12T20:33:42.051+0000] {spark_submit.py:492} INFO - "name" : "processing_date",
[2026-02-12T20:33:42.051+0000] {spark_submit.py:492} INFO - "type" : "date",
[2026-02-12T20:33:42.051+0000] {spark_submit.py:492} INFO - "nullable" : false,
[2026-02-12T20:33:42.051+0000] {spark_submit.py:492} INFO - "metadata" : { }
[2026-02-12T20:33:42.051+0000] {spark_submit.py:492} INFO - } ]
[2026-02-12T20:33:42.051+0000] {spark_submit.py:492} INFO - }
[2026-02-12T20:33:42.052+0000] {spark_submit.py:492} INFO - and corresponding Parquet message type:
[2026-02-12T20:33:42.052+0000] {spark_submit.py:492} INFO - message spark_schema {
[2026-02-12T20:33:42.052+0000] {spark_submit.py:492} INFO - optional binary user_id (STRING);
[2026-02-12T20:33:42.052+0000] {spark_submit.py:492} INFO - optional binary thread_id (STRING);
[2026-02-12T20:33:42.052+0000] {spark_submit.py:492} INFO - optional binary created_at (STRING);
[2026-02-12T20:33:42.052+0000] {spark_submit.py:492} INFO - optional group edit_versions_ids (LIST) {
[2026-02-12T20:33:42.052+0000] {spark_submit.py:492} INFO - repeated group list {
[2026-02-12T20:33:42.052+0000] {spark_submit.py:492} INFO - optional int64 element;
[2026-02-12T20:33:42.052+0000] {spark_submit.py:492} INFO - }
[2026-02-12T20:33:42.052+0000] {spark_submit.py:492} INFO - }
[2026-02-12T20:33:42.052+0000] {spark_submit.py:492} INFO - optional binary tweet_id (STRING);
[2026-02-12T20:33:42.053+0000] {spark_submit.py:492} INFO - optional binary reply_to_user_id (STRING);
[2026-02-12T20:33:42.053+0000] {spark_submit.py:492} INFO - optional binary language (STRING);
[2026-02-12T20:33:42.053+0000] {spark_submit.py:492} INFO - optional binary tweet_text (STRING);
[2026-02-12T20:33:42.053+0000] {spark_submit.py:492} INFO - optional int64 likes;
[2026-02-12T20:33:42.053+0000] {spark_submit.py:492} INFO - optional int64 quotes;
[2026-02-12T20:33:42.053+0000] {spark_submit.py:492} INFO - optional int64 replies;
[2026-02-12T20:33:42.053+0000] {spark_submit.py:492} INFO - optional int64 retweets;
[2026-02-12T20:33:42.053+0000] {spark_submit.py:492} INFO - required int32 processing_date (DATE);
[2026-02-12T20:33:42.053+0000] {spark_submit.py:492} INFO - }
[2026-02-12T20:33:42.053+0000] {spark_submit.py:492} INFO - 
[2026-02-12T20:33:42.053+0000] {spark_submit.py:492} INFO - 
[2026-02-12T20:33:42.066+0000] {spark_submit.py:492} INFO - 26/02/12 20:33:42 INFO CodecConfig: Compression: SNAPPY
[2026-02-12T20:33:42.066+0000] {spark_submit.py:492} INFO - 26/02/12 20:33:42 INFO CodecConfig: Compression: SNAPPY
[2026-02-12T20:33:42.067+0000] {spark_submit.py:492} INFO - 26/02/12 20:33:42 INFO ParquetOutputFormat: ParquetRecordWriter [block size: 134217728b, row group padding size: 8388608b, validating: false]
[2026-02-12T20:33:42.068+0000] {spark_submit.py:492} INFO - 26/02/12 20:33:42 INFO ParquetWriteSupport: Initialized Parquet WriteSupport with Catalyst schema:
[2026-02-12T20:33:42.069+0000] {spark_submit.py:492} INFO - {
[2026-02-12T20:33:42.069+0000] {spark_submit.py:492} INFO - "type" : "struct",
[2026-02-12T20:33:42.069+0000] {spark_submit.py:492} INFO - "fields" : [ {
[2026-02-12T20:33:42.069+0000] {spark_submit.py:492} INFO - "name" : "user_id",
[2026-02-12T20:33:42.069+0000] {spark_submit.py:492} INFO - "type" : "string",
[2026-02-12T20:33:42.069+0000] {spark_submit.py:492} INFO - "nullable" : true,
[2026-02-12T20:33:42.069+0000] {spark_submit.py:492} INFO - "metadata" : { }
[2026-02-12T20:33:42.069+0000] {spark_submit.py:492} INFO - }, {
[2026-02-12T20:33:42.069+0000] {spark_submit.py:492} INFO - "name" : "thread_id",
[2026-02-12T20:33:42.069+0000] {spark_submit.py:492} INFO - "type" : "string",
[2026-02-12T20:33:42.070+0000] {spark_submit.py:492} INFO - "nullable" : true,
[2026-02-12T20:33:42.070+0000] {spark_submit.py:492} INFO - "metadata" : { }
[2026-02-12T20:33:42.070+0000] {spark_submit.py:492} INFO - }, {
[2026-02-12T20:33:42.070+0000] {spark_submit.py:492} INFO - "name" : "created_at",
[2026-02-12T20:33:42.070+0000] {spark_submit.py:492} INFO - "type" : "string",
[2026-02-12T20:33:42.070+0000] {spark_submit.py:492} INFO - "nullable" : true,
[2026-02-12T20:33:42.070+0000] {spark_submit.py:492} INFO - "metadata" : { }
[2026-02-12T20:33:42.070+0000] {spark_submit.py:492} INFO - }, {
[2026-02-12T20:33:42.070+0000] {spark_submit.py:492} INFO - "name" : "edit_versions_ids",
[2026-02-12T20:33:42.070+0000] {spark_submit.py:492} INFO - "type" : {
[2026-02-12T20:33:42.070+0000] {spark_submit.py:492} INFO - "type" : "array",
[2026-02-12T20:33:42.070+0000] {spark_submit.py:492} INFO - "elementType" : "long",
[2026-02-12T20:33:42.070+0000] {spark_submit.py:492} INFO - "containsNull" : true
[2026-02-12T20:33:42.071+0000] {spark_submit.py:492} INFO - },
[2026-02-12T20:33:42.071+0000] {spark_submit.py:492} INFO - "nullable" : true,
[2026-02-12T20:33:42.071+0000] {spark_submit.py:492} INFO - "metadata" : { }
[2026-02-12T20:33:42.071+0000] {spark_submit.py:492} INFO - }, {
[2026-02-12T20:33:42.071+0000] {spark_submit.py:492} INFO - "name" : "tweet_id",
[2026-02-12T20:33:42.071+0000] {spark_submit.py:492} INFO - "type" : "string",
[2026-02-12T20:33:42.071+0000] {spark_submit.py:492} INFO - "nullable" : true,
[2026-02-12T20:33:42.071+0000] {spark_submit.py:492} INFO - "metadata" : { }
[2026-02-12T20:33:42.071+0000] {spark_submit.py:492} INFO - }, {
[2026-02-12T20:33:42.072+0000] {spark_submit.py:492} INFO - "name" : "reply_to_user_id",
[2026-02-12T20:33:42.072+0000] {spark_submit.py:492} INFO - "type" : "string",
[2026-02-12T20:33:42.072+0000] {spark_submit.py:492} INFO - "nullable" : true,
[2026-02-12T20:33:42.072+0000] {spark_submit.py:492} INFO - "metadata" : { }
[2026-02-12T20:33:42.072+0000] {spark_submit.py:492} INFO - }, {
[2026-02-12T20:33:42.072+0000] {spark_submit.py:492} INFO - "name" : "language",
[2026-02-12T20:33:42.072+0000] {spark_submit.py:492} INFO - "type" : "string",
[2026-02-12T20:33:42.072+0000] {spark_submit.py:492} INFO - "nullable" : true,
[2026-02-12T20:33:42.072+0000] {spark_submit.py:492} INFO - "metadata" : { }
[2026-02-12T20:33:42.072+0000] {spark_submit.py:492} INFO - }, {
[2026-02-12T20:33:42.072+0000] {spark_submit.py:492} INFO - "name" : "tweet_text",
[2026-02-12T20:33:42.073+0000] {spark_submit.py:492} INFO - "type" : "string",
[2026-02-12T20:33:42.073+0000] {spark_submit.py:492} INFO - "nullable" : true,
[2026-02-12T20:33:42.073+0000] {spark_submit.py:492} INFO - "metadata" : { }
[2026-02-12T20:33:42.073+0000] {spark_submit.py:492} INFO - }, {
[2026-02-12T20:33:42.073+0000] {spark_submit.py:492} INFO - "name" : "likes",
[2026-02-12T20:33:42.073+0000] {spark_submit.py:492} INFO - "type" : "long",
[2026-02-12T20:33:42.073+0000] {spark_submit.py:492} INFO - "nullable" : true,
[2026-02-12T20:33:42.073+0000] {spark_submit.py:492} INFO - "metadata" : { }
[2026-02-12T20:33:42.073+0000] {spark_submit.py:492} INFO - }, {
[2026-02-12T20:33:42.073+0000] {spark_submit.py:492} INFO - "name" : "quotes",
[2026-02-12T20:33:42.074+0000] {spark_submit.py:492} INFO - "type" : "long",
[2026-02-12T20:33:42.074+0000] {spark_submit.py:492} INFO - "nullable" : true,
[2026-02-12T20:33:42.074+0000] {spark_submit.py:492} INFO - "metadata" : { }
[2026-02-12T20:33:42.074+0000] {spark_submit.py:492} INFO - }, {
[2026-02-12T20:33:42.074+0000] {spark_submit.py:492} INFO - "name" : "replies",
[2026-02-12T20:33:42.074+0000] {spark_submit.py:492} INFO - "type" : "long",
[2026-02-12T20:33:42.074+0000] {spark_submit.py:492} INFO - "nullable" : true,
[2026-02-12T20:33:42.074+0000] {spark_submit.py:492} INFO - "metadata" : { }
[2026-02-12T20:33:42.074+0000] {spark_submit.py:492} INFO - }, {
[2026-02-12T20:33:42.074+0000] {spark_submit.py:492} INFO - "name" : "retweets",
[2026-02-12T20:33:42.074+0000] {spark_submit.py:492} INFO - "type" : "long",
[2026-02-12T20:33:42.075+0000] {spark_submit.py:492} INFO - "nullable" : true,
[2026-02-12T20:33:42.075+0000] {spark_submit.py:492} INFO - "metadata" : { }
[2026-02-12T20:33:42.075+0000] {spark_submit.py:492} INFO - }, {
[2026-02-12T20:33:42.075+0000] {spark_submit.py:492} INFO - "name" : "processing_date",
[2026-02-12T20:33:42.075+0000] {spark_submit.py:492} INFO - "type" : "date",
[2026-02-12T20:33:42.075+0000] {spark_submit.py:492} INFO - "nullable" : false,
[2026-02-12T20:33:42.075+0000] {spark_submit.py:492} INFO - "metadata" : { }
[2026-02-12T20:33:42.075+0000] {spark_submit.py:492} INFO - } ]
[2026-02-12T20:33:42.075+0000] {spark_submit.py:492} INFO - }
[2026-02-12T20:33:42.075+0000] {spark_submit.py:492} INFO - and corresponding Parquet message type:
[2026-02-12T20:33:42.075+0000] {spark_submit.py:492} INFO - message spark_schema {
[2026-02-12T20:33:42.075+0000] {spark_submit.py:492} INFO - optional binary user_id (STRING);
[2026-02-12T20:33:42.075+0000] {spark_submit.py:492} INFO - optional binary thread_id (STRING);
[2026-02-12T20:33:42.076+0000] {spark_submit.py:492} INFO - optional binary created_at (STRING);
[2026-02-12T20:33:42.076+0000] {spark_submit.py:492} INFO - optional group edit_versions_ids (LIST) {
[2026-02-12T20:33:42.076+0000] {spark_submit.py:492} INFO - repeated group list {
[2026-02-12T20:33:42.076+0000] {spark_submit.py:492} INFO - optional int64 element;
[2026-02-12T20:33:42.076+0000] {spark_submit.py:492} INFO - }
[2026-02-12T20:33:42.076+0000] {spark_submit.py:492} INFO - }
[2026-02-12T20:33:42.076+0000] {spark_submit.py:492} INFO - optional binary tweet_id (STRING);
[2026-02-12T20:33:42.076+0000] {spark_submit.py:492} INFO - optional binary reply_to_user_id (STRING);
[2026-02-12T20:33:42.076+0000] {spark_submit.py:492} INFO - optional binary language (STRING);
[2026-02-12T20:33:42.076+0000] {spark_submit.py:492} INFO - optional binary tweet_text (STRING);
[2026-02-12T20:33:42.076+0000] {spark_submit.py:492} INFO - optional int64 likes;
[2026-02-12T20:33:42.076+0000] {spark_submit.py:492} INFO - optional int64 quotes;
[2026-02-12T20:33:42.076+0000] {spark_submit.py:492} INFO - optional int64 replies;
[2026-02-12T20:33:42.077+0000] {spark_submit.py:492} INFO - optional int64 retweets;
[2026-02-12T20:33:42.077+0000] {spark_submit.py:492} INFO - required int32 processing_date (DATE);
[2026-02-12T20:33:42.077+0000] {spark_submit.py:492} INFO - }
[2026-02-12T20:33:42.077+0000] {spark_submit.py:492} INFO - 
[2026-02-12T20:33:42.077+0000] {spark_submit.py:492} INFO - 
[2026-02-12T20:33:42.089+0000] {spark_submit.py:492} INFO - 26/02/12 20:33:42 INFO CodecConfig: Compression: SNAPPY
[2026-02-12T20:33:42.090+0000] {spark_submit.py:492} INFO - 26/02/12 20:33:42 INFO CodecConfig: Compression: SNAPPY
[2026-02-12T20:33:42.090+0000] {spark_submit.py:492} INFO - 26/02/12 20:33:42 INFO ParquetOutputFormat: ParquetRecordWriter [block size: 134217728b, row group padding size: 8388608b, validating: false]
[2026-02-12T20:33:42.091+0000] {spark_submit.py:492} INFO - 26/02/12 20:33:42 INFO ParquetWriteSupport: Initialized Parquet WriteSupport with Catalyst schema:
[2026-02-12T20:33:42.092+0000] {spark_submit.py:492} INFO - {
[2026-02-12T20:33:42.092+0000] {spark_submit.py:492} INFO - "type" : "struct",
[2026-02-12T20:33:42.092+0000] {spark_submit.py:492} INFO - "fields" : [ {
[2026-02-12T20:33:42.092+0000] {spark_submit.py:492} INFO - "name" : "user_id",
[2026-02-12T20:33:42.092+0000] {spark_submit.py:492} INFO - "type" : "string",
[2026-02-12T20:33:42.092+0000] {spark_submit.py:492} INFO - "nullable" : true,
[2026-02-12T20:33:42.092+0000] {spark_submit.py:492} INFO - "metadata" : { }
[2026-02-12T20:33:42.092+0000] {spark_submit.py:492} INFO - }, {
[2026-02-12T20:33:42.092+0000] {spark_submit.py:492} INFO - "name" : "thread_id",
[2026-02-12T20:33:42.093+0000] {spark_submit.py:492} INFO - "type" : "string",
[2026-02-12T20:33:42.093+0000] {spark_submit.py:492} INFO - "nullable" : true,
[2026-02-12T20:33:42.093+0000] {spark_submit.py:492} INFO - "metadata" : { }
[2026-02-12T20:33:42.093+0000] {spark_submit.py:492} INFO - }, {
[2026-02-12T20:33:42.093+0000] {spark_submit.py:492} INFO - "name" : "created_at",
[2026-02-12T20:33:42.093+0000] {spark_submit.py:492} INFO - "type" : "string",
[2026-02-12T20:33:42.093+0000] {spark_submit.py:492} INFO - "nullable" : true,
[2026-02-12T20:33:42.093+0000] {spark_submit.py:492} INFO - "metadata" : { }
[2026-02-12T20:33:42.093+0000] {spark_submit.py:492} INFO - }, {
[2026-02-12T20:33:42.093+0000] {spark_submit.py:492} INFO - "name" : "edit_versions_ids",
[2026-02-12T20:33:42.093+0000] {spark_submit.py:492} INFO - "type" : {
[2026-02-12T20:33:42.093+0000] {spark_submit.py:492} INFO - "type" : "array",
[2026-02-12T20:33:42.093+0000] {spark_submit.py:492} INFO - "elementType" : "long",
[2026-02-12T20:33:42.094+0000] {spark_submit.py:492} INFO - "containsNull" : true
[2026-02-12T20:33:42.094+0000] {spark_submit.py:492} INFO - },
[2026-02-12T20:33:42.094+0000] {spark_submit.py:492} INFO - "nullable" : true,
[2026-02-12T20:33:42.094+0000] {spark_submit.py:492} INFO - "metadata" : { }
[2026-02-12T20:33:42.094+0000] {spark_submit.py:492} INFO - }, {
[2026-02-12T20:33:42.094+0000] {spark_submit.py:492} INFO - "name" : "tweet_id",
[2026-02-12T20:33:42.094+0000] {spark_submit.py:492} INFO - "type" : "string",
[2026-02-12T20:33:42.094+0000] {spark_submit.py:492} INFO - "nullable" : true,
[2026-02-12T20:33:42.094+0000] {spark_submit.py:492} INFO - "metadata" : { }
[2026-02-12T20:33:42.094+0000] {spark_submit.py:492} INFO - }, {
[2026-02-12T20:33:42.094+0000] {spark_submit.py:492} INFO - "name" : "reply_to_user_id",
[2026-02-12T20:33:42.094+0000] {spark_submit.py:492} INFO - "type" : "string",
[2026-02-12T20:33:42.094+0000] {spark_submit.py:492} INFO - "nullable" : true,
[2026-02-12T20:33:42.094+0000] {spark_submit.py:492} INFO - "metadata" : { }
[2026-02-12T20:33:42.094+0000] {spark_submit.py:492} INFO - }, {
[2026-02-12T20:33:42.095+0000] {spark_submit.py:492} INFO - "name" : "language",
[2026-02-12T20:33:42.095+0000] {spark_submit.py:492} INFO - "type" : "string",
[2026-02-12T20:33:42.095+0000] {spark_submit.py:492} INFO - "nullable" : true,
[2026-02-12T20:33:42.095+0000] {spark_submit.py:492} INFO - "metadata" : { }
[2026-02-12T20:33:42.095+0000] {spark_submit.py:492} INFO - }, {
[2026-02-12T20:33:42.095+0000] {spark_submit.py:492} INFO - "name" : "tweet_text",
[2026-02-12T20:33:42.095+0000] {spark_submit.py:492} INFO - "type" : "string",
[2026-02-12T20:33:42.095+0000] {spark_submit.py:492} INFO - "nullable" : true,
[2026-02-12T20:33:42.095+0000] {spark_submit.py:492} INFO - "metadata" : { }
[2026-02-12T20:33:42.095+0000] {spark_submit.py:492} INFO - }, {
[2026-02-12T20:33:42.095+0000] {spark_submit.py:492} INFO - "name" : "likes",
[2026-02-12T20:33:42.096+0000] {spark_submit.py:492} INFO - "type" : "long",
[2026-02-12T20:33:42.096+0000] {spark_submit.py:492} INFO - "nullable" : true,
[2026-02-12T20:33:42.096+0000] {spark_submit.py:492} INFO - "metadata" : { }
[2026-02-12T20:33:42.096+0000] {spark_submit.py:492} INFO - }, {
[2026-02-12T20:33:42.096+0000] {spark_submit.py:492} INFO - "name" : "quotes",
[2026-02-12T20:33:42.096+0000] {spark_submit.py:492} INFO - "type" : "long",
[2026-02-12T20:33:42.096+0000] {spark_submit.py:492} INFO - "nullable" : true,
[2026-02-12T20:33:42.096+0000] {spark_submit.py:492} INFO - "metadata" : { }
[2026-02-12T20:33:42.096+0000] {spark_submit.py:492} INFO - }, {
[2026-02-12T20:33:42.096+0000] {spark_submit.py:492} INFO - "name" : "replies",
[2026-02-12T20:33:42.096+0000] {spark_submit.py:492} INFO - "type" : "long",
[2026-02-12T20:33:42.097+0000] {spark_submit.py:492} INFO - "nullable" : true,
[2026-02-12T20:33:42.097+0000] {spark_submit.py:492} INFO - "metadata" : { }
[2026-02-12T20:33:42.097+0000] {spark_submit.py:492} INFO - }, {
[2026-02-12T20:33:42.097+0000] {spark_submit.py:492} INFO - "name" : "retweets",
[2026-02-12T20:33:42.097+0000] {spark_submit.py:492} INFO - "type" : "long",
[2026-02-12T20:33:42.097+0000] {spark_submit.py:492} INFO - "nullable" : true,
[2026-02-12T20:33:42.097+0000] {spark_submit.py:492} INFO - "metadata" : { }
[2026-02-12T20:33:42.097+0000] {spark_submit.py:492} INFO - }, {
[2026-02-12T20:33:42.097+0000] {spark_submit.py:492} INFO - "name" : "processing_date",
[2026-02-12T20:33:42.097+0000] {spark_submit.py:492} INFO - "type" : "date",
[2026-02-12T20:33:42.097+0000] {spark_submit.py:492} INFO - "nullable" : false,
[2026-02-12T20:33:42.097+0000] {spark_submit.py:492} INFO - "metadata" : { }
[2026-02-12T20:33:42.098+0000] {spark_submit.py:492} INFO - } ]
[2026-02-12T20:33:42.098+0000] {spark_submit.py:492} INFO - }
[2026-02-12T20:33:42.098+0000] {spark_submit.py:492} INFO - and corresponding Parquet message type:
[2026-02-12T20:33:42.098+0000] {spark_submit.py:492} INFO - message spark_schema {
[2026-02-12T20:33:42.098+0000] {spark_submit.py:492} INFO - optional binary user_id (STRING);
[2026-02-12T20:33:42.098+0000] {spark_submit.py:492} INFO - optional binary thread_id (STRING);
[2026-02-12T20:33:42.098+0000] {spark_submit.py:492} INFO - optional binary created_at (STRING);
[2026-02-12T20:33:42.098+0000] {spark_submit.py:492} INFO - optional group edit_versions_ids (LIST) {
[2026-02-12T20:33:42.098+0000] {spark_submit.py:492} INFO - repeated group list {
[2026-02-12T20:33:42.099+0000] {spark_submit.py:492} INFO - optional int64 element;
[2026-02-12T20:33:42.099+0000] {spark_submit.py:492} INFO - }
[2026-02-12T20:33:42.099+0000] {spark_submit.py:492} INFO - }
[2026-02-12T20:33:42.099+0000] {spark_submit.py:492} INFO - optional binary tweet_id (STRING);
[2026-02-12T20:33:42.099+0000] {spark_submit.py:492} INFO - optional binary reply_to_user_id (STRING);
[2026-02-12T20:33:42.099+0000] {spark_submit.py:492} INFO - optional binary language (STRING);
[2026-02-12T20:33:42.099+0000] {spark_submit.py:492} INFO - optional binary tweet_text (STRING);
[2026-02-12T20:33:42.099+0000] {spark_submit.py:492} INFO - optional int64 likes;
[2026-02-12T20:33:42.100+0000] {spark_submit.py:492} INFO - optional int64 quotes;
[2026-02-12T20:33:42.100+0000] {spark_submit.py:492} INFO - optional int64 replies;
[2026-02-12T20:33:42.100+0000] {spark_submit.py:492} INFO - optional int64 retweets;
[2026-02-12T20:33:42.100+0000] {spark_submit.py:492} INFO - required int32 processing_date (DATE);
[2026-02-12T20:33:42.100+0000] {spark_submit.py:492} INFO - }
[2026-02-12T20:33:42.100+0000] {spark_submit.py:492} INFO - 
[2026-02-12T20:33:42.100+0000] {spark_submit.py:492} INFO - 
[2026-02-12T20:33:42.115+0000] {spark_submit.py:492} INFO - 26/02/12 20:33:42 INFO CodecConfig: Compression: SNAPPY
[2026-02-12T20:33:42.115+0000] {spark_submit.py:492} INFO - 26/02/12 20:33:42 INFO CodecConfig: Compression: SNAPPY
[2026-02-12T20:33:42.116+0000] {spark_submit.py:492} INFO - 26/02/12 20:33:42 INFO ParquetOutputFormat: ParquetRecordWriter [block size: 134217728b, row group padding size: 8388608b, validating: false]
[2026-02-12T20:33:42.117+0000] {spark_submit.py:492} INFO - 26/02/12 20:33:42 INFO ParquetWriteSupport: Initialized Parquet WriteSupport with Catalyst schema:
[2026-02-12T20:33:42.118+0000] {spark_submit.py:492} INFO - {
[2026-02-12T20:33:42.118+0000] {spark_submit.py:492} INFO - "type" : "struct",
[2026-02-12T20:33:42.118+0000] {spark_submit.py:492} INFO - "fields" : [ {
[2026-02-12T20:33:42.118+0000] {spark_submit.py:492} INFO - "name" : "user_id",
[2026-02-12T20:33:42.118+0000] {spark_submit.py:492} INFO - "type" : "string",
[2026-02-12T20:33:42.118+0000] {spark_submit.py:492} INFO - "nullable" : true,
[2026-02-12T20:33:42.118+0000] {spark_submit.py:492} INFO - "metadata" : { }
[2026-02-12T20:33:42.118+0000] {spark_submit.py:492} INFO - }, {
[2026-02-12T20:33:42.119+0000] {spark_submit.py:492} INFO - "name" : "thread_id",
[2026-02-12T20:33:42.119+0000] {spark_submit.py:492} INFO - "type" : "string",
[2026-02-12T20:33:42.119+0000] {spark_submit.py:492} INFO - "nullable" : true,
[2026-02-12T20:33:42.119+0000] {spark_submit.py:492} INFO - "metadata" : { }
[2026-02-12T20:33:42.119+0000] {spark_submit.py:492} INFO - }, {
[2026-02-12T20:33:42.119+0000] {spark_submit.py:492} INFO - "name" : "created_at",
[2026-02-12T20:33:42.119+0000] {spark_submit.py:492} INFO - "type" : "string",
[2026-02-12T20:33:42.119+0000] {spark_submit.py:492} INFO - "nullable" : true,
[2026-02-12T20:33:42.119+0000] {spark_submit.py:492} INFO - "metadata" : { }
[2026-02-12T20:33:42.120+0000] {spark_submit.py:492} INFO - }, {
[2026-02-12T20:33:42.120+0000] {spark_submit.py:492} INFO - "name" : "edit_versions_ids",
[2026-02-12T20:33:42.120+0000] {spark_submit.py:492} INFO - "type" : {
[2026-02-12T20:33:42.120+0000] {spark_submit.py:492} INFO - "type" : "array",
[2026-02-12T20:33:42.120+0000] {spark_submit.py:492} INFO - "elementType" : "long",
[2026-02-12T20:33:42.120+0000] {spark_submit.py:492} INFO - "containsNull" : true
[2026-02-12T20:33:42.120+0000] {spark_submit.py:492} INFO - },
[2026-02-12T20:33:42.120+0000] {spark_submit.py:492} INFO - "nullable" : true,
[2026-02-12T20:33:42.120+0000] {spark_submit.py:492} INFO - "metadata" : { }
[2026-02-12T20:33:42.120+0000] {spark_submit.py:492} INFO - }, {
[2026-02-12T20:33:42.120+0000] {spark_submit.py:492} INFO - "name" : "tweet_id",
[2026-02-12T20:33:42.120+0000] {spark_submit.py:492} INFO - "type" : "string",
[2026-02-12T20:33:42.120+0000] {spark_submit.py:492} INFO - "nullable" : true,
[2026-02-12T20:33:42.121+0000] {spark_submit.py:492} INFO - "metadata" : { }
[2026-02-12T20:33:42.121+0000] {spark_submit.py:492} INFO - }, {
[2026-02-12T20:33:42.121+0000] {spark_submit.py:492} INFO - "name" : "reply_to_user_id",
[2026-02-12T20:33:42.121+0000] {spark_submit.py:492} INFO - "type" : "string",
[2026-02-12T20:33:42.121+0000] {spark_submit.py:492} INFO - "nullable" : true,
[2026-02-12T20:33:42.121+0000] {spark_submit.py:492} INFO - "metadata" : { }
[2026-02-12T20:33:42.121+0000] {spark_submit.py:492} INFO - }, {
[2026-02-12T20:33:42.121+0000] {spark_submit.py:492} INFO - "name" : "language",
[2026-02-12T20:33:42.121+0000] {spark_submit.py:492} INFO - "type" : "string",
[2026-02-12T20:33:42.121+0000] {spark_submit.py:492} INFO - "nullable" : true,
[2026-02-12T20:33:42.122+0000] {spark_submit.py:492} INFO - "metadata" : { }
[2026-02-12T20:33:42.122+0000] {spark_submit.py:492} INFO - }, {
[2026-02-12T20:33:42.122+0000] {spark_submit.py:492} INFO - "name" : "tweet_text",
[2026-02-12T20:33:42.122+0000] {spark_submit.py:492} INFO - "type" : "string",
[2026-02-12T20:33:42.122+0000] {spark_submit.py:492} INFO - "nullable" : true,
[2026-02-12T20:33:42.122+0000] {spark_submit.py:492} INFO - "metadata" : { }
[2026-02-12T20:33:42.122+0000] {spark_submit.py:492} INFO - }, {
[2026-02-12T20:33:42.122+0000] {spark_submit.py:492} INFO - "name" : "likes",
[2026-02-12T20:33:42.122+0000] {spark_submit.py:492} INFO - "type" : "long",
[2026-02-12T20:33:42.122+0000] {spark_submit.py:492} INFO - "nullable" : true,
[2026-02-12T20:33:42.122+0000] {spark_submit.py:492} INFO - "metadata" : { }
[2026-02-12T20:33:42.123+0000] {spark_submit.py:492} INFO - }, {
[2026-02-12T20:33:42.123+0000] {spark_submit.py:492} INFO - "name" : "quotes",
[2026-02-12T20:33:42.123+0000] {spark_submit.py:492} INFO - "type" : "long",
[2026-02-12T20:33:42.123+0000] {spark_submit.py:492} INFO - "nullable" : true,
[2026-02-12T20:33:42.123+0000] {spark_submit.py:492} INFO - "metadata" : { }
[2026-02-12T20:33:42.123+0000] {spark_submit.py:492} INFO - }, {
[2026-02-12T20:33:42.123+0000] {spark_submit.py:492} INFO - "name" : "replies",
[2026-02-12T20:33:42.123+0000] {spark_submit.py:492} INFO - "type" : "long",
[2026-02-12T20:33:42.123+0000] {spark_submit.py:492} INFO - "nullable" : true,
[2026-02-12T20:33:42.123+0000] {spark_submit.py:492} INFO - "metadata" : { }
[2026-02-12T20:33:42.123+0000] {spark_submit.py:492} INFO - }, {
[2026-02-12T20:33:42.123+0000] {spark_submit.py:492} INFO - "name" : "retweets",
[2026-02-12T20:33:42.123+0000] {spark_submit.py:492} INFO - "type" : "long",
[2026-02-12T20:33:42.123+0000] {spark_submit.py:492} INFO - "nullable" : true,
[2026-02-12T20:33:42.123+0000] {spark_submit.py:492} INFO - "metadata" : { }
[2026-02-12T20:33:42.124+0000] {spark_submit.py:492} INFO - }, {
[2026-02-12T20:33:42.124+0000] {spark_submit.py:492} INFO - "name" : "processing_date",
[2026-02-12T20:33:42.124+0000] {spark_submit.py:492} INFO - "type" : "date",
[2026-02-12T20:33:42.124+0000] {spark_submit.py:492} INFO - "nullable" : false,
[2026-02-12T20:33:42.124+0000] {spark_submit.py:492} INFO - "metadata" : { }
[2026-02-12T20:33:42.124+0000] {spark_submit.py:492} INFO - } ]
[2026-02-12T20:33:42.124+0000] {spark_submit.py:492} INFO - }
[2026-02-12T20:33:42.124+0000] {spark_submit.py:492} INFO - and corresponding Parquet message type:
[2026-02-12T20:33:42.124+0000] {spark_submit.py:492} INFO - message spark_schema {
[2026-02-12T20:33:42.124+0000] {spark_submit.py:492} INFO - optional binary user_id (STRING);
[2026-02-12T20:33:42.124+0000] {spark_submit.py:492} INFO - optional binary thread_id (STRING);
[2026-02-12T20:33:42.124+0000] {spark_submit.py:492} INFO - optional binary created_at (STRING);
[2026-02-12T20:33:42.124+0000] {spark_submit.py:492} INFO - optional group edit_versions_ids (LIST) {
[2026-02-12T20:33:42.125+0000] {spark_submit.py:492} INFO - repeated group list {
[2026-02-12T20:33:42.125+0000] {spark_submit.py:492} INFO - optional int64 element;
[2026-02-12T20:33:42.125+0000] {spark_submit.py:492} INFO - }
[2026-02-12T20:33:42.125+0000] {spark_submit.py:492} INFO - }
[2026-02-12T20:33:42.125+0000] {spark_submit.py:492} INFO - optional binary tweet_id (STRING);
[2026-02-12T20:33:42.125+0000] {spark_submit.py:492} INFO - optional binary reply_to_user_id (STRING);
[2026-02-12T20:33:42.125+0000] {spark_submit.py:492} INFO - optional binary language (STRING);
[2026-02-12T20:33:42.125+0000] {spark_submit.py:492} INFO - optional binary tweet_text (STRING);
[2026-02-12T20:33:42.125+0000] {spark_submit.py:492} INFO - optional int64 likes;
[2026-02-12T20:33:42.125+0000] {spark_submit.py:492} INFO - optional int64 quotes;
[2026-02-12T20:33:42.125+0000] {spark_submit.py:492} INFO - optional int64 replies;
[2026-02-12T20:33:42.125+0000] {spark_submit.py:492} INFO - optional int64 retweets;
[2026-02-12T20:33:42.125+0000] {spark_submit.py:492} INFO - required int32 processing_date (DATE);
[2026-02-12T20:33:42.126+0000] {spark_submit.py:492} INFO - }
[2026-02-12T20:33:42.126+0000] {spark_submit.py:492} INFO - 
[2026-02-12T20:33:42.126+0000] {spark_submit.py:492} INFO - 
[2026-02-12T20:33:42.138+0000] {spark_submit.py:492} INFO - 26/02/12 20:33:42 INFO CodecConfig: Compression: SNAPPY
[2026-02-12T20:33:42.138+0000] {spark_submit.py:492} INFO - 26/02/12 20:33:42 INFO CodecConfig: Compression: SNAPPY
[2026-02-12T20:33:42.139+0000] {spark_submit.py:492} INFO - 26/02/12 20:33:42 INFO ParquetOutputFormat: ParquetRecordWriter [block size: 134217728b, row group padding size: 8388608b, validating: false]
[2026-02-12T20:33:42.140+0000] {spark_submit.py:492} INFO - 26/02/12 20:33:42 INFO ParquetWriteSupport: Initialized Parquet WriteSupport with Catalyst schema:
[2026-02-12T20:33:42.140+0000] {spark_submit.py:492} INFO - {
[2026-02-12T20:33:42.140+0000] {spark_submit.py:492} INFO - "type" : "struct",
[2026-02-12T20:33:42.141+0000] {spark_submit.py:492} INFO - "fields" : [ {
[2026-02-12T20:33:42.141+0000] {spark_submit.py:492} INFO - "name" : "user_id",
[2026-02-12T20:33:42.141+0000] {spark_submit.py:492} INFO - "type" : "string",
[2026-02-12T20:33:42.141+0000] {spark_submit.py:492} INFO - "nullable" : true,
[2026-02-12T20:33:42.141+0000] {spark_submit.py:492} INFO - "metadata" : { }
[2026-02-12T20:33:42.141+0000] {spark_submit.py:492} INFO - }, {
[2026-02-12T20:33:42.141+0000] {spark_submit.py:492} INFO - "name" : "thread_id",
[2026-02-12T20:33:42.141+0000] {spark_submit.py:492} INFO - "type" : "string",
[2026-02-12T20:33:42.142+0000] {spark_submit.py:492} INFO - "nullable" : true,
[2026-02-12T20:33:42.142+0000] {spark_submit.py:492} INFO - "metadata" : { }
[2026-02-12T20:33:42.142+0000] {spark_submit.py:492} INFO - }, {
[2026-02-12T20:33:42.142+0000] {spark_submit.py:492} INFO - "name" : "created_at",
[2026-02-12T20:33:42.142+0000] {spark_submit.py:492} INFO - "type" : "string",
[2026-02-12T20:33:42.142+0000] {spark_submit.py:492} INFO - "nullable" : true,
[2026-02-12T20:33:42.142+0000] {spark_submit.py:492} INFO - "metadata" : { }
[2026-02-12T20:33:42.143+0000] {spark_submit.py:492} INFO - }, {
[2026-02-12T20:33:42.143+0000] {spark_submit.py:492} INFO - "name" : "edit_versions_ids",
[2026-02-12T20:33:42.143+0000] {spark_submit.py:492} INFO - "type" : {
[2026-02-12T20:33:42.143+0000] {spark_submit.py:492} INFO - "type" : "array",
[2026-02-12T20:33:42.143+0000] {spark_submit.py:492} INFO - "elementType" : "long",
[2026-02-12T20:33:42.143+0000] {spark_submit.py:492} INFO - "containsNull" : true
[2026-02-12T20:33:42.143+0000] {spark_submit.py:492} INFO - },
[2026-02-12T20:33:42.143+0000] {spark_submit.py:492} INFO - "nullable" : true,
[2026-02-12T20:33:42.143+0000] {spark_submit.py:492} INFO - "metadata" : { }
[2026-02-12T20:33:42.144+0000] {spark_submit.py:492} INFO - }, {
[2026-02-12T20:33:42.144+0000] {spark_submit.py:492} INFO - "name" : "tweet_id",
[2026-02-12T20:33:42.144+0000] {spark_submit.py:492} INFO - "type" : "string",
[2026-02-12T20:33:42.144+0000] {spark_submit.py:492} INFO - "nullable" : true,
[2026-02-12T20:33:42.144+0000] {spark_submit.py:492} INFO - "metadata" : { }
[2026-02-12T20:33:42.144+0000] {spark_submit.py:492} INFO - }, {
[2026-02-12T20:33:42.144+0000] {spark_submit.py:492} INFO - "name" : "reply_to_user_id",
[2026-02-12T20:33:42.144+0000] {spark_submit.py:492} INFO - "type" : "string",
[2026-02-12T20:33:42.144+0000] {spark_submit.py:492} INFO - "nullable" : true,
[2026-02-12T20:33:42.145+0000] {spark_submit.py:492} INFO - "metadata" : { }
[2026-02-12T20:33:42.145+0000] {spark_submit.py:492} INFO - }, {
[2026-02-12T20:33:42.145+0000] {spark_submit.py:492} INFO - "name" : "language",
[2026-02-12T20:33:42.145+0000] {spark_submit.py:492} INFO - "type" : "string",
[2026-02-12T20:33:42.145+0000] {spark_submit.py:492} INFO - "nullable" : true,
[2026-02-12T20:33:42.145+0000] {spark_submit.py:492} INFO - "metadata" : { }
[2026-02-12T20:33:42.145+0000] {spark_submit.py:492} INFO - }, {
[2026-02-12T20:33:42.145+0000] {spark_submit.py:492} INFO - "name" : "tweet_text",
[2026-02-12T20:33:42.145+0000] {spark_submit.py:492} INFO - "type" : "string",
[2026-02-12T20:33:42.146+0000] {spark_submit.py:492} INFO - "nullable" : true,
[2026-02-12T20:33:42.146+0000] {spark_submit.py:492} INFO - "metadata" : { }
[2026-02-12T20:33:42.146+0000] {spark_submit.py:492} INFO - }, {
[2026-02-12T20:33:42.146+0000] {spark_submit.py:492} INFO - "name" : "likes",
[2026-02-12T20:33:42.146+0000] {spark_submit.py:492} INFO - "type" : "long",
[2026-02-12T20:33:42.146+0000] {spark_submit.py:492} INFO - "nullable" : true,
[2026-02-12T20:33:42.146+0000] {spark_submit.py:492} INFO - "metadata" : { }
[2026-02-12T20:33:42.146+0000] {spark_submit.py:492} INFO - }, {
[2026-02-12T20:33:42.146+0000] {spark_submit.py:492} INFO - "name" : "quotes",
[2026-02-12T20:33:42.146+0000] {spark_submit.py:492} INFO - "type" : "long",
[2026-02-12T20:33:42.147+0000] {spark_submit.py:492} INFO - "nullable" : true,
[2026-02-12T20:33:42.147+0000] {spark_submit.py:492} INFO - "metadata" : { }
[2026-02-12T20:33:42.147+0000] {spark_submit.py:492} INFO - }, {
[2026-02-12T20:33:42.147+0000] {spark_submit.py:492} INFO - "name" : "replies",
[2026-02-12T20:33:42.147+0000] {spark_submit.py:492} INFO - "type" : "long",
[2026-02-12T20:33:42.147+0000] {spark_submit.py:492} INFO - "nullable" : true,
[2026-02-12T20:33:42.147+0000] {spark_submit.py:492} INFO - "metadata" : { }
[2026-02-12T20:33:42.147+0000] {spark_submit.py:492} INFO - }, {
[2026-02-12T20:33:42.147+0000] {spark_submit.py:492} INFO - "name" : "retweets",
[2026-02-12T20:33:42.147+0000] {spark_submit.py:492} INFO - "type" : "long",
[2026-02-12T20:33:42.148+0000] {spark_submit.py:492} INFO - "nullable" : true,
[2026-02-12T20:33:42.148+0000] {spark_submit.py:492} INFO - "metadata" : { }
[2026-02-12T20:33:42.148+0000] {spark_submit.py:492} INFO - }, {
[2026-02-12T20:33:42.148+0000] {spark_submit.py:492} INFO - "name" : "processing_date",
[2026-02-12T20:33:42.148+0000] {spark_submit.py:492} INFO - "type" : "date",
[2026-02-12T20:33:42.148+0000] {spark_submit.py:492} INFO - "nullable" : false,
[2026-02-12T20:33:42.148+0000] {spark_submit.py:492} INFO - "metadata" : { }
[2026-02-12T20:33:42.148+0000] {spark_submit.py:492} INFO - } ]
[2026-02-12T20:33:42.148+0000] {spark_submit.py:492} INFO - }
[2026-02-12T20:33:42.148+0000] {spark_submit.py:492} INFO - and corresponding Parquet message type:
[2026-02-12T20:33:42.148+0000] {spark_submit.py:492} INFO - message spark_schema {
[2026-02-12T20:33:42.149+0000] {spark_submit.py:492} INFO - optional binary user_id (STRING);
[2026-02-12T20:33:42.149+0000] {spark_submit.py:492} INFO - optional binary thread_id (STRING);
[2026-02-12T20:33:42.149+0000] {spark_submit.py:492} INFO - optional binary created_at (STRING);
[2026-02-12T20:33:42.149+0000] {spark_submit.py:492} INFO - optional group edit_versions_ids (LIST) {
[2026-02-12T20:33:42.149+0000] {spark_submit.py:492} INFO - repeated group list {
[2026-02-12T20:33:42.149+0000] {spark_submit.py:492} INFO - optional int64 element;
[2026-02-12T20:33:42.149+0000] {spark_submit.py:492} INFO - }
[2026-02-12T20:33:42.149+0000] {spark_submit.py:492} INFO - }
[2026-02-12T20:33:42.149+0000] {spark_submit.py:492} INFO - optional binary tweet_id (STRING);
[2026-02-12T20:33:42.149+0000] {spark_submit.py:492} INFO - optional binary reply_to_user_id (STRING);
[2026-02-12T20:33:42.150+0000] {spark_submit.py:492} INFO - optional binary language (STRING);
[2026-02-12T20:33:42.150+0000] {spark_submit.py:492} INFO - optional binary tweet_text (STRING);
[2026-02-12T20:33:42.150+0000] {spark_submit.py:492} INFO - optional int64 likes;
[2026-02-12T20:33:42.150+0000] {spark_submit.py:492} INFO - optional int64 quotes;
[2026-02-12T20:33:42.150+0000] {spark_submit.py:492} INFO - optional int64 replies;
[2026-02-12T20:33:42.150+0000] {spark_submit.py:492} INFO - optional int64 retweets;
[2026-02-12T20:33:42.150+0000] {spark_submit.py:492} INFO - required int32 processing_date (DATE);
[2026-02-12T20:33:42.150+0000] {spark_submit.py:492} INFO - }
[2026-02-12T20:33:42.150+0000] {spark_submit.py:492} INFO - 
[2026-02-12T20:33:42.150+0000] {spark_submit.py:492} INFO - 
[2026-02-12T20:33:42.166+0000] {spark_submit.py:492} INFO - 26/02/12 20:33:42 INFO FileOutputCommitter: Saved output of task 'attempt_20260212203341733108250670594338_0001_m_000000_1' to file:/opt/airflow/data/silver/_temporary/0/task_20260212203341733108250670594338_0001_m_000000
[2026-02-12T20:33:42.166+0000] {spark_submit.py:492} INFO - 26/02/12 20:33:42 INFO SparkHadoopMapRedUtil: attempt_20260212203341733108250670594338_0001_m_000000_1: Committed. Elapsed time: 0 ms.
[2026-02-12T20:33:42.176+0000] {spark_submit.py:492} INFO - 26/02/12 20:33:42 INFO Executor: Finished task 0.0 in stage 1.0 (TID 1). 3930 bytes result sent to driver
[2026-02-12T20:33:42.178+0000] {spark_submit.py:492} INFO - 26/02/12 20:33:42 INFO TaskSetManager: Finished task 0.0 in stage 1.0 (TID 1) in 863 ms on 649004db3ede (executor driver) (1/1)
[2026-02-12T20:33:42.179+0000] {spark_submit.py:492} INFO - 26/02/12 20:33:42 INFO TaskSchedulerImpl: Removed TaskSet 1.0, whose tasks have all completed, from pool
[2026-02-12T20:33:42.179+0000] {spark_submit.py:492} INFO - 26/02/12 20:33:42 INFO DAGScheduler: ResultStage 1 (parquet at NativeMethodAccessorImpl.java:0) finished in 0.883 s
[2026-02-12T20:33:42.179+0000] {spark_submit.py:492} INFO - 26/02/12 20:33:42 INFO DAGScheduler: Job 1 is finished. Cancelling potential speculative or zombie tasks for this job
[2026-02-12T20:33:42.179+0000] {spark_submit.py:492} INFO - 26/02/12 20:33:42 INFO TaskSchedulerImpl: Killing all running tasks in stage 1: Stage finished
[2026-02-12T20:33:42.180+0000] {spark_submit.py:492} INFO - 26/02/12 20:33:42 INFO DAGScheduler: Job 1 finished: parquet at NativeMethodAccessorImpl.java:0, took 0.886466 s
[2026-02-12T20:33:42.181+0000] {spark_submit.py:492} INFO - 26/02/12 20:33:42 INFO FileFormatWriter: Start to commit write Job ea9e258b-a53f-447b-aad7-8a26e624b3d2.
[2026-02-12T20:33:42.197+0000] {spark_submit.py:492} INFO - 26/02/12 20:33:42 INFO FileFormatWriter: Write Job ea9e258b-a53f-447b-aad7-8a26e624b3d2 committed. Elapsed time: 14 ms.
[2026-02-12T20:33:42.199+0000] {spark_submit.py:492} INFO - 26/02/12 20:33:42 INFO FileFormatWriter: Finished processing stats for write job ea9e258b-a53f-447b-aad7-8a26e624b3d2.
[2026-02-12T20:33:42.239+0000] {spark_submit.py:492} INFO - 26/02/12 20:33:42 INFO SparkContext: Invoking stop() from shutdown hook
[2026-02-12T20:33:42.239+0000] {spark_submit.py:492} INFO - 26/02/12 20:33:42 INFO SparkContext: SparkContext is stopping with exitCode 0.
[2026-02-12T20:33:42.247+0000] {spark_submit.py:492} INFO - 26/02/12 20:33:42 INFO SparkUI: Stopped Spark web UI at http://649004db3ede:4040
[2026-02-12T20:33:42.254+0000] {spark_submit.py:492} INFO - 26/02/12 20:33:42 INFO MapOutputTrackerMasterEndpoint: MapOutputTrackerMasterEndpoint stopped!
[2026-02-12T20:33:42.263+0000] {spark_submit.py:492} INFO - 26/02/12 20:33:42 INFO MemoryStore: MemoryStore cleared
[2026-02-12T20:33:42.263+0000] {spark_submit.py:492} INFO - 26/02/12 20:33:42 INFO BlockManager: BlockManager stopped
[2026-02-12T20:33:42.267+0000] {spark_submit.py:492} INFO - 26/02/12 20:33:42 INFO BlockManagerMaster: BlockManagerMaster stopped
[2026-02-12T20:33:42.268+0000] {spark_submit.py:492} INFO - 26/02/12 20:33:42 INFO OutputCommitCoordinator$OutputCommitCoordinatorEndpoint: OutputCommitCoordinator stopped!
[2026-02-12T20:33:42.274+0000] {spark_submit.py:492} INFO - 26/02/12 20:33:42 INFO SparkContext: Successfully stopped SparkContext
[2026-02-12T20:33:42.274+0000] {spark_submit.py:492} INFO - 26/02/12 20:33:42 INFO ShutdownHookManager: Shutdown hook called
[2026-02-12T20:33:42.274+0000] {spark_submit.py:492} INFO - 26/02/12 20:33:42 INFO ShutdownHookManager: Deleting directory /tmp/spark-cdf3263d-ccf0-4e3d-9863-ace3f2140283
[2026-02-12T20:33:42.279+0000] {spark_submit.py:492} INFO - 26/02/12 20:33:42 INFO ShutdownHookManager: Deleting directory /tmp/spark-cdf3263d-ccf0-4e3d-9863-ace3f2140283/pyspark-4a9a5d11-59b8-4b80-9180-b1ec40800133
[2026-02-12T20:33:42.283+0000] {spark_submit.py:492} INFO - 26/02/12 20:33:42 INFO ShutdownHookManager: Deleting directory /tmp/spark-b102b5c8-8e4f-4fbe-8d32-b7e6e93ba0ab
[2026-02-12T20:33:42.365+0000] {taskinstance.py:441} INFO - ::group::Post task execution logs
[2026-02-12T20:33:42.374+0000] {taskinstance.py:1206} INFO - Marking task as SUCCESS. dag_id=twitter_pipeline_2, task_id=transform_twitter_datascience, run_id=scheduled__2026-02-04T00:00:00+00:00, execution_date=20260204T000000, start_date=20260212T203335, end_date=20260212T203342
[2026-02-12T20:33:42.410+0000] {local_task_job_runner.py:243} INFO - Task exited with return code 0
[2026-02-12T20:33:42.424+0000] {taskinstance.py:3503} INFO - 0 downstream tasks scheduled from follow-on schedule check
[2026-02-12T20:33:42.425+0000] {local_task_job_runner.py:222} INFO - ::endgroup::
