[2026-02-12T20:31:09.968+0000] {local_task_job_runner.py:120} INFO - ::group::Pre task execution logs
[2026-02-12T20:31:09.989+0000] {taskinstance.py:2076} INFO - Dependencies all met for dep_context=non-requeueable deps ti=<TaskInstance: twitter_pipeline_2.transform_twitter_datascience manual__2026-02-12T20:31:06.831538+00:00 [queued]>
[2026-02-12T20:31:09.996+0000] {taskinstance.py:2076} INFO - Dependencies all met for dep_context=requeueable deps ti=<TaskInstance: twitter_pipeline_2.transform_twitter_datascience manual__2026-02-12T20:31:06.831538+00:00 [queued]>
[2026-02-12T20:31:09.996+0000] {taskinstance.py:2306} INFO - Starting attempt 1 of 1
[2026-02-12T20:31:10.007+0000] {taskinstance.py:2330} INFO - Executing <Task(SparkSubmitOperator): transform_twitter_datascience> on 2026-02-12 20:31:06.831538+00:00
[2026-02-12T20:31:10.013+0000] {standard_task_runner.py:64} INFO - Started process 224 to run task
[2026-02-12T20:31:10.015+0000] {standard_task_runner.py:90} INFO - Running: ['airflow', 'tasks', 'run', 'twitter_pipeline_2', 'transform_twitter_datascience', 'manual__2026-02-12T20:31:06.831538+00:00', '--job-id', '68', '--raw', '--subdir', 'DAGS_FOLDER/dag2.py', '--cfg-path', '/tmp/tmpfbycexdy']
[2026-02-12T20:31:10.017+0000] {standard_task_runner.py:91} INFO - Job 68: Subtask transform_twitter_datascience
[2026-02-12T20:31:10.059+0000] {task_command.py:426} INFO - Running <TaskInstance: twitter_pipeline_2.transform_twitter_datascience manual__2026-02-12T20:31:06.831538+00:00 [running]> on host 649004db3ede
[2026-02-12T20:31:10.129+0000] {taskinstance.py:2648} INFO - Exporting env vars: AIRFLOW_CTX_DAG_OWNER='airflow' AIRFLOW_CTX_DAG_ID='twitter_pipeline_2' AIRFLOW_CTX_TASK_ID='transform_twitter_datascience' AIRFLOW_CTX_EXECUTION_DATE='2026-02-12T20:31:06.831538+00:00' AIRFLOW_CTX_TRY_NUMBER='1' AIRFLOW_CTX_DAG_RUN_ID='manual__2026-02-12T20:31:06.831538+00:00'
[2026-02-12T20:31:10.130+0000] {taskinstance.py:430} INFO - ::endgroup::
[2026-02-12T20:31:10.137+0000] {base.py:84} INFO - Using connection ID 'spark_default' for task execution.
[2026-02-12T20:31:10.138+0000] {spark_submit.py:341} INFO - Spark-Submit cmd: spark-submit --master local --name twitter_transformation --queue root.default /opt/airflow/src/spark/transformation.py --src /opt/data_lake/twitter_posts_raw --dest /opt/airflow/data/silver
[2026-02-12T20:31:12.786+0000] {spark_submit.py:492} INFO - 26/02/12 20:31:12 INFO SparkContext: Running Spark version 3.4.1
[2026-02-12T20:31:12.846+0000] {spark_submit.py:492} INFO - 26/02/12 20:31:12 WARN NativeCodeLoader: Unable to load native-hadoop library for your platform... using builtin-java classes where applicable
[2026-02-12T20:31:12.926+0000] {spark_submit.py:492} INFO - 26/02/12 20:31:12 INFO ResourceUtils: ==============================================================
[2026-02-12T20:31:12.926+0000] {spark_submit.py:492} INFO - 26/02/12 20:31:12 INFO ResourceUtils: No custom resources configured for spark.driver.
[2026-02-12T20:31:12.926+0000] {spark_submit.py:492} INFO - 26/02/12 20:31:12 INFO ResourceUtils: ==============================================================
[2026-02-12T20:31:12.926+0000] {spark_submit.py:492} INFO - 26/02/12 20:31:12 INFO SparkContext: Submitted application: twitter_transformation
[2026-02-12T20:31:12.943+0000] {spark_submit.py:492} INFO - 26/02/12 20:31:12 INFO ResourceProfile: Default ResourceProfile created, executor resources: Map(cores -> name: cores, amount: 1, script: , vendor: , memory -> name: memory, amount: 1024, script: , vendor: , offHeap -> name: offHeap, amount: 0, script: , vendor: ), task resources: Map(cpus -> name: cpus, amount: 1.0)
[2026-02-12T20:31:12.948+0000] {spark_submit.py:492} INFO - 26/02/12 20:31:12 INFO ResourceProfile: Limiting resource is cpu
[2026-02-12T20:31:12.949+0000] {spark_submit.py:492} INFO - 26/02/12 20:31:12 INFO ResourceProfileManager: Added ResourceProfile id: 0
[2026-02-12T20:31:12.998+0000] {spark_submit.py:492} INFO - 26/02/12 20:31:12 INFO SecurityManager: Changing view acls to: default
[2026-02-12T20:31:12.998+0000] {spark_submit.py:492} INFO - 26/02/12 20:31:12 INFO SecurityManager: Changing modify acls to: default
[2026-02-12T20:31:12.998+0000] {spark_submit.py:492} INFO - 26/02/12 20:31:12 INFO SecurityManager: Changing view acls groups to:
[2026-02-12T20:31:12.998+0000] {spark_submit.py:492} INFO - 26/02/12 20:31:12 INFO SecurityManager: Changing modify acls groups to:
[2026-02-12T20:31:12.999+0000] {spark_submit.py:492} INFO - 26/02/12 20:31:12 INFO SecurityManager: SecurityManager: authentication disabled; ui acls disabled; users with view permissions: default; groups with view permissions: EMPTY; users with modify permissions: default; groups with modify permissions: EMPTY
[2026-02-12T20:31:13.179+0000] {spark_submit.py:492} INFO - 26/02/12 20:31:13 INFO Utils: Successfully started service 'sparkDriver' on port 43125.
[2026-02-12T20:31:13.207+0000] {spark_submit.py:492} INFO - 26/02/12 20:31:13 INFO SparkEnv: Registering MapOutputTracker
[2026-02-12T20:31:13.235+0000] {spark_submit.py:492} INFO - 26/02/12 20:31:13 INFO SparkEnv: Registering BlockManagerMaster
[2026-02-12T20:31:13.252+0000] {spark_submit.py:492} INFO - 26/02/12 20:31:13 INFO BlockManagerMasterEndpoint: Using org.apache.spark.storage.DefaultTopologyMapper for getting topology information
[2026-02-12T20:31:13.253+0000] {spark_submit.py:492} INFO - 26/02/12 20:31:13 INFO BlockManagerMasterEndpoint: BlockManagerMasterEndpoint up
[2026-02-12T20:31:13.257+0000] {spark_submit.py:492} INFO - 26/02/12 20:31:13 INFO SparkEnv: Registering BlockManagerMasterHeartbeat
[2026-02-12T20:31:13.277+0000] {spark_submit.py:492} INFO - 26/02/12 20:31:13 INFO DiskBlockManager: Created local directory at /tmp/blockmgr-c2c63436-d487-4232-8f0a-3fd9ea37b348
[2026-02-12T20:31:13.289+0000] {spark_submit.py:492} INFO - 26/02/12 20:31:13 INFO MemoryStore: MemoryStore started with capacity 434.4 MiB
[2026-02-12T20:31:13.302+0000] {spark_submit.py:492} INFO - 26/02/12 20:31:13 INFO SparkEnv: Registering OutputCommitCoordinator
[2026-02-12T20:31:13.422+0000] {spark_submit.py:492} INFO - 26/02/12 20:31:13 INFO JettyUtils: Start Jetty 0.0.0.0:4040 for SparkUI
[2026-02-12T20:31:13.471+0000] {spark_submit.py:492} INFO - 26/02/12 20:31:13 INFO Utils: Successfully started service 'SparkUI' on port 4040.
[2026-02-12T20:31:13.545+0000] {spark_submit.py:492} INFO - 26/02/12 20:31:13 INFO Executor: Starting executor ID driver on host 649004db3ede
[2026-02-12T20:31:13.550+0000] {spark_submit.py:492} INFO - 26/02/12 20:31:13 INFO Executor: Starting executor with user classpath (userClassPathFirst = false): ''
[2026-02-12T20:31:13.564+0000] {spark_submit.py:492} INFO - 26/02/12 20:31:13 INFO Utils: Successfully started service 'org.apache.spark.network.netty.NettyBlockTransferService' on port 43961.
[2026-02-12T20:31:13.564+0000] {spark_submit.py:492} INFO - 26/02/12 20:31:13 INFO NettyBlockTransferService: Server created on 649004db3ede:43961
[2026-02-12T20:31:13.566+0000] {spark_submit.py:492} INFO - 26/02/12 20:31:13 INFO BlockManager: Using org.apache.spark.storage.RandomBlockReplicationPolicy for block replication policy
[2026-02-12T20:31:13.571+0000] {spark_submit.py:492} INFO - 26/02/12 20:31:13 INFO BlockManagerMaster: Registering BlockManager BlockManagerId(driver, 649004db3ede, 43961, None)
[2026-02-12T20:31:13.575+0000] {spark_submit.py:492} INFO - 26/02/12 20:31:13 INFO BlockManagerMasterEndpoint: Registering block manager 649004db3ede:43961 with 434.4 MiB RAM, BlockManagerId(driver, 649004db3ede, 43961, None)
[2026-02-12T20:31:13.576+0000] {spark_submit.py:492} INFO - 26/02/12 20:31:13 INFO BlockManagerMaster: Registered BlockManager BlockManagerId(driver, 649004db3ede, 43961, None)
[2026-02-12T20:31:13.577+0000] {spark_submit.py:492} INFO - 26/02/12 20:31:13 INFO BlockManager: Initialized BlockManager: BlockManagerId(driver, 649004db3ede, 43961, None)
[2026-02-12T20:31:13.906+0000] {spark_submit.py:492} INFO - 26/02/12 20:31:13 INFO SharedState: Setting hive.metastore.warehouse.dir ('null') to the value of spark.sql.warehouse.dir.
[2026-02-12T20:31:13.912+0000] {spark_submit.py:492} INFO - 26/02/12 20:31:13 INFO SharedState: Warehouse path is 'file:/opt/airflow/spark-warehouse'.
[2026-02-12T20:31:14.527+0000] {spark_submit.py:492} INFO - 26/02/12 20:31:14 INFO InMemoryFileIndex: It took 39 ms to list leaf files for 1 paths.
[2026-02-12T20:31:14.580+0000] {spark_submit.py:492} INFO - 26/02/12 20:31:14 INFO InMemoryFileIndex: It took 7 ms to list leaf files for 12 paths.
[2026-02-12T20:31:16.688+0000] {spark_submit.py:492} INFO - 26/02/12 20:31:16 INFO FileSourceStrategy: Pushed Filters:
[2026-02-12T20:31:16.695+0000] {spark_submit.py:492} INFO - 26/02/12 20:31:16 INFO FileSourceStrategy: Post-Scan Filters:
[2026-02-12T20:31:18.646+0000] {spark_submit.py:492} INFO - 26/02/12 20:31:18 INFO MemoryStore: Block broadcast_0 stored as values in memory (estimated size 199.2 KiB, free 434.2 MiB)
[2026-02-12T20:31:18.700+0000] {spark_submit.py:492} INFO - 26/02/12 20:31:18 INFO MemoryStore: Block broadcast_0_piece0 stored as bytes in memory (estimated size 34.2 KiB, free 434.2 MiB)
[2026-02-12T20:31:18.703+0000] {spark_submit.py:492} INFO - 26/02/12 20:31:18 INFO BlockManagerInfo: Added broadcast_0_piece0 in memory on 649004db3ede:43961 (size: 34.2 KiB, free: 434.4 MiB)
[2026-02-12T20:31:18.707+0000] {spark_submit.py:492} INFO - 26/02/12 20:31:18 INFO SparkContext: Created broadcast 0 from json at NativeMethodAccessorImpl.java:0
[2026-02-12T20:31:18.716+0000] {spark_submit.py:492} INFO - 26/02/12 20:31:18 INFO FileSourceScanExec: Planning scan with bin packing, max size: 50393500 bytes, open cost is considered as scanning 4194304 bytes.
[2026-02-12T20:31:18.851+0000] {spark_submit.py:492} INFO - 26/02/12 20:31:18 INFO SparkContext: Starting job: json at NativeMethodAccessorImpl.java:0
[2026-02-12T20:31:18.863+0000] {spark_submit.py:492} INFO - 26/02/12 20:31:18 INFO DAGScheduler: Got job 0 (json at NativeMethodAccessorImpl.java:0) with 1 output partitions
[2026-02-12T20:31:18.863+0000] {spark_submit.py:492} INFO - 26/02/12 20:31:18 INFO DAGScheduler: Final stage: ResultStage 0 (json at NativeMethodAccessorImpl.java:0)
[2026-02-12T20:31:18.863+0000] {spark_submit.py:492} INFO - 26/02/12 20:31:18 INFO DAGScheduler: Parents of final stage: List()
[2026-02-12T20:31:18.864+0000] {spark_submit.py:492} INFO - 26/02/12 20:31:18 INFO DAGScheduler: Missing parents: List()
[2026-02-12T20:31:18.867+0000] {spark_submit.py:492} INFO - 26/02/12 20:31:18 INFO DAGScheduler: Submitting ResultStage 0 (MapPartitionsRDD[3] at json at NativeMethodAccessorImpl.java:0), which has no missing parents
[2026-02-12T20:31:18.934+0000] {spark_submit.py:492} INFO - 26/02/12 20:31:18 INFO MemoryStore: Block broadcast_1 stored as values in memory (estimated size 15.0 KiB, free 434.2 MiB)
[2026-02-12T20:31:18.936+0000] {spark_submit.py:492} INFO - 26/02/12 20:31:18 INFO MemoryStore: Block broadcast_1_piece0 stored as bytes in memory (estimated size 7.2 KiB, free 434.2 MiB)
[2026-02-12T20:31:18.937+0000] {spark_submit.py:492} INFO - 26/02/12 20:31:18 INFO BlockManagerInfo: Added broadcast_1_piece0 in memory on 649004db3ede:43961 (size: 7.2 KiB, free: 434.4 MiB)
[2026-02-12T20:31:18.938+0000] {spark_submit.py:492} INFO - 26/02/12 20:31:18 INFO SparkContext: Created broadcast 1 from broadcast at DAGScheduler.scala:1535
[2026-02-12T20:31:18.951+0000] {spark_submit.py:492} INFO - 26/02/12 20:31:18 INFO DAGScheduler: Submitting 1 missing tasks from ResultStage 0 (MapPartitionsRDD[3] at json at NativeMethodAccessorImpl.java:0) (first 15 tasks are for partitions Vector(0))
[2026-02-12T20:31:18.952+0000] {spark_submit.py:492} INFO - 26/02/12 20:31:18 INFO TaskSchedulerImpl: Adding task set 0.0 with 1 tasks resource profile 0
[2026-02-12T20:31:18.991+0000] {spark_submit.py:492} INFO - 26/02/12 20:31:18 INFO TaskSetManager: Starting task 0.0 in stage 0.0 (TID 0) (649004db3ede, executor driver, partition 0, PROCESS_LOCAL, 9196 bytes)
[2026-02-12T20:31:19.000+0000] {spark_submit.py:492} INFO - 26/02/12 20:31:19 INFO Executor: Running task 0.0 in stage 0.0 (TID 0)
[2026-02-12T20:31:19.072+0000] {spark_submit.py:492} INFO - 26/02/12 20:31:19 INFO FileScanRDD: Reading File path: file:///opt/data_lake/twitter_posts_raw/tweets_2026-02-11.json, range: 0-5524, partition values: [empty row]
[2026-02-12T20:31:19.235+0000] {spark_submit.py:492} INFO - 26/02/12 20:31:19 INFO CodeGenerator: Code generated in 134.087654 ms
[2026-02-12T20:31:19.269+0000] {spark_submit.py:492} INFO - 26/02/12 20:31:19 INFO FileScanRDD: Reading File path: file:///opt/data_lake/twitter_posts_raw/tweets_2026-02-08.json, range: 0-5455, partition values: [empty row]
[2026-02-12T20:31:19.276+0000] {spark_submit.py:492} INFO - 26/02/12 20:31:19 INFO FileScanRDD: Reading File path: file:///opt/data_lake/twitter_posts_raw/tweets_2026-02-10.json, range: 0-5426, partition values: [empty row]
[2026-02-12T20:31:19.279+0000] {spark_submit.py:492} INFO - 26/02/12 20:31:19 INFO FileScanRDD: Reading File path: file:///opt/data_lake/twitter_posts_raw/tweets_2026-02-07.json, range: 0-5394, partition values: [empty row]
[2026-02-12T20:31:19.283+0000] {spark_submit.py:492} INFO - 26/02/12 20:31:19 INFO FileScanRDD: Reading File path: file:///opt/data_lake/twitter_posts_raw/tweets_2026-02-09.json, range: 0-5376, partition values: [empty row]
[2026-02-12T20:31:19.288+0000] {spark_submit.py:492} INFO - 26/02/12 20:31:19 INFO FileScanRDD: Reading File path: file:///opt/data_lake/twitter_posts_raw/tweets_2026-02-02.json, range: 0-5314, partition values: [empty row]
[2026-02-12T20:31:19.291+0000] {spark_submit.py:492} INFO - 26/02/12 20:31:19 INFO FileScanRDD: Reading File path: file:///opt/data_lake/twitter_posts_raw/tweets_2026-02-05.json, range: 0-5311, partition values: [empty row]
[2026-02-12T20:31:19.294+0000] {spark_submit.py:492} INFO - 26/02/12 20:31:19 INFO FileScanRDD: Reading File path: file:///opt/data_lake/twitter_posts_raw/tweets_2026-02-04.json, range: 0-5302, partition values: [empty row]
[2026-02-12T20:31:19.297+0000] {spark_submit.py:492} INFO - 26/02/12 20:31:19 INFO FileScanRDD: Reading File path: file:///opt/data_lake/twitter_posts_raw/tweets_2026-02-03.json, range: 0-5250, partition values: [empty row]
[2026-02-12T20:31:19.301+0000] {spark_submit.py:492} INFO - 26/02/12 20:31:19 INFO FileScanRDD: Reading File path: file:///opt/data_lake/twitter_posts_raw/tweets_2026-02-06.json, range: 0-5026, partition values: [empty row]
[2026-02-12T20:31:19.303+0000] {spark_submit.py:492} INFO - 26/02/12 20:31:19 INFO FileScanRDD: Reading File path: file:///opt/data_lake/twitter_posts_raw/tweets_2026-02-01.json, range: 0-4997, partition values: [empty row]
[2026-02-12T20:31:19.305+0000] {spark_submit.py:492} INFO - 26/02/12 20:31:19 INFO FileScanRDD: Reading File path: file:///opt/data_lake/twitter_posts_raw/tweets_2026-02-12.json, range: 0-3477, partition values: [empty row]
[2026-02-12T20:31:19.320+0000] {spark_submit.py:492} INFO - 26/02/12 20:31:19 INFO Executor: Finished task 0.0 in stage 0.0 (TID 0). 2649 bytes result sent to driver
[2026-02-12T20:31:19.328+0000] {spark_submit.py:492} INFO - 26/02/12 20:31:19 INFO TaskSetManager: Finished task 0.0 in stage 0.0 (TID 0) in 346 ms on 649004db3ede (executor driver) (1/1)
[2026-02-12T20:31:19.329+0000] {spark_submit.py:492} INFO - 26/02/12 20:31:19 INFO TaskSchedulerImpl: Removed TaskSet 0.0, whose tasks have all completed, from pool
[2026-02-12T20:31:19.341+0000] {spark_submit.py:492} INFO - 26/02/12 20:31:19 INFO DAGScheduler: ResultStage 0 (json at NativeMethodAccessorImpl.java:0) finished in 0.463 s
[2026-02-12T20:31:19.343+0000] {spark_submit.py:492} INFO - 26/02/12 20:31:19 INFO DAGScheduler: Job 0 is finished. Cancelling potential speculative or zombie tasks for this job
[2026-02-12T20:31:19.343+0000] {spark_submit.py:492} INFO - 26/02/12 20:31:19 INFO TaskSchedulerImpl: Killing all running tasks in stage 0: Stage finished
[2026-02-12T20:31:19.346+0000] {spark_submit.py:492} INFO - 26/02/12 20:31:19 INFO DAGScheduler: Job 0 finished: json at NativeMethodAccessorImpl.java:0, took 0.493578 s
[2026-02-12T20:31:19.619+0000] {spark_submit.py:492} INFO - 26/02/12 20:31:19 INFO FileSourceStrategy: Pushed Filters:
[2026-02-12T20:31:19.619+0000] {spark_submit.py:492} INFO - 26/02/12 20:31:19 INFO FileSourceStrategy: Post-Scan Filters:
[2026-02-12T20:31:19.669+0000] {spark_submit.py:492} INFO - 26/02/12 20:31:19 INFO ParquetUtils: Using default output committer for Parquet: org.apache.parquet.hadoop.ParquetOutputCommitter
[2026-02-12T20:31:19.685+0000] {spark_submit.py:492} INFO - 26/02/12 20:31:19 INFO FileOutputCommitter: File Output Committer Algorithm version is 1
[2026-02-12T20:31:19.685+0000] {spark_submit.py:492} INFO - 26/02/12 20:31:19 INFO FileOutputCommitter: FileOutputCommitter skip cleanup _temporary folders under output directory:false, ignore cleanup failures: false
[2026-02-12T20:31:19.685+0000] {spark_submit.py:492} INFO - 26/02/12 20:31:19 INFO SQLHadoopMapReduceCommitProtocol: Using user defined output committer class org.apache.parquet.hadoop.ParquetOutputCommitter
[2026-02-12T20:31:19.686+0000] {spark_submit.py:492} INFO - 26/02/12 20:31:19 INFO FileOutputCommitter: File Output Committer Algorithm version is 1
[2026-02-12T20:31:19.686+0000] {spark_submit.py:492} INFO - 26/02/12 20:31:19 INFO FileOutputCommitter: FileOutputCommitter skip cleanup _temporary folders under output directory:false, ignore cleanup failures: false
[2026-02-12T20:31:19.686+0000] {spark_submit.py:492} INFO - 26/02/12 20:31:19 INFO SQLHadoopMapReduceCommitProtocol: Using output committer class org.apache.parquet.hadoop.ParquetOutputCommitter
[2026-02-12T20:31:19.777+0000] {spark_submit.py:492} INFO - 26/02/12 20:31:19 INFO CodeGenerator: Code generated in 36.546866 ms
[2026-02-12T20:31:19.781+0000] {spark_submit.py:492} INFO - 26/02/12 20:31:19 INFO MemoryStore: Block broadcast_2 stored as values in memory (estimated size 199.1 KiB, free 434.0 MiB)
[2026-02-12T20:31:19.790+0000] {spark_submit.py:492} INFO - 26/02/12 20:31:19 INFO MemoryStore: Block broadcast_2_piece0 stored as bytes in memory (estimated size 34.1 KiB, free 433.9 MiB)
[2026-02-12T20:31:19.791+0000] {spark_submit.py:492} INFO - 26/02/12 20:31:19 INFO BlockManagerInfo: Added broadcast_2_piece0 in memory on 649004db3ede:43961 (size: 34.1 KiB, free: 434.3 MiB)
[2026-02-12T20:31:19.792+0000] {spark_submit.py:492} INFO - 26/02/12 20:31:19 INFO SparkContext: Created broadcast 2 from parquet at NativeMethodAccessorImpl.java:0
[2026-02-12T20:31:19.796+0000] {spark_submit.py:492} INFO - 26/02/12 20:31:19 INFO FileSourceScanExec: Planning scan with bin packing, max size: 50393500 bytes, open cost is considered as scanning 4194304 bytes.
[2026-02-12T20:31:19.836+0000] {spark_submit.py:492} INFO - 26/02/12 20:31:19 INFO SparkContext: Starting job: parquet at NativeMethodAccessorImpl.java:0
[2026-02-12T20:31:19.836+0000] {spark_submit.py:492} INFO - 26/02/12 20:31:19 INFO DAGScheduler: Got job 1 (parquet at NativeMethodAccessorImpl.java:0) with 1 output partitions
[2026-02-12T20:31:19.837+0000] {spark_submit.py:492} INFO - 26/02/12 20:31:19 INFO DAGScheduler: Final stage: ResultStage 1 (parquet at NativeMethodAccessorImpl.java:0)
[2026-02-12T20:31:19.837+0000] {spark_submit.py:492} INFO - 26/02/12 20:31:19 INFO DAGScheduler: Parents of final stage: List()
[2026-02-12T20:31:19.837+0000] {spark_submit.py:492} INFO - 26/02/12 20:31:19 INFO DAGScheduler: Missing parents: List()
[2026-02-12T20:31:19.837+0000] {spark_submit.py:492} INFO - 26/02/12 20:31:19 INFO DAGScheduler: Submitting ResultStage 1 (MapPartitionsRDD[7] at parquet at NativeMethodAccessorImpl.java:0), which has no missing parents
[2026-02-12T20:31:19.855+0000] {spark_submit.py:492} INFO - 26/02/12 20:31:19 INFO MemoryStore: Block broadcast_3 stored as values in memory (estimated size 236.4 KiB, free 433.7 MiB)
[2026-02-12T20:31:19.857+0000] {spark_submit.py:492} INFO - 26/02/12 20:31:19 INFO MemoryStore: Block broadcast_3_piece0 stored as bytes in memory (estimated size 86.4 KiB, free 433.6 MiB)
[2026-02-12T20:31:19.857+0000] {spark_submit.py:492} INFO - 26/02/12 20:31:19 INFO BlockManagerInfo: Added broadcast_3_piece0 in memory on 649004db3ede:43961 (size: 86.4 KiB, free: 434.2 MiB)
[2026-02-12T20:31:19.858+0000] {spark_submit.py:492} INFO - 26/02/12 20:31:19 INFO SparkContext: Created broadcast 3 from broadcast at DAGScheduler.scala:1535
[2026-02-12T20:31:19.858+0000] {spark_submit.py:492} INFO - 26/02/12 20:31:19 INFO DAGScheduler: Submitting 1 missing tasks from ResultStage 1 (MapPartitionsRDD[7] at parquet at NativeMethodAccessorImpl.java:0) (first 15 tasks are for partitions Vector(0))
[2026-02-12T20:31:19.859+0000] {spark_submit.py:492} INFO - 26/02/12 20:31:19 INFO TaskSchedulerImpl: Adding task set 1.0 with 1 tasks resource profile 0
[2026-02-12T20:31:19.860+0000] {spark_submit.py:492} INFO - 26/02/12 20:31:19 INFO TaskSetManager: Starting task 0.0 in stage 1.0 (TID 1) (649004db3ede, executor driver, partition 0, PROCESS_LOCAL, 9196 bytes)
[2026-02-12T20:31:19.860+0000] {spark_submit.py:492} INFO - 26/02/12 20:31:19 INFO Executor: Running task 0.0 in stage 1.0 (TID 1)
[2026-02-12T20:31:19.905+0000] {spark_submit.py:492} INFO - 26/02/12 20:31:19 INFO CodeGenerator: Code generated in 9.430471 ms
[2026-02-12T20:31:19.922+0000] {spark_submit.py:492} INFO - 26/02/12 20:31:19 INFO CodeGenerator: Code generated in 7.761952 ms
[2026-02-12T20:31:19.931+0000] {spark_submit.py:492} INFO - 26/02/12 20:31:19 INFO FileOutputCommitter: File Output Committer Algorithm version is 1
[2026-02-12T20:31:19.931+0000] {spark_submit.py:492} INFO - 26/02/12 20:31:19 INFO FileOutputCommitter: FileOutputCommitter skip cleanup _temporary folders under output directory:false, ignore cleanup failures: false
[2026-02-12T20:31:19.932+0000] {spark_submit.py:492} INFO - 26/02/12 20:31:19 INFO SQLHadoopMapReduceCommitProtocol: Using user defined output committer class org.apache.parquet.hadoop.ParquetOutputCommitter
[2026-02-12T20:31:19.932+0000] {spark_submit.py:492} INFO - 26/02/12 20:31:19 INFO FileOutputCommitter: File Output Committer Algorithm version is 1
[2026-02-12T20:31:19.932+0000] {spark_submit.py:492} INFO - 26/02/12 20:31:19 INFO FileOutputCommitter: FileOutputCommitter skip cleanup _temporary folders under output directory:false, ignore cleanup failures: false
[2026-02-12T20:31:19.932+0000] {spark_submit.py:492} INFO - 26/02/12 20:31:19 INFO SQLHadoopMapReduceCommitProtocol: Using output committer class org.apache.parquet.hadoop.ParquetOutputCommitter
[2026-02-12T20:31:19.957+0000] {spark_submit.py:492} INFO - 26/02/12 20:31:19 INFO CodeGenerator: Code generated in 16.034912 ms
[2026-02-12T20:31:19.958+0000] {spark_submit.py:492} INFO - 26/02/12 20:31:19 INFO FileScanRDD: Reading File path: file:///opt/data_lake/twitter_posts_raw/tweets_2026-02-11.json, range: 0-5524, partition values: [empty row]
[2026-02-12T20:31:19.980+0000] {spark_submit.py:492} INFO - 26/02/12 20:31:19 INFO CodeGenerator: Code generated in 15.1112 ms
[2026-02-12T20:31:20.004+0000] {spark_submit.py:492} INFO - 26/02/12 20:31:20 INFO FileScanRDD: Reading File path: file:///opt/data_lake/twitter_posts_raw/tweets_2026-02-08.json, range: 0-5455, partition values: [empty row]
[2026-02-12T20:31:20.011+0000] {spark_submit.py:492} INFO - 26/02/12 20:31:20 INFO FileScanRDD: Reading File path: file:///opt/data_lake/twitter_posts_raw/tweets_2026-02-10.json, range: 0-5426, partition values: [empty row]
[2026-02-12T20:31:20.015+0000] {spark_submit.py:492} INFO - 26/02/12 20:31:20 INFO FileScanRDD: Reading File path: file:///opt/data_lake/twitter_posts_raw/tweets_2026-02-07.json, range: 0-5394, partition values: [empty row]
[2026-02-12T20:31:20.020+0000] {spark_submit.py:492} INFO - 26/02/12 20:31:20 INFO FileScanRDD: Reading File path: file:///opt/data_lake/twitter_posts_raw/tweets_2026-02-09.json, range: 0-5376, partition values: [empty row]
[2026-02-12T20:31:20.025+0000] {spark_submit.py:492} INFO - 26/02/12 20:31:20 INFO FileScanRDD: Reading File path: file:///opt/data_lake/twitter_posts_raw/tweets_2026-02-02.json, range: 0-5314, partition values: [empty row]
[2026-02-12T20:31:20.029+0000] {spark_submit.py:492} INFO - 26/02/12 20:31:20 INFO FileScanRDD: Reading File path: file:///opt/data_lake/twitter_posts_raw/tweets_2026-02-05.json, range: 0-5311, partition values: [empty row]
[2026-02-12T20:31:20.032+0000] {spark_submit.py:492} INFO - 26/02/12 20:31:20 INFO FileScanRDD: Reading File path: file:///opt/data_lake/twitter_posts_raw/tweets_2026-02-04.json, range: 0-5302, partition values: [empty row]
[2026-02-12T20:31:20.036+0000] {spark_submit.py:492} INFO - 26/02/12 20:31:20 INFO FileScanRDD: Reading File path: file:///opt/data_lake/twitter_posts_raw/tweets_2026-02-03.json, range: 0-5250, partition values: [empty row]
[2026-02-12T20:31:20.040+0000] {spark_submit.py:492} INFO - 26/02/12 20:31:20 INFO FileScanRDD: Reading File path: file:///opt/data_lake/twitter_posts_raw/tweets_2026-02-06.json, range: 0-5026, partition values: [empty row]
[2026-02-12T20:31:20.043+0000] {spark_submit.py:492} INFO - 26/02/12 20:31:20 INFO FileScanRDD: Reading File path: file:///opt/data_lake/twitter_posts_raw/tweets_2026-02-01.json, range: 0-4997, partition values: [empty row]
[2026-02-12T20:31:20.046+0000] {spark_submit.py:492} INFO - 26/02/12 20:31:20 INFO FileScanRDD: Reading File path: file:///opt/data_lake/twitter_posts_raw/tweets_2026-02-12.json, range: 0-3477, partition values: [empty row]
[2026-02-12T20:31:20.061+0000] {spark_submit.py:492} INFO - 26/02/12 20:31:20 INFO CodeGenerator: Code generated in 6.276592 ms
[2026-02-12T20:31:20.086+0000] {spark_submit.py:492} INFO - 26/02/12 20:31:20 INFO CodeGenerator: Code generated in 15.725166 ms
[2026-02-12T20:31:20.093+0000] {spark_submit.py:492} INFO - 26/02/12 20:31:20 INFO CodecConfig: Compression: SNAPPY
[2026-02-12T20:31:20.096+0000] {spark_submit.py:492} INFO - 26/02/12 20:31:20 INFO CodecConfig: Compression: SNAPPY
[2026-02-12T20:31:20.110+0000] {spark_submit.py:492} INFO - 26/02/12 20:31:20 INFO ParquetOutputFormat: ParquetRecordWriter [block size: 134217728b, row group padding size: 8388608b, validating: false]
[2026-02-12T20:31:20.136+0000] {spark_submit.py:492} INFO - 26/02/12 20:31:20 INFO ParquetWriteSupport: Initialized Parquet WriteSupport with Catalyst schema:
[2026-02-12T20:31:20.136+0000] {spark_submit.py:492} INFO - {
[2026-02-12T20:31:20.136+0000] {spark_submit.py:492} INFO - "type" : "struct",
[2026-02-12T20:31:20.136+0000] {spark_submit.py:492} INFO - "fields" : [ {
[2026-02-12T20:31:20.137+0000] {spark_submit.py:492} INFO - "name" : "user_id",
[2026-02-12T20:31:20.137+0000] {spark_submit.py:492} INFO - "type" : "string",
[2026-02-12T20:31:20.137+0000] {spark_submit.py:492} INFO - "nullable" : true,
[2026-02-12T20:31:20.137+0000] {spark_submit.py:492} INFO - "metadata" : { }
[2026-02-12T20:31:20.137+0000] {spark_submit.py:492} INFO - }, {
[2026-02-12T20:31:20.137+0000] {spark_submit.py:492} INFO - "name" : "thread_id",
[2026-02-12T20:31:20.137+0000] {spark_submit.py:492} INFO - "type" : "string",
[2026-02-12T20:31:20.138+0000] {spark_submit.py:492} INFO - "nullable" : true,
[2026-02-12T20:31:20.138+0000] {spark_submit.py:492} INFO - "metadata" : { }
[2026-02-12T20:31:20.138+0000] {spark_submit.py:492} INFO - }, {
[2026-02-12T20:31:20.138+0000] {spark_submit.py:492} INFO - "name" : "created_at",
[2026-02-12T20:31:20.138+0000] {spark_submit.py:492} INFO - "type" : "string",
[2026-02-12T20:31:20.138+0000] {spark_submit.py:492} INFO - "nullable" : true,
[2026-02-12T20:31:20.138+0000] {spark_submit.py:492} INFO - "metadata" : { }
[2026-02-12T20:31:20.138+0000] {spark_submit.py:492} INFO - }, {
[2026-02-12T20:31:20.139+0000] {spark_submit.py:492} INFO - "name" : "edit_versions_ids",
[2026-02-12T20:31:20.139+0000] {spark_submit.py:492} INFO - "type" : {
[2026-02-12T20:31:20.139+0000] {spark_submit.py:492} INFO - "type" : "array",
[2026-02-12T20:31:20.139+0000] {spark_submit.py:492} INFO - "elementType" : "long",
[2026-02-12T20:31:20.139+0000] {spark_submit.py:492} INFO - "containsNull" : true
[2026-02-12T20:31:20.139+0000] {spark_submit.py:492} INFO - },
[2026-02-12T20:31:20.139+0000] {spark_submit.py:492} INFO - "nullable" : true,
[2026-02-12T20:31:20.139+0000] {spark_submit.py:492} INFO - "metadata" : { }
[2026-02-12T20:31:20.139+0000] {spark_submit.py:492} INFO - }, {
[2026-02-12T20:31:20.140+0000] {spark_submit.py:492} INFO - "name" : "tweet_id",
[2026-02-12T20:31:20.140+0000] {spark_submit.py:492} INFO - "type" : "string",
[2026-02-12T20:31:20.140+0000] {spark_submit.py:492} INFO - "nullable" : true,
[2026-02-12T20:31:20.140+0000] {spark_submit.py:492} INFO - "metadata" : { }
[2026-02-12T20:31:20.140+0000] {spark_submit.py:492} INFO - }, {
[2026-02-12T20:31:20.140+0000] {spark_submit.py:492} INFO - "name" : "reply_to_user_id",
[2026-02-12T20:31:20.140+0000] {spark_submit.py:492} INFO - "type" : "string",
[2026-02-12T20:31:20.140+0000] {spark_submit.py:492} INFO - "nullable" : true,
[2026-02-12T20:31:20.141+0000] {spark_submit.py:492} INFO - "metadata" : { }
[2026-02-12T20:31:20.141+0000] {spark_submit.py:492} INFO - }, {
[2026-02-12T20:31:20.141+0000] {spark_submit.py:492} INFO - "name" : "language",
[2026-02-12T20:31:20.141+0000] {spark_submit.py:492} INFO - "type" : "string",
[2026-02-12T20:31:20.141+0000] {spark_submit.py:492} INFO - "nullable" : true,
[2026-02-12T20:31:20.141+0000] {spark_submit.py:492} INFO - "metadata" : { }
[2026-02-12T20:31:20.142+0000] {spark_submit.py:492} INFO - }, {
[2026-02-12T20:31:20.142+0000] {spark_submit.py:492} INFO - "name" : "tweet_text",
[2026-02-12T20:31:20.142+0000] {spark_submit.py:492} INFO - "type" : "string",
[2026-02-12T20:31:20.142+0000] {spark_submit.py:492} INFO - "nullable" : true,
[2026-02-12T20:31:20.142+0000] {spark_submit.py:492} INFO - "metadata" : { }
[2026-02-12T20:31:20.142+0000] {spark_submit.py:492} INFO - }, {
[2026-02-12T20:31:20.142+0000] {spark_submit.py:492} INFO - "name" : "likes",
[2026-02-12T20:31:20.143+0000] {spark_submit.py:492} INFO - "type" : "long",
[2026-02-12T20:31:20.143+0000] {spark_submit.py:492} INFO - "nullable" : true,
[2026-02-12T20:31:20.143+0000] {spark_submit.py:492} INFO - "metadata" : { }
[2026-02-12T20:31:20.143+0000] {spark_submit.py:492} INFO - }, {
[2026-02-12T20:31:20.143+0000] {spark_submit.py:492} INFO - "name" : "quotes",
[2026-02-12T20:31:20.143+0000] {spark_submit.py:492} INFO - "type" : "long",
[2026-02-12T20:31:20.143+0000] {spark_submit.py:492} INFO - "nullable" : true,
[2026-02-12T20:31:20.143+0000] {spark_submit.py:492} INFO - "metadata" : { }
[2026-02-12T20:31:20.144+0000] {spark_submit.py:492} INFO - }, {
[2026-02-12T20:31:20.144+0000] {spark_submit.py:492} INFO - "name" : "replies",
[2026-02-12T20:31:20.144+0000] {spark_submit.py:492} INFO - "type" : "long",
[2026-02-12T20:31:20.144+0000] {spark_submit.py:492} INFO - "nullable" : true,
[2026-02-12T20:31:20.144+0000] {spark_submit.py:492} INFO - "metadata" : { }
[2026-02-12T20:31:20.144+0000] {spark_submit.py:492} INFO - }, {
[2026-02-12T20:31:20.144+0000] {spark_submit.py:492} INFO - "name" : "retweets",
[2026-02-12T20:31:20.144+0000] {spark_submit.py:492} INFO - "type" : "long",
[2026-02-12T20:31:20.144+0000] {spark_submit.py:492} INFO - "nullable" : true,
[2026-02-12T20:31:20.145+0000] {spark_submit.py:492} INFO - "metadata" : { }
[2026-02-12T20:31:20.145+0000] {spark_submit.py:492} INFO - }, {
[2026-02-12T20:31:20.145+0000] {spark_submit.py:492} INFO - "name" : "processing_date",
[2026-02-12T20:31:20.145+0000] {spark_submit.py:492} INFO - "type" : "date",
[2026-02-12T20:31:20.145+0000] {spark_submit.py:492} INFO - "nullable" : false,
[2026-02-12T20:31:20.145+0000] {spark_submit.py:492} INFO - "metadata" : { }
[2026-02-12T20:31:20.145+0000] {spark_submit.py:492} INFO - } ]
[2026-02-12T20:31:20.145+0000] {spark_submit.py:492} INFO - }
[2026-02-12T20:31:20.146+0000] {spark_submit.py:492} INFO - and corresponding Parquet message type:
[2026-02-12T20:31:20.146+0000] {spark_submit.py:492} INFO - message spark_schema {
[2026-02-12T20:31:20.146+0000] {spark_submit.py:492} INFO - optional binary user_id (STRING);
[2026-02-12T20:31:20.146+0000] {spark_submit.py:492} INFO - optional binary thread_id (STRING);
[2026-02-12T20:31:20.146+0000] {spark_submit.py:492} INFO - optional binary created_at (STRING);
[2026-02-12T20:31:20.146+0000] {spark_submit.py:492} INFO - optional group edit_versions_ids (LIST) {
[2026-02-12T20:31:20.146+0000] {spark_submit.py:492} INFO - repeated group list {
[2026-02-12T20:31:20.146+0000] {spark_submit.py:492} INFO - optional int64 element;
[2026-02-12T20:31:20.146+0000] {spark_submit.py:492} INFO - }
[2026-02-12T20:31:20.147+0000] {spark_submit.py:492} INFO - }
[2026-02-12T20:31:20.147+0000] {spark_submit.py:492} INFO - optional binary tweet_id (STRING);
[2026-02-12T20:31:20.147+0000] {spark_submit.py:492} INFO - optional binary reply_to_user_id (STRING);
[2026-02-12T20:31:20.147+0000] {spark_submit.py:492} INFO - optional binary language (STRING);
[2026-02-12T20:31:20.147+0000] {spark_submit.py:492} INFO - optional binary tweet_text (STRING);
[2026-02-12T20:31:20.147+0000] {spark_submit.py:492} INFO - optional int64 likes;
[2026-02-12T20:31:20.147+0000] {spark_submit.py:492} INFO - optional int64 quotes;
[2026-02-12T20:31:20.147+0000] {spark_submit.py:492} INFO - optional int64 replies;
[2026-02-12T20:31:20.147+0000] {spark_submit.py:492} INFO - optional int64 retweets;
[2026-02-12T20:31:20.148+0000] {spark_submit.py:492} INFO - required int32 processing_date (DATE);
[2026-02-12T20:31:20.148+0000] {spark_submit.py:492} INFO - }
[2026-02-12T20:31:20.148+0000] {spark_submit.py:492} INFO - 
[2026-02-12T20:31:20.148+0000] {spark_submit.py:492} INFO - 
[2026-02-12T20:31:20.195+0000] {spark_submit.py:492} INFO - 26/02/12 20:31:20 INFO CodecPool: Got brand-new compressor [.snappy]
[2026-02-12T20:31:20.593+0000] {spark_submit.py:492} INFO - 26/02/12 20:31:20 INFO CodecConfig: Compression: SNAPPY
[2026-02-12T20:31:20.593+0000] {spark_submit.py:492} INFO - 26/02/12 20:31:20 INFO CodecConfig: Compression: SNAPPY
[2026-02-12T20:31:20.594+0000] {spark_submit.py:492} INFO - 26/02/12 20:31:20 INFO ParquetOutputFormat: ParquetRecordWriter [block size: 134217728b, row group padding size: 8388608b, validating: false]
[2026-02-12T20:31:20.595+0000] {spark_submit.py:492} INFO - 26/02/12 20:31:20 INFO ParquetWriteSupport: Initialized Parquet WriteSupport with Catalyst schema:
[2026-02-12T20:31:20.596+0000] {spark_submit.py:492} INFO - {
[2026-02-12T20:31:20.596+0000] {spark_submit.py:492} INFO - "type" : "struct",
[2026-02-12T20:31:20.596+0000] {spark_submit.py:492} INFO - "fields" : [ {
[2026-02-12T20:31:20.596+0000] {spark_submit.py:492} INFO - "name" : "user_id",
[2026-02-12T20:31:20.596+0000] {spark_submit.py:492} INFO - "type" : "string",
[2026-02-12T20:31:20.596+0000] {spark_submit.py:492} INFO - "nullable" : true,
[2026-02-12T20:31:20.596+0000] {spark_submit.py:492} INFO - "metadata" : { }
[2026-02-12T20:31:20.597+0000] {spark_submit.py:492} INFO - }, {
[2026-02-12T20:31:20.597+0000] {spark_submit.py:492} INFO - "name" : "thread_id",
[2026-02-12T20:31:20.597+0000] {spark_submit.py:492} INFO - "type" : "string",
[2026-02-12T20:31:20.597+0000] {spark_submit.py:492} INFO - "nullable" : true,
[2026-02-12T20:31:20.597+0000] {spark_submit.py:492} INFO - "metadata" : { }
[2026-02-12T20:31:20.597+0000] {spark_submit.py:492} INFO - }, {
[2026-02-12T20:31:20.598+0000] {spark_submit.py:492} INFO - "name" : "created_at",
[2026-02-12T20:31:20.598+0000] {spark_submit.py:492} INFO - "type" : "string",
[2026-02-12T20:31:20.598+0000] {spark_submit.py:492} INFO - "nullable" : true,
[2026-02-12T20:31:20.599+0000] {spark_submit.py:492} INFO - "metadata" : { }
[2026-02-12T20:31:20.599+0000] {spark_submit.py:492} INFO - }, {
[2026-02-12T20:31:20.599+0000] {spark_submit.py:492} INFO - "name" : "edit_versions_ids",
[2026-02-12T20:31:20.599+0000] {spark_submit.py:492} INFO - "type" : {
[2026-02-12T20:31:20.599+0000] {spark_submit.py:492} INFO - "type" : "array",
[2026-02-12T20:31:20.599+0000] {spark_submit.py:492} INFO - "elementType" : "long",
[2026-02-12T20:31:20.599+0000] {spark_submit.py:492} INFO - "containsNull" : true
[2026-02-12T20:31:20.599+0000] {spark_submit.py:492} INFO - },
[2026-02-12T20:31:20.599+0000] {spark_submit.py:492} INFO - "nullable" : true,
[2026-02-12T20:31:20.599+0000] {spark_submit.py:492} INFO - "metadata" : { }
[2026-02-12T20:31:20.599+0000] {spark_submit.py:492} INFO - }, {
[2026-02-12T20:31:20.600+0000] {spark_submit.py:492} INFO - "name" : "tweet_id",
[2026-02-12T20:31:20.600+0000] {spark_submit.py:492} INFO - "type" : "string",
[2026-02-12T20:31:20.600+0000] {spark_submit.py:492} INFO - "nullable" : true,
[2026-02-12T20:31:20.600+0000] {spark_submit.py:492} INFO - "metadata" : { }
[2026-02-12T20:31:20.600+0000] {spark_submit.py:492} INFO - }, {
[2026-02-12T20:31:20.600+0000] {spark_submit.py:492} INFO - "name" : "reply_to_user_id",
[2026-02-12T20:31:20.600+0000] {spark_submit.py:492} INFO - "type" : "string",
[2026-02-12T20:31:20.600+0000] {spark_submit.py:492} INFO - "nullable" : true,
[2026-02-12T20:31:20.600+0000] {spark_submit.py:492} INFO - "metadata" : { }
[2026-02-12T20:31:20.600+0000] {spark_submit.py:492} INFO - }, {
[2026-02-12T20:31:20.600+0000] {spark_submit.py:492} INFO - "name" : "language",
[2026-02-12T20:31:20.601+0000] {spark_submit.py:492} INFO - "type" : "string",
[2026-02-12T20:31:20.601+0000] {spark_submit.py:492} INFO - "nullable" : true,
[2026-02-12T20:31:20.601+0000] {spark_submit.py:492} INFO - "metadata" : { }
[2026-02-12T20:31:20.601+0000] {spark_submit.py:492} INFO - }, {
[2026-02-12T20:31:20.601+0000] {spark_submit.py:492} INFO - "name" : "tweet_text",
[2026-02-12T20:31:20.601+0000] {spark_submit.py:492} INFO - "type" : "string",
[2026-02-12T20:31:20.601+0000] {spark_submit.py:492} INFO - "nullable" : true,
[2026-02-12T20:31:20.601+0000] {spark_submit.py:492} INFO - "metadata" : { }
[2026-02-12T20:31:20.601+0000] {spark_submit.py:492} INFO - }, {
[2026-02-12T20:31:20.601+0000] {spark_submit.py:492} INFO - "name" : "likes",
[2026-02-12T20:31:20.601+0000] {spark_submit.py:492} INFO - "type" : "long",
[2026-02-12T20:31:20.602+0000] {spark_submit.py:492} INFO - "nullable" : true,
[2026-02-12T20:31:20.602+0000] {spark_submit.py:492} INFO - "metadata" : { }
[2026-02-12T20:31:20.602+0000] {spark_submit.py:492} INFO - }, {
[2026-02-12T20:31:20.602+0000] {spark_submit.py:492} INFO - "name" : "quotes",
[2026-02-12T20:31:20.602+0000] {spark_submit.py:492} INFO - "type" : "long",
[2026-02-12T20:31:20.602+0000] {spark_submit.py:492} INFO - "nullable" : true,
[2026-02-12T20:31:20.602+0000] {spark_submit.py:492} INFO - "metadata" : { }
[2026-02-12T20:31:20.602+0000] {spark_submit.py:492} INFO - }, {
[2026-02-12T20:31:20.602+0000] {spark_submit.py:492} INFO - "name" : "replies",
[2026-02-12T20:31:20.602+0000] {spark_submit.py:492} INFO - "type" : "long",
[2026-02-12T20:31:20.602+0000] {spark_submit.py:492} INFO - "nullable" : true,
[2026-02-12T20:31:20.602+0000] {spark_submit.py:492} INFO - "metadata" : { }
[2026-02-12T20:31:20.603+0000] {spark_submit.py:492} INFO - }, {
[2026-02-12T20:31:20.603+0000] {spark_submit.py:492} INFO - "name" : "retweets",
[2026-02-12T20:31:20.603+0000] {spark_submit.py:492} INFO - "type" : "long",
[2026-02-12T20:31:20.603+0000] {spark_submit.py:492} INFO - "nullable" : true,
[2026-02-12T20:31:20.603+0000] {spark_submit.py:492} INFO - "metadata" : { }
[2026-02-12T20:31:20.603+0000] {spark_submit.py:492} INFO - }, {
[2026-02-12T20:31:20.603+0000] {spark_submit.py:492} INFO - "name" : "processing_date",
[2026-02-12T20:31:20.603+0000] {spark_submit.py:492} INFO - "type" : "date",
[2026-02-12T20:31:20.604+0000] {spark_submit.py:492} INFO - "nullable" : false,
[2026-02-12T20:31:20.604+0000] {spark_submit.py:492} INFO - "metadata" : { }
[2026-02-12T20:31:20.604+0000] {spark_submit.py:492} INFO - } ]
[2026-02-12T20:31:20.604+0000] {spark_submit.py:492} INFO - }
[2026-02-12T20:31:20.604+0000] {spark_submit.py:492} INFO - and corresponding Parquet message type:
[2026-02-12T20:31:20.604+0000] {spark_submit.py:492} INFO - message spark_schema {
[2026-02-12T20:31:20.604+0000] {spark_submit.py:492} INFO - optional binary user_id (STRING);
[2026-02-12T20:31:20.605+0000] {spark_submit.py:492} INFO - optional binary thread_id (STRING);
[2026-02-12T20:31:20.605+0000] {spark_submit.py:492} INFO - optional binary created_at (STRING);
[2026-02-12T20:31:20.605+0000] {spark_submit.py:492} INFO - optional group edit_versions_ids (LIST) {
[2026-02-12T20:31:20.605+0000] {spark_submit.py:492} INFO - repeated group list {
[2026-02-12T20:31:20.605+0000] {spark_submit.py:492} INFO - optional int64 element;
[2026-02-12T20:31:20.605+0000] {spark_submit.py:492} INFO - }
[2026-02-12T20:31:20.606+0000] {spark_submit.py:492} INFO - }
[2026-02-12T20:31:20.606+0000] {spark_submit.py:492} INFO - optional binary tweet_id (STRING);
[2026-02-12T20:31:20.606+0000] {spark_submit.py:492} INFO - optional binary reply_to_user_id (STRING);
[2026-02-12T20:31:20.606+0000] {spark_submit.py:492} INFO - optional binary language (STRING);
[2026-02-12T20:31:20.606+0000] {spark_submit.py:492} INFO - optional binary tweet_text (STRING);
[2026-02-12T20:31:20.606+0000] {spark_submit.py:492} INFO - optional int64 likes;
[2026-02-12T20:31:20.606+0000] {spark_submit.py:492} INFO - optional int64 quotes;
[2026-02-12T20:31:20.606+0000] {spark_submit.py:492} INFO - optional int64 replies;
[2026-02-12T20:31:20.606+0000] {spark_submit.py:492} INFO - optional int64 retweets;
[2026-02-12T20:31:20.607+0000] {spark_submit.py:492} INFO - required int32 processing_date (DATE);
[2026-02-12T20:31:20.607+0000] {spark_submit.py:492} INFO - }
[2026-02-12T20:31:20.607+0000] {spark_submit.py:492} INFO - 
[2026-02-12T20:31:20.607+0000] {spark_submit.py:492} INFO - 
[2026-02-12T20:31:20.622+0000] {spark_submit.py:492} INFO - 26/02/12 20:31:20 INFO CodecConfig: Compression: SNAPPY
[2026-02-12T20:31:20.623+0000] {spark_submit.py:492} INFO - 26/02/12 20:31:20 INFO CodecConfig: Compression: SNAPPY
[2026-02-12T20:31:20.623+0000] {spark_submit.py:492} INFO - 26/02/12 20:31:20 INFO ParquetOutputFormat: ParquetRecordWriter [block size: 134217728b, row group padding size: 8388608b, validating: false]
[2026-02-12T20:31:20.625+0000] {spark_submit.py:492} INFO - 26/02/12 20:31:20 INFO ParquetWriteSupport: Initialized Parquet WriteSupport with Catalyst schema:
[2026-02-12T20:31:20.626+0000] {spark_submit.py:492} INFO - {
[2026-02-12T20:31:20.626+0000] {spark_submit.py:492} INFO - "type" : "struct",
[2026-02-12T20:31:20.626+0000] {spark_submit.py:492} INFO - "fields" : [ {
[2026-02-12T20:31:20.626+0000] {spark_submit.py:492} INFO - "name" : "user_id",
[2026-02-12T20:31:20.626+0000] {spark_submit.py:492} INFO - "type" : "string",
[2026-02-12T20:31:20.626+0000] {spark_submit.py:492} INFO - "nullable" : true,
[2026-02-12T20:31:20.626+0000] {spark_submit.py:492} INFO - "metadata" : { }
[2026-02-12T20:31:20.626+0000] {spark_submit.py:492} INFO - }, {
[2026-02-12T20:31:20.626+0000] {spark_submit.py:492} INFO - "name" : "thread_id",
[2026-02-12T20:31:20.626+0000] {spark_submit.py:492} INFO - "type" : "string",
[2026-02-12T20:31:20.627+0000] {spark_submit.py:492} INFO - "nullable" : true,
[2026-02-12T20:31:20.627+0000] {spark_submit.py:492} INFO - "metadata" : { }
[2026-02-12T20:31:20.627+0000] {spark_submit.py:492} INFO - }, {
[2026-02-12T20:31:20.627+0000] {spark_submit.py:492} INFO - "name" : "created_at",
[2026-02-12T20:31:20.627+0000] {spark_submit.py:492} INFO - "type" : "string",
[2026-02-12T20:31:20.627+0000] {spark_submit.py:492} INFO - "nullable" : true,
[2026-02-12T20:31:20.627+0000] {spark_submit.py:492} INFO - "metadata" : { }
[2026-02-12T20:31:20.627+0000] {spark_submit.py:492} INFO - }, {
[2026-02-12T20:31:20.627+0000] {spark_submit.py:492} INFO - "name" : "edit_versions_ids",
[2026-02-12T20:31:20.627+0000] {spark_submit.py:492} INFO - "type" : {
[2026-02-12T20:31:20.627+0000] {spark_submit.py:492} INFO - "type" : "array",
[2026-02-12T20:31:20.628+0000] {spark_submit.py:492} INFO - "elementType" : "long",
[2026-02-12T20:31:20.628+0000] {spark_submit.py:492} INFO - "containsNull" : true
[2026-02-12T20:31:20.628+0000] {spark_submit.py:492} INFO - },
[2026-02-12T20:31:20.628+0000] {spark_submit.py:492} INFO - "nullable" : true,
[2026-02-12T20:31:20.628+0000] {spark_submit.py:492} INFO - "metadata" : { }
[2026-02-12T20:31:20.628+0000] {spark_submit.py:492} INFO - }, {
[2026-02-12T20:31:20.628+0000] {spark_submit.py:492} INFO - "name" : "tweet_id",
[2026-02-12T20:31:20.628+0000] {spark_submit.py:492} INFO - "type" : "string",
[2026-02-12T20:31:20.628+0000] {spark_submit.py:492} INFO - "nullable" : true,
[2026-02-12T20:31:20.628+0000] {spark_submit.py:492} INFO - "metadata" : { }
[2026-02-12T20:31:20.628+0000] {spark_submit.py:492} INFO - }, {
[2026-02-12T20:31:20.628+0000] {spark_submit.py:492} INFO - "name" : "reply_to_user_id",
[2026-02-12T20:31:20.628+0000] {spark_submit.py:492} INFO - "type" : "string",
[2026-02-12T20:31:20.629+0000] {spark_submit.py:492} INFO - "nullable" : true,
[2026-02-12T20:31:20.629+0000] {spark_submit.py:492} INFO - "metadata" : { }
[2026-02-12T20:31:20.629+0000] {spark_submit.py:492} INFO - }, {
[2026-02-12T20:31:20.629+0000] {spark_submit.py:492} INFO - "name" : "language",
[2026-02-12T20:31:20.629+0000] {spark_submit.py:492} INFO - "type" : "string",
[2026-02-12T20:31:20.629+0000] {spark_submit.py:492} INFO - "nullable" : true,
[2026-02-12T20:31:20.629+0000] {spark_submit.py:492} INFO - "metadata" : { }
[2026-02-12T20:31:20.629+0000] {spark_submit.py:492} INFO - }, {
[2026-02-12T20:31:20.629+0000] {spark_submit.py:492} INFO - "name" : "tweet_text",
[2026-02-12T20:31:20.629+0000] {spark_submit.py:492} INFO - "type" : "string",
[2026-02-12T20:31:20.630+0000] {spark_submit.py:492} INFO - "nullable" : true,
[2026-02-12T20:31:20.630+0000] {spark_submit.py:492} INFO - "metadata" : { }
[2026-02-12T20:31:20.630+0000] {spark_submit.py:492} INFO - }, {
[2026-02-12T20:31:20.630+0000] {spark_submit.py:492} INFO - "name" : "likes",
[2026-02-12T20:31:20.630+0000] {spark_submit.py:492} INFO - "type" : "long",
[2026-02-12T20:31:20.630+0000] {spark_submit.py:492} INFO - "nullable" : true,
[2026-02-12T20:31:20.631+0000] {spark_submit.py:492} INFO - "metadata" : { }
[2026-02-12T20:31:20.631+0000] {spark_submit.py:492} INFO - }, {
[2026-02-12T20:31:20.631+0000] {spark_submit.py:492} INFO - "name" : "quotes",
[2026-02-12T20:31:20.631+0000] {spark_submit.py:492} INFO - "type" : "long",
[2026-02-12T20:31:20.632+0000] {spark_submit.py:492} INFO - "nullable" : true,
[2026-02-12T20:31:20.632+0000] {spark_submit.py:492} INFO - "metadata" : { }
[2026-02-12T20:31:20.632+0000] {spark_submit.py:492} INFO - }, {
[2026-02-12T20:31:20.632+0000] {spark_submit.py:492} INFO - "name" : "replies",
[2026-02-12T20:31:20.632+0000] {spark_submit.py:492} INFO - "type" : "long",
[2026-02-12T20:31:20.633+0000] {spark_submit.py:492} INFO - "nullable" : true,
[2026-02-12T20:31:20.633+0000] {spark_submit.py:492} INFO - "metadata" : { }
[2026-02-12T20:31:20.633+0000] {spark_submit.py:492} INFO - }, {
[2026-02-12T20:31:20.633+0000] {spark_submit.py:492} INFO - "name" : "retweets",
[2026-02-12T20:31:20.633+0000] {spark_submit.py:492} INFO - "type" : "long",
[2026-02-12T20:31:20.633+0000] {spark_submit.py:492} INFO - "nullable" : true,
[2026-02-12T20:31:20.634+0000] {spark_submit.py:492} INFO - "metadata" : { }
[2026-02-12T20:31:20.634+0000] {spark_submit.py:492} INFO - }, {
[2026-02-12T20:31:20.634+0000] {spark_submit.py:492} INFO - "name" : "processing_date",
[2026-02-12T20:31:20.634+0000] {spark_submit.py:492} INFO - "type" : "date",
[2026-02-12T20:31:20.634+0000] {spark_submit.py:492} INFO - "nullable" : false,
[2026-02-12T20:31:20.634+0000] {spark_submit.py:492} INFO - "metadata" : { }
[2026-02-12T20:31:20.634+0000] {spark_submit.py:492} INFO - } ]
[2026-02-12T20:31:20.635+0000] {spark_submit.py:492} INFO - }
[2026-02-12T20:31:20.635+0000] {spark_submit.py:492} INFO - and corresponding Parquet message type:
[2026-02-12T20:31:20.635+0000] {spark_submit.py:492} INFO - message spark_schema {
[2026-02-12T20:31:20.635+0000] {spark_submit.py:492} INFO - optional binary user_id (STRING);
[2026-02-12T20:31:20.635+0000] {spark_submit.py:492} INFO - optional binary thread_id (STRING);
[2026-02-12T20:31:20.635+0000] {spark_submit.py:492} INFO - optional binary created_at (STRING);
[2026-02-12T20:31:20.635+0000] {spark_submit.py:492} INFO - optional group edit_versions_ids (LIST) {
[2026-02-12T20:31:20.636+0000] {spark_submit.py:492} INFO - repeated group list {
[2026-02-12T20:31:20.636+0000] {spark_submit.py:492} INFO - optional int64 element;
[2026-02-12T20:31:20.636+0000] {spark_submit.py:492} INFO - }
[2026-02-12T20:31:20.636+0000] {spark_submit.py:492} INFO - }
[2026-02-12T20:31:20.636+0000] {spark_submit.py:492} INFO - optional binary tweet_id (STRING);
[2026-02-12T20:31:20.637+0000] {spark_submit.py:492} INFO - optional binary reply_to_user_id (STRING);
[2026-02-12T20:31:20.637+0000] {spark_submit.py:492} INFO - optional binary language (STRING);
[2026-02-12T20:31:20.637+0000] {spark_submit.py:492} INFO - optional binary tweet_text (STRING);
[2026-02-12T20:31:20.637+0000] {spark_submit.py:492} INFO - optional int64 likes;
[2026-02-12T20:31:20.637+0000] {spark_submit.py:492} INFO - optional int64 quotes;
[2026-02-12T20:31:20.637+0000] {spark_submit.py:492} INFO - optional int64 replies;
[2026-02-12T20:31:20.638+0000] {spark_submit.py:492} INFO - optional int64 retweets;
[2026-02-12T20:31:20.638+0000] {spark_submit.py:492} INFO - required int32 processing_date (DATE);
[2026-02-12T20:31:20.638+0000] {spark_submit.py:492} INFO - }
[2026-02-12T20:31:20.638+0000] {spark_submit.py:492} INFO - 
[2026-02-12T20:31:20.638+0000] {spark_submit.py:492} INFO - 
[2026-02-12T20:31:20.652+0000] {spark_submit.py:492} INFO - 26/02/12 20:31:20 INFO CodecConfig: Compression: SNAPPY
[2026-02-12T20:31:20.652+0000] {spark_submit.py:492} INFO - 26/02/12 20:31:20 INFO CodecConfig: Compression: SNAPPY
[2026-02-12T20:31:20.653+0000] {spark_submit.py:492} INFO - 26/02/12 20:31:20 INFO ParquetOutputFormat: ParquetRecordWriter [block size: 134217728b, row group padding size: 8388608b, validating: false]
[2026-02-12T20:31:20.655+0000] {spark_submit.py:492} INFO - 26/02/12 20:31:20 INFO ParquetWriteSupport: Initialized Parquet WriteSupport with Catalyst schema:
[2026-02-12T20:31:20.655+0000] {spark_submit.py:492} INFO - {
[2026-02-12T20:31:20.655+0000] {spark_submit.py:492} INFO - "type" : "struct",
[2026-02-12T20:31:20.655+0000] {spark_submit.py:492} INFO - "fields" : [ {
[2026-02-12T20:31:20.655+0000] {spark_submit.py:492} INFO - "name" : "user_id",
[2026-02-12T20:31:20.656+0000] {spark_submit.py:492} INFO - "type" : "string",
[2026-02-12T20:31:20.656+0000] {spark_submit.py:492} INFO - "nullable" : true,
[2026-02-12T20:31:20.656+0000] {spark_submit.py:492} INFO - "metadata" : { }
[2026-02-12T20:31:20.656+0000] {spark_submit.py:492} INFO - }, {
[2026-02-12T20:31:20.656+0000] {spark_submit.py:492} INFO - "name" : "thread_id",
[2026-02-12T20:31:20.656+0000] {spark_submit.py:492} INFO - "type" : "string",
[2026-02-12T20:31:20.656+0000] {spark_submit.py:492} INFO - "nullable" : true,
[2026-02-12T20:31:20.656+0000] {spark_submit.py:492} INFO - "metadata" : { }
[2026-02-12T20:31:20.656+0000] {spark_submit.py:492} INFO - }, {
[2026-02-12T20:31:20.656+0000] {spark_submit.py:492} INFO - "name" : "created_at",
[2026-02-12T20:31:20.656+0000] {spark_submit.py:492} INFO - "type" : "string",
[2026-02-12T20:31:20.657+0000] {spark_submit.py:492} INFO - "nullable" : true,
[2026-02-12T20:31:20.657+0000] {spark_submit.py:492} INFO - "metadata" : { }
[2026-02-12T20:31:20.657+0000] {spark_submit.py:492} INFO - }, {
[2026-02-12T20:31:20.657+0000] {spark_submit.py:492} INFO - "name" : "edit_versions_ids",
[2026-02-12T20:31:20.657+0000] {spark_submit.py:492} INFO - "type" : {
[2026-02-12T20:31:20.657+0000] {spark_submit.py:492} INFO - "type" : "array",
[2026-02-12T20:31:20.657+0000] {spark_submit.py:492} INFO - "elementType" : "long",
[2026-02-12T20:31:20.657+0000] {spark_submit.py:492} INFO - "containsNull" : true
[2026-02-12T20:31:20.657+0000] {spark_submit.py:492} INFO - },
[2026-02-12T20:31:20.658+0000] {spark_submit.py:492} INFO - "nullable" : true,
[2026-02-12T20:31:20.658+0000] {spark_submit.py:492} INFO - "metadata" : { }
[2026-02-12T20:31:20.658+0000] {spark_submit.py:492} INFO - }, {
[2026-02-12T20:31:20.658+0000] {spark_submit.py:492} INFO - "name" : "tweet_id",
[2026-02-12T20:31:20.658+0000] {spark_submit.py:492} INFO - "type" : "string",
[2026-02-12T20:31:20.658+0000] {spark_submit.py:492} INFO - "nullable" : true,
[2026-02-12T20:31:20.658+0000] {spark_submit.py:492} INFO - "metadata" : { }
[2026-02-12T20:31:20.658+0000] {spark_submit.py:492} INFO - }, {
[2026-02-12T20:31:20.658+0000] {spark_submit.py:492} INFO - "name" : "reply_to_user_id",
[2026-02-12T20:31:20.658+0000] {spark_submit.py:492} INFO - "type" : "string",
[2026-02-12T20:31:20.658+0000] {spark_submit.py:492} INFO - "nullable" : true,
[2026-02-12T20:31:20.658+0000] {spark_submit.py:492} INFO - "metadata" : { }
[2026-02-12T20:31:20.659+0000] {spark_submit.py:492} INFO - }, {
[2026-02-12T20:31:20.659+0000] {spark_submit.py:492} INFO - "name" : "language",
[2026-02-12T20:31:20.659+0000] {spark_submit.py:492} INFO - "type" : "string",
[2026-02-12T20:31:20.659+0000] {spark_submit.py:492} INFO - "nullable" : true,
[2026-02-12T20:31:20.659+0000] {spark_submit.py:492} INFO - "metadata" : { }
[2026-02-12T20:31:20.659+0000] {spark_submit.py:492} INFO - }, {
[2026-02-12T20:31:20.659+0000] {spark_submit.py:492} INFO - "name" : "tweet_text",
[2026-02-12T20:31:20.659+0000] {spark_submit.py:492} INFO - "type" : "string",
[2026-02-12T20:31:20.659+0000] {spark_submit.py:492} INFO - "nullable" : true,
[2026-02-12T20:31:20.659+0000] {spark_submit.py:492} INFO - "metadata" : { }
[2026-02-12T20:31:20.659+0000] {spark_submit.py:492} INFO - }, {
[2026-02-12T20:31:20.659+0000] {spark_submit.py:492} INFO - "name" : "likes",
[2026-02-12T20:31:20.660+0000] {spark_submit.py:492} INFO - "type" : "long",
[2026-02-12T20:31:20.660+0000] {spark_submit.py:492} INFO - "nullable" : true,
[2026-02-12T20:31:20.660+0000] {spark_submit.py:492} INFO - "metadata" : { }
[2026-02-12T20:31:20.660+0000] {spark_submit.py:492} INFO - }, {
[2026-02-12T20:31:20.660+0000] {spark_submit.py:492} INFO - "name" : "quotes",
[2026-02-12T20:31:20.660+0000] {spark_submit.py:492} INFO - "type" : "long",
[2026-02-12T20:31:20.660+0000] {spark_submit.py:492} INFO - "nullable" : true,
[2026-02-12T20:31:20.660+0000] {spark_submit.py:492} INFO - "metadata" : { }
[2026-02-12T20:31:20.660+0000] {spark_submit.py:492} INFO - }, {
[2026-02-12T20:31:20.660+0000] {spark_submit.py:492} INFO - "name" : "replies",
[2026-02-12T20:31:20.660+0000] {spark_submit.py:492} INFO - "type" : "long",
[2026-02-12T20:31:20.660+0000] {spark_submit.py:492} INFO - "nullable" : true,
[2026-02-12T20:31:20.660+0000] {spark_submit.py:492} INFO - "metadata" : { }
[2026-02-12T20:31:20.660+0000] {spark_submit.py:492} INFO - }, {
[2026-02-12T20:31:20.661+0000] {spark_submit.py:492} INFO - "name" : "retweets",
[2026-02-12T20:31:20.661+0000] {spark_submit.py:492} INFO - "type" : "long",
[2026-02-12T20:31:20.661+0000] {spark_submit.py:492} INFO - "nullable" : true,
[2026-02-12T20:31:20.661+0000] {spark_submit.py:492} INFO - "metadata" : { }
[2026-02-12T20:31:20.661+0000] {spark_submit.py:492} INFO - }, {
[2026-02-12T20:31:20.661+0000] {spark_submit.py:492} INFO - "name" : "processing_date",
[2026-02-12T20:31:20.661+0000] {spark_submit.py:492} INFO - "type" : "date",
[2026-02-12T20:31:20.661+0000] {spark_submit.py:492} INFO - "nullable" : false,
[2026-02-12T20:31:20.661+0000] {spark_submit.py:492} INFO - "metadata" : { }
[2026-02-12T20:31:20.662+0000] {spark_submit.py:492} INFO - } ]
[2026-02-12T20:31:20.662+0000] {spark_submit.py:492} INFO - }
[2026-02-12T20:31:20.662+0000] {spark_submit.py:492} INFO - and corresponding Parquet message type:
[2026-02-12T20:31:20.662+0000] {spark_submit.py:492} INFO - message spark_schema {
[2026-02-12T20:31:20.662+0000] {spark_submit.py:492} INFO - optional binary user_id (STRING);
[2026-02-12T20:31:20.662+0000] {spark_submit.py:492} INFO - optional binary thread_id (STRING);
[2026-02-12T20:31:20.662+0000] {spark_submit.py:492} INFO - optional binary created_at (STRING);
[2026-02-12T20:31:20.662+0000] {spark_submit.py:492} INFO - optional group edit_versions_ids (LIST) {
[2026-02-12T20:31:20.662+0000] {spark_submit.py:492} INFO - repeated group list {
[2026-02-12T20:31:20.662+0000] {spark_submit.py:492} INFO - optional int64 element;
[2026-02-12T20:31:20.662+0000] {spark_submit.py:492} INFO - }
[2026-02-12T20:31:20.662+0000] {spark_submit.py:492} INFO - }
[2026-02-12T20:31:20.663+0000] {spark_submit.py:492} INFO - optional binary tweet_id (STRING);
[2026-02-12T20:31:20.663+0000] {spark_submit.py:492} INFO - optional binary reply_to_user_id (STRING);
[2026-02-12T20:31:20.663+0000] {spark_submit.py:492} INFO - optional binary language (STRING);
[2026-02-12T20:31:20.663+0000] {spark_submit.py:492} INFO - optional binary tweet_text (STRING);
[2026-02-12T20:31:20.663+0000] {spark_submit.py:492} INFO - optional int64 likes;
[2026-02-12T20:31:20.663+0000] {spark_submit.py:492} INFO - optional int64 quotes;
[2026-02-12T20:31:20.663+0000] {spark_submit.py:492} INFO - optional int64 replies;
[2026-02-12T20:31:20.663+0000] {spark_submit.py:492} INFO - optional int64 retweets;
[2026-02-12T20:31:20.663+0000] {spark_submit.py:492} INFO - required int32 processing_date (DATE);
[2026-02-12T20:31:20.663+0000] {spark_submit.py:492} INFO - }
[2026-02-12T20:31:20.663+0000] {spark_submit.py:492} INFO - 
[2026-02-12T20:31:20.664+0000] {spark_submit.py:492} INFO - 
[2026-02-12T20:31:20.679+0000] {spark_submit.py:492} INFO - 26/02/12 20:31:20 INFO CodecConfig: Compression: SNAPPY
[2026-02-12T20:31:20.680+0000] {spark_submit.py:492} INFO - 26/02/12 20:31:20 INFO CodecConfig: Compression: SNAPPY
[2026-02-12T20:31:20.681+0000] {spark_submit.py:492} INFO - 26/02/12 20:31:20 INFO ParquetOutputFormat: ParquetRecordWriter [block size: 134217728b, row group padding size: 8388608b, validating: false]
[2026-02-12T20:31:20.682+0000] {spark_submit.py:492} INFO - 26/02/12 20:31:20 INFO ParquetWriteSupport: Initialized Parquet WriteSupport with Catalyst schema:
[2026-02-12T20:31:20.682+0000] {spark_submit.py:492} INFO - {
[2026-02-12T20:31:20.682+0000] {spark_submit.py:492} INFO - "type" : "struct",
[2026-02-12T20:31:20.683+0000] {spark_submit.py:492} INFO - "fields" : [ {
[2026-02-12T20:31:20.683+0000] {spark_submit.py:492} INFO - "name" : "user_id",
[2026-02-12T20:31:20.683+0000] {spark_submit.py:492} INFO - "type" : "string",
[2026-02-12T20:31:20.683+0000] {spark_submit.py:492} INFO - "nullable" : true,
[2026-02-12T20:31:20.683+0000] {spark_submit.py:492} INFO - "metadata" : { }
[2026-02-12T20:31:20.683+0000] {spark_submit.py:492} INFO - }, {
[2026-02-12T20:31:20.683+0000] {spark_submit.py:492} INFO - "name" : "thread_id",
[2026-02-12T20:31:20.684+0000] {spark_submit.py:492} INFO - "type" : "string",
[2026-02-12T20:31:20.684+0000] {spark_submit.py:492} INFO - "nullable" : true,
[2026-02-12T20:31:20.684+0000] {spark_submit.py:492} INFO - "metadata" : { }
[2026-02-12T20:31:20.684+0000] {spark_submit.py:492} INFO - }, {
[2026-02-12T20:31:20.684+0000] {spark_submit.py:492} INFO - "name" : "created_at",
[2026-02-12T20:31:20.684+0000] {spark_submit.py:492} INFO - "type" : "string",
[2026-02-12T20:31:20.684+0000] {spark_submit.py:492} INFO - "nullable" : true,
[2026-02-12T20:31:20.685+0000] {spark_submit.py:492} INFO - "metadata" : { }
[2026-02-12T20:31:20.685+0000] {spark_submit.py:492} INFO - }, {
[2026-02-12T20:31:20.685+0000] {spark_submit.py:492} INFO - "name" : "edit_versions_ids",
[2026-02-12T20:31:20.685+0000] {spark_submit.py:492} INFO - "type" : {
[2026-02-12T20:31:20.685+0000] {spark_submit.py:492} INFO - "type" : "array",
[2026-02-12T20:31:20.685+0000] {spark_submit.py:492} INFO - "elementType" : "long",
[2026-02-12T20:31:20.685+0000] {spark_submit.py:492} INFO - "containsNull" : true
[2026-02-12T20:31:20.686+0000] {spark_submit.py:492} INFO - },
[2026-02-12T20:31:20.686+0000] {spark_submit.py:492} INFO - "nullable" : true,
[2026-02-12T20:31:20.686+0000] {spark_submit.py:492} INFO - "metadata" : { }
[2026-02-12T20:31:20.686+0000] {spark_submit.py:492} INFO - }, {
[2026-02-12T20:31:20.686+0000] {spark_submit.py:492} INFO - "name" : "tweet_id",
[2026-02-12T20:31:20.686+0000] {spark_submit.py:492} INFO - "type" : "string",
[2026-02-12T20:31:20.686+0000] {spark_submit.py:492} INFO - "nullable" : true,
[2026-02-12T20:31:20.687+0000] {spark_submit.py:492} INFO - "metadata" : { }
[2026-02-12T20:31:20.687+0000] {spark_submit.py:492} INFO - }, {
[2026-02-12T20:31:20.687+0000] {spark_submit.py:492} INFO - "name" : "reply_to_user_id",
[2026-02-12T20:31:20.687+0000] {spark_submit.py:492} INFO - "type" : "string",
[2026-02-12T20:31:20.687+0000] {spark_submit.py:492} INFO - "nullable" : true,
[2026-02-12T20:31:20.687+0000] {spark_submit.py:492} INFO - "metadata" : { }
[2026-02-12T20:31:20.687+0000] {spark_submit.py:492} INFO - }, {
[2026-02-12T20:31:20.687+0000] {spark_submit.py:492} INFO - "name" : "language",
[2026-02-12T20:31:20.687+0000] {spark_submit.py:492} INFO - "type" : "string",
[2026-02-12T20:31:20.688+0000] {spark_submit.py:492} INFO - "nullable" : true,
[2026-02-12T20:31:20.688+0000] {spark_submit.py:492} INFO - "metadata" : { }
[2026-02-12T20:31:20.688+0000] {spark_submit.py:492} INFO - }, {
[2026-02-12T20:31:20.688+0000] {spark_submit.py:492} INFO - "name" : "tweet_text",
[2026-02-12T20:31:20.688+0000] {spark_submit.py:492} INFO - "type" : "string",
[2026-02-12T20:31:20.688+0000] {spark_submit.py:492} INFO - "nullable" : true,
[2026-02-12T20:31:20.688+0000] {spark_submit.py:492} INFO - "metadata" : { }
[2026-02-12T20:31:20.688+0000] {spark_submit.py:492} INFO - }, {
[2026-02-12T20:31:20.688+0000] {spark_submit.py:492} INFO - "name" : "likes",
[2026-02-12T20:31:20.689+0000] {spark_submit.py:492} INFO - "type" : "long",
[2026-02-12T20:31:20.689+0000] {spark_submit.py:492} INFO - "nullable" : true,
[2026-02-12T20:31:20.689+0000] {spark_submit.py:492} INFO - "metadata" : { }
[2026-02-12T20:31:20.689+0000] {spark_submit.py:492} INFO - }, {
[2026-02-12T20:31:20.689+0000] {spark_submit.py:492} INFO - "name" : "quotes",
[2026-02-12T20:31:20.689+0000] {spark_submit.py:492} INFO - "type" : "long",
[2026-02-12T20:31:20.689+0000] {spark_submit.py:492} INFO - "nullable" : true,
[2026-02-12T20:31:20.689+0000] {spark_submit.py:492} INFO - "metadata" : { }
[2026-02-12T20:31:20.689+0000] {spark_submit.py:492} INFO - }, {
[2026-02-12T20:31:20.690+0000] {spark_submit.py:492} INFO - "name" : "replies",
[2026-02-12T20:31:20.690+0000] {spark_submit.py:492} INFO - "type" : "long",
[2026-02-12T20:31:20.690+0000] {spark_submit.py:492} INFO - "nullable" : true,
[2026-02-12T20:31:20.690+0000] {spark_submit.py:492} INFO - "metadata" : { }
[2026-02-12T20:31:20.690+0000] {spark_submit.py:492} INFO - }, {
[2026-02-12T20:31:20.690+0000] {spark_submit.py:492} INFO - "name" : "retweets",
[2026-02-12T20:31:20.690+0000] {spark_submit.py:492} INFO - "type" : "long",
[2026-02-12T20:31:20.690+0000] {spark_submit.py:492} INFO - "nullable" : true,
[2026-02-12T20:31:20.690+0000] {spark_submit.py:492} INFO - "metadata" : { }
[2026-02-12T20:31:20.691+0000] {spark_submit.py:492} INFO - }, {
[2026-02-12T20:31:20.691+0000] {spark_submit.py:492} INFO - "name" : "processing_date",
[2026-02-12T20:31:20.691+0000] {spark_submit.py:492} INFO - "type" : "date",
[2026-02-12T20:31:20.691+0000] {spark_submit.py:492} INFO - "nullable" : false,
[2026-02-12T20:31:20.691+0000] {spark_submit.py:492} INFO - "metadata" : { }
[2026-02-12T20:31:20.691+0000] {spark_submit.py:492} INFO - } ]
[2026-02-12T20:31:20.691+0000] {spark_submit.py:492} INFO - }
[2026-02-12T20:31:20.691+0000] {spark_submit.py:492} INFO - and corresponding Parquet message type:
[2026-02-12T20:31:20.692+0000] {spark_submit.py:492} INFO - message spark_schema {
[2026-02-12T20:31:20.692+0000] {spark_submit.py:492} INFO - optional binary user_id (STRING);
[2026-02-12T20:31:20.692+0000] {spark_submit.py:492} INFO - optional binary thread_id (STRING);
[2026-02-12T20:31:20.692+0000] {spark_submit.py:492} INFO - optional binary created_at (STRING);
[2026-02-12T20:31:20.692+0000] {spark_submit.py:492} INFO - optional group edit_versions_ids (LIST) {
[2026-02-12T20:31:20.692+0000] {spark_submit.py:492} INFO - repeated group list {
[2026-02-12T20:31:20.692+0000] {spark_submit.py:492} INFO - optional int64 element;
[2026-02-12T20:31:20.692+0000] {spark_submit.py:492} INFO - }
[2026-02-12T20:31:20.693+0000] {spark_submit.py:492} INFO - }
[2026-02-12T20:31:20.693+0000] {spark_submit.py:492} INFO - optional binary tweet_id (STRING);
[2026-02-12T20:31:20.693+0000] {spark_submit.py:492} INFO - optional binary reply_to_user_id (STRING);
[2026-02-12T20:31:20.693+0000] {spark_submit.py:492} INFO - optional binary language (STRING);
[2026-02-12T20:31:20.693+0000] {spark_submit.py:492} INFO - optional binary tweet_text (STRING);
[2026-02-12T20:31:20.693+0000] {spark_submit.py:492} INFO - optional int64 likes;
[2026-02-12T20:31:20.693+0000] {spark_submit.py:492} INFO - optional int64 quotes;
[2026-02-12T20:31:20.694+0000] {spark_submit.py:492} INFO - optional int64 replies;
[2026-02-12T20:31:20.694+0000] {spark_submit.py:492} INFO - optional int64 retweets;
[2026-02-12T20:31:20.694+0000] {spark_submit.py:492} INFO - required int32 processing_date (DATE);
[2026-02-12T20:31:20.694+0000] {spark_submit.py:492} INFO - }
[2026-02-12T20:31:20.694+0000] {spark_submit.py:492} INFO - 
[2026-02-12T20:31:20.694+0000] {spark_submit.py:492} INFO - 
[2026-02-12T20:31:20.712+0000] {spark_submit.py:492} INFO - 26/02/12 20:31:20 INFO CodecConfig: Compression: SNAPPY
[2026-02-12T20:31:20.712+0000] {spark_submit.py:492} INFO - 26/02/12 20:31:20 INFO CodecConfig: Compression: SNAPPY
[2026-02-12T20:31:20.713+0000] {spark_submit.py:492} INFO - 26/02/12 20:31:20 INFO ParquetOutputFormat: ParquetRecordWriter [block size: 134217728b, row group padding size: 8388608b, validating: false]
[2026-02-12T20:31:20.715+0000] {spark_submit.py:492} INFO - 26/02/12 20:31:20 INFO ParquetWriteSupport: Initialized Parquet WriteSupport with Catalyst schema:
[2026-02-12T20:31:20.715+0000] {spark_submit.py:492} INFO - {
[2026-02-12T20:31:20.715+0000] {spark_submit.py:492} INFO - "type" : "struct",
[2026-02-12T20:31:20.715+0000] {spark_submit.py:492} INFO - "fields" : [ {
[2026-02-12T20:31:20.715+0000] {spark_submit.py:492} INFO - "name" : "user_id",
[2026-02-12T20:31:20.715+0000] {spark_submit.py:492} INFO - "type" : "string",
[2026-02-12T20:31:20.715+0000] {spark_submit.py:492} INFO - "nullable" : true,
[2026-02-12T20:31:20.715+0000] {spark_submit.py:492} INFO - "metadata" : { }
[2026-02-12T20:31:20.715+0000] {spark_submit.py:492} INFO - }, {
[2026-02-12T20:31:20.716+0000] {spark_submit.py:492} INFO - "name" : "thread_id",
[2026-02-12T20:31:20.716+0000] {spark_submit.py:492} INFO - "type" : "string",
[2026-02-12T20:31:20.716+0000] {spark_submit.py:492} INFO - "nullable" : true,
[2026-02-12T20:31:20.716+0000] {spark_submit.py:492} INFO - "metadata" : { }
[2026-02-12T20:31:20.716+0000] {spark_submit.py:492} INFO - }, {
[2026-02-12T20:31:20.716+0000] {spark_submit.py:492} INFO - "name" : "created_at",
[2026-02-12T20:31:20.716+0000] {spark_submit.py:492} INFO - "type" : "string",
[2026-02-12T20:31:20.716+0000] {spark_submit.py:492} INFO - "nullable" : true,
[2026-02-12T20:31:20.716+0000] {spark_submit.py:492} INFO - "metadata" : { }
[2026-02-12T20:31:20.716+0000] {spark_submit.py:492} INFO - }, {
[2026-02-12T20:31:20.716+0000] {spark_submit.py:492} INFO - "name" : "edit_versions_ids",
[2026-02-12T20:31:20.716+0000] {spark_submit.py:492} INFO - "type" : {
[2026-02-12T20:31:20.717+0000] {spark_submit.py:492} INFO - "type" : "array",
[2026-02-12T20:31:20.717+0000] {spark_submit.py:492} INFO - "elementType" : "long",
[2026-02-12T20:31:20.717+0000] {spark_submit.py:492} INFO - "containsNull" : true
[2026-02-12T20:31:20.717+0000] {spark_submit.py:492} INFO - },
[2026-02-12T20:31:20.717+0000] {spark_submit.py:492} INFO - "nullable" : true,
[2026-02-12T20:31:20.717+0000] {spark_submit.py:492} INFO - "metadata" : { }
[2026-02-12T20:31:20.717+0000] {spark_submit.py:492} INFO - }, {
[2026-02-12T20:31:20.717+0000] {spark_submit.py:492} INFO - "name" : "tweet_id",
[2026-02-12T20:31:20.717+0000] {spark_submit.py:492} INFO - "type" : "string",
[2026-02-12T20:31:20.717+0000] {spark_submit.py:492} INFO - "nullable" : true,
[2026-02-12T20:31:20.717+0000] {spark_submit.py:492} INFO - "metadata" : { }
[2026-02-12T20:31:20.717+0000] {spark_submit.py:492} INFO - }, {
[2026-02-12T20:31:20.717+0000] {spark_submit.py:492} INFO - "name" : "reply_to_user_id",
[2026-02-12T20:31:20.718+0000] {spark_submit.py:492} INFO - "type" : "string",
[2026-02-12T20:31:20.718+0000] {spark_submit.py:492} INFO - "nullable" : true,
[2026-02-12T20:31:20.718+0000] {spark_submit.py:492} INFO - "metadata" : { }
[2026-02-12T20:31:20.718+0000] {spark_submit.py:492} INFO - }, {
[2026-02-12T20:31:20.718+0000] {spark_submit.py:492} INFO - "name" : "language",
[2026-02-12T20:31:20.718+0000] {spark_submit.py:492} INFO - "type" : "string",
[2026-02-12T20:31:20.719+0000] {spark_submit.py:492} INFO - "nullable" : true,
[2026-02-12T20:31:20.719+0000] {spark_submit.py:492} INFO - "metadata" : { }
[2026-02-12T20:31:20.719+0000] {spark_submit.py:492} INFO - }, {
[2026-02-12T20:31:20.719+0000] {spark_submit.py:492} INFO - "name" : "tweet_text",
[2026-02-12T20:31:20.719+0000] {spark_submit.py:492} INFO - "type" : "string",
[2026-02-12T20:31:20.719+0000] {spark_submit.py:492} INFO - "nullable" : true,
[2026-02-12T20:31:20.719+0000] {spark_submit.py:492} INFO - "metadata" : { }
[2026-02-12T20:31:20.719+0000] {spark_submit.py:492} INFO - }, {
[2026-02-12T20:31:20.719+0000] {spark_submit.py:492} INFO - "name" : "likes",
[2026-02-12T20:31:20.720+0000] {spark_submit.py:492} INFO - "type" : "long",
[2026-02-12T20:31:20.720+0000] {spark_submit.py:492} INFO - "nullable" : true,
[2026-02-12T20:31:20.720+0000] {spark_submit.py:492} INFO - "metadata" : { }
[2026-02-12T20:31:20.720+0000] {spark_submit.py:492} INFO - }, {
[2026-02-12T20:31:20.720+0000] {spark_submit.py:492} INFO - "name" : "quotes",
[2026-02-12T20:31:20.720+0000] {spark_submit.py:492} INFO - "type" : "long",
[2026-02-12T20:31:20.720+0000] {spark_submit.py:492} INFO - "nullable" : true,
[2026-02-12T20:31:20.720+0000] {spark_submit.py:492} INFO - "metadata" : { }
[2026-02-12T20:31:20.720+0000] {spark_submit.py:492} INFO - }, {
[2026-02-12T20:31:20.721+0000] {spark_submit.py:492} INFO - "name" : "replies",
[2026-02-12T20:31:20.721+0000] {spark_submit.py:492} INFO - "type" : "long",
[2026-02-12T20:31:20.721+0000] {spark_submit.py:492} INFO - "nullable" : true,
[2026-02-12T20:31:20.721+0000] {spark_submit.py:492} INFO - "metadata" : { }
[2026-02-12T20:31:20.721+0000] {spark_submit.py:492} INFO - }, {
[2026-02-12T20:31:20.721+0000] {spark_submit.py:492} INFO - "name" : "retweets",
[2026-02-12T20:31:20.721+0000] {spark_submit.py:492} INFO - "type" : "long",
[2026-02-12T20:31:20.721+0000] {spark_submit.py:492} INFO - "nullable" : true,
[2026-02-12T20:31:20.722+0000] {spark_submit.py:492} INFO - "metadata" : { }
[2026-02-12T20:31:20.722+0000] {spark_submit.py:492} INFO - }, {
[2026-02-12T20:31:20.722+0000] {spark_submit.py:492} INFO - "name" : "processing_date",
[2026-02-12T20:31:20.722+0000] {spark_submit.py:492} INFO - "type" : "date",
[2026-02-12T20:31:20.722+0000] {spark_submit.py:492} INFO - "nullable" : false,
[2026-02-12T20:31:20.722+0000] {spark_submit.py:492} INFO - "metadata" : { }
[2026-02-12T20:31:20.722+0000] {spark_submit.py:492} INFO - } ]
[2026-02-12T20:31:20.723+0000] {spark_submit.py:492} INFO - }
[2026-02-12T20:31:20.723+0000] {spark_submit.py:492} INFO - and corresponding Parquet message type:
[2026-02-12T20:31:20.723+0000] {spark_submit.py:492} INFO - message spark_schema {
[2026-02-12T20:31:20.723+0000] {spark_submit.py:492} INFO - optional binary user_id (STRING);
[2026-02-12T20:31:20.723+0000] {spark_submit.py:492} INFO - optional binary thread_id (STRING);
[2026-02-12T20:31:20.723+0000] {spark_submit.py:492} INFO - optional binary created_at (STRING);
[2026-02-12T20:31:20.723+0000] {spark_submit.py:492} INFO - optional group edit_versions_ids (LIST) {
[2026-02-12T20:31:20.723+0000] {spark_submit.py:492} INFO - repeated group list {
[2026-02-12T20:31:20.723+0000] {spark_submit.py:492} INFO - optional int64 element;
[2026-02-12T20:31:20.724+0000] {spark_submit.py:492} INFO - }
[2026-02-12T20:31:20.724+0000] {spark_submit.py:492} INFO - }
[2026-02-12T20:31:20.724+0000] {spark_submit.py:492} INFO - optional binary tweet_id (STRING);
[2026-02-12T20:31:20.724+0000] {spark_submit.py:492} INFO - optional binary reply_to_user_id (STRING);
[2026-02-12T20:31:20.724+0000] {spark_submit.py:492} INFO - optional binary language (STRING);
[2026-02-12T20:31:20.724+0000] {spark_submit.py:492} INFO - optional binary tweet_text (STRING);
[2026-02-12T20:31:20.724+0000] {spark_submit.py:492} INFO - optional int64 likes;
[2026-02-12T20:31:20.724+0000] {spark_submit.py:492} INFO - optional int64 quotes;
[2026-02-12T20:31:20.724+0000] {spark_submit.py:492} INFO - optional int64 replies;
[2026-02-12T20:31:20.725+0000] {spark_submit.py:492} INFO - optional int64 retweets;
[2026-02-12T20:31:20.725+0000] {spark_submit.py:492} INFO - required int32 processing_date (DATE);
[2026-02-12T20:31:20.725+0000] {spark_submit.py:492} INFO - }
[2026-02-12T20:31:20.725+0000] {spark_submit.py:492} INFO - 
[2026-02-12T20:31:20.725+0000] {spark_submit.py:492} INFO - 
[2026-02-12T20:31:20.740+0000] {spark_submit.py:492} INFO - 26/02/12 20:31:20 INFO CodecConfig: Compression: SNAPPY
[2026-02-12T20:31:20.740+0000] {spark_submit.py:492} INFO - 26/02/12 20:31:20 INFO CodecConfig: Compression: SNAPPY
[2026-02-12T20:31:20.741+0000] {spark_submit.py:492} INFO - 26/02/12 20:31:20 INFO ParquetOutputFormat: ParquetRecordWriter [block size: 134217728b, row group padding size: 8388608b, validating: false]
[2026-02-12T20:31:20.742+0000] {spark_submit.py:492} INFO - 26/02/12 20:31:20 INFO ParquetWriteSupport: Initialized Parquet WriteSupport with Catalyst schema:
[2026-02-12T20:31:20.742+0000] {spark_submit.py:492} INFO - {
[2026-02-12T20:31:20.743+0000] {spark_submit.py:492} INFO - "type" : "struct",
[2026-02-12T20:31:20.743+0000] {spark_submit.py:492} INFO - "fields" : [ {
[2026-02-12T20:31:20.743+0000] {spark_submit.py:492} INFO - "name" : "user_id",
[2026-02-12T20:31:20.743+0000] {spark_submit.py:492} INFO - "type" : "string",
[2026-02-12T20:31:20.743+0000] {spark_submit.py:492} INFO - "nullable" : true,
[2026-02-12T20:31:20.743+0000] {spark_submit.py:492} INFO - "metadata" : { }
[2026-02-12T20:31:20.743+0000] {spark_submit.py:492} INFO - }, {
[2026-02-12T20:31:20.743+0000] {spark_submit.py:492} INFO - "name" : "thread_id",
[2026-02-12T20:31:20.743+0000] {spark_submit.py:492} INFO - "type" : "string",
[2026-02-12T20:31:20.743+0000] {spark_submit.py:492} INFO - "nullable" : true,
[2026-02-12T20:31:20.743+0000] {spark_submit.py:492} INFO - "metadata" : { }
[2026-02-12T20:31:20.743+0000] {spark_submit.py:492} INFO - }, {
[2026-02-12T20:31:20.743+0000] {spark_submit.py:492} INFO - "name" : "created_at",
[2026-02-12T20:31:20.744+0000] {spark_submit.py:492} INFO - "type" : "string",
[2026-02-12T20:31:20.744+0000] {spark_submit.py:492} INFO - "nullable" : true,
[2026-02-12T20:31:20.744+0000] {spark_submit.py:492} INFO - "metadata" : { }
[2026-02-12T20:31:20.744+0000] {spark_submit.py:492} INFO - }, {
[2026-02-12T20:31:20.744+0000] {spark_submit.py:492} INFO - "name" : "edit_versions_ids",
[2026-02-12T20:31:20.744+0000] {spark_submit.py:492} INFO - "type" : {
[2026-02-12T20:31:20.744+0000] {spark_submit.py:492} INFO - "type" : "array",
[2026-02-12T20:31:20.744+0000] {spark_submit.py:492} INFO - "elementType" : "long",
[2026-02-12T20:31:20.744+0000] {spark_submit.py:492} INFO - "containsNull" : true
[2026-02-12T20:31:20.744+0000] {spark_submit.py:492} INFO - },
[2026-02-12T20:31:20.744+0000] {spark_submit.py:492} INFO - "nullable" : true,
[2026-02-12T20:31:20.744+0000] {spark_submit.py:492} INFO - "metadata" : { }
[2026-02-12T20:31:20.744+0000] {spark_submit.py:492} INFO - }, {
[2026-02-12T20:31:20.744+0000] {spark_submit.py:492} INFO - "name" : "tweet_id",
[2026-02-12T20:31:20.745+0000] {spark_submit.py:492} INFO - "type" : "string",
[2026-02-12T20:31:20.745+0000] {spark_submit.py:492} INFO - "nullable" : true,
[2026-02-12T20:31:20.745+0000] {spark_submit.py:492} INFO - "metadata" : { }
[2026-02-12T20:31:20.745+0000] {spark_submit.py:492} INFO - }, {
[2026-02-12T20:31:20.745+0000] {spark_submit.py:492} INFO - "name" : "reply_to_user_id",
[2026-02-12T20:31:20.745+0000] {spark_submit.py:492} INFO - "type" : "string",
[2026-02-12T20:31:20.745+0000] {spark_submit.py:492} INFO - "nullable" : true,
[2026-02-12T20:31:20.745+0000] {spark_submit.py:492} INFO - "metadata" : { }
[2026-02-12T20:31:20.746+0000] {spark_submit.py:492} INFO - }, {
[2026-02-12T20:31:20.746+0000] {spark_submit.py:492} INFO - "name" : "language",
[2026-02-12T20:31:20.746+0000] {spark_submit.py:492} INFO - "type" : "string",
[2026-02-12T20:31:20.746+0000] {spark_submit.py:492} INFO - "nullable" : true,
[2026-02-12T20:31:20.746+0000] {spark_submit.py:492} INFO - "metadata" : { }
[2026-02-12T20:31:20.746+0000] {spark_submit.py:492} INFO - }, {
[2026-02-12T20:31:20.746+0000] {spark_submit.py:492} INFO - "name" : "tweet_text",
[2026-02-12T20:31:20.747+0000] {spark_submit.py:492} INFO - "type" : "string",
[2026-02-12T20:31:20.747+0000] {spark_submit.py:492} INFO - "nullable" : true,
[2026-02-12T20:31:20.747+0000] {spark_submit.py:492} INFO - "metadata" : { }
[2026-02-12T20:31:20.747+0000] {spark_submit.py:492} INFO - }, {
[2026-02-12T20:31:20.747+0000] {spark_submit.py:492} INFO - "name" : "likes",
[2026-02-12T20:31:20.747+0000] {spark_submit.py:492} INFO - "type" : "long",
[2026-02-12T20:31:20.747+0000] {spark_submit.py:492} INFO - "nullable" : true,
[2026-02-12T20:31:20.748+0000] {spark_submit.py:492} INFO - "metadata" : { }
[2026-02-12T20:31:20.748+0000] {spark_submit.py:492} INFO - }, {
[2026-02-12T20:31:20.748+0000] {spark_submit.py:492} INFO - "name" : "quotes",
[2026-02-12T20:31:20.748+0000] {spark_submit.py:492} INFO - "type" : "long",
[2026-02-12T20:31:20.748+0000] {spark_submit.py:492} INFO - "nullable" : true,
[2026-02-12T20:31:20.748+0000] {spark_submit.py:492} INFO - "metadata" : { }
[2026-02-12T20:31:20.748+0000] {spark_submit.py:492} INFO - }, {
[2026-02-12T20:31:20.748+0000] {spark_submit.py:492} INFO - "name" : "replies",
[2026-02-12T20:31:20.748+0000] {spark_submit.py:492} INFO - "type" : "long",
[2026-02-12T20:31:20.748+0000] {spark_submit.py:492} INFO - "nullable" : true,
[2026-02-12T20:31:20.749+0000] {spark_submit.py:492} INFO - "metadata" : { }
[2026-02-12T20:31:20.749+0000] {spark_submit.py:492} INFO - }, {
[2026-02-12T20:31:20.749+0000] {spark_submit.py:492} INFO - "name" : "retweets",
[2026-02-12T20:31:20.749+0000] {spark_submit.py:492} INFO - "type" : "long",
[2026-02-12T20:31:20.749+0000] {spark_submit.py:492} INFO - "nullable" : true,
[2026-02-12T20:31:20.749+0000] {spark_submit.py:492} INFO - "metadata" : { }
[2026-02-12T20:31:20.749+0000] {spark_submit.py:492} INFO - }, {
[2026-02-12T20:31:20.749+0000] {spark_submit.py:492} INFO - "name" : "processing_date",
[2026-02-12T20:31:20.749+0000] {spark_submit.py:492} INFO - "type" : "date",
[2026-02-12T20:31:20.749+0000] {spark_submit.py:492} INFO - "nullable" : false,
[2026-02-12T20:31:20.750+0000] {spark_submit.py:492} INFO - "metadata" : { }
[2026-02-12T20:31:20.750+0000] {spark_submit.py:492} INFO - } ]
[2026-02-12T20:31:20.750+0000] {spark_submit.py:492} INFO - }
[2026-02-12T20:31:20.750+0000] {spark_submit.py:492} INFO - and corresponding Parquet message type:
[2026-02-12T20:31:20.750+0000] {spark_submit.py:492} INFO - message spark_schema {
[2026-02-12T20:31:20.750+0000] {spark_submit.py:492} INFO - optional binary user_id (STRING);
[2026-02-12T20:31:20.750+0000] {spark_submit.py:492} INFO - optional binary thread_id (STRING);
[2026-02-12T20:31:20.751+0000] {spark_submit.py:492} INFO - optional binary created_at (STRING);
[2026-02-12T20:31:20.751+0000] {spark_submit.py:492} INFO - optional group edit_versions_ids (LIST) {
[2026-02-12T20:31:20.751+0000] {spark_submit.py:492} INFO - repeated group list {
[2026-02-12T20:31:20.751+0000] {spark_submit.py:492} INFO - optional int64 element;
[2026-02-12T20:31:20.751+0000] {spark_submit.py:492} INFO - }
[2026-02-12T20:31:20.751+0000] {spark_submit.py:492} INFO - }
[2026-02-12T20:31:20.751+0000] {spark_submit.py:492} INFO - optional binary tweet_id (STRING);
[2026-02-12T20:31:20.752+0000] {spark_submit.py:492} INFO - optional binary reply_to_user_id (STRING);
[2026-02-12T20:31:20.752+0000] {spark_submit.py:492} INFO - optional binary language (STRING);
[2026-02-12T20:31:20.752+0000] {spark_submit.py:492} INFO - optional binary tweet_text (STRING);
[2026-02-12T20:31:20.752+0000] {spark_submit.py:492} INFO - optional int64 likes;
[2026-02-12T20:31:20.752+0000] {spark_submit.py:492} INFO - optional int64 quotes;
[2026-02-12T20:31:20.752+0000] {spark_submit.py:492} INFO - optional int64 replies;
[2026-02-12T20:31:20.752+0000] {spark_submit.py:492} INFO - optional int64 retweets;
[2026-02-12T20:31:20.752+0000] {spark_submit.py:492} INFO - required int32 processing_date (DATE);
[2026-02-12T20:31:20.753+0000] {spark_submit.py:492} INFO - }
[2026-02-12T20:31:20.753+0000] {spark_submit.py:492} INFO - 
[2026-02-12T20:31:20.753+0000] {spark_submit.py:492} INFO - 
[2026-02-12T20:31:20.766+0000] {spark_submit.py:492} INFO - 26/02/12 20:31:20 INFO CodecConfig: Compression: SNAPPY
[2026-02-12T20:31:20.766+0000] {spark_submit.py:492} INFO - 26/02/12 20:31:20 INFO CodecConfig: Compression: SNAPPY
[2026-02-12T20:31:20.767+0000] {spark_submit.py:492} INFO - 26/02/12 20:31:20 INFO ParquetOutputFormat: ParquetRecordWriter [block size: 134217728b, row group padding size: 8388608b, validating: false]
[2026-02-12T20:31:20.769+0000] {spark_submit.py:492} INFO - 26/02/12 20:31:20 INFO ParquetWriteSupport: Initialized Parquet WriteSupport with Catalyst schema:
[2026-02-12T20:31:20.769+0000] {spark_submit.py:492} INFO - {
[2026-02-12T20:31:20.769+0000] {spark_submit.py:492} INFO - "type" : "struct",
[2026-02-12T20:31:20.769+0000] {spark_submit.py:492} INFO - "fields" : [ {
[2026-02-12T20:31:20.769+0000] {spark_submit.py:492} INFO - "name" : "user_id",
[2026-02-12T20:31:20.769+0000] {spark_submit.py:492} INFO - "type" : "string",
[2026-02-12T20:31:20.770+0000] {spark_submit.py:492} INFO - "nullable" : true,
[2026-02-12T20:31:20.770+0000] {spark_submit.py:492} INFO - "metadata" : { }
[2026-02-12T20:31:20.770+0000] {spark_submit.py:492} INFO - }, {
[2026-02-12T20:31:20.770+0000] {spark_submit.py:492} INFO - "name" : "thread_id",
[2026-02-12T20:31:20.770+0000] {spark_submit.py:492} INFO - "type" : "string",
[2026-02-12T20:31:20.770+0000] {spark_submit.py:492} INFO - "nullable" : true,
[2026-02-12T20:31:20.770+0000] {spark_submit.py:492} INFO - "metadata" : { }
[2026-02-12T20:31:20.770+0000] {spark_submit.py:492} INFO - }, {
[2026-02-12T20:31:20.770+0000] {spark_submit.py:492} INFO - "name" : "created_at",
[2026-02-12T20:31:20.770+0000] {spark_submit.py:492} INFO - "type" : "string",
[2026-02-12T20:31:20.771+0000] {spark_submit.py:492} INFO - "nullable" : true,
[2026-02-12T20:31:20.771+0000] {spark_submit.py:492} INFO - "metadata" : { }
[2026-02-12T20:31:20.771+0000] {spark_submit.py:492} INFO - }, {
[2026-02-12T20:31:20.771+0000] {spark_submit.py:492} INFO - "name" : "edit_versions_ids",
[2026-02-12T20:31:20.771+0000] {spark_submit.py:492} INFO - "type" : {
[2026-02-12T20:31:20.771+0000] {spark_submit.py:492} INFO - "type" : "array",
[2026-02-12T20:31:20.771+0000] {spark_submit.py:492} INFO - "elementType" : "long",
[2026-02-12T20:31:20.771+0000] {spark_submit.py:492} INFO - "containsNull" : true
[2026-02-12T20:31:20.771+0000] {spark_submit.py:492} INFO - },
[2026-02-12T20:31:20.771+0000] {spark_submit.py:492} INFO - "nullable" : true,
[2026-02-12T20:31:20.771+0000] {spark_submit.py:492} INFO - "metadata" : { }
[2026-02-12T20:31:20.771+0000] {spark_submit.py:492} INFO - }, {
[2026-02-12T20:31:20.771+0000] {spark_submit.py:492} INFO - "name" : "tweet_id",
[2026-02-12T20:31:20.771+0000] {spark_submit.py:492} INFO - "type" : "string",
[2026-02-12T20:31:20.772+0000] {spark_submit.py:492} INFO - "nullable" : true,
[2026-02-12T20:31:20.772+0000] {spark_submit.py:492} INFO - "metadata" : { }
[2026-02-12T20:31:20.772+0000] {spark_submit.py:492} INFO - }, {
[2026-02-12T20:31:20.772+0000] {spark_submit.py:492} INFO - "name" : "reply_to_user_id",
[2026-02-12T20:31:20.772+0000] {spark_submit.py:492} INFO - "type" : "string",
[2026-02-12T20:31:20.772+0000] {spark_submit.py:492} INFO - "nullable" : true,
[2026-02-12T20:31:20.772+0000] {spark_submit.py:492} INFO - "metadata" : { }
[2026-02-12T20:31:20.772+0000] {spark_submit.py:492} INFO - }, {
[2026-02-12T20:31:20.772+0000] {spark_submit.py:492} INFO - "name" : "language",
[2026-02-12T20:31:20.773+0000] {spark_submit.py:492} INFO - "type" : "string",
[2026-02-12T20:31:20.773+0000] {spark_submit.py:492} INFO - "nullable" : true,
[2026-02-12T20:31:20.773+0000] {spark_submit.py:492} INFO - "metadata" : { }
[2026-02-12T20:31:20.773+0000] {spark_submit.py:492} INFO - }, {
[2026-02-12T20:31:20.773+0000] {spark_submit.py:492} INFO - "name" : "tweet_text",
[2026-02-12T20:31:20.773+0000] {spark_submit.py:492} INFO - "type" : "string",
[2026-02-12T20:31:20.773+0000] {spark_submit.py:492} INFO - "nullable" : true,
[2026-02-12T20:31:20.773+0000] {spark_submit.py:492} INFO - "metadata" : { }
[2026-02-12T20:31:20.774+0000] {spark_submit.py:492} INFO - }, {
[2026-02-12T20:31:20.774+0000] {spark_submit.py:492} INFO - "name" : "likes",
[2026-02-12T20:31:20.774+0000] {spark_submit.py:492} INFO - "type" : "long",
[2026-02-12T20:31:20.774+0000] {spark_submit.py:492} INFO - "nullable" : true,
[2026-02-12T20:31:20.774+0000] {spark_submit.py:492} INFO - "metadata" : { }
[2026-02-12T20:31:20.774+0000] {spark_submit.py:492} INFO - }, {
[2026-02-12T20:31:20.774+0000] {spark_submit.py:492} INFO - "name" : "quotes",
[2026-02-12T20:31:20.774+0000] {spark_submit.py:492} INFO - "type" : "long",
[2026-02-12T20:31:20.774+0000] {spark_submit.py:492} INFO - "nullable" : true,
[2026-02-12T20:31:20.774+0000] {spark_submit.py:492} INFO - "metadata" : { }
[2026-02-12T20:31:20.774+0000] {spark_submit.py:492} INFO - }, {
[2026-02-12T20:31:20.775+0000] {spark_submit.py:492} INFO - "name" : "replies",
[2026-02-12T20:31:20.775+0000] {spark_submit.py:492} INFO - "type" : "long",
[2026-02-12T20:31:20.775+0000] {spark_submit.py:492} INFO - "nullable" : true,
[2026-02-12T20:31:20.775+0000] {spark_submit.py:492} INFO - "metadata" : { }
[2026-02-12T20:31:20.775+0000] {spark_submit.py:492} INFO - }, {
[2026-02-12T20:31:20.775+0000] {spark_submit.py:492} INFO - "name" : "retweets",
[2026-02-12T20:31:20.775+0000] {spark_submit.py:492} INFO - "type" : "long",
[2026-02-12T20:31:20.775+0000] {spark_submit.py:492} INFO - "nullable" : true,
[2026-02-12T20:31:20.775+0000] {spark_submit.py:492} INFO - "metadata" : { }
[2026-02-12T20:31:20.775+0000] {spark_submit.py:492} INFO - }, {
[2026-02-12T20:31:20.775+0000] {spark_submit.py:492} INFO - "name" : "processing_date",
[2026-02-12T20:31:20.775+0000] {spark_submit.py:492} INFO - "type" : "date",
[2026-02-12T20:31:20.775+0000] {spark_submit.py:492} INFO - "nullable" : false,
[2026-02-12T20:31:20.776+0000] {spark_submit.py:492} INFO - "metadata" : { }
[2026-02-12T20:31:20.776+0000] {spark_submit.py:492} INFO - } ]
[2026-02-12T20:31:20.776+0000] {spark_submit.py:492} INFO - }
[2026-02-12T20:31:20.776+0000] {spark_submit.py:492} INFO - and corresponding Parquet message type:
[2026-02-12T20:31:20.776+0000] {spark_submit.py:492} INFO - message spark_schema {
[2026-02-12T20:31:20.776+0000] {spark_submit.py:492} INFO - optional binary user_id (STRING);
[2026-02-12T20:31:20.776+0000] {spark_submit.py:492} INFO - optional binary thread_id (STRING);
[2026-02-12T20:31:20.776+0000] {spark_submit.py:492} INFO - optional binary created_at (STRING);
[2026-02-12T20:31:20.776+0000] {spark_submit.py:492} INFO - optional group edit_versions_ids (LIST) {
[2026-02-12T20:31:20.776+0000] {spark_submit.py:492} INFO - repeated group list {
[2026-02-12T20:31:20.777+0000] {spark_submit.py:492} INFO - optional int64 element;
[2026-02-12T20:31:20.777+0000] {spark_submit.py:492} INFO - }
[2026-02-12T20:31:20.777+0000] {spark_submit.py:492} INFO - }
[2026-02-12T20:31:20.777+0000] {spark_submit.py:492} INFO - optional binary tweet_id (STRING);
[2026-02-12T20:31:20.777+0000] {spark_submit.py:492} INFO - optional binary reply_to_user_id (STRING);
[2026-02-12T20:31:20.777+0000] {spark_submit.py:492} INFO - optional binary language (STRING);
[2026-02-12T20:31:20.777+0000] {spark_submit.py:492} INFO - optional binary tweet_text (STRING);
[2026-02-12T20:31:20.777+0000] {spark_submit.py:492} INFO - optional int64 likes;
[2026-02-12T20:31:20.777+0000] {spark_submit.py:492} INFO - optional int64 quotes;
[2026-02-12T20:31:20.777+0000] {spark_submit.py:492} INFO - optional int64 replies;
[2026-02-12T20:31:20.777+0000] {spark_submit.py:492} INFO - optional int64 retweets;
[2026-02-12T20:31:20.778+0000] {spark_submit.py:492} INFO - required int32 processing_date (DATE);
[2026-02-12T20:31:20.778+0000] {spark_submit.py:492} INFO - }
[2026-02-12T20:31:20.778+0000] {spark_submit.py:492} INFO - 
[2026-02-12T20:31:20.778+0000] {spark_submit.py:492} INFO - 
[2026-02-12T20:31:20.801+0000] {spark_submit.py:492} INFO - 26/02/12 20:31:20 INFO CodecConfig: Compression: SNAPPY
[2026-02-12T20:31:20.801+0000] {spark_submit.py:492} INFO - 26/02/12 20:31:20 INFO CodecConfig: Compression: SNAPPY
[2026-02-12T20:31:20.802+0000] {spark_submit.py:492} INFO - 26/02/12 20:31:20 INFO ParquetOutputFormat: ParquetRecordWriter [block size: 134217728b, row group padding size: 8388608b, validating: false]
[2026-02-12T20:31:20.803+0000] {spark_submit.py:492} INFO - 26/02/12 20:31:20 INFO ParquetWriteSupport: Initialized Parquet WriteSupport with Catalyst schema:
[2026-02-12T20:31:20.804+0000] {spark_submit.py:492} INFO - {
[2026-02-12T20:31:20.804+0000] {spark_submit.py:492} INFO - "type" : "struct",
[2026-02-12T20:31:20.804+0000] {spark_submit.py:492} INFO - "fields" : [ {
[2026-02-12T20:31:20.804+0000] {spark_submit.py:492} INFO - "name" : "user_id",
[2026-02-12T20:31:20.804+0000] {spark_submit.py:492} INFO - "type" : "string",
[2026-02-12T20:31:20.804+0000] {spark_submit.py:492} INFO - "nullable" : true,
[2026-02-12T20:31:20.804+0000] {spark_submit.py:492} INFO - "metadata" : { }
[2026-02-12T20:31:20.804+0000] {spark_submit.py:492} INFO - }, {
[2026-02-12T20:31:20.804+0000] {spark_submit.py:492} INFO - "name" : "thread_id",
[2026-02-12T20:31:20.804+0000] {spark_submit.py:492} INFO - "type" : "string",
[2026-02-12T20:31:20.804+0000] {spark_submit.py:492} INFO - "nullable" : true,
[2026-02-12T20:31:20.804+0000] {spark_submit.py:492} INFO - "metadata" : { }
[2026-02-12T20:31:20.804+0000] {spark_submit.py:492} INFO - }, {
[2026-02-12T20:31:20.805+0000] {spark_submit.py:492} INFO - "name" : "created_at",
[2026-02-12T20:31:20.805+0000] {spark_submit.py:492} INFO - "type" : "string",
[2026-02-12T20:31:20.805+0000] {spark_submit.py:492} INFO - "nullable" : true,
[2026-02-12T20:31:20.805+0000] {spark_submit.py:492} INFO - "metadata" : { }
[2026-02-12T20:31:20.805+0000] {spark_submit.py:492} INFO - }, {
[2026-02-12T20:31:20.805+0000] {spark_submit.py:492} INFO - "name" : "edit_versions_ids",
[2026-02-12T20:31:20.805+0000] {spark_submit.py:492} INFO - "type" : {
[2026-02-12T20:31:20.805+0000] {spark_submit.py:492} INFO - "type" : "array",
[2026-02-12T20:31:20.805+0000] {spark_submit.py:492} INFO - "elementType" : "long",
[2026-02-12T20:31:20.805+0000] {spark_submit.py:492} INFO - "containsNull" : true
[2026-02-12T20:31:20.806+0000] {spark_submit.py:492} INFO - },
[2026-02-12T20:31:20.806+0000] {spark_submit.py:492} INFO - "nullable" : true,
[2026-02-12T20:31:20.806+0000] {spark_submit.py:492} INFO - "metadata" : { }
[2026-02-12T20:31:20.806+0000] {spark_submit.py:492} INFO - }, {
[2026-02-12T20:31:20.806+0000] {spark_submit.py:492} INFO - "name" : "tweet_id",
[2026-02-12T20:31:20.806+0000] {spark_submit.py:492} INFO - "type" : "string",
[2026-02-12T20:31:20.806+0000] {spark_submit.py:492} INFO - "nullable" : true,
[2026-02-12T20:31:20.806+0000] {spark_submit.py:492} INFO - "metadata" : { }
[2026-02-12T20:31:20.807+0000] {spark_submit.py:492} INFO - }, {
[2026-02-12T20:31:20.807+0000] {spark_submit.py:492} INFO - "name" : "reply_to_user_id",
[2026-02-12T20:31:20.807+0000] {spark_submit.py:492} INFO - "type" : "string",
[2026-02-12T20:31:20.807+0000] {spark_submit.py:492} INFO - "nullable" : true,
[2026-02-12T20:31:20.807+0000] {spark_submit.py:492} INFO - "metadata" : { }
[2026-02-12T20:31:20.807+0000] {spark_submit.py:492} INFO - }, {
[2026-02-12T20:31:20.807+0000] {spark_submit.py:492} INFO - "name" : "language",
[2026-02-12T20:31:20.807+0000] {spark_submit.py:492} INFO - "type" : "string",
[2026-02-12T20:31:20.808+0000] {spark_submit.py:492} INFO - "nullable" : true,
[2026-02-12T20:31:20.808+0000] {spark_submit.py:492} INFO - "metadata" : { }
[2026-02-12T20:31:20.808+0000] {spark_submit.py:492} INFO - }, {
[2026-02-12T20:31:20.808+0000] {spark_submit.py:492} INFO - "name" : "tweet_text",
[2026-02-12T20:31:20.808+0000] {spark_submit.py:492} INFO - "type" : "string",
[2026-02-12T20:31:20.808+0000] {spark_submit.py:492} INFO - "nullable" : true,
[2026-02-12T20:31:20.808+0000] {spark_submit.py:492} INFO - "metadata" : { }
[2026-02-12T20:31:20.809+0000] {spark_submit.py:492} INFO - }, {
[2026-02-12T20:31:20.809+0000] {spark_submit.py:492} INFO - "name" : "likes",
[2026-02-12T20:31:20.809+0000] {spark_submit.py:492} INFO - "type" : "long",
[2026-02-12T20:31:20.809+0000] {spark_submit.py:492} INFO - "nullable" : true,
[2026-02-12T20:31:20.809+0000] {spark_submit.py:492} INFO - "metadata" : { }
[2026-02-12T20:31:20.809+0000] {spark_submit.py:492} INFO - }, {
[2026-02-12T20:31:20.809+0000] {spark_submit.py:492} INFO - "name" : "quotes",
[2026-02-12T20:31:20.809+0000] {spark_submit.py:492} INFO - "type" : "long",
[2026-02-12T20:31:20.809+0000] {spark_submit.py:492} INFO - "nullable" : true,
[2026-02-12T20:31:20.809+0000] {spark_submit.py:492} INFO - "metadata" : { }
[2026-02-12T20:31:20.810+0000] {spark_submit.py:492} INFO - }, {
[2026-02-12T20:31:20.810+0000] {spark_submit.py:492} INFO - "name" : "replies",
[2026-02-12T20:31:20.810+0000] {spark_submit.py:492} INFO - "type" : "long",
[2026-02-12T20:31:20.810+0000] {spark_submit.py:492} INFO - "nullable" : true,
[2026-02-12T20:31:20.810+0000] {spark_submit.py:492} INFO - "metadata" : { }
[2026-02-12T20:31:20.810+0000] {spark_submit.py:492} INFO - }, {
[2026-02-12T20:31:20.810+0000] {spark_submit.py:492} INFO - "name" : "retweets",
[2026-02-12T20:31:20.810+0000] {spark_submit.py:492} INFO - "type" : "long",
[2026-02-12T20:31:20.811+0000] {spark_submit.py:492} INFO - "nullable" : true,
[2026-02-12T20:31:20.811+0000] {spark_submit.py:492} INFO - "metadata" : { }
[2026-02-12T20:31:20.811+0000] {spark_submit.py:492} INFO - }, {
[2026-02-12T20:31:20.811+0000] {spark_submit.py:492} INFO - "name" : "processing_date",
[2026-02-12T20:31:20.811+0000] {spark_submit.py:492} INFO - "type" : "date",
[2026-02-12T20:31:20.811+0000] {spark_submit.py:492} INFO - "nullable" : false,
[2026-02-12T20:31:20.811+0000] {spark_submit.py:492} INFO - "metadata" : { }
[2026-02-12T20:31:20.811+0000] {spark_submit.py:492} INFO - } ]
[2026-02-12T20:31:20.811+0000] {spark_submit.py:492} INFO - }
[2026-02-12T20:31:20.812+0000] {spark_submit.py:492} INFO - and corresponding Parquet message type:
[2026-02-12T20:31:20.812+0000] {spark_submit.py:492} INFO - message spark_schema {
[2026-02-12T20:31:20.812+0000] {spark_submit.py:492} INFO - optional binary user_id (STRING);
[2026-02-12T20:31:20.812+0000] {spark_submit.py:492} INFO - optional binary thread_id (STRING);
[2026-02-12T20:31:20.812+0000] {spark_submit.py:492} INFO - optional binary created_at (STRING);
[2026-02-12T20:31:20.812+0000] {spark_submit.py:492} INFO - optional group edit_versions_ids (LIST) {
[2026-02-12T20:31:20.812+0000] {spark_submit.py:492} INFO - repeated group list {
[2026-02-12T20:31:20.812+0000] {spark_submit.py:492} INFO - optional int64 element;
[2026-02-12T20:31:20.812+0000] {spark_submit.py:492} INFO - }
[2026-02-12T20:31:20.813+0000] {spark_submit.py:492} INFO - }
[2026-02-12T20:31:20.813+0000] {spark_submit.py:492} INFO - optional binary tweet_id (STRING);
[2026-02-12T20:31:20.813+0000] {spark_submit.py:492} INFO - optional binary reply_to_user_id (STRING);
[2026-02-12T20:31:20.813+0000] {spark_submit.py:492} INFO - optional binary language (STRING);
[2026-02-12T20:31:20.813+0000] {spark_submit.py:492} INFO - optional binary tweet_text (STRING);
[2026-02-12T20:31:20.813+0000] {spark_submit.py:492} INFO - optional int64 likes;
[2026-02-12T20:31:20.813+0000] {spark_submit.py:492} INFO - optional int64 quotes;
[2026-02-12T20:31:20.813+0000] {spark_submit.py:492} INFO - optional int64 replies;
[2026-02-12T20:31:20.813+0000] {spark_submit.py:492} INFO - optional int64 retweets;
[2026-02-12T20:31:20.814+0000] {spark_submit.py:492} INFO - required int32 processing_date (DATE);
[2026-02-12T20:31:20.814+0000] {spark_submit.py:492} INFO - }
[2026-02-12T20:31:20.814+0000] {spark_submit.py:492} INFO - 
[2026-02-12T20:31:20.814+0000] {spark_submit.py:492} INFO - 
[2026-02-12T20:31:20.827+0000] {spark_submit.py:492} INFO - 26/02/12 20:31:20 INFO CodecConfig: Compression: SNAPPY
[2026-02-12T20:31:20.828+0000] {spark_submit.py:492} INFO - 26/02/12 20:31:20 INFO CodecConfig: Compression: SNAPPY
[2026-02-12T20:31:20.829+0000] {spark_submit.py:492} INFO - 26/02/12 20:31:20 INFO ParquetOutputFormat: ParquetRecordWriter [block size: 134217728b, row group padding size: 8388608b, validating: false]
[2026-02-12T20:31:20.830+0000] {spark_submit.py:492} INFO - 26/02/12 20:31:20 INFO ParquetWriteSupport: Initialized Parquet WriteSupport with Catalyst schema:
[2026-02-12T20:31:20.830+0000] {spark_submit.py:492} INFO - {
[2026-02-12T20:31:20.830+0000] {spark_submit.py:492} INFO - "type" : "struct",
[2026-02-12T20:31:20.831+0000] {spark_submit.py:492} INFO - "fields" : [ {
[2026-02-12T20:31:20.831+0000] {spark_submit.py:492} INFO - "name" : "user_id",
[2026-02-12T20:31:20.831+0000] {spark_submit.py:492} INFO - "type" : "string",
[2026-02-12T20:31:20.831+0000] {spark_submit.py:492} INFO - "nullable" : true,
[2026-02-12T20:31:20.831+0000] {spark_submit.py:492} INFO - "metadata" : { }
[2026-02-12T20:31:20.831+0000] {spark_submit.py:492} INFO - }, {
[2026-02-12T20:31:20.831+0000] {spark_submit.py:492} INFO - "name" : "thread_id",
[2026-02-12T20:31:20.831+0000] {spark_submit.py:492} INFO - "type" : "string",
[2026-02-12T20:31:20.831+0000] {spark_submit.py:492} INFO - "nullable" : true,
[2026-02-12T20:31:20.832+0000] {spark_submit.py:492} INFO - "metadata" : { }
[2026-02-12T20:31:20.832+0000] {spark_submit.py:492} INFO - }, {
[2026-02-12T20:31:20.832+0000] {spark_submit.py:492} INFO - "name" : "created_at",
[2026-02-12T20:31:20.832+0000] {spark_submit.py:492} INFO - "type" : "string",
[2026-02-12T20:31:20.832+0000] {spark_submit.py:492} INFO - "nullable" : true,
[2026-02-12T20:31:20.832+0000] {spark_submit.py:492} INFO - "metadata" : { }
[2026-02-12T20:31:20.832+0000] {spark_submit.py:492} INFO - }, {
[2026-02-12T20:31:20.833+0000] {spark_submit.py:492} INFO - "name" : "edit_versions_ids",
[2026-02-12T20:31:20.833+0000] {spark_submit.py:492} INFO - "type" : {
[2026-02-12T20:31:20.833+0000] {spark_submit.py:492} INFO - "type" : "array",
[2026-02-12T20:31:20.833+0000] {spark_submit.py:492} INFO - "elementType" : "long",
[2026-02-12T20:31:20.834+0000] {spark_submit.py:492} INFO - "containsNull" : true
[2026-02-12T20:31:20.834+0000] {spark_submit.py:492} INFO - },
[2026-02-12T20:31:20.834+0000] {spark_submit.py:492} INFO - "nullable" : true,
[2026-02-12T20:31:20.834+0000] {spark_submit.py:492} INFO - "metadata" : { }
[2026-02-12T20:31:20.834+0000] {spark_submit.py:492} INFO - }, {
[2026-02-12T20:31:20.834+0000] {spark_submit.py:492} INFO - "name" : "tweet_id",
[2026-02-12T20:31:20.835+0000] {spark_submit.py:492} INFO - "type" : "string",
[2026-02-12T20:31:20.835+0000] {spark_submit.py:492} INFO - "nullable" : true,
[2026-02-12T20:31:20.835+0000] {spark_submit.py:492} INFO - "metadata" : { }
[2026-02-12T20:31:20.835+0000] {spark_submit.py:492} INFO - }, {
[2026-02-12T20:31:20.836+0000] {spark_submit.py:492} INFO - "name" : "reply_to_user_id",
[2026-02-12T20:31:20.836+0000] {spark_submit.py:492} INFO - "type" : "string",
[2026-02-12T20:31:20.836+0000] {spark_submit.py:492} INFO - "nullable" : true,
[2026-02-12T20:31:20.836+0000] {spark_submit.py:492} INFO - "metadata" : { }
[2026-02-12T20:31:20.836+0000] {spark_submit.py:492} INFO - }, {
[2026-02-12T20:31:20.836+0000] {spark_submit.py:492} INFO - "name" : "language",
[2026-02-12T20:31:20.836+0000] {spark_submit.py:492} INFO - "type" : "string",
[2026-02-12T20:31:20.836+0000] {spark_submit.py:492} INFO - "nullable" : true,
[2026-02-12T20:31:20.836+0000] {spark_submit.py:492} INFO - "metadata" : { }
[2026-02-12T20:31:20.837+0000] {spark_submit.py:492} INFO - }, {
[2026-02-12T20:31:20.837+0000] {spark_submit.py:492} INFO - "name" : "tweet_text",
[2026-02-12T20:31:20.837+0000] {spark_submit.py:492} INFO - "type" : "string",
[2026-02-12T20:31:20.837+0000] {spark_submit.py:492} INFO - "nullable" : true,
[2026-02-12T20:31:20.837+0000] {spark_submit.py:492} INFO - "metadata" : { }
[2026-02-12T20:31:20.837+0000] {spark_submit.py:492} INFO - }, {
[2026-02-12T20:31:20.837+0000] {spark_submit.py:492} INFO - "name" : "likes",
[2026-02-12T20:31:20.837+0000] {spark_submit.py:492} INFO - "type" : "long",
[2026-02-12T20:31:20.837+0000] {spark_submit.py:492} INFO - "nullable" : true,
[2026-02-12T20:31:20.837+0000] {spark_submit.py:492} INFO - "metadata" : { }
[2026-02-12T20:31:20.837+0000] {spark_submit.py:492} INFO - }, {
[2026-02-12T20:31:20.838+0000] {spark_submit.py:492} INFO - "name" : "quotes",
[2026-02-12T20:31:20.838+0000] {spark_submit.py:492} INFO - "type" : "long",
[2026-02-12T20:31:20.838+0000] {spark_submit.py:492} INFO - "nullable" : true,
[2026-02-12T20:31:20.838+0000] {spark_submit.py:492} INFO - "metadata" : { }
[2026-02-12T20:31:20.838+0000] {spark_submit.py:492} INFO - }, {
[2026-02-12T20:31:20.838+0000] {spark_submit.py:492} INFO - "name" : "replies",
[2026-02-12T20:31:20.838+0000] {spark_submit.py:492} INFO - "type" : "long",
[2026-02-12T20:31:20.839+0000] {spark_submit.py:492} INFO - "nullable" : true,
[2026-02-12T20:31:20.839+0000] {spark_submit.py:492} INFO - "metadata" : { }
[2026-02-12T20:31:20.839+0000] {spark_submit.py:492} INFO - }, {
[2026-02-12T20:31:20.839+0000] {spark_submit.py:492} INFO - "name" : "retweets",
[2026-02-12T20:31:20.839+0000] {spark_submit.py:492} INFO - "type" : "long",
[2026-02-12T20:31:20.839+0000] {spark_submit.py:492} INFO - "nullable" : true,
[2026-02-12T20:31:20.840+0000] {spark_submit.py:492} INFO - "metadata" : { }
[2026-02-12T20:31:20.840+0000] {spark_submit.py:492} INFO - }, {
[2026-02-12T20:31:20.840+0000] {spark_submit.py:492} INFO - "name" : "processing_date",
[2026-02-12T20:31:20.840+0000] {spark_submit.py:492} INFO - "type" : "date",
[2026-02-12T20:31:20.840+0000] {spark_submit.py:492} INFO - "nullable" : false,
[2026-02-12T20:31:20.840+0000] {spark_submit.py:492} INFO - "metadata" : { }
[2026-02-12T20:31:20.840+0000] {spark_submit.py:492} INFO - } ]
[2026-02-12T20:31:20.840+0000] {spark_submit.py:492} INFO - }
[2026-02-12T20:31:20.841+0000] {spark_submit.py:492} INFO - and corresponding Parquet message type:
[2026-02-12T20:31:20.841+0000] {spark_submit.py:492} INFO - message spark_schema {
[2026-02-12T20:31:20.841+0000] {spark_submit.py:492} INFO - optional binary user_id (STRING);
[2026-02-12T20:31:20.841+0000] {spark_submit.py:492} INFO - optional binary thread_id (STRING);
[2026-02-12T20:31:20.841+0000] {spark_submit.py:492} INFO - optional binary created_at (STRING);
[2026-02-12T20:31:20.842+0000] {spark_submit.py:492} INFO - optional group edit_versions_ids (LIST) {
[2026-02-12T20:31:20.842+0000] {spark_submit.py:492} INFO - repeated group list {
[2026-02-12T20:31:20.842+0000] {spark_submit.py:492} INFO - optional int64 element;
[2026-02-12T20:31:20.842+0000] {spark_submit.py:492} INFO - }
[2026-02-12T20:31:20.843+0000] {spark_submit.py:492} INFO - }
[2026-02-12T20:31:20.843+0000] {spark_submit.py:492} INFO - optional binary tweet_id (STRING);
[2026-02-12T20:31:20.843+0000] {spark_submit.py:492} INFO - optional binary reply_to_user_id (STRING);
[2026-02-12T20:31:20.843+0000] {spark_submit.py:492} INFO - optional binary language (STRING);
[2026-02-12T20:31:20.843+0000] {spark_submit.py:492} INFO - optional binary tweet_text (STRING);
[2026-02-12T20:31:20.843+0000] {spark_submit.py:492} INFO - optional int64 likes;
[2026-02-12T20:31:20.843+0000] {spark_submit.py:492} INFO - optional int64 quotes;
[2026-02-12T20:31:20.844+0000] {spark_submit.py:492} INFO - optional int64 replies;
[2026-02-12T20:31:20.844+0000] {spark_submit.py:492} INFO - optional int64 retweets;
[2026-02-12T20:31:20.844+0000] {spark_submit.py:492} INFO - required int32 processing_date (DATE);
[2026-02-12T20:31:20.844+0000] {spark_submit.py:492} INFO - }
[2026-02-12T20:31:20.844+0000] {spark_submit.py:492} INFO - 
[2026-02-12T20:31:20.844+0000] {spark_submit.py:492} INFO - 
[2026-02-12T20:31:20.854+0000] {spark_submit.py:492} INFO - 26/02/12 20:31:20 INFO CodecConfig: Compression: SNAPPY
[2026-02-12T20:31:20.855+0000] {spark_submit.py:492} INFO - 26/02/12 20:31:20 INFO CodecConfig: Compression: SNAPPY
[2026-02-12T20:31:20.856+0000] {spark_submit.py:492} INFO - 26/02/12 20:31:20 INFO ParquetOutputFormat: ParquetRecordWriter [block size: 134217728b, row group padding size: 8388608b, validating: false]
[2026-02-12T20:31:20.857+0000] {spark_submit.py:492} INFO - 26/02/12 20:31:20 INFO ParquetWriteSupport: Initialized Parquet WriteSupport with Catalyst schema:
[2026-02-12T20:31:20.857+0000] {spark_submit.py:492} INFO - {
[2026-02-12T20:31:20.857+0000] {spark_submit.py:492} INFO - "type" : "struct",
[2026-02-12T20:31:20.857+0000] {spark_submit.py:492} INFO - "fields" : [ {
[2026-02-12T20:31:20.857+0000] {spark_submit.py:492} INFO - "name" : "user_id",
[2026-02-12T20:31:20.857+0000] {spark_submit.py:492} INFO - "type" : "string",
[2026-02-12T20:31:20.858+0000] {spark_submit.py:492} INFO - "nullable" : true,
[2026-02-12T20:31:20.858+0000] {spark_submit.py:492} INFO - "metadata" : { }
[2026-02-12T20:31:20.858+0000] {spark_submit.py:492} INFO - }, {
[2026-02-12T20:31:20.858+0000] {spark_submit.py:492} INFO - "name" : "thread_id",
[2026-02-12T20:31:20.858+0000] {spark_submit.py:492} INFO - "type" : "string",
[2026-02-12T20:31:20.858+0000] {spark_submit.py:492} INFO - "nullable" : true,
[2026-02-12T20:31:20.858+0000] {spark_submit.py:492} INFO - "metadata" : { }
[2026-02-12T20:31:20.858+0000] {spark_submit.py:492} INFO - }, {
[2026-02-12T20:31:20.859+0000] {spark_submit.py:492} INFO - "name" : "created_at",
[2026-02-12T20:31:20.859+0000] {spark_submit.py:492} INFO - "type" : "string",
[2026-02-12T20:31:20.859+0000] {spark_submit.py:492} INFO - "nullable" : true,
[2026-02-12T20:31:20.859+0000] {spark_submit.py:492} INFO - "metadata" : { }
[2026-02-12T20:31:20.859+0000] {spark_submit.py:492} INFO - }, {
[2026-02-12T20:31:20.859+0000] {spark_submit.py:492} INFO - "name" : "edit_versions_ids",
[2026-02-12T20:31:20.859+0000] {spark_submit.py:492} INFO - "type" : {
[2026-02-12T20:31:20.859+0000] {spark_submit.py:492} INFO - "type" : "array",
[2026-02-12T20:31:20.859+0000] {spark_submit.py:492} INFO - "elementType" : "long",
[2026-02-12T20:31:20.859+0000] {spark_submit.py:492} INFO - "containsNull" : true
[2026-02-12T20:31:20.859+0000] {spark_submit.py:492} INFO - },
[2026-02-12T20:31:20.859+0000] {spark_submit.py:492} INFO - "nullable" : true,
[2026-02-12T20:31:20.859+0000] {spark_submit.py:492} INFO - "metadata" : { }
[2026-02-12T20:31:20.860+0000] {spark_submit.py:492} INFO - }, {
[2026-02-12T20:31:20.860+0000] {spark_submit.py:492} INFO - "name" : "tweet_id",
[2026-02-12T20:31:20.860+0000] {spark_submit.py:492} INFO - "type" : "string",
[2026-02-12T20:31:20.860+0000] {spark_submit.py:492} INFO - "nullable" : true,
[2026-02-12T20:31:20.860+0000] {spark_submit.py:492} INFO - "metadata" : { }
[2026-02-12T20:31:20.860+0000] {spark_submit.py:492} INFO - }, {
[2026-02-12T20:31:20.860+0000] {spark_submit.py:492} INFO - "name" : "reply_to_user_id",
[2026-02-12T20:31:20.860+0000] {spark_submit.py:492} INFO - "type" : "string",
[2026-02-12T20:31:20.860+0000] {spark_submit.py:492} INFO - "nullable" : true,
[2026-02-12T20:31:20.860+0000] {spark_submit.py:492} INFO - "metadata" : { }
[2026-02-12T20:31:20.860+0000] {spark_submit.py:492} INFO - }, {
[2026-02-12T20:31:20.860+0000] {spark_submit.py:492} INFO - "name" : "language",
[2026-02-12T20:31:20.861+0000] {spark_submit.py:492} INFO - "type" : "string",
[2026-02-12T20:31:20.861+0000] {spark_submit.py:492} INFO - "nullable" : true,
[2026-02-12T20:31:20.861+0000] {spark_submit.py:492} INFO - "metadata" : { }
[2026-02-12T20:31:20.861+0000] {spark_submit.py:492} INFO - }, {
[2026-02-12T20:31:20.861+0000] {spark_submit.py:492} INFO - "name" : "tweet_text",
[2026-02-12T20:31:20.861+0000] {spark_submit.py:492} INFO - "type" : "string",
[2026-02-12T20:31:20.861+0000] {spark_submit.py:492} INFO - "nullable" : true,
[2026-02-12T20:31:20.861+0000] {spark_submit.py:492} INFO - "metadata" : { }
[2026-02-12T20:31:20.861+0000] {spark_submit.py:492} INFO - }, {
[2026-02-12T20:31:20.861+0000] {spark_submit.py:492} INFO - "name" : "likes",
[2026-02-12T20:31:20.862+0000] {spark_submit.py:492} INFO - "type" : "long",
[2026-02-12T20:31:20.862+0000] {spark_submit.py:492} INFO - "nullable" : true,
[2026-02-12T20:31:20.862+0000] {spark_submit.py:492} INFO - "metadata" : { }
[2026-02-12T20:31:20.862+0000] {spark_submit.py:492} INFO - }, {
[2026-02-12T20:31:20.862+0000] {spark_submit.py:492} INFO - "name" : "quotes",
[2026-02-12T20:31:20.862+0000] {spark_submit.py:492} INFO - "type" : "long",
[2026-02-12T20:31:20.862+0000] {spark_submit.py:492} INFO - "nullable" : true,
[2026-02-12T20:31:20.862+0000] {spark_submit.py:492} INFO - "metadata" : { }
[2026-02-12T20:31:20.862+0000] {spark_submit.py:492} INFO - }, {
[2026-02-12T20:31:20.862+0000] {spark_submit.py:492} INFO - "name" : "replies",
[2026-02-12T20:31:20.862+0000] {spark_submit.py:492} INFO - "type" : "long",
[2026-02-12T20:31:20.862+0000] {spark_submit.py:492} INFO - "nullable" : true,
[2026-02-12T20:31:20.863+0000] {spark_submit.py:492} INFO - "metadata" : { }
[2026-02-12T20:31:20.863+0000] {spark_submit.py:492} INFO - }, {
[2026-02-12T20:31:20.863+0000] {spark_submit.py:492} INFO - "name" : "retweets",
[2026-02-12T20:31:20.863+0000] {spark_submit.py:492} INFO - "type" : "long",
[2026-02-12T20:31:20.863+0000] {spark_submit.py:492} INFO - "nullable" : true,
[2026-02-12T20:31:20.863+0000] {spark_submit.py:492} INFO - "metadata" : { }
[2026-02-12T20:31:20.863+0000] {spark_submit.py:492} INFO - }, {
[2026-02-12T20:31:20.863+0000] {spark_submit.py:492} INFO - "name" : "processing_date",
[2026-02-12T20:31:20.863+0000] {spark_submit.py:492} INFO - "type" : "date",
[2026-02-12T20:31:20.863+0000] {spark_submit.py:492} INFO - "nullable" : false,
[2026-02-12T20:31:20.863+0000] {spark_submit.py:492} INFO - "metadata" : { }
[2026-02-12T20:31:20.863+0000] {spark_submit.py:492} INFO - } ]
[2026-02-12T20:31:20.863+0000] {spark_submit.py:492} INFO - }
[2026-02-12T20:31:20.863+0000] {spark_submit.py:492} INFO - and corresponding Parquet message type:
[2026-02-12T20:31:20.864+0000] {spark_submit.py:492} INFO - message spark_schema {
[2026-02-12T20:31:20.864+0000] {spark_submit.py:492} INFO - optional binary user_id (STRING);
[2026-02-12T20:31:20.864+0000] {spark_submit.py:492} INFO - optional binary thread_id (STRING);
[2026-02-12T20:31:20.864+0000] {spark_submit.py:492} INFO - optional binary created_at (STRING);
[2026-02-12T20:31:20.864+0000] {spark_submit.py:492} INFO - optional group edit_versions_ids (LIST) {
[2026-02-12T20:31:20.864+0000] {spark_submit.py:492} INFO - repeated group list {
[2026-02-12T20:31:20.864+0000] {spark_submit.py:492} INFO - optional int64 element;
[2026-02-12T20:31:20.864+0000] {spark_submit.py:492} INFO - }
[2026-02-12T20:31:20.864+0000] {spark_submit.py:492} INFO - }
[2026-02-12T20:31:20.864+0000] {spark_submit.py:492} INFO - optional binary tweet_id (STRING);
[2026-02-12T20:31:20.864+0000] {spark_submit.py:492} INFO - optional binary reply_to_user_id (STRING);
[2026-02-12T20:31:20.864+0000] {spark_submit.py:492} INFO - optional binary language (STRING);
[2026-02-12T20:31:20.864+0000] {spark_submit.py:492} INFO - optional binary tweet_text (STRING);
[2026-02-12T20:31:20.865+0000] {spark_submit.py:492} INFO - optional int64 likes;
[2026-02-12T20:31:20.865+0000] {spark_submit.py:492} INFO - optional int64 quotes;
[2026-02-12T20:31:20.865+0000] {spark_submit.py:492} INFO - optional int64 replies;
[2026-02-12T20:31:20.865+0000] {spark_submit.py:492} INFO - optional int64 retweets;
[2026-02-12T20:31:20.865+0000] {spark_submit.py:492} INFO - required int32 processing_date (DATE);
[2026-02-12T20:31:20.865+0000] {spark_submit.py:492} INFO - }
[2026-02-12T20:31:20.865+0000] {spark_submit.py:492} INFO - 
[2026-02-12T20:31:20.865+0000] {spark_submit.py:492} INFO - 
[2026-02-12T20:31:20.889+0000] {spark_submit.py:492} INFO - 26/02/12 20:31:20 INFO FileOutputCommitter: Saved output of task 'attempt_202602122031198490123919655050523_0001_m_000000_1' to file:/opt/airflow/data/silver/_temporary/0/task_202602122031198490123919655050523_0001_m_000000
[2026-02-12T20:31:20.889+0000] {spark_submit.py:492} INFO - 26/02/12 20:31:20 INFO SparkHadoopMapRedUtil: attempt_202602122031198490123919655050523_0001_m_000000_1: Committed. Elapsed time: 0 ms.
[2026-02-12T20:31:20.901+0000] {spark_submit.py:492} INFO - 26/02/12 20:31:20 INFO Executor: Finished task 0.0 in stage 1.0 (TID 1). 3930 bytes result sent to driver
[2026-02-12T20:31:20.903+0000] {spark_submit.py:492} INFO - 26/02/12 20:31:20 INFO TaskSetManager: Finished task 0.0 in stage 1.0 (TID 1) in 1044 ms on 649004db3ede (executor driver) (1/1)
[2026-02-12T20:31:20.904+0000] {spark_submit.py:492} INFO - 26/02/12 20:31:20 INFO TaskSchedulerImpl: Removed TaskSet 1.0, whose tasks have all completed, from pool
[2026-02-12T20:31:20.904+0000] {spark_submit.py:492} INFO - 26/02/12 20:31:20 INFO DAGScheduler: ResultStage 1 (parquet at NativeMethodAccessorImpl.java:0) finished in 1.066 s
[2026-02-12T20:31:20.904+0000] {spark_submit.py:492} INFO - 26/02/12 20:31:20 INFO DAGScheduler: Job 1 is finished. Cancelling potential speculative or zombie tasks for this job
[2026-02-12T20:31:20.905+0000] {spark_submit.py:492} INFO - 26/02/12 20:31:20 INFO TaskSchedulerImpl: Killing all running tasks in stage 1: Stage finished
[2026-02-12T20:31:20.905+0000] {spark_submit.py:492} INFO - 26/02/12 20:31:20 INFO DAGScheduler: Job 1 finished: parquet at NativeMethodAccessorImpl.java:0, took 1.069544 s
[2026-02-12T20:31:20.906+0000] {spark_submit.py:492} INFO - 26/02/12 20:31:20 INFO FileFormatWriter: Start to commit write Job fbf24921-922d-4577-aae8-0da6bdacf28d.
[2026-02-12T20:31:20.925+0000] {spark_submit.py:492} INFO - 26/02/12 20:31:20 INFO FileFormatWriter: Write Job fbf24921-922d-4577-aae8-0da6bdacf28d committed. Elapsed time: 17 ms.
[2026-02-12T20:31:20.926+0000] {spark_submit.py:492} INFO - 26/02/12 20:31:20 INFO FileFormatWriter: Finished processing stats for write job fbf24921-922d-4577-aae8-0da6bdacf28d.
[2026-02-12T20:31:20.967+0000] {spark_submit.py:492} INFO - 26/02/12 20:31:20 INFO SparkContext: Invoking stop() from shutdown hook
[2026-02-12T20:31:20.968+0000] {spark_submit.py:492} INFO - 26/02/12 20:31:20 INFO SparkContext: SparkContext is stopping with exitCode 0.
[2026-02-12T20:31:20.978+0000] {spark_submit.py:492} INFO - 26/02/12 20:31:20 INFO SparkUI: Stopped Spark web UI at http://649004db3ede:4040
[2026-02-12T20:31:20.986+0000] {spark_submit.py:492} INFO - 26/02/12 20:31:20 INFO MapOutputTrackerMasterEndpoint: MapOutputTrackerMasterEndpoint stopped!
[2026-02-12T20:31:20.998+0000] {spark_submit.py:492} INFO - 26/02/12 20:31:20 INFO MemoryStore: MemoryStore cleared
[2026-02-12T20:31:20.998+0000] {spark_submit.py:492} INFO - 26/02/12 20:31:20 INFO BlockManager: BlockManager stopped
[2026-02-12T20:31:21.003+0000] {spark_submit.py:492} INFO - 26/02/12 20:31:21 INFO BlockManagerMaster: BlockManagerMaster stopped
[2026-02-12T20:31:21.006+0000] {spark_submit.py:492} INFO - 26/02/12 20:31:21 INFO OutputCommitCoordinator$OutputCommitCoordinatorEndpoint: OutputCommitCoordinator stopped!
[2026-02-12T20:31:21.015+0000] {spark_submit.py:492} INFO - 26/02/12 20:31:21 INFO SparkContext: Successfully stopped SparkContext
[2026-02-12T20:31:21.015+0000] {spark_submit.py:492} INFO - 26/02/12 20:31:21 INFO ShutdownHookManager: Shutdown hook called
[2026-02-12T20:31:21.015+0000] {spark_submit.py:492} INFO - 26/02/12 20:31:21 INFO ShutdownHookManager: Deleting directory /tmp/spark-98cf2924-735f-4edc-ac63-a0ee133869be
[2026-02-12T20:31:21.021+0000] {spark_submit.py:492} INFO - 26/02/12 20:31:21 INFO ShutdownHookManager: Deleting directory /tmp/spark-4f114b84-0e6d-446a-bf30-d4a41fcfe621
[2026-02-12T20:31:21.029+0000] {spark_submit.py:492} INFO - 26/02/12 20:31:21 INFO ShutdownHookManager: Deleting directory /tmp/spark-4f114b84-0e6d-446a-bf30-d4a41fcfe621/pyspark-881f712a-6f24-44c5-82b6-16810da0e352
[2026-02-12T20:31:21.127+0000] {taskinstance.py:441} INFO - ::group::Post task execution logs
[2026-02-12T20:31:21.137+0000] {taskinstance.py:1206} INFO - Marking task as SUCCESS. dag_id=twitter_pipeline_2, task_id=transform_twitter_datascience, run_id=manual__2026-02-12T20:31:06.831538+00:00, execution_date=20260212T203106, start_date=20260212T203109, end_date=20260212T203121
[2026-02-12T20:31:21.159+0000] {local_task_job_runner.py:243} INFO - Task exited with return code 0
[2026-02-12T20:31:21.173+0000] {taskinstance.py:3503} INFO - 0 downstream tasks scheduled from follow-on schedule check
[2026-02-12T20:31:21.175+0000] {local_task_job_runner.py:222} INFO - ::endgroup::
