[2026-02-12T23:30:50.406+0000] {local_task_job_runner.py:120} INFO - ::group::Pre task execution logs
[2026-02-12T23:30:50.420+0000] {taskinstance.py:2076} INFO - Dependencies all met for dep_context=non-requeueable deps ti=<TaskInstance: twitter_pipeline_2.transform_twitter_datascience scheduled__2026-02-05T00:00:00+00:00 [queued]>
[2026-02-12T23:30:50.426+0000] {taskinstance.py:2076} INFO - Dependencies all met for dep_context=requeueable deps ti=<TaskInstance: twitter_pipeline_2.transform_twitter_datascience scheduled__2026-02-05T00:00:00+00:00 [queued]>
[2026-02-12T23:30:50.426+0000] {taskinstance.py:2306} INFO - Starting attempt 1 of 1
[2026-02-12T23:30:50.435+0000] {taskinstance.py:2330} INFO - Executing <Task(SparkSubmitOperator): transform_twitter_datascience> on 2026-02-05 00:00:00+00:00
[2026-02-12T23:30:50.441+0000] {standard_task_runner.py:64} INFO - Started process 1023 to run task
[2026-02-12T23:30:50.444+0000] {standard_task_runner.py:90} INFO - Running: ['airflow', 'tasks', 'run', 'twitter_pipeline_2', 'transform_twitter_datascience', 'scheduled__2026-02-05T00:00:00+00:00', '--job-id', '173', '--raw', '--subdir', 'DAGS_FOLDER/dag2.py', '--cfg-path', '/tmp/tmpoq8d467z']
[2026-02-12T23:30:50.446+0000] {standard_task_runner.py:91} INFO - Job 173: Subtask transform_twitter_datascience
[2026-02-12T23:30:50.490+0000] {task_command.py:426} INFO - Running <TaskInstance: twitter_pipeline_2.transform_twitter_datascience scheduled__2026-02-05T00:00:00+00:00 [running]> on host 0bc7f8c4ce9d
[2026-02-12T23:30:50.559+0000] {taskinstance.py:2648} INFO - Exporting env vars: AIRFLOW_CTX_DAG_OWNER='airflow' AIRFLOW_CTX_DAG_ID='twitter_pipeline_2' AIRFLOW_CTX_TASK_ID='transform_twitter_datascience' AIRFLOW_CTX_EXECUTION_DATE='2026-02-05T00:00:00+00:00' AIRFLOW_CTX_TRY_NUMBER='1' AIRFLOW_CTX_DAG_RUN_ID='scheduled__2026-02-05T00:00:00+00:00'
[2026-02-12T23:30:50.559+0000] {taskinstance.py:430} INFO - ::endgroup::
[2026-02-12T23:30:50.567+0000] {base.py:84} INFO - Using connection ID 'spark_default' for task execution.
[2026-02-12T23:30:50.568+0000] {spark_submit.py:341} INFO - Spark-Submit cmd: spark-submit --master local --name twitter_transformation --queue root.default /opt/airflow/src/spark/transformation.py --src /opt/airflow/data/raw --dest /opt/airflow/data/silver
[2026-02-12T23:30:52.397+0000] {spark_submit.py:492} INFO - 26/02/12 23:30:52 INFO ShutdownHookManager: Shutdown hook called
[2026-02-12T23:30:52.399+0000] {spark_submit.py:492} INFO - 26/02/12 23:30:52 INFO ShutdownHookManager: Deleting directory /tmp/spark-341e642f-8ec8-4cd6-a8dd-bdfeed9fdfec
[2026-02-12T23:30:52.442+0000] {taskinstance.py:441} INFO - ::group::Post task execution logs
[2026-02-12T23:30:52.452+0000] {taskinstance.py:1206} INFO - Marking task as SUCCESS. dag_id=twitter_pipeline_2, task_id=transform_twitter_datascience, run_id=scheduled__2026-02-05T00:00:00+00:00, execution_date=20260205T000000, start_date=20260212T233050, end_date=20260212T233052
[2026-02-12T23:30:52.500+0000] {local_task_job_runner.py:243} INFO - Task exited with return code 0
[2026-02-12T23:30:52.525+0000] {taskinstance.py:3503} INFO - 1 downstream tasks scheduled from follow-on schedule check
[2026-02-12T23:30:52.528+0000] {local_task_job_runner.py:222} INFO - ::endgroup::
[2026-02-12T23:40:50.282+0000] {local_task_job_runner.py:120} INFO - ::group::Pre task execution logs
[2026-02-12T23:40:50.295+0000] {taskinstance.py:2076} INFO - Dependencies all met for dep_context=non-requeueable deps ti=<TaskInstance: twitter_pipeline_2.transform_twitter_datascience scheduled__2026-02-05T00:00:00+00:00 [queued]>
[2026-02-12T23:40:50.300+0000] {taskinstance.py:2076} INFO - Dependencies all met for dep_context=requeueable deps ti=<TaskInstance: twitter_pipeline_2.transform_twitter_datascience scheduled__2026-02-05T00:00:00+00:00 [queued]>
[2026-02-12T23:40:50.300+0000] {taskinstance.py:2306} INFO - Starting attempt 1 of 1
[2026-02-12T23:40:50.308+0000] {taskinstance.py:2330} INFO - Executing <Task(SparkSubmitOperator): transform_twitter_datascience> on 2026-02-05 00:00:00+00:00
[2026-02-12T23:40:50.313+0000] {standard_task_runner.py:64} INFO - Started process 5439 to run task
[2026-02-12T23:40:50.316+0000] {standard_task_runner.py:90} INFO - Running: ['airflow', 'tasks', 'run', 'twitter_pipeline_2', 'transform_twitter_datascience', 'scheduled__2026-02-05T00:00:00+00:00', '--job-id', '215', '--raw', '--subdir', 'DAGS_FOLDER/dag2.py', '--cfg-path', '/tmp/tmptb5zn0be']
[2026-02-12T23:40:50.317+0000] {standard_task_runner.py:91} INFO - Job 215: Subtask transform_twitter_datascience
[2026-02-12T23:40:50.357+0000] {task_command.py:426} INFO - Running <TaskInstance: twitter_pipeline_2.transform_twitter_datascience scheduled__2026-02-05T00:00:00+00:00 [running]> on host 0bc7f8c4ce9d
[2026-02-12T23:40:50.422+0000] {taskinstance.py:2648} INFO - Exporting env vars: AIRFLOW_CTX_DAG_OWNER='airflow' AIRFLOW_CTX_DAG_ID='twitter_pipeline_2' AIRFLOW_CTX_TASK_ID='transform_twitter_datascience' AIRFLOW_CTX_EXECUTION_DATE='2026-02-05T00:00:00+00:00' AIRFLOW_CTX_TRY_NUMBER='1' AIRFLOW_CTX_DAG_RUN_ID='scheduled__2026-02-05T00:00:00+00:00'
[2026-02-12T23:40:50.422+0000] {taskinstance.py:430} INFO - ::endgroup::
[2026-02-12T23:40:50.429+0000] {base.py:84} INFO - Using connection ID 'spark_default' for task execution.
[2026-02-12T23:40:50.430+0000] {spark_submit.py:341} INFO - Spark-Submit cmd: spark-submit --master local --name twitter_transformation --queue root.default /opt/airflow/src/spark/transformation.py --src /opt/airflow/data/raw --dest /opt/airflow/data/silver
[2026-02-12T23:40:52.063+0000] {spark_submit.py:492} INFO - 26/02/12 23:40:52 INFO SparkContext: Running Spark version 3.4.1
[2026-02-12T23:40:52.097+0000] {spark_submit.py:492} INFO - 26/02/12 23:40:52 WARN NativeCodeLoader: Unable to load native-hadoop library for your platform... using builtin-java classes where applicable
[2026-02-12T23:40:52.146+0000] {spark_submit.py:492} INFO - 26/02/12 23:40:52 INFO ResourceUtils: ==============================================================
[2026-02-12T23:40:52.147+0000] {spark_submit.py:492} INFO - 26/02/12 23:40:52 INFO ResourceUtils: No custom resources configured for spark.driver.
[2026-02-12T23:40:52.147+0000] {spark_submit.py:492} INFO - 26/02/12 23:40:52 INFO ResourceUtils: ==============================================================
[2026-02-12T23:40:52.147+0000] {spark_submit.py:492} INFO - 26/02/12 23:40:52 INFO SparkContext: Submitted application: twitter_transformation
[2026-02-12T23:40:52.160+0000] {spark_submit.py:492} INFO - 26/02/12 23:40:52 INFO ResourceProfile: Default ResourceProfile created, executor resources: Map(cores -> name: cores, amount: 1, script: , vendor: , memory -> name: memory, amount: 1024, script: , vendor: , offHeap -> name: offHeap, amount: 0, script: , vendor: ), task resources: Map(cpus -> name: cpus, amount: 1.0)
[2026-02-12T23:40:52.164+0000] {spark_submit.py:492} INFO - 26/02/12 23:40:52 INFO ResourceProfile: Limiting resource is cpu
[2026-02-12T23:40:52.165+0000] {spark_submit.py:492} INFO - 26/02/12 23:40:52 INFO ResourceProfileManager: Added ResourceProfile id: 0
[2026-02-12T23:40:52.192+0000] {spark_submit.py:492} INFO - 26/02/12 23:40:52 INFO SecurityManager: Changing view acls to: default
[2026-02-12T23:40:52.192+0000] {spark_submit.py:492} INFO - 26/02/12 23:40:52 INFO SecurityManager: Changing modify acls to: default
[2026-02-12T23:40:52.192+0000] {spark_submit.py:492} INFO - 26/02/12 23:40:52 INFO SecurityManager: Changing view acls groups to:
[2026-02-12T23:40:52.192+0000] {spark_submit.py:492} INFO - 26/02/12 23:40:52 INFO SecurityManager: Changing modify acls groups to:
[2026-02-12T23:40:52.193+0000] {spark_submit.py:492} INFO - 26/02/12 23:40:52 INFO SecurityManager: SecurityManager: authentication disabled; ui acls disabled; users with view permissions: default; groups with view permissions: EMPTY; users with modify permissions: default; groups with modify permissions: EMPTY
[2026-02-12T23:40:52.324+0000] {spark_submit.py:492} INFO - 26/02/12 23:40:52 INFO Utils: Successfully started service 'sparkDriver' on port 34263.
[2026-02-12T23:40:52.341+0000] {spark_submit.py:492} INFO - 26/02/12 23:40:52 INFO SparkEnv: Registering MapOutputTracker
[2026-02-12T23:40:52.362+0000] {spark_submit.py:492} INFO - 26/02/12 23:40:52 INFO SparkEnv: Registering BlockManagerMaster
[2026-02-12T23:40:52.375+0000] {spark_submit.py:492} INFO - 26/02/12 23:40:52 INFO BlockManagerMasterEndpoint: Using org.apache.spark.storage.DefaultTopologyMapper for getting topology information
[2026-02-12T23:40:52.376+0000] {spark_submit.py:492} INFO - 26/02/12 23:40:52 INFO BlockManagerMasterEndpoint: BlockManagerMasterEndpoint up
[2026-02-12T23:40:52.379+0000] {spark_submit.py:492} INFO - 26/02/12 23:40:52 INFO SparkEnv: Registering BlockManagerMasterHeartbeat
[2026-02-12T23:40:52.392+0000] {spark_submit.py:492} INFO - 26/02/12 23:40:52 INFO DiskBlockManager: Created local directory at /tmp/blockmgr-514998a6-8eea-4ccf-b25e-c02bedcb7545
[2026-02-12T23:40:52.401+0000] {spark_submit.py:492} INFO - 26/02/12 23:40:52 INFO MemoryStore: MemoryStore started with capacity 434.4 MiB
[2026-02-12T23:40:52.410+0000] {spark_submit.py:492} INFO - 26/02/12 23:40:52 INFO SparkEnv: Registering OutputCommitCoordinator
[2026-02-12T23:40:52.491+0000] {spark_submit.py:492} INFO - 26/02/12 23:40:52 INFO JettyUtils: Start Jetty 0.0.0.0:4040 for SparkUI
[2026-02-12T23:40:52.525+0000] {spark_submit.py:492} INFO - 26/02/12 23:40:52 INFO Utils: Successfully started service 'SparkUI' on port 4040.
[2026-02-12T23:40:52.589+0000] {spark_submit.py:492} INFO - 26/02/12 23:40:52 INFO Executor: Starting executor ID driver on host 0bc7f8c4ce9d
[2026-02-12T23:40:52.593+0000] {spark_submit.py:492} INFO - 26/02/12 23:40:52 INFO Executor: Starting executor with user classpath (userClassPathFirst = false): ''
[2026-02-12T23:40:52.604+0000] {spark_submit.py:492} INFO - 26/02/12 23:40:52 INFO Utils: Successfully started service 'org.apache.spark.network.netty.NettyBlockTransferService' on port 34837.
[2026-02-12T23:40:52.604+0000] {spark_submit.py:492} INFO - 26/02/12 23:40:52 INFO NettyBlockTransferService: Server created on 0bc7f8c4ce9d:34837
[2026-02-12T23:40:52.605+0000] {spark_submit.py:492} INFO - 26/02/12 23:40:52 INFO BlockManager: Using org.apache.spark.storage.RandomBlockReplicationPolicy for block replication policy
[2026-02-12T23:40:52.608+0000] {spark_submit.py:492} INFO - 26/02/12 23:40:52 INFO BlockManagerMaster: Registering BlockManager BlockManagerId(driver, 0bc7f8c4ce9d, 34837, None)
[2026-02-12T23:40:52.611+0000] {spark_submit.py:492} INFO - 26/02/12 23:40:52 INFO BlockManagerMasterEndpoint: Registering block manager 0bc7f8c4ce9d:34837 with 434.4 MiB RAM, BlockManagerId(driver, 0bc7f8c4ce9d, 34837, None)
[2026-02-12T23:40:52.612+0000] {spark_submit.py:492} INFO - 26/02/12 23:40:52 INFO BlockManagerMaster: Registered BlockManager BlockManagerId(driver, 0bc7f8c4ce9d, 34837, None)
[2026-02-12T23:40:52.613+0000] {spark_submit.py:492} INFO - 26/02/12 23:40:52 INFO BlockManager: Initialized BlockManager: BlockManagerId(driver, 0bc7f8c4ce9d, 34837, None)
[2026-02-12T23:40:52.849+0000] {spark_submit.py:492} INFO - 26/02/12 23:40:52 INFO SharedState: Setting hive.metastore.warehouse.dir ('null') to the value of spark.sql.warehouse.dir.
[2026-02-12T23:40:52.853+0000] {spark_submit.py:492} INFO - 26/02/12 23:40:52 INFO SharedState: Warehouse path is 'file:/opt/airflow/spark-warehouse'.
[2026-02-12T23:40:53.266+0000] {spark_submit.py:492} INFO - 26/02/12 23:40:53 INFO InMemoryFileIndex: It took 27 ms to list leaf files for 1 paths.
[2026-02-12T23:40:53.308+0000] {spark_submit.py:492} INFO - 26/02/12 23:40:53 INFO InMemoryFileIndex: It took 6 ms to list leaf files for 12 paths.
[2026-02-12T23:40:54.503+0000] {spark_submit.py:492} INFO - 26/02/12 23:40:54 INFO FileSourceStrategy: Pushed Filters:
[2026-02-12T23:40:54.509+0000] {spark_submit.py:492} INFO - 26/02/12 23:40:54 INFO FileSourceStrategy: Post-Scan Filters:
[2026-02-12T23:40:54.642+0000] {spark_submit.py:492} INFO - 26/02/12 23:40:54 INFO MemoryStore: Block broadcast_0 stored as values in memory (estimated size 199.2 KiB, free 434.2 MiB)
[2026-02-12T23:40:54.681+0000] {spark_submit.py:492} INFO - 26/02/12 23:40:54 INFO MemoryStore: Block broadcast_0_piece0 stored as bytes in memory (estimated size 34.2 KiB, free 434.2 MiB)
[2026-02-12T23:40:54.683+0000] {spark_submit.py:492} INFO - 26/02/12 23:40:54 INFO BlockManagerInfo: Added broadcast_0_piece0 in memory on 0bc7f8c4ce9d:34837 (size: 34.2 KiB, free: 434.4 MiB)
[2026-02-12T23:40:54.686+0000] {spark_submit.py:492} INFO - 26/02/12 23:40:54 INFO SparkContext: Created broadcast 0 from json at NativeMethodAccessorImpl.java:0
[2026-02-12T23:40:54.694+0000] {spark_submit.py:492} INFO - 26/02/12 23:40:54 INFO FileSourceScanExec: Planning scan with bin packing, max size: 50383536 bytes, open cost is considered as scanning 4194304 bytes.
[2026-02-12T23:40:54.792+0000] {spark_submit.py:492} INFO - 26/02/12 23:40:54 INFO SparkContext: Starting job: json at NativeMethodAccessorImpl.java:0
[2026-02-12T23:40:54.801+0000] {spark_submit.py:492} INFO - 26/02/12 23:40:54 INFO DAGScheduler: Got job 0 (json at NativeMethodAccessorImpl.java:0) with 1 output partitions
[2026-02-12T23:40:54.802+0000] {spark_submit.py:492} INFO - 26/02/12 23:40:54 INFO DAGScheduler: Final stage: ResultStage 0 (json at NativeMethodAccessorImpl.java:0)
[2026-02-12T23:40:54.802+0000] {spark_submit.py:492} INFO - 26/02/12 23:40:54 INFO DAGScheduler: Parents of final stage: List()
[2026-02-12T23:40:54.803+0000] {spark_submit.py:492} INFO - 26/02/12 23:40:54 INFO DAGScheduler: Missing parents: List()
[2026-02-12T23:40:54.805+0000] {spark_submit.py:492} INFO - 26/02/12 23:40:54 INFO DAGScheduler: Submitting ResultStage 0 (MapPartitionsRDD[3] at json at NativeMethodAccessorImpl.java:0), which has no missing parents
[2026-02-12T23:40:54.858+0000] {spark_submit.py:492} INFO - 26/02/12 23:40:54 INFO MemoryStore: Block broadcast_1 stored as values in memory (estimated size 15.0 KiB, free 434.2 MiB)
[2026-02-12T23:40:54.861+0000] {spark_submit.py:492} INFO - 26/02/12 23:40:54 INFO MemoryStore: Block broadcast_1_piece0 stored as bytes in memory (estimated size 7.2 KiB, free 434.2 MiB)
[2026-02-12T23:40:54.862+0000] {spark_submit.py:492} INFO - 26/02/12 23:40:54 INFO BlockManagerInfo: Added broadcast_1_piece0 in memory on 0bc7f8c4ce9d:34837 (size: 7.2 KiB, free: 434.4 MiB)
[2026-02-12T23:40:54.862+0000] {spark_submit.py:492} INFO - 26/02/12 23:40:54 INFO SparkContext: Created broadcast 1 from broadcast at DAGScheduler.scala:1535
[2026-02-12T23:40:54.871+0000] {spark_submit.py:492} INFO - 26/02/12 23:40:54 INFO DAGScheduler: Submitting 1 missing tasks from ResultStage 0 (MapPartitionsRDD[3] at json at NativeMethodAccessorImpl.java:0) (first 15 tasks are for partitions Vector(0))
[2026-02-12T23:40:54.872+0000] {spark_submit.py:492} INFO - 26/02/12 23:40:54 INFO TaskSchedulerImpl: Adding task set 0.0 with 1 tasks resource profile 0
[2026-02-12T23:40:54.901+0000] {spark_submit.py:492} INFO - 26/02/12 23:40:54 INFO TaskSetManager: Starting task 0.0 in stage 0.0 (TID 0) (0bc7f8c4ce9d, executor driver, partition 0, PROCESS_LOCAL, 9064 bytes)
[2026-02-12T23:40:54.910+0000] {spark_submit.py:492} INFO - 26/02/12 23:40:54 INFO Executor: Running task 0.0 in stage 0.0 (TID 0)
[2026-02-12T23:40:54.966+0000] {spark_submit.py:492} INFO - 26/02/12 23:40:54 INFO FileScanRDD: Reading File path: file:///opt/airflow/data/raw/tweets_2026-02-05.json, range: 0-10349, partition values: [empty row]
[2026-02-12T23:40:55.086+0000] {spark_submit.py:492} INFO - 26/02/12 23:40:55 INFO CodeGenerator: Code generated in 103.96306 ms
[2026-02-12T23:40:55.113+0000] {spark_submit.py:492} INFO - 26/02/12 23:40:55 INFO FileScanRDD: Reading File path: file:///opt/airflow/data/raw/tweets_2026-02-10.json, range: 0-6957, partition values: [empty row]
[2026-02-12T23:40:55.118+0000] {spark_submit.py:492} INFO - 26/02/12 23:40:55 INFO FileScanRDD: Reading File path: file:///opt/airflow/data/raw/tweets_2026-02-03.json, range: 0-3511, partition values: [empty row]
[2026-02-12T23:40:55.120+0000] {spark_submit.py:492} INFO - 26/02/12 23:40:55 INFO FileScanRDD: Reading File path: file:///opt/airflow/data/raw/tweets_2026-02-07.json, range: 0-3508, partition values: [empty row]
[2026-02-12T23:40:55.123+0000] {spark_submit.py:492} INFO - 26/02/12 23:40:55 INFO FileScanRDD: Reading File path: file:///opt/airflow/data/raw/tweets_2026-02-02.json, range: 0-3495, partition values: [empty row]
[2026-02-12T23:40:55.125+0000] {spark_submit.py:492} INFO - 26/02/12 23:40:55 INFO FileScanRDD: Reading File path: file:///opt/airflow/data/raw/tweets_2026-02-01.json, range: 0-3492, partition values: [empty row]
[2026-02-12T23:40:55.128+0000] {spark_submit.py:492} INFO - 26/02/12 23:40:55 INFO FileScanRDD: Reading File path: file:///opt/airflow/data/raw/tweets_2026-02-12.json, range: 0-3463, partition values: [empty row]
[2026-02-12T23:40:55.135+0000] {spark_submit.py:492} INFO - 26/02/12 23:40:55 INFO FileScanRDD: Reading File path: file:///opt/airflow/data/raw/tweets_2026-02-08.json, range: 0-3449, partition values: [empty row]
[2026-02-12T23:40:55.138+0000] {spark_submit.py:492} INFO - 26/02/12 23:40:55 INFO FileScanRDD: Reading File path: file:///opt/airflow/data/raw/tweets_2026-02-09.json, range: 0-3435, partition values: [empty row]
[2026-02-12T23:40:55.141+0000] {spark_submit.py:492} INFO - 26/02/12 23:40:55 INFO FileScanRDD: Reading File path: file:///opt/airflow/data/raw/tweets_2026-02-11.json, range: 0-3424, partition values: [empty row]
[2026-02-12T23:40:55.146+0000] {spark_submit.py:492} INFO - 26/02/12 23:40:55 INFO FileScanRDD: Reading File path: file:///opt/airflow/data/raw/tweets_2026-02-06.json, range: 0-3411, partition values: [empty row]
[2026-02-12T23:40:55.148+0000] {spark_submit.py:492} INFO - 26/02/12 23:40:55 INFO FileScanRDD: Reading File path: file:///opt/airflow/data/raw/tweets_2026-02-04.json, range: 0-3394, partition values: [empty row]
[2026-02-12T23:40:55.160+0000] {spark_submit.py:492} INFO - 26/02/12 23:40:55 INFO Executor: Finished task 0.0 in stage 0.0 (TID 0). 2649 bytes result sent to driver
[2026-02-12T23:40:55.165+0000] {spark_submit.py:492} INFO - 26/02/12 23:40:55 INFO TaskSetManager: Finished task 0.0 in stage 0.0 (TID 0) in 272 ms on 0bc7f8c4ce9d (executor driver) (1/1)
[2026-02-12T23:40:55.166+0000] {spark_submit.py:492} INFO - 26/02/12 23:40:55 INFO TaskSchedulerImpl: Removed TaskSet 0.0, whose tasks have all completed, from pool
[2026-02-12T23:40:55.170+0000] {spark_submit.py:492} INFO - 26/02/12 23:40:55 INFO DAGScheduler: ResultStage 0 (json at NativeMethodAccessorImpl.java:0) finished in 0.356 s
[2026-02-12T23:40:55.171+0000] {spark_submit.py:492} INFO - 26/02/12 23:40:55 INFO DAGScheduler: Job 0 is finished. Cancelling potential speculative or zombie tasks for this job
[2026-02-12T23:40:55.172+0000] {spark_submit.py:492} INFO - 26/02/12 23:40:55 INFO TaskSchedulerImpl: Killing all running tasks in stage 0: Stage finished
[2026-02-12T23:40:55.173+0000] {spark_submit.py:492} INFO - 26/02/12 23:40:55 INFO DAGScheduler: Job 0 finished: json at NativeMethodAccessorImpl.java:0, took 0.380654 s
[2026-02-12T23:40:55.396+0000] {spark_submit.py:492} INFO - 26/02/12 23:40:55 INFO FileSourceStrategy: Pushed Filters:
[2026-02-12T23:40:55.397+0000] {spark_submit.py:492} INFO - 26/02/12 23:40:55 INFO FileSourceStrategy: Post-Scan Filters:
[2026-02-12T23:40:55.435+0000] {spark_submit.py:492} INFO - 26/02/12 23:40:55 INFO ParquetUtils: Using default output committer for Parquet: org.apache.parquet.hadoop.ParquetOutputCommitter
[2026-02-12T23:40:55.445+0000] {spark_submit.py:492} INFO - 26/02/12 23:40:55 INFO FileOutputCommitter: File Output Committer Algorithm version is 1
[2026-02-12T23:40:55.446+0000] {spark_submit.py:492} INFO - 26/02/12 23:40:55 INFO FileOutputCommitter: FileOutputCommitter skip cleanup _temporary folders under output directory:false, ignore cleanup failures: false
[2026-02-12T23:40:55.446+0000] {spark_submit.py:492} INFO - 26/02/12 23:40:55 INFO SQLHadoopMapReduceCommitProtocol: Using user defined output committer class org.apache.parquet.hadoop.ParquetOutputCommitter
[2026-02-12T23:40:55.446+0000] {spark_submit.py:492} INFO - 26/02/12 23:40:55 INFO FileOutputCommitter: File Output Committer Algorithm version is 1
[2026-02-12T23:40:55.446+0000] {spark_submit.py:492} INFO - 26/02/12 23:40:55 INFO FileOutputCommitter: FileOutputCommitter skip cleanup _temporary folders under output directory:false, ignore cleanup failures: false
[2026-02-12T23:40:55.447+0000] {spark_submit.py:492} INFO - 26/02/12 23:40:55 INFO SQLHadoopMapReduceCommitProtocol: Using output committer class org.apache.parquet.hadoop.ParquetOutputCommitter
[2026-02-12T23:40:55.523+0000] {spark_submit.py:492} INFO - 26/02/12 23:40:55 INFO CodeGenerator: Code generated in 34.790433 ms
[2026-02-12T23:40:55.526+0000] {spark_submit.py:492} INFO - 26/02/12 23:40:55 INFO MemoryStore: Block broadcast_2 stored as values in memory (estimated size 199.1 KiB, free 434.0 MiB)
[2026-02-12T23:40:55.534+0000] {spark_submit.py:492} INFO - 26/02/12 23:40:55 INFO MemoryStore: Block broadcast_2_piece0 stored as bytes in memory (estimated size 34.1 KiB, free 433.9 MiB)
[2026-02-12T23:40:55.535+0000] {spark_submit.py:492} INFO - 26/02/12 23:40:55 INFO BlockManagerInfo: Added broadcast_2_piece0 in memory on 0bc7f8c4ce9d:34837 (size: 34.1 KiB, free: 434.3 MiB)
[2026-02-12T23:40:55.536+0000] {spark_submit.py:492} INFO - 26/02/12 23:40:55 INFO SparkContext: Created broadcast 2 from parquet at NativeMethodAccessorImpl.java:0
[2026-02-12T23:40:55.540+0000] {spark_submit.py:492} INFO - 26/02/12 23:40:55 INFO FileSourceScanExec: Planning scan with bin packing, max size: 50383536 bytes, open cost is considered as scanning 4194304 bytes.
[2026-02-12T23:40:55.571+0000] {spark_submit.py:492} INFO - 26/02/12 23:40:55 INFO SparkContext: Starting job: parquet at NativeMethodAccessorImpl.java:0
[2026-02-12T23:40:55.572+0000] {spark_submit.py:492} INFO - 26/02/12 23:40:55 INFO DAGScheduler: Got job 1 (parquet at NativeMethodAccessorImpl.java:0) with 1 output partitions
[2026-02-12T23:40:55.572+0000] {spark_submit.py:492} INFO - 26/02/12 23:40:55 INFO DAGScheduler: Final stage: ResultStage 1 (parquet at NativeMethodAccessorImpl.java:0)
[2026-02-12T23:40:55.572+0000] {spark_submit.py:492} INFO - 26/02/12 23:40:55 INFO DAGScheduler: Parents of final stage: List()
[2026-02-12T23:40:55.572+0000] {spark_submit.py:492} INFO - 26/02/12 23:40:55 INFO DAGScheduler: Missing parents: List()
[2026-02-12T23:40:55.573+0000] {spark_submit.py:492} INFO - 26/02/12 23:40:55 INFO DAGScheduler: Submitting ResultStage 1 (MapPartitionsRDD[7] at parquet at NativeMethodAccessorImpl.java:0), which has no missing parents
[2026-02-12T23:40:55.587+0000] {spark_submit.py:492} INFO - 26/02/12 23:40:55 INFO MemoryStore: Block broadcast_3 stored as values in memory (estimated size 236.4 KiB, free 433.7 MiB)
[2026-02-12T23:40:55.589+0000] {spark_submit.py:492} INFO - 26/02/12 23:40:55 INFO MemoryStore: Block broadcast_3_piece0 stored as bytes in memory (estimated size 86.3 KiB, free 433.6 MiB)
[2026-02-12T23:40:55.590+0000] {spark_submit.py:492} INFO - 26/02/12 23:40:55 INFO BlockManagerInfo: Added broadcast_3_piece0 in memory on 0bc7f8c4ce9d:34837 (size: 86.3 KiB, free: 434.2 MiB)
[2026-02-12T23:40:55.590+0000] {spark_submit.py:492} INFO - 26/02/12 23:40:55 INFO SparkContext: Created broadcast 3 from broadcast at DAGScheduler.scala:1535
[2026-02-12T23:40:55.591+0000] {spark_submit.py:492} INFO - 26/02/12 23:40:55 INFO DAGScheduler: Submitting 1 missing tasks from ResultStage 1 (MapPartitionsRDD[7] at parquet at NativeMethodAccessorImpl.java:0) (first 15 tasks are for partitions Vector(0))
[2026-02-12T23:40:55.591+0000] {spark_submit.py:492} INFO - 26/02/12 23:40:55 INFO TaskSchedulerImpl: Adding task set 1.0 with 1 tasks resource profile 0
[2026-02-12T23:40:55.592+0000] {spark_submit.py:492} INFO - 26/02/12 23:40:55 INFO TaskSetManager: Starting task 0.0 in stage 1.0 (TID 1) (0bc7f8c4ce9d, executor driver, partition 0, PROCESS_LOCAL, 9064 bytes)
[2026-02-12T23:40:55.593+0000] {spark_submit.py:492} INFO - 26/02/12 23:40:55 INFO Executor: Running task 0.0 in stage 1.0 (TID 1)
[2026-02-12T23:40:55.634+0000] {spark_submit.py:492} INFO - 26/02/12 23:40:55 INFO CodeGenerator: Code generated in 7.602599 ms
[2026-02-12T23:40:55.646+0000] {spark_submit.py:492} INFO - 26/02/12 23:40:55 INFO CodeGenerator: Code generated in 5.569554 ms
[2026-02-12T23:40:55.653+0000] {spark_submit.py:492} INFO - 26/02/12 23:40:55 INFO FileOutputCommitter: File Output Committer Algorithm version is 1
[2026-02-12T23:40:55.653+0000] {spark_submit.py:492} INFO - 26/02/12 23:40:55 INFO FileOutputCommitter: FileOutputCommitter skip cleanup _temporary folders under output directory:false, ignore cleanup failures: false
[2026-02-12T23:40:55.653+0000] {spark_submit.py:492} INFO - 26/02/12 23:40:55 INFO SQLHadoopMapReduceCommitProtocol: Using user defined output committer class org.apache.parquet.hadoop.ParquetOutputCommitter
[2026-02-12T23:40:55.653+0000] {spark_submit.py:492} INFO - 26/02/12 23:40:55 INFO FileOutputCommitter: File Output Committer Algorithm version is 1
[2026-02-12T23:40:55.654+0000] {spark_submit.py:492} INFO - 26/02/12 23:40:55 INFO FileOutputCommitter: FileOutputCommitter skip cleanup _temporary folders under output directory:false, ignore cleanup failures: false
[2026-02-12T23:40:55.654+0000] {spark_submit.py:492} INFO - 26/02/12 23:40:55 INFO SQLHadoopMapReduceCommitProtocol: Using output committer class org.apache.parquet.hadoop.ParquetOutputCommitter
[2026-02-12T23:40:55.672+0000] {spark_submit.py:492} INFO - 26/02/12 23:40:55 INFO CodeGenerator: Code generated in 11.669519 ms
[2026-02-12T23:40:55.673+0000] {spark_submit.py:492} INFO - 26/02/12 23:40:55 INFO FileScanRDD: Reading File path: file:///opt/airflow/data/raw/tweets_2026-02-05.json, range: 0-10349, partition values: [empty row]
[2026-02-12T23:40:55.690+0000] {spark_submit.py:492} INFO - 26/02/12 23:40:55 INFO CodeGenerator: Code generated in 12.109032 ms
[2026-02-12T23:40:55.720+0000] {spark_submit.py:492} INFO - 26/02/12 23:40:55 INFO FileScanRDD: Reading File path: file:///opt/airflow/data/raw/tweets_2026-02-10.json, range: 0-6957, partition values: [empty row]
[2026-02-12T23:40:55.725+0000] {spark_submit.py:492} INFO - 26/02/12 23:40:55 INFO FileScanRDD: Reading File path: file:///opt/airflow/data/raw/tweets_2026-02-03.json, range: 0-3511, partition values: [empty row]
[2026-02-12T23:40:55.728+0000] {spark_submit.py:492} INFO - 26/02/12 23:40:55 INFO FileScanRDD: Reading File path: file:///opt/airflow/data/raw/tweets_2026-02-07.json, range: 0-3508, partition values: [empty row]
[2026-02-12T23:40:55.730+0000] {spark_submit.py:492} INFO - 26/02/12 23:40:55 INFO FileScanRDD: Reading File path: file:///opt/airflow/data/raw/tweets_2026-02-02.json, range: 0-3495, partition values: [empty row]
[2026-02-12T23:40:55.733+0000] {spark_submit.py:492} INFO - 26/02/12 23:40:55 INFO FileScanRDD: Reading File path: file:///opt/airflow/data/raw/tweets_2026-02-01.json, range: 0-3492, partition values: [empty row]
[2026-02-12T23:40:55.736+0000] {spark_submit.py:492} INFO - 26/02/12 23:40:55 INFO FileScanRDD: Reading File path: file:///opt/airflow/data/raw/tweets_2026-02-12.json, range: 0-3463, partition values: [empty row]
[2026-02-12T23:40:55.738+0000] {spark_submit.py:492} INFO - 26/02/12 23:40:55 INFO FileScanRDD: Reading File path: file:///opt/airflow/data/raw/tweets_2026-02-08.json, range: 0-3449, partition values: [empty row]
[2026-02-12T23:40:55.740+0000] {spark_submit.py:492} INFO - 26/02/12 23:40:55 INFO FileScanRDD: Reading File path: file:///opt/airflow/data/raw/tweets_2026-02-09.json, range: 0-3435, partition values: [empty row]
[2026-02-12T23:40:55.743+0000] {spark_submit.py:492} INFO - 26/02/12 23:40:55 INFO FileScanRDD: Reading File path: file:///opt/airflow/data/raw/tweets_2026-02-11.json, range: 0-3424, partition values: [empty row]
[2026-02-12T23:40:55.745+0000] {spark_submit.py:492} INFO - 26/02/12 23:40:55 INFO FileScanRDD: Reading File path: file:///opt/airflow/data/raw/tweets_2026-02-06.json, range: 0-3411, partition values: [empty row]
[2026-02-12T23:40:55.747+0000] {spark_submit.py:492} INFO - 26/02/12 23:40:55 INFO FileScanRDD: Reading File path: file:///opt/airflow/data/raw/tweets_2026-02-04.json, range: 0-3394, partition values: [empty row]
[2026-02-12T23:40:55.759+0000] {spark_submit.py:492} INFO - 26/02/12 23:40:55 INFO CodeGenerator: Code generated in 4.464804 ms
[2026-02-12T23:40:55.781+0000] {spark_submit.py:492} INFO - 26/02/12 23:40:55 INFO CodeGenerator: Code generated in 12.167324 ms
[2026-02-12T23:40:55.787+0000] {spark_submit.py:492} INFO - 26/02/12 23:40:55 INFO CodecConfig: Compression: SNAPPY
[2026-02-12T23:40:55.788+0000] {spark_submit.py:492} INFO - 26/02/12 23:40:55 INFO CodecConfig: Compression: SNAPPY
[2026-02-12T23:40:55.797+0000] {spark_submit.py:492} INFO - 26/02/12 23:40:55 INFO ParquetOutputFormat: ParquetRecordWriter [block size: 134217728b, row group padding size: 8388608b, validating: false]
[2026-02-12T23:40:55.816+0000] {spark_submit.py:492} INFO - 26/02/12 23:40:55 INFO ParquetWriteSupport: Initialized Parquet WriteSupport with Catalyst schema:
[2026-02-12T23:40:55.817+0000] {spark_submit.py:492} INFO - {
[2026-02-12T23:40:55.817+0000] {spark_submit.py:492} INFO - "type" : "struct",
[2026-02-12T23:40:55.817+0000] {spark_submit.py:492} INFO - "fields" : [ {
[2026-02-12T23:40:55.817+0000] {spark_submit.py:492} INFO - "name" : "user_id",
[2026-02-12T23:40:55.817+0000] {spark_submit.py:492} INFO - "type" : "string",
[2026-02-12T23:40:55.817+0000] {spark_submit.py:492} INFO - "nullable" : true,
[2026-02-12T23:40:55.818+0000] {spark_submit.py:492} INFO - "metadata" : { }
[2026-02-12T23:40:55.818+0000] {spark_submit.py:492} INFO - }, {
[2026-02-12T23:40:55.818+0000] {spark_submit.py:492} INFO - "name" : "thread_id",
[2026-02-12T23:40:55.818+0000] {spark_submit.py:492} INFO - "type" : "string",
[2026-02-12T23:40:55.818+0000] {spark_submit.py:492} INFO - "nullable" : true,
[2026-02-12T23:40:55.818+0000] {spark_submit.py:492} INFO - "metadata" : { }
[2026-02-12T23:40:55.818+0000] {spark_submit.py:492} INFO - }, {
[2026-02-12T23:40:55.818+0000] {spark_submit.py:492} INFO - "name" : "created_at",
[2026-02-12T23:40:55.818+0000] {spark_submit.py:492} INFO - "type" : "string",
[2026-02-12T23:40:55.818+0000] {spark_submit.py:492} INFO - "nullable" : true,
[2026-02-12T23:40:55.819+0000] {spark_submit.py:492} INFO - "metadata" : { }
[2026-02-12T23:40:55.819+0000] {spark_submit.py:492} INFO - }, {
[2026-02-12T23:40:55.819+0000] {spark_submit.py:492} INFO - "name" : "edit_versions_ids",
[2026-02-12T23:40:55.819+0000] {spark_submit.py:492} INFO - "type" : {
[2026-02-12T23:40:55.819+0000] {spark_submit.py:492} INFO - "type" : "array",
[2026-02-12T23:40:55.819+0000] {spark_submit.py:492} INFO - "elementType" : "long",
[2026-02-12T23:40:55.819+0000] {spark_submit.py:492} INFO - "containsNull" : true
[2026-02-12T23:40:55.819+0000] {spark_submit.py:492} INFO - },
[2026-02-12T23:40:55.820+0000] {spark_submit.py:492} INFO - "nullable" : true,
[2026-02-12T23:40:55.820+0000] {spark_submit.py:492} INFO - "metadata" : { }
[2026-02-12T23:40:55.820+0000] {spark_submit.py:492} INFO - }, {
[2026-02-12T23:40:55.820+0000] {spark_submit.py:492} INFO - "name" : "tweet_id",
[2026-02-12T23:40:55.820+0000] {spark_submit.py:492} INFO - "type" : "string",
[2026-02-12T23:40:55.820+0000] {spark_submit.py:492} INFO - "nullable" : true,
[2026-02-12T23:40:55.820+0000] {spark_submit.py:492} INFO - "metadata" : { }
[2026-02-12T23:40:55.820+0000] {spark_submit.py:492} INFO - }, {
[2026-02-12T23:40:55.821+0000] {spark_submit.py:492} INFO - "name" : "reply_to_user_id",
[2026-02-12T23:40:55.821+0000] {spark_submit.py:492} INFO - "type" : "string",
[2026-02-12T23:40:55.821+0000] {spark_submit.py:492} INFO - "nullable" : true,
[2026-02-12T23:40:55.821+0000] {spark_submit.py:492} INFO - "metadata" : { }
[2026-02-12T23:40:55.821+0000] {spark_submit.py:492} INFO - }, {
[2026-02-12T23:40:55.821+0000] {spark_submit.py:492} INFO - "name" : "language",
[2026-02-12T23:40:55.821+0000] {spark_submit.py:492} INFO - "type" : "string",
[2026-02-12T23:40:55.821+0000] {spark_submit.py:492} INFO - "nullable" : true,
[2026-02-12T23:40:55.821+0000] {spark_submit.py:492} INFO - "metadata" : { }
[2026-02-12T23:40:55.822+0000] {spark_submit.py:492} INFO - }, {
[2026-02-12T23:40:55.822+0000] {spark_submit.py:492} INFO - "name" : "tweet_text",
[2026-02-12T23:40:55.822+0000] {spark_submit.py:492} INFO - "type" : "string",
[2026-02-12T23:40:55.822+0000] {spark_submit.py:492} INFO - "nullable" : true,
[2026-02-12T23:40:55.822+0000] {spark_submit.py:492} INFO - "metadata" : { }
[2026-02-12T23:40:55.822+0000] {spark_submit.py:492} INFO - }, {
[2026-02-12T23:40:55.822+0000] {spark_submit.py:492} INFO - "name" : "likes",
[2026-02-12T23:40:55.822+0000] {spark_submit.py:492} INFO - "type" : "long",
[2026-02-12T23:40:55.822+0000] {spark_submit.py:492} INFO - "nullable" : true,
[2026-02-12T23:40:55.823+0000] {spark_submit.py:492} INFO - "metadata" : { }
[2026-02-12T23:40:55.823+0000] {spark_submit.py:492} INFO - }, {
[2026-02-12T23:40:55.823+0000] {spark_submit.py:492} INFO - "name" : "quotes",
[2026-02-12T23:40:55.823+0000] {spark_submit.py:492} INFO - "type" : "long",
[2026-02-12T23:40:55.823+0000] {spark_submit.py:492} INFO - "nullable" : true,
[2026-02-12T23:40:55.823+0000] {spark_submit.py:492} INFO - "metadata" : { }
[2026-02-12T23:40:55.823+0000] {spark_submit.py:492} INFO - }, {
[2026-02-12T23:40:55.823+0000] {spark_submit.py:492} INFO - "name" : "replies",
[2026-02-12T23:40:55.823+0000] {spark_submit.py:492} INFO - "type" : "long",
[2026-02-12T23:40:55.823+0000] {spark_submit.py:492} INFO - "nullable" : true,
[2026-02-12T23:40:55.823+0000] {spark_submit.py:492} INFO - "metadata" : { }
[2026-02-12T23:40:55.823+0000] {spark_submit.py:492} INFO - }, {
[2026-02-12T23:40:55.823+0000] {spark_submit.py:492} INFO - "name" : "retweets",
[2026-02-12T23:40:55.824+0000] {spark_submit.py:492} INFO - "type" : "long",
[2026-02-12T23:40:55.824+0000] {spark_submit.py:492} INFO - "nullable" : true,
[2026-02-12T23:40:55.824+0000] {spark_submit.py:492} INFO - "metadata" : { }
[2026-02-12T23:40:55.824+0000] {spark_submit.py:492} INFO - }, {
[2026-02-12T23:40:55.824+0000] {spark_submit.py:492} INFO - "name" : "processing_date",
[2026-02-12T23:40:55.824+0000] {spark_submit.py:492} INFO - "type" : "date",
[2026-02-12T23:40:55.824+0000] {spark_submit.py:492} INFO - "nullable" : false,
[2026-02-12T23:40:55.824+0000] {spark_submit.py:492} INFO - "metadata" : { }
[2026-02-12T23:40:55.824+0000] {spark_submit.py:492} INFO - } ]
[2026-02-12T23:40:55.824+0000] {spark_submit.py:492} INFO - }
[2026-02-12T23:40:55.825+0000] {spark_submit.py:492} INFO - and corresponding Parquet message type:
[2026-02-12T23:40:55.825+0000] {spark_submit.py:492} INFO - message spark_schema {
[2026-02-12T23:40:55.825+0000] {spark_submit.py:492} INFO - optional binary user_id (STRING);
[2026-02-12T23:40:55.825+0000] {spark_submit.py:492} INFO - optional binary thread_id (STRING);
[2026-02-12T23:40:55.825+0000] {spark_submit.py:492} INFO - optional binary created_at (STRING);
[2026-02-12T23:40:55.825+0000] {spark_submit.py:492} INFO - optional group edit_versions_ids (LIST) {
[2026-02-12T23:40:55.825+0000] {spark_submit.py:492} INFO - repeated group list {
[2026-02-12T23:40:55.825+0000] {spark_submit.py:492} INFO - optional int64 element;
[2026-02-12T23:40:55.825+0000] {spark_submit.py:492} INFO - }
[2026-02-12T23:40:55.826+0000] {spark_submit.py:492} INFO - }
[2026-02-12T23:40:55.826+0000] {spark_submit.py:492} INFO - optional binary tweet_id (STRING);
[2026-02-12T23:40:55.826+0000] {spark_submit.py:492} INFO - optional binary reply_to_user_id (STRING);
[2026-02-12T23:40:55.826+0000] {spark_submit.py:492} INFO - optional binary language (STRING);
[2026-02-12T23:40:55.826+0000] {spark_submit.py:492} INFO - optional binary tweet_text (STRING);
[2026-02-12T23:40:55.826+0000] {spark_submit.py:492} INFO - optional int64 likes;
[2026-02-12T23:40:55.826+0000] {spark_submit.py:492} INFO - optional int64 quotes;
[2026-02-12T23:40:55.826+0000] {spark_submit.py:492} INFO - optional int64 replies;
[2026-02-12T23:40:55.826+0000] {spark_submit.py:492} INFO - optional int64 retweets;
[2026-02-12T23:40:55.826+0000] {spark_submit.py:492} INFO - required int32 processing_date (DATE);
[2026-02-12T23:40:55.826+0000] {spark_submit.py:492} INFO - }
[2026-02-12T23:40:55.826+0000] {spark_submit.py:492} INFO - 
[2026-02-12T23:40:55.826+0000] {spark_submit.py:492} INFO - 
[2026-02-12T23:40:55.856+0000] {spark_submit.py:492} INFO - 26/02/12 23:40:55 INFO CodecPool: Got brand-new compressor [.snappy]
[2026-02-12T23:40:56.137+0000] {spark_submit.py:492} INFO - 26/02/12 23:40:56 INFO CodecConfig: Compression: SNAPPY
[2026-02-12T23:40:56.137+0000] {spark_submit.py:492} INFO - 26/02/12 23:40:56 INFO CodecConfig: Compression: SNAPPY
[2026-02-12T23:40:56.138+0000] {spark_submit.py:492} INFO - 26/02/12 23:40:56 INFO ParquetOutputFormat: ParquetRecordWriter [block size: 134217728b, row group padding size: 8388608b, validating: false]
[2026-02-12T23:40:56.139+0000] {spark_submit.py:492} INFO - 26/02/12 23:40:56 INFO ParquetWriteSupport: Initialized Parquet WriteSupport with Catalyst schema:
[2026-02-12T23:40:56.139+0000] {spark_submit.py:492} INFO - {
[2026-02-12T23:40:56.139+0000] {spark_submit.py:492} INFO - "type" : "struct",
[2026-02-12T23:40:56.139+0000] {spark_submit.py:492} INFO - "fields" : [ {
[2026-02-12T23:40:56.139+0000] {spark_submit.py:492} INFO - "name" : "user_id",
[2026-02-12T23:40:56.140+0000] {spark_submit.py:492} INFO - "type" : "string",
[2026-02-12T23:40:56.140+0000] {spark_submit.py:492} INFO - "nullable" : true,
[2026-02-12T23:40:56.140+0000] {spark_submit.py:492} INFO - "metadata" : { }
[2026-02-12T23:40:56.140+0000] {spark_submit.py:492} INFO - }, {
[2026-02-12T23:40:56.140+0000] {spark_submit.py:492} INFO - "name" : "thread_id",
[2026-02-12T23:40:56.140+0000] {spark_submit.py:492} INFO - "type" : "string",
[2026-02-12T23:40:56.140+0000] {spark_submit.py:492} INFO - "nullable" : true,
[2026-02-12T23:40:56.140+0000] {spark_submit.py:492} INFO - "metadata" : { }
[2026-02-12T23:40:56.140+0000] {spark_submit.py:492} INFO - }, {
[2026-02-12T23:40:56.140+0000] {spark_submit.py:492} INFO - "name" : "created_at",
[2026-02-12T23:40:56.140+0000] {spark_submit.py:492} INFO - "type" : "string",
[2026-02-12T23:40:56.141+0000] {spark_submit.py:492} INFO - "nullable" : true,
[2026-02-12T23:40:56.141+0000] {spark_submit.py:492} INFO - "metadata" : { }
[2026-02-12T23:40:56.141+0000] {spark_submit.py:492} INFO - }, {
[2026-02-12T23:40:56.141+0000] {spark_submit.py:492} INFO - "name" : "edit_versions_ids",
[2026-02-12T23:40:56.141+0000] {spark_submit.py:492} INFO - "type" : {
[2026-02-12T23:40:56.141+0000] {spark_submit.py:492} INFO - "type" : "array",
[2026-02-12T23:40:56.141+0000] {spark_submit.py:492} INFO - "elementType" : "long",
[2026-02-12T23:40:56.141+0000] {spark_submit.py:492} INFO - "containsNull" : true
[2026-02-12T23:40:56.141+0000] {spark_submit.py:492} INFO - },
[2026-02-12T23:40:56.141+0000] {spark_submit.py:492} INFO - "nullable" : true,
[2026-02-12T23:40:56.142+0000] {spark_submit.py:492} INFO - "metadata" : { }
[2026-02-12T23:40:56.142+0000] {spark_submit.py:492} INFO - }, {
[2026-02-12T23:40:56.142+0000] {spark_submit.py:492} INFO - "name" : "tweet_id",
[2026-02-12T23:40:56.142+0000] {spark_submit.py:492} INFO - "type" : "string",
[2026-02-12T23:40:56.142+0000] {spark_submit.py:492} INFO - "nullable" : true,
[2026-02-12T23:40:56.142+0000] {spark_submit.py:492} INFO - "metadata" : { }
[2026-02-12T23:40:56.142+0000] {spark_submit.py:492} INFO - }, {
[2026-02-12T23:40:56.142+0000] {spark_submit.py:492} INFO - "name" : "reply_to_user_id",
[2026-02-12T23:40:56.142+0000] {spark_submit.py:492} INFO - "type" : "string",
[2026-02-12T23:40:56.142+0000] {spark_submit.py:492} INFO - "nullable" : true,
[2026-02-12T23:40:56.142+0000] {spark_submit.py:492} INFO - "metadata" : { }
[2026-02-12T23:40:56.142+0000] {spark_submit.py:492} INFO - }, {
[2026-02-12T23:40:56.142+0000] {spark_submit.py:492} INFO - "name" : "language",
[2026-02-12T23:40:56.142+0000] {spark_submit.py:492} INFO - "type" : "string",
[2026-02-12T23:40:56.143+0000] {spark_submit.py:492} INFO - "nullable" : true,
[2026-02-12T23:40:56.143+0000] {spark_submit.py:492} INFO - "metadata" : { }
[2026-02-12T23:40:56.143+0000] {spark_submit.py:492} INFO - }, {
[2026-02-12T23:40:56.143+0000] {spark_submit.py:492} INFO - "name" : "tweet_text",
[2026-02-12T23:40:56.143+0000] {spark_submit.py:492} INFO - "type" : "string",
[2026-02-12T23:40:56.143+0000] {spark_submit.py:492} INFO - "nullable" : true,
[2026-02-12T23:40:56.143+0000] {spark_submit.py:492} INFO - "metadata" : { }
[2026-02-12T23:40:56.143+0000] {spark_submit.py:492} INFO - }, {
[2026-02-12T23:40:56.143+0000] {spark_submit.py:492} INFO - "name" : "likes",
[2026-02-12T23:40:56.143+0000] {spark_submit.py:492} INFO - "type" : "long",
[2026-02-12T23:40:56.143+0000] {spark_submit.py:492} INFO - "nullable" : true,
[2026-02-12T23:40:56.143+0000] {spark_submit.py:492} INFO - "metadata" : { }
[2026-02-12T23:40:56.144+0000] {spark_submit.py:492} INFO - }, {
[2026-02-12T23:40:56.144+0000] {spark_submit.py:492} INFO - "name" : "quotes",
[2026-02-12T23:40:56.144+0000] {spark_submit.py:492} INFO - "type" : "long",
[2026-02-12T23:40:56.144+0000] {spark_submit.py:492} INFO - "nullable" : true,
[2026-02-12T23:40:56.144+0000] {spark_submit.py:492} INFO - "metadata" : { }
[2026-02-12T23:40:56.144+0000] {spark_submit.py:492} INFO - }, {
[2026-02-12T23:40:56.144+0000] {spark_submit.py:492} INFO - "name" : "replies",
[2026-02-12T23:40:56.144+0000] {spark_submit.py:492} INFO - "type" : "long",
[2026-02-12T23:40:56.144+0000] {spark_submit.py:492} INFO - "nullable" : true,
[2026-02-12T23:40:56.144+0000] {spark_submit.py:492} INFO - "metadata" : { }
[2026-02-12T23:40:56.144+0000] {spark_submit.py:492} INFO - }, {
[2026-02-12T23:40:56.144+0000] {spark_submit.py:492} INFO - "name" : "retweets",
[2026-02-12T23:40:56.144+0000] {spark_submit.py:492} INFO - "type" : "long",
[2026-02-12T23:40:56.145+0000] {spark_submit.py:492} INFO - "nullable" : true,
[2026-02-12T23:40:56.145+0000] {spark_submit.py:492} INFO - "metadata" : { }
[2026-02-12T23:40:56.145+0000] {spark_submit.py:492} INFO - }, {
[2026-02-12T23:40:56.145+0000] {spark_submit.py:492} INFO - "name" : "processing_date",
[2026-02-12T23:40:56.145+0000] {spark_submit.py:492} INFO - "type" : "date",
[2026-02-12T23:40:56.145+0000] {spark_submit.py:492} INFO - "nullable" : false,
[2026-02-12T23:40:56.145+0000] {spark_submit.py:492} INFO - "metadata" : { }
[2026-02-12T23:40:56.145+0000] {spark_submit.py:492} INFO - } ]
[2026-02-12T23:40:56.145+0000] {spark_submit.py:492} INFO - }
[2026-02-12T23:40:56.145+0000] {spark_submit.py:492} INFO - and corresponding Parquet message type:
[2026-02-12T23:40:56.146+0000] {spark_submit.py:492} INFO - message spark_schema {
[2026-02-12T23:40:56.146+0000] {spark_submit.py:492} INFO - optional binary user_id (STRING);
[2026-02-12T23:40:56.146+0000] {spark_submit.py:492} INFO - optional binary thread_id (STRING);
[2026-02-12T23:40:56.146+0000] {spark_submit.py:492} INFO - optional binary created_at (STRING);
[2026-02-12T23:40:56.146+0000] {spark_submit.py:492} INFO - optional group edit_versions_ids (LIST) {
[2026-02-12T23:40:56.146+0000] {spark_submit.py:492} INFO - repeated group list {
[2026-02-12T23:40:56.146+0000] {spark_submit.py:492} INFO - optional int64 element;
[2026-02-12T23:40:56.146+0000] {spark_submit.py:492} INFO - }
[2026-02-12T23:40:56.146+0000] {spark_submit.py:492} INFO - }
[2026-02-12T23:40:56.146+0000] {spark_submit.py:492} INFO - optional binary tweet_id (STRING);
[2026-02-12T23:40:56.146+0000] {spark_submit.py:492} INFO - optional binary reply_to_user_id (STRING);
[2026-02-12T23:40:56.147+0000] {spark_submit.py:492} INFO - optional binary language (STRING);
[2026-02-12T23:40:56.147+0000] {spark_submit.py:492} INFO - optional binary tweet_text (STRING);
[2026-02-12T23:40:56.147+0000] {spark_submit.py:492} INFO - optional int64 likes;
[2026-02-12T23:40:56.147+0000] {spark_submit.py:492} INFO - optional int64 quotes;
[2026-02-12T23:40:56.147+0000] {spark_submit.py:492} INFO - optional int64 replies;
[2026-02-12T23:40:56.147+0000] {spark_submit.py:492} INFO - optional int64 retweets;
[2026-02-12T23:40:56.147+0000] {spark_submit.py:492} INFO - required int32 processing_date (DATE);
[2026-02-12T23:40:56.147+0000] {spark_submit.py:492} INFO - }
[2026-02-12T23:40:56.147+0000] {spark_submit.py:492} INFO - 
[2026-02-12T23:40:56.147+0000] {spark_submit.py:492} INFO - 
[2026-02-12T23:40:56.163+0000] {spark_submit.py:492} INFO - 26/02/12 23:40:56 INFO CodecConfig: Compression: SNAPPY
[2026-02-12T23:40:56.163+0000] {spark_submit.py:492} INFO - 26/02/12 23:40:56 INFO CodecConfig: Compression: SNAPPY
[2026-02-12T23:40:56.164+0000] {spark_submit.py:492} INFO - 26/02/12 23:40:56 INFO ParquetOutputFormat: ParquetRecordWriter [block size: 134217728b, row group padding size: 8388608b, validating: false]
[2026-02-12T23:40:56.166+0000] {spark_submit.py:492} INFO - 26/02/12 23:40:56 INFO ParquetWriteSupport: Initialized Parquet WriteSupport with Catalyst schema:
[2026-02-12T23:40:56.166+0000] {spark_submit.py:492} INFO - {
[2026-02-12T23:40:56.166+0000] {spark_submit.py:492} INFO - "type" : "struct",
[2026-02-12T23:40:56.166+0000] {spark_submit.py:492} INFO - "fields" : [ {
[2026-02-12T23:40:56.166+0000] {spark_submit.py:492} INFO - "name" : "user_id",
[2026-02-12T23:40:56.167+0000] {spark_submit.py:492} INFO - "type" : "string",
[2026-02-12T23:40:56.167+0000] {spark_submit.py:492} INFO - "nullable" : true,
[2026-02-12T23:40:56.167+0000] {spark_submit.py:492} INFO - "metadata" : { }
[2026-02-12T23:40:56.167+0000] {spark_submit.py:492} INFO - }, {
[2026-02-12T23:40:56.167+0000] {spark_submit.py:492} INFO - "name" : "thread_id",
[2026-02-12T23:40:56.167+0000] {spark_submit.py:492} INFO - "type" : "string",
[2026-02-12T23:40:56.167+0000] {spark_submit.py:492} INFO - "nullable" : true,
[2026-02-12T23:40:56.167+0000] {spark_submit.py:492} INFO - "metadata" : { }
[2026-02-12T23:40:56.167+0000] {spark_submit.py:492} INFO - }, {
[2026-02-12T23:40:56.167+0000] {spark_submit.py:492} INFO - "name" : "created_at",
[2026-02-12T23:40:56.167+0000] {spark_submit.py:492} INFO - "type" : "string",
[2026-02-12T23:40:56.168+0000] {spark_submit.py:492} INFO - "nullable" : true,
[2026-02-12T23:40:56.168+0000] {spark_submit.py:492} INFO - "metadata" : { }
[2026-02-12T23:40:56.168+0000] {spark_submit.py:492} INFO - }, {
[2026-02-12T23:40:56.168+0000] {spark_submit.py:492} INFO - "name" : "edit_versions_ids",
[2026-02-12T23:40:56.168+0000] {spark_submit.py:492} INFO - "type" : {
[2026-02-12T23:40:56.168+0000] {spark_submit.py:492} INFO - "type" : "array",
[2026-02-12T23:40:56.168+0000] {spark_submit.py:492} INFO - "elementType" : "long",
[2026-02-12T23:40:56.168+0000] {spark_submit.py:492} INFO - "containsNull" : true
[2026-02-12T23:40:56.168+0000] {spark_submit.py:492} INFO - },
[2026-02-12T23:40:56.168+0000] {spark_submit.py:492} INFO - "nullable" : true,
[2026-02-12T23:40:56.168+0000] {spark_submit.py:492} INFO - "metadata" : { }
[2026-02-12T23:40:56.168+0000] {spark_submit.py:492} INFO - }, {
[2026-02-12T23:40:56.168+0000] {spark_submit.py:492} INFO - "name" : "tweet_id",
[2026-02-12T23:40:56.168+0000] {spark_submit.py:492} INFO - "type" : "string",
[2026-02-12T23:40:56.169+0000] {spark_submit.py:492} INFO - "nullable" : true,
[2026-02-12T23:40:56.169+0000] {spark_submit.py:492} INFO - "metadata" : { }
[2026-02-12T23:40:56.169+0000] {spark_submit.py:492} INFO - }, {
[2026-02-12T23:40:56.169+0000] {spark_submit.py:492} INFO - "name" : "reply_to_user_id",
[2026-02-12T23:40:56.169+0000] {spark_submit.py:492} INFO - "type" : "string",
[2026-02-12T23:40:56.169+0000] {spark_submit.py:492} INFO - "nullable" : true,
[2026-02-12T23:40:56.169+0000] {spark_submit.py:492} INFO - "metadata" : { }
[2026-02-12T23:40:56.169+0000] {spark_submit.py:492} INFO - }, {
[2026-02-12T23:40:56.169+0000] {spark_submit.py:492} INFO - "name" : "language",
[2026-02-12T23:40:56.169+0000] {spark_submit.py:492} INFO - "type" : "string",
[2026-02-12T23:40:56.169+0000] {spark_submit.py:492} INFO - "nullable" : true,
[2026-02-12T23:40:56.169+0000] {spark_submit.py:492} INFO - "metadata" : { }
[2026-02-12T23:40:56.170+0000] {spark_submit.py:492} INFO - }, {
[2026-02-12T23:40:56.170+0000] {spark_submit.py:492} INFO - "name" : "tweet_text",
[2026-02-12T23:40:56.170+0000] {spark_submit.py:492} INFO - "type" : "string",
[2026-02-12T23:40:56.170+0000] {spark_submit.py:492} INFO - "nullable" : true,
[2026-02-12T23:40:56.170+0000] {spark_submit.py:492} INFO - "metadata" : { }
[2026-02-12T23:40:56.170+0000] {spark_submit.py:492} INFO - }, {
[2026-02-12T23:40:56.170+0000] {spark_submit.py:492} INFO - "name" : "likes",
[2026-02-12T23:40:56.170+0000] {spark_submit.py:492} INFO - "type" : "long",
[2026-02-12T23:40:56.170+0000] {spark_submit.py:492} INFO - "nullable" : true,
[2026-02-12T23:40:56.170+0000] {spark_submit.py:492} INFO - "metadata" : { }
[2026-02-12T23:40:56.170+0000] {spark_submit.py:492} INFO - }, {
[2026-02-12T23:40:56.170+0000] {spark_submit.py:492} INFO - "name" : "quotes",
[2026-02-12T23:40:56.170+0000] {spark_submit.py:492} INFO - "type" : "long",
[2026-02-12T23:40:56.170+0000] {spark_submit.py:492} INFO - "nullable" : true,
[2026-02-12T23:40:56.170+0000] {spark_submit.py:492} INFO - "metadata" : { }
[2026-02-12T23:40:56.171+0000] {spark_submit.py:492} INFO - }, {
[2026-02-12T23:40:56.171+0000] {spark_submit.py:492} INFO - "name" : "replies",
[2026-02-12T23:40:56.171+0000] {spark_submit.py:492} INFO - "type" : "long",
[2026-02-12T23:40:56.171+0000] {spark_submit.py:492} INFO - "nullable" : true,
[2026-02-12T23:40:56.171+0000] {spark_submit.py:492} INFO - "metadata" : { }
[2026-02-12T23:40:56.171+0000] {spark_submit.py:492} INFO - }, {
[2026-02-12T23:40:56.171+0000] {spark_submit.py:492} INFO - "name" : "retweets",
[2026-02-12T23:40:56.171+0000] {spark_submit.py:492} INFO - "type" : "long",
[2026-02-12T23:40:56.171+0000] {spark_submit.py:492} INFO - "nullable" : true,
[2026-02-12T23:40:56.171+0000] {spark_submit.py:492} INFO - "metadata" : { }
[2026-02-12T23:40:56.171+0000] {spark_submit.py:492} INFO - }, {
[2026-02-12T23:40:56.171+0000] {spark_submit.py:492} INFO - "name" : "processing_date",
[2026-02-12T23:40:56.171+0000] {spark_submit.py:492} INFO - "type" : "date",
[2026-02-12T23:40:56.171+0000] {spark_submit.py:492} INFO - "nullable" : false,
[2026-02-12T23:40:56.172+0000] {spark_submit.py:492} INFO - "metadata" : { }
[2026-02-12T23:40:56.172+0000] {spark_submit.py:492} INFO - } ]
[2026-02-12T23:40:56.172+0000] {spark_submit.py:492} INFO - }
[2026-02-12T23:40:56.172+0000] {spark_submit.py:492} INFO - and corresponding Parquet message type:
[2026-02-12T23:40:56.172+0000] {spark_submit.py:492} INFO - message spark_schema {
[2026-02-12T23:40:56.172+0000] {spark_submit.py:492} INFO - optional binary user_id (STRING);
[2026-02-12T23:40:56.172+0000] {spark_submit.py:492} INFO - optional binary thread_id (STRING);
[2026-02-12T23:40:56.172+0000] {spark_submit.py:492} INFO - optional binary created_at (STRING);
[2026-02-12T23:40:56.172+0000] {spark_submit.py:492} INFO - optional group edit_versions_ids (LIST) {
[2026-02-12T23:40:56.172+0000] {spark_submit.py:492} INFO - repeated group list {
[2026-02-12T23:40:56.172+0000] {spark_submit.py:492} INFO - optional int64 element;
[2026-02-12T23:40:56.172+0000] {spark_submit.py:492} INFO - }
[2026-02-12T23:40:56.172+0000] {spark_submit.py:492} INFO - }
[2026-02-12T23:40:56.172+0000] {spark_submit.py:492} INFO - optional binary tweet_id (STRING);
[2026-02-12T23:40:56.172+0000] {spark_submit.py:492} INFO - optional binary reply_to_user_id (STRING);
[2026-02-12T23:40:56.173+0000] {spark_submit.py:492} INFO - optional binary language (STRING);
[2026-02-12T23:40:56.173+0000] {spark_submit.py:492} INFO - optional binary tweet_text (STRING);
[2026-02-12T23:40:56.173+0000] {spark_submit.py:492} INFO - optional int64 likes;
[2026-02-12T23:40:56.173+0000] {spark_submit.py:492} INFO - optional int64 quotes;
[2026-02-12T23:40:56.173+0000] {spark_submit.py:492} INFO - optional int64 replies;
[2026-02-12T23:40:56.173+0000] {spark_submit.py:492} INFO - optional int64 retweets;
[2026-02-12T23:40:56.173+0000] {spark_submit.py:492} INFO - required int32 processing_date (DATE);
[2026-02-12T23:40:56.173+0000] {spark_submit.py:492} INFO - }
[2026-02-12T23:40:56.173+0000] {spark_submit.py:492} INFO - 
[2026-02-12T23:40:56.173+0000] {spark_submit.py:492} INFO - 
[2026-02-12T23:40:56.191+0000] {spark_submit.py:492} INFO - 26/02/12 23:40:56 INFO CodecConfig: Compression: SNAPPY
[2026-02-12T23:40:56.191+0000] {spark_submit.py:492} INFO - 26/02/12 23:40:56 INFO CodecConfig: Compression: SNAPPY
[2026-02-12T23:40:56.192+0000] {spark_submit.py:492} INFO - 26/02/12 23:40:56 INFO ParquetOutputFormat: ParquetRecordWriter [block size: 134217728b, row group padding size: 8388608b, validating: false]
[2026-02-12T23:40:56.194+0000] {spark_submit.py:492} INFO - 26/02/12 23:40:56 INFO ParquetWriteSupport: Initialized Parquet WriteSupport with Catalyst schema:
[2026-02-12T23:40:56.194+0000] {spark_submit.py:492} INFO - {
[2026-02-12T23:40:56.194+0000] {spark_submit.py:492} INFO - "type" : "struct",
[2026-02-12T23:40:56.194+0000] {spark_submit.py:492} INFO - "fields" : [ {
[2026-02-12T23:40:56.194+0000] {spark_submit.py:492} INFO - "name" : "user_id",
[2026-02-12T23:40:56.194+0000] {spark_submit.py:492} INFO - "type" : "string",
[2026-02-12T23:40:56.194+0000] {spark_submit.py:492} INFO - "nullable" : true,
[2026-02-12T23:40:56.194+0000] {spark_submit.py:492} INFO - "metadata" : { }
[2026-02-12T23:40:56.194+0000] {spark_submit.py:492} INFO - }, {
[2026-02-12T23:40:56.194+0000] {spark_submit.py:492} INFO - "name" : "thread_id",
[2026-02-12T23:40:56.195+0000] {spark_submit.py:492} INFO - "type" : "string",
[2026-02-12T23:40:56.195+0000] {spark_submit.py:492} INFO - "nullable" : true,
[2026-02-12T23:40:56.195+0000] {spark_submit.py:492} INFO - "metadata" : { }
[2026-02-12T23:40:56.195+0000] {spark_submit.py:492} INFO - }, {
[2026-02-12T23:40:56.195+0000] {spark_submit.py:492} INFO - "name" : "created_at",
[2026-02-12T23:40:56.195+0000] {spark_submit.py:492} INFO - "type" : "string",
[2026-02-12T23:40:56.195+0000] {spark_submit.py:492} INFO - "nullable" : true,
[2026-02-12T23:40:56.195+0000] {spark_submit.py:492} INFO - "metadata" : { }
[2026-02-12T23:40:56.196+0000] {spark_submit.py:492} INFO - }, {
[2026-02-12T23:40:56.196+0000] {spark_submit.py:492} INFO - "name" : "edit_versions_ids",
[2026-02-12T23:40:56.196+0000] {spark_submit.py:492} INFO - "type" : {
[2026-02-12T23:40:56.196+0000] {spark_submit.py:492} INFO - "type" : "array",
[2026-02-12T23:40:56.196+0000] {spark_submit.py:492} INFO - "elementType" : "long",
[2026-02-12T23:40:56.196+0000] {spark_submit.py:492} INFO - "containsNull" : true
[2026-02-12T23:40:56.196+0000] {spark_submit.py:492} INFO - },
[2026-02-12T23:40:56.196+0000] {spark_submit.py:492} INFO - "nullable" : true,
[2026-02-12T23:40:56.196+0000] {spark_submit.py:492} INFO - "metadata" : { }
[2026-02-12T23:40:56.197+0000] {spark_submit.py:492} INFO - }, {
[2026-02-12T23:40:56.197+0000] {spark_submit.py:492} INFO - "name" : "tweet_id",
[2026-02-12T23:40:56.197+0000] {spark_submit.py:492} INFO - "type" : "string",
[2026-02-12T23:40:56.197+0000] {spark_submit.py:492} INFO - "nullable" : true,
[2026-02-12T23:40:56.197+0000] {spark_submit.py:492} INFO - "metadata" : { }
[2026-02-12T23:40:56.197+0000] {spark_submit.py:492} INFO - }, {
[2026-02-12T23:40:56.197+0000] {spark_submit.py:492} INFO - "name" : "reply_to_user_id",
[2026-02-12T23:40:56.197+0000] {spark_submit.py:492} INFO - "type" : "string",
[2026-02-12T23:40:56.197+0000] {spark_submit.py:492} INFO - "nullable" : true,
[2026-02-12T23:40:56.198+0000] {spark_submit.py:492} INFO - "metadata" : { }
[2026-02-12T23:40:56.198+0000] {spark_submit.py:492} INFO - }, {
[2026-02-12T23:40:56.198+0000] {spark_submit.py:492} INFO - "name" : "language",
[2026-02-12T23:40:56.198+0000] {spark_submit.py:492} INFO - "type" : "string",
[2026-02-12T23:40:56.198+0000] {spark_submit.py:492} INFO - "nullable" : true,
[2026-02-12T23:40:56.198+0000] {spark_submit.py:492} INFO - "metadata" : { }
[2026-02-12T23:40:56.198+0000] {spark_submit.py:492} INFO - }, {
[2026-02-12T23:40:56.199+0000] {spark_submit.py:492} INFO - "name" : "tweet_text",
[2026-02-12T23:40:56.199+0000] {spark_submit.py:492} INFO - "type" : "string",
[2026-02-12T23:40:56.199+0000] {spark_submit.py:492} INFO - "nullable" : true,
[2026-02-12T23:40:56.199+0000] {spark_submit.py:492} INFO - "metadata" : { }
[2026-02-12T23:40:56.199+0000] {spark_submit.py:492} INFO - }, {
[2026-02-12T23:40:56.199+0000] {spark_submit.py:492} INFO - "name" : "likes",
[2026-02-12T23:40:56.200+0000] {spark_submit.py:492} INFO - "type" : "long",
[2026-02-12T23:40:56.200+0000] {spark_submit.py:492} INFO - "nullable" : true,
[2026-02-12T23:40:56.200+0000] {spark_submit.py:492} INFO - "metadata" : { }
[2026-02-12T23:40:56.200+0000] {spark_submit.py:492} INFO - }, {
[2026-02-12T23:40:56.200+0000] {spark_submit.py:492} INFO - "name" : "quotes",
[2026-02-12T23:40:56.200+0000] {spark_submit.py:492} INFO - "type" : "long",
[2026-02-12T23:40:56.200+0000] {spark_submit.py:492} INFO - "nullable" : true,
[2026-02-12T23:40:56.200+0000] {spark_submit.py:492} INFO - "metadata" : { }
[2026-02-12T23:40:56.201+0000] {spark_submit.py:492} INFO - }, {
[2026-02-12T23:40:56.201+0000] {spark_submit.py:492} INFO - "name" : "replies",
[2026-02-12T23:40:56.201+0000] {spark_submit.py:492} INFO - "type" : "long",
[2026-02-12T23:40:56.201+0000] {spark_submit.py:492} INFO - "nullable" : true,
[2026-02-12T23:40:56.201+0000] {spark_submit.py:492} INFO - "metadata" : { }
[2026-02-12T23:40:56.202+0000] {spark_submit.py:492} INFO - }, {
[2026-02-12T23:40:56.202+0000] {spark_submit.py:492} INFO - "name" : "retweets",
[2026-02-12T23:40:56.202+0000] {spark_submit.py:492} INFO - "type" : "long",
[2026-02-12T23:40:56.202+0000] {spark_submit.py:492} INFO - "nullable" : true,
[2026-02-12T23:40:56.202+0000] {spark_submit.py:492} INFO - "metadata" : { }
[2026-02-12T23:40:56.202+0000] {spark_submit.py:492} INFO - }, {
[2026-02-12T23:40:56.202+0000] {spark_submit.py:492} INFO - "name" : "processing_date",
[2026-02-12T23:40:56.202+0000] {spark_submit.py:492} INFO - "type" : "date",
[2026-02-12T23:40:56.203+0000] {spark_submit.py:492} INFO - "nullable" : false,
[2026-02-12T23:40:56.203+0000] {spark_submit.py:492} INFO - "metadata" : { }
[2026-02-12T23:40:56.203+0000] {spark_submit.py:492} INFO - } ]
[2026-02-12T23:40:56.203+0000] {spark_submit.py:492} INFO - }
[2026-02-12T23:40:56.203+0000] {spark_submit.py:492} INFO - and corresponding Parquet message type:
[2026-02-12T23:40:56.203+0000] {spark_submit.py:492} INFO - message spark_schema {
[2026-02-12T23:40:56.204+0000] {spark_submit.py:492} INFO - optional binary user_id (STRING);
[2026-02-12T23:40:56.204+0000] {spark_submit.py:492} INFO - optional binary thread_id (STRING);
[2026-02-12T23:40:56.204+0000] {spark_submit.py:492} INFO - optional binary created_at (STRING);
[2026-02-12T23:40:56.204+0000] {spark_submit.py:492} INFO - optional group edit_versions_ids (LIST) {
[2026-02-12T23:40:56.204+0000] {spark_submit.py:492} INFO - repeated group list {
[2026-02-12T23:40:56.204+0000] {spark_submit.py:492} INFO - optional int64 element;
[2026-02-12T23:40:56.204+0000] {spark_submit.py:492} INFO - }
[2026-02-12T23:40:56.205+0000] {spark_submit.py:492} INFO - }
[2026-02-12T23:40:56.205+0000] {spark_submit.py:492} INFO - optional binary tweet_id (STRING);
[2026-02-12T23:40:56.205+0000] {spark_submit.py:492} INFO - optional binary reply_to_user_id (STRING);
[2026-02-12T23:40:56.205+0000] {spark_submit.py:492} INFO - optional binary language (STRING);
[2026-02-12T23:40:56.205+0000] {spark_submit.py:492} INFO - optional binary tweet_text (STRING);
[2026-02-12T23:40:56.205+0000] {spark_submit.py:492} INFO - optional int64 likes;
[2026-02-12T23:40:56.206+0000] {spark_submit.py:492} INFO - optional int64 quotes;
[2026-02-12T23:40:56.206+0000] {spark_submit.py:492} INFO - optional int64 replies;
[2026-02-12T23:40:56.206+0000] {spark_submit.py:492} INFO - optional int64 retweets;
[2026-02-12T23:40:56.206+0000] {spark_submit.py:492} INFO - required int32 processing_date (DATE);
[2026-02-12T23:40:56.206+0000] {spark_submit.py:492} INFO - }
[2026-02-12T23:40:56.206+0000] {spark_submit.py:492} INFO - 
[2026-02-12T23:40:56.206+0000] {spark_submit.py:492} INFO - 
[2026-02-12T23:40:56.221+0000] {spark_submit.py:492} INFO - 26/02/12 23:40:56 INFO CodecConfig: Compression: SNAPPY
[2026-02-12T23:40:56.221+0000] {spark_submit.py:492} INFO - 26/02/12 23:40:56 INFO CodecConfig: Compression: SNAPPY
[2026-02-12T23:40:56.222+0000] {spark_submit.py:492} INFO - 26/02/12 23:40:56 INFO ParquetOutputFormat: ParquetRecordWriter [block size: 134217728b, row group padding size: 8388608b, validating: false]
[2026-02-12T23:40:56.224+0000] {spark_submit.py:492} INFO - 26/02/12 23:40:56 INFO ParquetWriteSupport: Initialized Parquet WriteSupport with Catalyst schema:
[2026-02-12T23:40:56.224+0000] {spark_submit.py:492} INFO - {
[2026-02-12T23:40:56.224+0000] {spark_submit.py:492} INFO - "type" : "struct",
[2026-02-12T23:40:56.224+0000] {spark_submit.py:492} INFO - "fields" : [ {
[2026-02-12T23:40:56.224+0000] {spark_submit.py:492} INFO - "name" : "user_id",
[2026-02-12T23:40:56.224+0000] {spark_submit.py:492} INFO - "type" : "string",
[2026-02-12T23:40:56.224+0000] {spark_submit.py:492} INFO - "nullable" : true,
[2026-02-12T23:40:56.225+0000] {spark_submit.py:492} INFO - "metadata" : { }
[2026-02-12T23:40:56.225+0000] {spark_submit.py:492} INFO - }, {
[2026-02-12T23:40:56.225+0000] {spark_submit.py:492} INFO - "name" : "thread_id",
[2026-02-12T23:40:56.225+0000] {spark_submit.py:492} INFO - "type" : "string",
[2026-02-12T23:40:56.225+0000] {spark_submit.py:492} INFO - "nullable" : true,
[2026-02-12T23:40:56.225+0000] {spark_submit.py:492} INFO - "metadata" : { }
[2026-02-12T23:40:56.225+0000] {spark_submit.py:492} INFO - }, {
[2026-02-12T23:40:56.225+0000] {spark_submit.py:492} INFO - "name" : "created_at",
[2026-02-12T23:40:56.226+0000] {spark_submit.py:492} INFO - "type" : "string",
[2026-02-12T23:40:56.226+0000] {spark_submit.py:492} INFO - "nullable" : true,
[2026-02-12T23:40:56.226+0000] {spark_submit.py:492} INFO - "metadata" : { }
[2026-02-12T23:40:56.226+0000] {spark_submit.py:492} INFO - }, {
[2026-02-12T23:40:56.226+0000] {spark_submit.py:492} INFO - "name" : "edit_versions_ids",
[2026-02-12T23:40:56.226+0000] {spark_submit.py:492} INFO - "type" : {
[2026-02-12T23:40:56.226+0000] {spark_submit.py:492} INFO - "type" : "array",
[2026-02-12T23:40:56.227+0000] {spark_submit.py:492} INFO - "elementType" : "long",
[2026-02-12T23:40:56.227+0000] {spark_submit.py:492} INFO - "containsNull" : true
[2026-02-12T23:40:56.227+0000] {spark_submit.py:492} INFO - },
[2026-02-12T23:40:56.227+0000] {spark_submit.py:492} INFO - "nullable" : true,
[2026-02-12T23:40:56.227+0000] {spark_submit.py:492} INFO - "metadata" : { }
[2026-02-12T23:40:56.227+0000] {spark_submit.py:492} INFO - }, {
[2026-02-12T23:40:56.227+0000] {spark_submit.py:492} INFO - "name" : "tweet_id",
[2026-02-12T23:40:56.227+0000] {spark_submit.py:492} INFO - "type" : "string",
[2026-02-12T23:40:56.227+0000] {spark_submit.py:492} INFO - "nullable" : true,
[2026-02-12T23:40:56.228+0000] {spark_submit.py:492} INFO - "metadata" : { }
[2026-02-12T23:40:56.228+0000] {spark_submit.py:492} INFO - }, {
[2026-02-12T23:40:56.228+0000] {spark_submit.py:492} INFO - "name" : "reply_to_user_id",
[2026-02-12T23:40:56.228+0000] {spark_submit.py:492} INFO - "type" : "string",
[2026-02-12T23:40:56.228+0000] {spark_submit.py:492} INFO - "nullable" : true,
[2026-02-12T23:40:56.228+0000] {spark_submit.py:492} INFO - "metadata" : { }
[2026-02-12T23:40:56.228+0000] {spark_submit.py:492} INFO - }, {
[2026-02-12T23:40:56.228+0000] {spark_submit.py:492} INFO - "name" : "language",
[2026-02-12T23:40:56.228+0000] {spark_submit.py:492} INFO - "type" : "string",
[2026-02-12T23:40:56.228+0000] {spark_submit.py:492} INFO - "nullable" : true,
[2026-02-12T23:40:56.228+0000] {spark_submit.py:492} INFO - "metadata" : { }
[2026-02-12T23:40:56.229+0000] {spark_submit.py:492} INFO - }, {
[2026-02-12T23:40:56.229+0000] {spark_submit.py:492} INFO - "name" : "tweet_text",
[2026-02-12T23:40:56.229+0000] {spark_submit.py:492} INFO - "type" : "string",
[2026-02-12T23:40:56.229+0000] {spark_submit.py:492} INFO - "nullable" : true,
[2026-02-12T23:40:56.229+0000] {spark_submit.py:492} INFO - "metadata" : { }
[2026-02-12T23:40:56.229+0000] {spark_submit.py:492} INFO - }, {
[2026-02-12T23:40:56.230+0000] {spark_submit.py:492} INFO - "name" : "likes",
[2026-02-12T23:40:56.230+0000] {spark_submit.py:492} INFO - "type" : "long",
[2026-02-12T23:40:56.230+0000] {spark_submit.py:492} INFO - "nullable" : true,
[2026-02-12T23:40:56.230+0000] {spark_submit.py:492} INFO - "metadata" : { }
[2026-02-12T23:40:56.230+0000] {spark_submit.py:492} INFO - }, {
[2026-02-12T23:40:56.230+0000] {spark_submit.py:492} INFO - "name" : "quotes",
[2026-02-12T23:40:56.231+0000] {spark_submit.py:492} INFO - "type" : "long",
[2026-02-12T23:40:56.231+0000] {spark_submit.py:492} INFO - "nullable" : true,
[2026-02-12T23:40:56.231+0000] {spark_submit.py:492} INFO - "metadata" : { }
[2026-02-12T23:40:56.231+0000] {spark_submit.py:492} INFO - }, {
[2026-02-12T23:40:56.231+0000] {spark_submit.py:492} INFO - "name" : "replies",
[2026-02-12T23:40:56.231+0000] {spark_submit.py:492} INFO - "type" : "long",
[2026-02-12T23:40:56.232+0000] {spark_submit.py:492} INFO - "nullable" : true,
[2026-02-12T23:40:56.232+0000] {spark_submit.py:492} INFO - "metadata" : { }
[2026-02-12T23:40:56.232+0000] {spark_submit.py:492} INFO - }, {
[2026-02-12T23:40:56.232+0000] {spark_submit.py:492} INFO - "name" : "retweets",
[2026-02-12T23:40:56.233+0000] {spark_submit.py:492} INFO - "type" : "long",
[2026-02-12T23:40:56.233+0000] {spark_submit.py:492} INFO - "nullable" : true,
[2026-02-12T23:40:56.233+0000] {spark_submit.py:492} INFO - "metadata" : { }
[2026-02-12T23:40:56.233+0000] {spark_submit.py:492} INFO - }, {
[2026-02-12T23:40:56.234+0000] {spark_submit.py:492} INFO - "name" : "processing_date",
[2026-02-12T23:40:56.234+0000] {spark_submit.py:492} INFO - "type" : "date",
[2026-02-12T23:40:56.234+0000] {spark_submit.py:492} INFO - "nullable" : false,
[2026-02-12T23:40:56.234+0000] {spark_submit.py:492} INFO - "metadata" : { }
[2026-02-12T23:40:56.234+0000] {spark_submit.py:492} INFO - } ]
[2026-02-12T23:40:56.234+0000] {spark_submit.py:492} INFO - }
[2026-02-12T23:40:56.235+0000] {spark_submit.py:492} INFO - and corresponding Parquet message type:
[2026-02-12T23:40:56.235+0000] {spark_submit.py:492} INFO - message spark_schema {
[2026-02-12T23:40:56.235+0000] {spark_submit.py:492} INFO - optional binary user_id (STRING);
[2026-02-12T23:40:56.235+0000] {spark_submit.py:492} INFO - optional binary thread_id (STRING);
[2026-02-12T23:40:56.235+0000] {spark_submit.py:492} INFO - optional binary created_at (STRING);
[2026-02-12T23:40:56.235+0000] {spark_submit.py:492} INFO - optional group edit_versions_ids (LIST) {
[2026-02-12T23:40:56.235+0000] {spark_submit.py:492} INFO - repeated group list {
[2026-02-12T23:40:56.235+0000] {spark_submit.py:492} INFO - optional int64 element;
[2026-02-12T23:40:56.236+0000] {spark_submit.py:492} INFO - }
[2026-02-12T23:40:56.236+0000] {spark_submit.py:492} INFO - }
[2026-02-12T23:40:56.236+0000] {spark_submit.py:492} INFO - optional binary tweet_id (STRING);
[2026-02-12T23:40:56.236+0000] {spark_submit.py:492} INFO - optional binary reply_to_user_id (STRING);
[2026-02-12T23:40:56.236+0000] {spark_submit.py:492} INFO - optional binary language (STRING);
[2026-02-12T23:40:56.236+0000] {spark_submit.py:492} INFO - optional binary tweet_text (STRING);
[2026-02-12T23:40:56.236+0000] {spark_submit.py:492} INFO - optional int64 likes;
[2026-02-12T23:40:56.237+0000] {spark_submit.py:492} INFO - optional int64 quotes;
[2026-02-12T23:40:56.237+0000] {spark_submit.py:492} INFO - optional int64 replies;
[2026-02-12T23:40:56.237+0000] {spark_submit.py:492} INFO - optional int64 retweets;
[2026-02-12T23:40:56.237+0000] {spark_submit.py:492} INFO - required int32 processing_date (DATE);
[2026-02-12T23:40:56.238+0000] {spark_submit.py:492} INFO - }
[2026-02-12T23:40:56.238+0000] {spark_submit.py:492} INFO - 
[2026-02-12T23:40:56.238+0000] {spark_submit.py:492} INFO - 
[2026-02-12T23:40:56.255+0000] {spark_submit.py:492} INFO - 26/02/12 23:40:56 INFO CodecConfig: Compression: SNAPPY
[2026-02-12T23:40:56.255+0000] {spark_submit.py:492} INFO - 26/02/12 23:40:56 INFO CodecConfig: Compression: SNAPPY
[2026-02-12T23:40:56.256+0000] {spark_submit.py:492} INFO - 26/02/12 23:40:56 INFO ParquetOutputFormat: ParquetRecordWriter [block size: 134217728b, row group padding size: 8388608b, validating: false]
[2026-02-12T23:40:56.258+0000] {spark_submit.py:492} INFO - 26/02/12 23:40:56 INFO ParquetWriteSupport: Initialized Parquet WriteSupport with Catalyst schema:
[2026-02-12T23:40:56.258+0000] {spark_submit.py:492} INFO - {
[2026-02-12T23:40:56.258+0000] {spark_submit.py:492} INFO - "type" : "struct",
[2026-02-12T23:40:56.259+0000] {spark_submit.py:492} INFO - "fields" : [ {
[2026-02-12T23:40:56.259+0000] {spark_submit.py:492} INFO - "name" : "user_id",
[2026-02-12T23:40:56.259+0000] {spark_submit.py:492} INFO - "type" : "string",
[2026-02-12T23:40:56.259+0000] {spark_submit.py:492} INFO - "nullable" : true,
[2026-02-12T23:40:56.259+0000] {spark_submit.py:492} INFO - "metadata" : { }
[2026-02-12T23:40:56.259+0000] {spark_submit.py:492} INFO - }, {
[2026-02-12T23:40:56.259+0000] {spark_submit.py:492} INFO - "name" : "thread_id",
[2026-02-12T23:40:56.259+0000] {spark_submit.py:492} INFO - "type" : "string",
[2026-02-12T23:40:56.260+0000] {spark_submit.py:492} INFO - "nullable" : true,
[2026-02-12T23:40:56.260+0000] {spark_submit.py:492} INFO - "metadata" : { }
[2026-02-12T23:40:56.260+0000] {spark_submit.py:492} INFO - }, {
[2026-02-12T23:40:56.260+0000] {spark_submit.py:492} INFO - "name" : "created_at",
[2026-02-12T23:40:56.260+0000] {spark_submit.py:492} INFO - "type" : "string",
[2026-02-12T23:40:56.260+0000] {spark_submit.py:492} INFO - "nullable" : true,
[2026-02-12T23:40:56.260+0000] {spark_submit.py:492} INFO - "metadata" : { }
[2026-02-12T23:40:56.260+0000] {spark_submit.py:492} INFO - }, {
[2026-02-12T23:40:56.261+0000] {spark_submit.py:492} INFO - "name" : "edit_versions_ids",
[2026-02-12T23:40:56.261+0000] {spark_submit.py:492} INFO - "type" : {
[2026-02-12T23:40:56.261+0000] {spark_submit.py:492} INFO - "type" : "array",
[2026-02-12T23:40:56.261+0000] {spark_submit.py:492} INFO - "elementType" : "long",
[2026-02-12T23:40:56.261+0000] {spark_submit.py:492} INFO - "containsNull" : true
[2026-02-12T23:40:56.261+0000] {spark_submit.py:492} INFO - },
[2026-02-12T23:40:56.261+0000] {spark_submit.py:492} INFO - "nullable" : true,
[2026-02-12T23:40:56.262+0000] {spark_submit.py:492} INFO - "metadata" : { }
[2026-02-12T23:40:56.262+0000] {spark_submit.py:492} INFO - }, {
[2026-02-12T23:40:56.262+0000] {spark_submit.py:492} INFO - "name" : "tweet_id",
[2026-02-12T23:40:56.262+0000] {spark_submit.py:492} INFO - "type" : "string",
[2026-02-12T23:40:56.262+0000] {spark_submit.py:492} INFO - "nullable" : true,
[2026-02-12T23:40:56.262+0000] {spark_submit.py:492} INFO - "metadata" : { }
[2026-02-12T23:40:56.262+0000] {spark_submit.py:492} INFO - }, {
[2026-02-12T23:40:56.262+0000] {spark_submit.py:492} INFO - "name" : "reply_to_user_id",
[2026-02-12T23:40:56.263+0000] {spark_submit.py:492} INFO - "type" : "string",
[2026-02-12T23:40:56.263+0000] {spark_submit.py:492} INFO - "nullable" : true,
[2026-02-12T23:40:56.263+0000] {spark_submit.py:492} INFO - "metadata" : { }
[2026-02-12T23:40:56.263+0000] {spark_submit.py:492} INFO - }, {
[2026-02-12T23:40:56.263+0000] {spark_submit.py:492} INFO - "name" : "language",
[2026-02-12T23:40:56.263+0000] {spark_submit.py:492} INFO - "type" : "string",
[2026-02-12T23:40:56.263+0000] {spark_submit.py:492} INFO - "nullable" : true,
[2026-02-12T23:40:56.264+0000] {spark_submit.py:492} INFO - "metadata" : { }
[2026-02-12T23:40:56.264+0000] {spark_submit.py:492} INFO - }, {
[2026-02-12T23:40:56.264+0000] {spark_submit.py:492} INFO - "name" : "tweet_text",
[2026-02-12T23:40:56.264+0000] {spark_submit.py:492} INFO - "type" : "string",
[2026-02-12T23:40:56.264+0000] {spark_submit.py:492} INFO - "nullable" : true,
[2026-02-12T23:40:56.264+0000] {spark_submit.py:492} INFO - "metadata" : { }
[2026-02-12T23:40:56.264+0000] {spark_submit.py:492} INFO - }, {
[2026-02-12T23:40:56.265+0000] {spark_submit.py:492} INFO - "name" : "likes",
[2026-02-12T23:40:56.265+0000] {spark_submit.py:492} INFO - "type" : "long",
[2026-02-12T23:40:56.265+0000] {spark_submit.py:492} INFO - "nullable" : true,
[2026-02-12T23:40:56.265+0000] {spark_submit.py:492} INFO - "metadata" : { }
[2026-02-12T23:40:56.265+0000] {spark_submit.py:492} INFO - }, {
[2026-02-12T23:40:56.265+0000] {spark_submit.py:492} INFO - "name" : "quotes",
[2026-02-12T23:40:56.265+0000] {spark_submit.py:492} INFO - "type" : "long",
[2026-02-12T23:40:56.266+0000] {spark_submit.py:492} INFO - "nullable" : true,
[2026-02-12T23:40:56.266+0000] {spark_submit.py:492} INFO - "metadata" : { }
[2026-02-12T23:40:56.266+0000] {spark_submit.py:492} INFO - }, {
[2026-02-12T23:40:56.266+0000] {spark_submit.py:492} INFO - "name" : "replies",
[2026-02-12T23:40:56.266+0000] {spark_submit.py:492} INFO - "type" : "long",
[2026-02-12T23:40:56.266+0000] {spark_submit.py:492} INFO - "nullable" : true,
[2026-02-12T23:40:56.266+0000] {spark_submit.py:492} INFO - "metadata" : { }
[2026-02-12T23:40:56.267+0000] {spark_submit.py:492} INFO - }, {
[2026-02-12T23:40:56.267+0000] {spark_submit.py:492} INFO - "name" : "retweets",
[2026-02-12T23:40:56.267+0000] {spark_submit.py:492} INFO - "type" : "long",
[2026-02-12T23:40:56.267+0000] {spark_submit.py:492} INFO - "nullable" : true,
[2026-02-12T23:40:56.267+0000] {spark_submit.py:492} INFO - "metadata" : { }
[2026-02-12T23:40:56.267+0000] {spark_submit.py:492} INFO - }, {
[2026-02-12T23:40:56.267+0000] {spark_submit.py:492} INFO - "name" : "processing_date",
[2026-02-12T23:40:56.267+0000] {spark_submit.py:492} INFO - "type" : "date",
[2026-02-12T23:40:56.267+0000] {spark_submit.py:492} INFO - "nullable" : false,
[2026-02-12T23:40:56.267+0000] {spark_submit.py:492} INFO - "metadata" : { }
[2026-02-12T23:40:56.268+0000] {spark_submit.py:492} INFO - } ]
[2026-02-12T23:40:56.268+0000] {spark_submit.py:492} INFO - }
[2026-02-12T23:40:56.268+0000] {spark_submit.py:492} INFO - and corresponding Parquet message type:
[2026-02-12T23:40:56.268+0000] {spark_submit.py:492} INFO - message spark_schema {
[2026-02-12T23:40:56.268+0000] {spark_submit.py:492} INFO - optional binary user_id (STRING);
[2026-02-12T23:40:56.268+0000] {spark_submit.py:492} INFO - optional binary thread_id (STRING);
[2026-02-12T23:40:56.268+0000] {spark_submit.py:492} INFO - optional binary created_at (STRING);
[2026-02-12T23:40:56.268+0000] {spark_submit.py:492} INFO - optional group edit_versions_ids (LIST) {
[2026-02-12T23:40:56.268+0000] {spark_submit.py:492} INFO - repeated group list {
[2026-02-12T23:40:56.269+0000] {spark_submit.py:492} INFO - optional int64 element;
[2026-02-12T23:40:56.269+0000] {spark_submit.py:492} INFO - }
[2026-02-12T23:40:56.269+0000] {spark_submit.py:492} INFO - }
[2026-02-12T23:40:56.269+0000] {spark_submit.py:492} INFO - optional binary tweet_id (STRING);
[2026-02-12T23:40:56.269+0000] {spark_submit.py:492} INFO - optional binary reply_to_user_id (STRING);
[2026-02-12T23:40:56.269+0000] {spark_submit.py:492} INFO - optional binary language (STRING);
[2026-02-12T23:40:56.269+0000] {spark_submit.py:492} INFO - optional binary tweet_text (STRING);
[2026-02-12T23:40:56.270+0000] {spark_submit.py:492} INFO - optional int64 likes;
[2026-02-12T23:40:56.270+0000] {spark_submit.py:492} INFO - optional int64 quotes;
[2026-02-12T23:40:56.270+0000] {spark_submit.py:492} INFO - optional int64 replies;
[2026-02-12T23:40:56.270+0000] {spark_submit.py:492} INFO - optional int64 retweets;
[2026-02-12T23:40:56.270+0000] {spark_submit.py:492} INFO - required int32 processing_date (DATE);
[2026-02-12T23:40:56.270+0000] {spark_submit.py:492} INFO - }
[2026-02-12T23:40:56.270+0000] {spark_submit.py:492} INFO - 
[2026-02-12T23:40:56.270+0000] {spark_submit.py:492} INFO - 
[2026-02-12T23:40:56.281+0000] {spark_submit.py:492} INFO - 26/02/12 23:40:56 INFO CodecConfig: Compression: SNAPPY
[2026-02-12T23:40:56.281+0000] {spark_submit.py:492} INFO - 26/02/12 23:40:56 INFO CodecConfig: Compression: SNAPPY
[2026-02-12T23:40:56.282+0000] {spark_submit.py:492} INFO - 26/02/12 23:40:56 INFO ParquetOutputFormat: ParquetRecordWriter [block size: 134217728b, row group padding size: 8388608b, validating: false]
[2026-02-12T23:40:56.283+0000] {spark_submit.py:492} INFO - 26/02/12 23:40:56 INFO ParquetWriteSupport: Initialized Parquet WriteSupport with Catalyst schema:
[2026-02-12T23:40:56.283+0000] {spark_submit.py:492} INFO - {
[2026-02-12T23:40:56.284+0000] {spark_submit.py:492} INFO - "type" : "struct",
[2026-02-12T23:40:56.284+0000] {spark_submit.py:492} INFO - "fields" : [ {
[2026-02-12T23:40:56.284+0000] {spark_submit.py:492} INFO - "name" : "user_id",
[2026-02-12T23:40:56.284+0000] {spark_submit.py:492} INFO - "type" : "string",
[2026-02-12T23:40:56.284+0000] {spark_submit.py:492} INFO - "nullable" : true,
[2026-02-12T23:40:56.284+0000] {spark_submit.py:492} INFO - "metadata" : { }
[2026-02-12T23:40:56.284+0000] {spark_submit.py:492} INFO - }, {
[2026-02-12T23:40:56.284+0000] {spark_submit.py:492} INFO - "name" : "thread_id",
[2026-02-12T23:40:56.284+0000] {spark_submit.py:492} INFO - "type" : "string",
[2026-02-12T23:40:56.284+0000] {spark_submit.py:492} INFO - "nullable" : true,
[2026-02-12T23:40:56.284+0000] {spark_submit.py:492} INFO - "metadata" : { }
[2026-02-12T23:40:56.284+0000] {spark_submit.py:492} INFO - }, {
[2026-02-12T23:40:56.284+0000] {spark_submit.py:492} INFO - "name" : "created_at",
[2026-02-12T23:40:56.285+0000] {spark_submit.py:492} INFO - "type" : "string",
[2026-02-12T23:40:56.285+0000] {spark_submit.py:492} INFO - "nullable" : true,
[2026-02-12T23:40:56.285+0000] {spark_submit.py:492} INFO - "metadata" : { }
[2026-02-12T23:40:56.285+0000] {spark_submit.py:492} INFO - }, {
[2026-02-12T23:40:56.285+0000] {spark_submit.py:492} INFO - "name" : "edit_versions_ids",
[2026-02-12T23:40:56.285+0000] {spark_submit.py:492} INFO - "type" : {
[2026-02-12T23:40:56.285+0000] {spark_submit.py:492} INFO - "type" : "array",
[2026-02-12T23:40:56.285+0000] {spark_submit.py:492} INFO - "elementType" : "long",
[2026-02-12T23:40:56.285+0000] {spark_submit.py:492} INFO - "containsNull" : true
[2026-02-12T23:40:56.286+0000] {spark_submit.py:492} INFO - },
[2026-02-12T23:40:56.286+0000] {spark_submit.py:492} INFO - "nullable" : true,
[2026-02-12T23:40:56.286+0000] {spark_submit.py:492} INFO - "metadata" : { }
[2026-02-12T23:40:56.286+0000] {spark_submit.py:492} INFO - }, {
[2026-02-12T23:40:56.286+0000] {spark_submit.py:492} INFO - "name" : "tweet_id",
[2026-02-12T23:40:56.286+0000] {spark_submit.py:492} INFO - "type" : "string",
[2026-02-12T23:40:56.286+0000] {spark_submit.py:492} INFO - "nullable" : true,
[2026-02-12T23:40:56.286+0000] {spark_submit.py:492} INFO - "metadata" : { }
[2026-02-12T23:40:56.286+0000] {spark_submit.py:492} INFO - }, {
[2026-02-12T23:40:56.286+0000] {spark_submit.py:492} INFO - "name" : "reply_to_user_id",
[2026-02-12T23:40:56.286+0000] {spark_submit.py:492} INFO - "type" : "string",
[2026-02-12T23:40:56.286+0000] {spark_submit.py:492} INFO - "nullable" : true,
[2026-02-12T23:40:56.286+0000] {spark_submit.py:492} INFO - "metadata" : { }
[2026-02-12T23:40:56.286+0000] {spark_submit.py:492} INFO - }, {
[2026-02-12T23:40:56.287+0000] {spark_submit.py:492} INFO - "name" : "language",
[2026-02-12T23:40:56.287+0000] {spark_submit.py:492} INFO - "type" : "string",
[2026-02-12T23:40:56.287+0000] {spark_submit.py:492} INFO - "nullable" : true,
[2026-02-12T23:40:56.287+0000] {spark_submit.py:492} INFO - "metadata" : { }
[2026-02-12T23:40:56.287+0000] {spark_submit.py:492} INFO - }, {
[2026-02-12T23:40:56.287+0000] {spark_submit.py:492} INFO - "name" : "tweet_text",
[2026-02-12T23:40:56.287+0000] {spark_submit.py:492} INFO - "type" : "string",
[2026-02-12T23:40:56.287+0000] {spark_submit.py:492} INFO - "nullable" : true,
[2026-02-12T23:40:56.287+0000] {spark_submit.py:492} INFO - "metadata" : { }
[2026-02-12T23:40:56.287+0000] {spark_submit.py:492} INFO - }, {
[2026-02-12T23:40:56.288+0000] {spark_submit.py:492} INFO - "name" : "likes",
[2026-02-12T23:40:56.288+0000] {spark_submit.py:492} INFO - "type" : "long",
[2026-02-12T23:40:56.288+0000] {spark_submit.py:492} INFO - "nullable" : true,
[2026-02-12T23:40:56.288+0000] {spark_submit.py:492} INFO - "metadata" : { }
[2026-02-12T23:40:56.288+0000] {spark_submit.py:492} INFO - }, {
[2026-02-12T23:40:56.288+0000] {spark_submit.py:492} INFO - "name" : "quotes",
[2026-02-12T23:40:56.288+0000] {spark_submit.py:492} INFO - "type" : "long",
[2026-02-12T23:40:56.288+0000] {spark_submit.py:492} INFO - "nullable" : true,
[2026-02-12T23:40:56.288+0000] {spark_submit.py:492} INFO - "metadata" : { }
[2026-02-12T23:40:56.289+0000] {spark_submit.py:492} INFO - }, {
[2026-02-12T23:40:56.289+0000] {spark_submit.py:492} INFO - "name" : "replies",
[2026-02-12T23:40:56.289+0000] {spark_submit.py:492} INFO - "type" : "long",
[2026-02-12T23:40:56.289+0000] {spark_submit.py:492} INFO - "nullable" : true,
[2026-02-12T23:40:56.289+0000] {spark_submit.py:492} INFO - "metadata" : { }
[2026-02-12T23:40:56.289+0000] {spark_submit.py:492} INFO - }, {
[2026-02-12T23:40:56.289+0000] {spark_submit.py:492} INFO - "name" : "retweets",
[2026-02-12T23:40:56.289+0000] {spark_submit.py:492} INFO - "type" : "long",
[2026-02-12T23:40:56.289+0000] {spark_submit.py:492} INFO - "nullable" : true,
[2026-02-12T23:40:56.289+0000] {spark_submit.py:492} INFO - "metadata" : { }
[2026-02-12T23:40:56.290+0000] {spark_submit.py:492} INFO - }, {
[2026-02-12T23:40:56.290+0000] {spark_submit.py:492} INFO - "name" : "processing_date",
[2026-02-12T23:40:56.290+0000] {spark_submit.py:492} INFO - "type" : "date",
[2026-02-12T23:40:56.290+0000] {spark_submit.py:492} INFO - "nullable" : false,
[2026-02-12T23:40:56.290+0000] {spark_submit.py:492} INFO - "metadata" : { }
[2026-02-12T23:40:56.290+0000] {spark_submit.py:492} INFO - } ]
[2026-02-12T23:40:56.290+0000] {spark_submit.py:492} INFO - }
[2026-02-12T23:40:56.290+0000] {spark_submit.py:492} INFO - and corresponding Parquet message type:
[2026-02-12T23:40:56.290+0000] {spark_submit.py:492} INFO - message spark_schema {
[2026-02-12T23:40:56.290+0000] {spark_submit.py:492} INFO - optional binary user_id (STRING);
[2026-02-12T23:40:56.291+0000] {spark_submit.py:492} INFO - optional binary thread_id (STRING);
[2026-02-12T23:40:56.291+0000] {spark_submit.py:492} INFO - optional binary created_at (STRING);
[2026-02-12T23:40:56.291+0000] {spark_submit.py:492} INFO - optional group edit_versions_ids (LIST) {
[2026-02-12T23:40:56.291+0000] {spark_submit.py:492} INFO - repeated group list {
[2026-02-12T23:40:56.291+0000] {spark_submit.py:492} INFO - optional int64 element;
[2026-02-12T23:40:56.291+0000] {spark_submit.py:492} INFO - }
[2026-02-12T23:40:56.291+0000] {spark_submit.py:492} INFO - }
[2026-02-12T23:40:56.291+0000] {spark_submit.py:492} INFO - optional binary tweet_id (STRING);
[2026-02-12T23:40:56.291+0000] {spark_submit.py:492} INFO - optional binary reply_to_user_id (STRING);
[2026-02-12T23:40:56.291+0000] {spark_submit.py:492} INFO - optional binary language (STRING);
[2026-02-12T23:40:56.291+0000] {spark_submit.py:492} INFO - optional binary tweet_text (STRING);
[2026-02-12T23:40:56.291+0000] {spark_submit.py:492} INFO - optional int64 likes;
[2026-02-12T23:40:56.291+0000] {spark_submit.py:492} INFO - optional int64 quotes;
[2026-02-12T23:40:56.292+0000] {spark_submit.py:492} INFO - optional int64 replies;
[2026-02-12T23:40:56.292+0000] {spark_submit.py:492} INFO - optional int64 retweets;
[2026-02-12T23:40:56.292+0000] {spark_submit.py:492} INFO - required int32 processing_date (DATE);
[2026-02-12T23:40:56.292+0000] {spark_submit.py:492} INFO - }
[2026-02-12T23:40:56.292+0000] {spark_submit.py:492} INFO - 
[2026-02-12T23:40:56.292+0000] {spark_submit.py:492} INFO - 
[2026-02-12T23:40:56.306+0000] {spark_submit.py:492} INFO - 26/02/12 23:40:56 INFO CodecConfig: Compression: SNAPPY
[2026-02-12T23:40:56.306+0000] {spark_submit.py:492} INFO - 26/02/12 23:40:56 INFO CodecConfig: Compression: SNAPPY
[2026-02-12T23:40:56.307+0000] {spark_submit.py:492} INFO - 26/02/12 23:40:56 INFO ParquetOutputFormat: ParquetRecordWriter [block size: 134217728b, row group padding size: 8388608b, validating: false]
[2026-02-12T23:40:56.309+0000] {spark_submit.py:492} INFO - 26/02/12 23:40:56 INFO ParquetWriteSupport: Initialized Parquet WriteSupport with Catalyst schema:
[2026-02-12T23:40:56.309+0000] {spark_submit.py:492} INFO - {
[2026-02-12T23:40:56.309+0000] {spark_submit.py:492} INFO - "type" : "struct",
[2026-02-12T23:40:56.309+0000] {spark_submit.py:492} INFO - "fields" : [ {
[2026-02-12T23:40:56.309+0000] {spark_submit.py:492} INFO - "name" : "user_id",
[2026-02-12T23:40:56.309+0000] {spark_submit.py:492} INFO - "type" : "string",
[2026-02-12T23:40:56.310+0000] {spark_submit.py:492} INFO - "nullable" : true,
[2026-02-12T23:40:56.310+0000] {spark_submit.py:492} INFO - "metadata" : { }
[2026-02-12T23:40:56.310+0000] {spark_submit.py:492} INFO - }, {
[2026-02-12T23:40:56.310+0000] {spark_submit.py:492} INFO - "name" : "thread_id",
[2026-02-12T23:40:56.310+0000] {spark_submit.py:492} INFO - "type" : "string",
[2026-02-12T23:40:56.310+0000] {spark_submit.py:492} INFO - "nullable" : true,
[2026-02-12T23:40:56.310+0000] {spark_submit.py:492} INFO - "metadata" : { }
[2026-02-12T23:40:56.310+0000] {spark_submit.py:492} INFO - }, {
[2026-02-12T23:40:56.310+0000] {spark_submit.py:492} INFO - "name" : "created_at",
[2026-02-12T23:40:56.310+0000] {spark_submit.py:492} INFO - "type" : "string",
[2026-02-12T23:40:56.310+0000] {spark_submit.py:492} INFO - "nullable" : true,
[2026-02-12T23:40:56.311+0000] {spark_submit.py:492} INFO - "metadata" : { }
[2026-02-12T23:40:56.311+0000] {spark_submit.py:492} INFO - }, {
[2026-02-12T23:40:56.311+0000] {spark_submit.py:492} INFO - "name" : "edit_versions_ids",
[2026-02-12T23:40:56.311+0000] {spark_submit.py:492} INFO - "type" : {
[2026-02-12T23:40:56.311+0000] {spark_submit.py:492} INFO - "type" : "array",
[2026-02-12T23:40:56.311+0000] {spark_submit.py:492} INFO - "elementType" : "long",
[2026-02-12T23:40:56.311+0000] {spark_submit.py:492} INFO - "containsNull" : true
[2026-02-12T23:40:56.311+0000] {spark_submit.py:492} INFO - },
[2026-02-12T23:40:56.312+0000] {spark_submit.py:492} INFO - "nullable" : true,
[2026-02-12T23:40:56.312+0000] {spark_submit.py:492} INFO - "metadata" : { }
[2026-02-12T23:40:56.312+0000] {spark_submit.py:492} INFO - }, {
[2026-02-12T23:40:56.312+0000] {spark_submit.py:492} INFO - "name" : "tweet_id",
[2026-02-12T23:40:56.312+0000] {spark_submit.py:492} INFO - "type" : "string",
[2026-02-12T23:40:56.312+0000] {spark_submit.py:492} INFO - "nullable" : true,
[2026-02-12T23:40:56.312+0000] {spark_submit.py:492} INFO - "metadata" : { }
[2026-02-12T23:40:56.312+0000] {spark_submit.py:492} INFO - }, {
[2026-02-12T23:40:56.312+0000] {spark_submit.py:492} INFO - "name" : "reply_to_user_id",
[2026-02-12T23:40:56.312+0000] {spark_submit.py:492} INFO - "type" : "string",
[2026-02-12T23:40:56.313+0000] {spark_submit.py:492} INFO - "nullable" : true,
[2026-02-12T23:40:56.313+0000] {spark_submit.py:492} INFO - "metadata" : { }
[2026-02-12T23:40:56.313+0000] {spark_submit.py:492} INFO - }, {
[2026-02-12T23:40:56.313+0000] {spark_submit.py:492} INFO - "name" : "language",
[2026-02-12T23:40:56.313+0000] {spark_submit.py:492} INFO - "type" : "string",
[2026-02-12T23:40:56.313+0000] {spark_submit.py:492} INFO - "nullable" : true,
[2026-02-12T23:40:56.313+0000] {spark_submit.py:492} INFO - "metadata" : { }
[2026-02-12T23:40:56.313+0000] {spark_submit.py:492} INFO - }, {
[2026-02-12T23:40:56.314+0000] {spark_submit.py:492} INFO - "name" : "tweet_text",
[2026-02-12T23:40:56.314+0000] {spark_submit.py:492} INFO - "type" : "string",
[2026-02-12T23:40:56.314+0000] {spark_submit.py:492} INFO - "nullable" : true,
[2026-02-12T23:40:56.314+0000] {spark_submit.py:492} INFO - "metadata" : { }
[2026-02-12T23:40:56.314+0000] {spark_submit.py:492} INFO - }, {
[2026-02-12T23:40:56.314+0000] {spark_submit.py:492} INFO - "name" : "likes",
[2026-02-12T23:40:56.314+0000] {spark_submit.py:492} INFO - "type" : "long",
[2026-02-12T23:40:56.315+0000] {spark_submit.py:492} INFO - "nullable" : true,
[2026-02-12T23:40:56.315+0000] {spark_submit.py:492} INFO - "metadata" : { }
[2026-02-12T23:40:56.315+0000] {spark_submit.py:492} INFO - }, {
[2026-02-12T23:40:56.315+0000] {spark_submit.py:492} INFO - "name" : "quotes",
[2026-02-12T23:40:56.315+0000] {spark_submit.py:492} INFO - "type" : "long",
[2026-02-12T23:40:56.315+0000] {spark_submit.py:492} INFO - "nullable" : true,
[2026-02-12T23:40:56.315+0000] {spark_submit.py:492} INFO - "metadata" : { }
[2026-02-12T23:40:56.316+0000] {spark_submit.py:492} INFO - }, {
[2026-02-12T23:40:56.316+0000] {spark_submit.py:492} INFO - "name" : "replies",
[2026-02-12T23:40:56.316+0000] {spark_submit.py:492} INFO - "type" : "long",
[2026-02-12T23:40:56.316+0000] {spark_submit.py:492} INFO - "nullable" : true,
[2026-02-12T23:40:56.316+0000] {spark_submit.py:492} INFO - "metadata" : { }
[2026-02-12T23:40:56.316+0000] {spark_submit.py:492} INFO - }, {
[2026-02-12T23:40:56.316+0000] {spark_submit.py:492} INFO - "name" : "retweets",
[2026-02-12T23:40:56.317+0000] {spark_submit.py:492} INFO - "type" : "long",
[2026-02-12T23:40:56.317+0000] {spark_submit.py:492} INFO - "nullable" : true,
[2026-02-12T23:40:56.317+0000] {spark_submit.py:492} INFO - "metadata" : { }
[2026-02-12T23:40:56.317+0000] {spark_submit.py:492} INFO - }, {
[2026-02-12T23:40:56.317+0000] {spark_submit.py:492} INFO - "name" : "processing_date",
[2026-02-12T23:40:56.317+0000] {spark_submit.py:492} INFO - "type" : "date",
[2026-02-12T23:40:56.318+0000] {spark_submit.py:492} INFO - "nullable" : false,
[2026-02-12T23:40:56.318+0000] {spark_submit.py:492} INFO - "metadata" : { }
[2026-02-12T23:40:56.318+0000] {spark_submit.py:492} INFO - } ]
[2026-02-12T23:40:56.318+0000] {spark_submit.py:492} INFO - }
[2026-02-12T23:40:56.318+0000] {spark_submit.py:492} INFO - and corresponding Parquet message type:
[2026-02-12T23:40:56.318+0000] {spark_submit.py:492} INFO - message spark_schema {
[2026-02-12T23:40:56.318+0000] {spark_submit.py:492} INFO - optional binary user_id (STRING);
[2026-02-12T23:40:56.319+0000] {spark_submit.py:492} INFO - optional binary thread_id (STRING);
[2026-02-12T23:40:56.319+0000] {spark_submit.py:492} INFO - optional binary created_at (STRING);
[2026-02-12T23:40:56.319+0000] {spark_submit.py:492} INFO - optional group edit_versions_ids (LIST) {
[2026-02-12T23:40:56.319+0000] {spark_submit.py:492} INFO - repeated group list {
[2026-02-12T23:40:56.319+0000] {spark_submit.py:492} INFO - optional int64 element;
[2026-02-12T23:40:56.319+0000] {spark_submit.py:492} INFO - }
[2026-02-12T23:40:56.319+0000] {spark_submit.py:492} INFO - }
[2026-02-12T23:40:56.319+0000] {spark_submit.py:492} INFO - optional binary tweet_id (STRING);
[2026-02-12T23:40:56.319+0000] {spark_submit.py:492} INFO - optional binary reply_to_user_id (STRING);
[2026-02-12T23:40:56.320+0000] {spark_submit.py:492} INFO - optional binary language (STRING);
[2026-02-12T23:40:56.320+0000] {spark_submit.py:492} INFO - optional binary tweet_text (STRING);
[2026-02-12T23:40:56.320+0000] {spark_submit.py:492} INFO - optional int64 likes;
[2026-02-12T23:40:56.320+0000] {spark_submit.py:492} INFO - optional int64 quotes;
[2026-02-12T23:40:56.320+0000] {spark_submit.py:492} INFO - optional int64 replies;
[2026-02-12T23:40:56.320+0000] {spark_submit.py:492} INFO - optional int64 retweets;
[2026-02-12T23:40:56.320+0000] {spark_submit.py:492} INFO - required int32 processing_date (DATE);
[2026-02-12T23:40:56.320+0000] {spark_submit.py:492} INFO - }
[2026-02-12T23:40:56.320+0000] {spark_submit.py:492} INFO - 
[2026-02-12T23:40:56.320+0000] {spark_submit.py:492} INFO - 
[2026-02-12T23:40:56.335+0000] {spark_submit.py:492} INFO - 26/02/12 23:40:56 INFO CodecConfig: Compression: SNAPPY
[2026-02-12T23:40:56.336+0000] {spark_submit.py:492} INFO - 26/02/12 23:40:56 INFO CodecConfig: Compression: SNAPPY
[2026-02-12T23:40:56.337+0000] {spark_submit.py:492} INFO - 26/02/12 23:40:56 INFO ParquetOutputFormat: ParquetRecordWriter [block size: 134217728b, row group padding size: 8388608b, validating: false]
[2026-02-12T23:40:56.339+0000] {spark_submit.py:492} INFO - 26/02/12 23:40:56 INFO ParquetWriteSupport: Initialized Parquet WriteSupport with Catalyst schema:
[2026-02-12T23:40:56.339+0000] {spark_submit.py:492} INFO - {
[2026-02-12T23:40:56.339+0000] {spark_submit.py:492} INFO - "type" : "struct",
[2026-02-12T23:40:56.339+0000] {spark_submit.py:492} INFO - "fields" : [ {
[2026-02-12T23:40:56.339+0000] {spark_submit.py:492} INFO - "name" : "user_id",
[2026-02-12T23:40:56.340+0000] {spark_submit.py:492} INFO - "type" : "string",
[2026-02-12T23:40:56.340+0000] {spark_submit.py:492} INFO - "nullable" : true,
[2026-02-12T23:40:56.340+0000] {spark_submit.py:492} INFO - "metadata" : { }
[2026-02-12T23:40:56.340+0000] {spark_submit.py:492} INFO - }, {
[2026-02-12T23:40:56.340+0000] {spark_submit.py:492} INFO - "name" : "thread_id",
[2026-02-12T23:40:56.340+0000] {spark_submit.py:492} INFO - "type" : "string",
[2026-02-12T23:40:56.340+0000] {spark_submit.py:492} INFO - "nullable" : true,
[2026-02-12T23:40:56.340+0000] {spark_submit.py:492} INFO - "metadata" : { }
[2026-02-12T23:40:56.340+0000] {spark_submit.py:492} INFO - }, {
[2026-02-12T23:40:56.341+0000] {spark_submit.py:492} INFO - "name" : "created_at",
[2026-02-12T23:40:56.341+0000] {spark_submit.py:492} INFO - "type" : "string",
[2026-02-12T23:40:56.341+0000] {spark_submit.py:492} INFO - "nullable" : true,
[2026-02-12T23:40:56.341+0000] {spark_submit.py:492} INFO - "metadata" : { }
[2026-02-12T23:40:56.341+0000] {spark_submit.py:492} INFO - }, {
[2026-02-12T23:40:56.341+0000] {spark_submit.py:492} INFO - "name" : "edit_versions_ids",
[2026-02-12T23:40:56.341+0000] {spark_submit.py:492} INFO - "type" : {
[2026-02-12T23:40:56.342+0000] {spark_submit.py:492} INFO - "type" : "array",
[2026-02-12T23:40:56.342+0000] {spark_submit.py:492} INFO - "elementType" : "long",
[2026-02-12T23:40:56.342+0000] {spark_submit.py:492} INFO - "containsNull" : true
[2026-02-12T23:40:56.342+0000] {spark_submit.py:492} INFO - },
[2026-02-12T23:40:56.342+0000] {spark_submit.py:492} INFO - "nullable" : true,
[2026-02-12T23:40:56.342+0000] {spark_submit.py:492} INFO - "metadata" : { }
[2026-02-12T23:40:56.342+0000] {spark_submit.py:492} INFO - }, {
[2026-02-12T23:40:56.342+0000] {spark_submit.py:492} INFO - "name" : "tweet_id",
[2026-02-12T23:40:56.342+0000] {spark_submit.py:492} INFO - "type" : "string",
[2026-02-12T23:40:56.342+0000] {spark_submit.py:492} INFO - "nullable" : true,
[2026-02-12T23:40:56.343+0000] {spark_submit.py:492} INFO - "metadata" : { }
[2026-02-12T23:40:56.343+0000] {spark_submit.py:492} INFO - }, {
[2026-02-12T23:40:56.343+0000] {spark_submit.py:492} INFO - "name" : "reply_to_user_id",
[2026-02-12T23:40:56.343+0000] {spark_submit.py:492} INFO - "type" : "string",
[2026-02-12T23:40:56.343+0000] {spark_submit.py:492} INFO - "nullable" : true,
[2026-02-12T23:40:56.343+0000] {spark_submit.py:492} INFO - "metadata" : { }
[2026-02-12T23:40:56.343+0000] {spark_submit.py:492} INFO - }, {
[2026-02-12T23:40:56.343+0000] {spark_submit.py:492} INFO - "name" : "language",
[2026-02-12T23:40:56.343+0000] {spark_submit.py:492} INFO - "type" : "string",
[2026-02-12T23:40:56.343+0000] {spark_submit.py:492} INFO - "nullable" : true,
[2026-02-12T23:40:56.344+0000] {spark_submit.py:492} INFO - "metadata" : { }
[2026-02-12T23:40:56.344+0000] {spark_submit.py:492} INFO - }, {
[2026-02-12T23:40:56.344+0000] {spark_submit.py:492} INFO - "name" : "tweet_text",
[2026-02-12T23:40:56.344+0000] {spark_submit.py:492} INFO - "type" : "string",
[2026-02-12T23:40:56.344+0000] {spark_submit.py:492} INFO - "nullable" : true,
[2026-02-12T23:40:56.344+0000] {spark_submit.py:492} INFO - "metadata" : { }
[2026-02-12T23:40:56.344+0000] {spark_submit.py:492} INFO - }, {
[2026-02-12T23:40:56.344+0000] {spark_submit.py:492} INFO - "name" : "likes",
[2026-02-12T23:40:56.344+0000] {spark_submit.py:492} INFO - "type" : "long",
[2026-02-12T23:40:56.345+0000] {spark_submit.py:492} INFO - "nullable" : true,
[2026-02-12T23:40:56.345+0000] {spark_submit.py:492} INFO - "metadata" : { }
[2026-02-12T23:40:56.345+0000] {spark_submit.py:492} INFO - }, {
[2026-02-12T23:40:56.345+0000] {spark_submit.py:492} INFO - "name" : "quotes",
[2026-02-12T23:40:56.345+0000] {spark_submit.py:492} INFO - "type" : "long",
[2026-02-12T23:40:56.345+0000] {spark_submit.py:492} INFO - "nullable" : true,
[2026-02-12T23:40:56.345+0000] {spark_submit.py:492} INFO - "metadata" : { }
[2026-02-12T23:40:56.346+0000] {spark_submit.py:492} INFO - }, {
[2026-02-12T23:40:56.346+0000] {spark_submit.py:492} INFO - "name" : "replies",
[2026-02-12T23:40:56.346+0000] {spark_submit.py:492} INFO - "type" : "long",
[2026-02-12T23:40:56.346+0000] {spark_submit.py:492} INFO - "nullable" : true,
[2026-02-12T23:40:56.346+0000] {spark_submit.py:492} INFO - "metadata" : { }
[2026-02-12T23:40:56.347+0000] {spark_submit.py:492} INFO - }, {
[2026-02-12T23:40:56.347+0000] {spark_submit.py:492} INFO - "name" : "retweets",
[2026-02-12T23:40:56.347+0000] {spark_submit.py:492} INFO - "type" : "long",
[2026-02-12T23:40:56.347+0000] {spark_submit.py:492} INFO - "nullable" : true,
[2026-02-12T23:40:56.347+0000] {spark_submit.py:492} INFO - "metadata" : { }
[2026-02-12T23:40:56.347+0000] {spark_submit.py:492} INFO - }, {
[2026-02-12T23:40:56.347+0000] {spark_submit.py:492} INFO - "name" : "processing_date",
[2026-02-12T23:40:56.348+0000] {spark_submit.py:492} INFO - "type" : "date",
[2026-02-12T23:40:56.348+0000] {spark_submit.py:492} INFO - "nullable" : false,
[2026-02-12T23:40:56.348+0000] {spark_submit.py:492} INFO - "metadata" : { }
[2026-02-12T23:40:56.348+0000] {spark_submit.py:492} INFO - } ]
[2026-02-12T23:40:56.348+0000] {spark_submit.py:492} INFO - }
[2026-02-12T23:40:56.348+0000] {spark_submit.py:492} INFO - and corresponding Parquet message type:
[2026-02-12T23:40:56.348+0000] {spark_submit.py:492} INFO - message spark_schema {
[2026-02-12T23:40:56.349+0000] {spark_submit.py:492} INFO - optional binary user_id (STRING);
[2026-02-12T23:40:56.349+0000] {spark_submit.py:492} INFO - optional binary thread_id (STRING);
[2026-02-12T23:40:56.349+0000] {spark_submit.py:492} INFO - optional binary created_at (STRING);
[2026-02-12T23:40:56.349+0000] {spark_submit.py:492} INFO - optional group edit_versions_ids (LIST) {
[2026-02-12T23:40:56.349+0000] {spark_submit.py:492} INFO - repeated group list {
[2026-02-12T23:40:56.349+0000] {spark_submit.py:492} INFO - optional int64 element;
[2026-02-12T23:40:56.349+0000] {spark_submit.py:492} INFO - }
[2026-02-12T23:40:56.350+0000] {spark_submit.py:492} INFO - }
[2026-02-12T23:40:56.350+0000] {spark_submit.py:492} INFO - optional binary tweet_id (STRING);
[2026-02-12T23:40:56.350+0000] {spark_submit.py:492} INFO - optional binary reply_to_user_id (STRING);
[2026-02-12T23:40:56.350+0000] {spark_submit.py:492} INFO - optional binary language (STRING);
[2026-02-12T23:40:56.350+0000] {spark_submit.py:492} INFO - optional binary tweet_text (STRING);
[2026-02-12T23:40:56.350+0000] {spark_submit.py:492} INFO - optional int64 likes;
[2026-02-12T23:40:56.350+0000] {spark_submit.py:492} INFO - optional int64 quotes;
[2026-02-12T23:40:56.350+0000] {spark_submit.py:492} INFO - optional int64 replies;
[2026-02-12T23:40:56.350+0000] {spark_submit.py:492} INFO - optional int64 retweets;
[2026-02-12T23:40:56.351+0000] {spark_submit.py:492} INFO - required int32 processing_date (DATE);
[2026-02-12T23:40:56.351+0000] {spark_submit.py:492} INFO - }
[2026-02-12T23:40:56.351+0000] {spark_submit.py:492} INFO - 
[2026-02-12T23:40:56.351+0000] {spark_submit.py:492} INFO - 
[2026-02-12T23:40:56.362+0000] {spark_submit.py:492} INFO - 26/02/12 23:40:56 INFO CodecConfig: Compression: SNAPPY
[2026-02-12T23:40:56.362+0000] {spark_submit.py:492} INFO - 26/02/12 23:40:56 INFO CodecConfig: Compression: SNAPPY
[2026-02-12T23:40:56.363+0000] {spark_submit.py:492} INFO - 26/02/12 23:40:56 INFO ParquetOutputFormat: ParquetRecordWriter [block size: 134217728b, row group padding size: 8388608b, validating: false]
[2026-02-12T23:40:56.364+0000] {spark_submit.py:492} INFO - 26/02/12 23:40:56 INFO ParquetWriteSupport: Initialized Parquet WriteSupport with Catalyst schema:
[2026-02-12T23:40:56.364+0000] {spark_submit.py:492} INFO - {
[2026-02-12T23:40:56.364+0000] {spark_submit.py:492} INFO - "type" : "struct",
[2026-02-12T23:40:56.364+0000] {spark_submit.py:492} INFO - "fields" : [ {
[2026-02-12T23:40:56.365+0000] {spark_submit.py:492} INFO - "name" : "user_id",
[2026-02-12T23:40:56.365+0000] {spark_submit.py:492} INFO - "type" : "string",
[2026-02-12T23:40:56.365+0000] {spark_submit.py:492} INFO - "nullable" : true,
[2026-02-12T23:40:56.365+0000] {spark_submit.py:492} INFO - "metadata" : { }
[2026-02-12T23:40:56.365+0000] {spark_submit.py:492} INFO - }, {
[2026-02-12T23:40:56.365+0000] {spark_submit.py:492} INFO - "name" : "thread_id",
[2026-02-12T23:40:56.365+0000] {spark_submit.py:492} INFO - "type" : "string",
[2026-02-12T23:40:56.365+0000] {spark_submit.py:492} INFO - "nullable" : true,
[2026-02-12T23:40:56.365+0000] {spark_submit.py:492} INFO - "metadata" : { }
[2026-02-12T23:40:56.365+0000] {spark_submit.py:492} INFO - }, {
[2026-02-12T23:40:56.365+0000] {spark_submit.py:492} INFO - "name" : "created_at",
[2026-02-12T23:40:56.366+0000] {spark_submit.py:492} INFO - "type" : "string",
[2026-02-12T23:40:56.366+0000] {spark_submit.py:492} INFO - "nullable" : true,
[2026-02-12T23:40:56.366+0000] {spark_submit.py:492} INFO - "metadata" : { }
[2026-02-12T23:40:56.366+0000] {spark_submit.py:492} INFO - }, {
[2026-02-12T23:40:56.366+0000] {spark_submit.py:492} INFO - "name" : "edit_versions_ids",
[2026-02-12T23:40:56.366+0000] {spark_submit.py:492} INFO - "type" : {
[2026-02-12T23:40:56.366+0000] {spark_submit.py:492} INFO - "type" : "array",
[2026-02-12T23:40:56.366+0000] {spark_submit.py:492} INFO - "elementType" : "long",
[2026-02-12T23:40:56.366+0000] {spark_submit.py:492} INFO - "containsNull" : true
[2026-02-12T23:40:56.367+0000] {spark_submit.py:492} INFO - },
[2026-02-12T23:40:56.367+0000] {spark_submit.py:492} INFO - "nullable" : true,
[2026-02-12T23:40:56.367+0000] {spark_submit.py:492} INFO - "metadata" : { }
[2026-02-12T23:40:56.367+0000] {spark_submit.py:492} INFO - }, {
[2026-02-12T23:40:56.367+0000] {spark_submit.py:492} INFO - "name" : "tweet_id",
[2026-02-12T23:40:56.367+0000] {spark_submit.py:492} INFO - "type" : "string",
[2026-02-12T23:40:56.367+0000] {spark_submit.py:492} INFO - "nullable" : true,
[2026-02-12T23:40:56.367+0000] {spark_submit.py:492} INFO - "metadata" : { }
[2026-02-12T23:40:56.367+0000] {spark_submit.py:492} INFO - }, {
[2026-02-12T23:40:56.367+0000] {spark_submit.py:492} INFO - "name" : "reply_to_user_id",
[2026-02-12T23:40:56.367+0000] {spark_submit.py:492} INFO - "type" : "string",
[2026-02-12T23:40:56.368+0000] {spark_submit.py:492} INFO - "nullable" : true,
[2026-02-12T23:40:56.368+0000] {spark_submit.py:492} INFO - "metadata" : { }
[2026-02-12T23:40:56.368+0000] {spark_submit.py:492} INFO - }, {
[2026-02-12T23:40:56.368+0000] {spark_submit.py:492} INFO - "name" : "language",
[2026-02-12T23:40:56.368+0000] {spark_submit.py:492} INFO - "type" : "string",
[2026-02-12T23:40:56.368+0000] {spark_submit.py:492} INFO - "nullable" : true,
[2026-02-12T23:40:56.368+0000] {spark_submit.py:492} INFO - "metadata" : { }
[2026-02-12T23:40:56.368+0000] {spark_submit.py:492} INFO - }, {
[2026-02-12T23:40:56.368+0000] {spark_submit.py:492} INFO - "name" : "tweet_text",
[2026-02-12T23:40:56.368+0000] {spark_submit.py:492} INFO - "type" : "string",
[2026-02-12T23:40:56.368+0000] {spark_submit.py:492} INFO - "nullable" : true,
[2026-02-12T23:40:56.369+0000] {spark_submit.py:492} INFO - "metadata" : { }
[2026-02-12T23:40:56.369+0000] {spark_submit.py:492} INFO - }, {
[2026-02-12T23:40:56.369+0000] {spark_submit.py:492} INFO - "name" : "likes",
[2026-02-12T23:40:56.369+0000] {spark_submit.py:492} INFO - "type" : "long",
[2026-02-12T23:40:56.369+0000] {spark_submit.py:492} INFO - "nullable" : true,
[2026-02-12T23:40:56.369+0000] {spark_submit.py:492} INFO - "metadata" : { }
[2026-02-12T23:40:56.369+0000] {spark_submit.py:492} INFO - }, {
[2026-02-12T23:40:56.369+0000] {spark_submit.py:492} INFO - "name" : "quotes",
[2026-02-12T23:40:56.369+0000] {spark_submit.py:492} INFO - "type" : "long",
[2026-02-12T23:40:56.370+0000] {spark_submit.py:492} INFO - "nullable" : true,
[2026-02-12T23:40:56.370+0000] {spark_submit.py:492} INFO - "metadata" : { }
[2026-02-12T23:40:56.370+0000] {spark_submit.py:492} INFO - }, {
[2026-02-12T23:40:56.370+0000] {spark_submit.py:492} INFO - "name" : "replies",
[2026-02-12T23:40:56.370+0000] {spark_submit.py:492} INFO - "type" : "long",
[2026-02-12T23:40:56.370+0000] {spark_submit.py:492} INFO - "nullable" : true,
[2026-02-12T23:40:56.370+0000] {spark_submit.py:492} INFO - "metadata" : { }
[2026-02-12T23:40:56.371+0000] {spark_submit.py:492} INFO - }, {
[2026-02-12T23:40:56.371+0000] {spark_submit.py:492} INFO - "name" : "retweets",
[2026-02-12T23:40:56.371+0000] {spark_submit.py:492} INFO - "type" : "long",
[2026-02-12T23:40:56.371+0000] {spark_submit.py:492} INFO - "nullable" : true,
[2026-02-12T23:40:56.371+0000] {spark_submit.py:492} INFO - "metadata" : { }
[2026-02-12T23:40:56.371+0000] {spark_submit.py:492} INFO - }, {
[2026-02-12T23:40:56.371+0000] {spark_submit.py:492} INFO - "name" : "processing_date",
[2026-02-12T23:40:56.371+0000] {spark_submit.py:492} INFO - "type" : "date",
[2026-02-12T23:40:56.372+0000] {spark_submit.py:492} INFO - "nullable" : false,
[2026-02-12T23:40:56.372+0000] {spark_submit.py:492} INFO - "metadata" : { }
[2026-02-12T23:40:56.372+0000] {spark_submit.py:492} INFO - } ]
[2026-02-12T23:40:56.372+0000] {spark_submit.py:492} INFO - }
[2026-02-12T23:40:56.372+0000] {spark_submit.py:492} INFO - and corresponding Parquet message type:
[2026-02-12T23:40:56.372+0000] {spark_submit.py:492} INFO - message spark_schema {
[2026-02-12T23:40:56.372+0000] {spark_submit.py:492} INFO - optional binary user_id (STRING);
[2026-02-12T23:40:56.372+0000] {spark_submit.py:492} INFO - optional binary thread_id (STRING);
[2026-02-12T23:40:56.372+0000] {spark_submit.py:492} INFO - optional binary created_at (STRING);
[2026-02-12T23:40:56.372+0000] {spark_submit.py:492} INFO - optional group edit_versions_ids (LIST) {
[2026-02-12T23:40:56.373+0000] {spark_submit.py:492} INFO - repeated group list {
[2026-02-12T23:40:56.373+0000] {spark_submit.py:492} INFO - optional int64 element;
[2026-02-12T23:40:56.373+0000] {spark_submit.py:492} INFO - }
[2026-02-12T23:40:56.373+0000] {spark_submit.py:492} INFO - }
[2026-02-12T23:40:56.373+0000] {spark_submit.py:492} INFO - optional binary tweet_id (STRING);
[2026-02-12T23:40:56.373+0000] {spark_submit.py:492} INFO - optional binary reply_to_user_id (STRING);
[2026-02-12T23:40:56.373+0000] {spark_submit.py:492} INFO - optional binary language (STRING);
[2026-02-12T23:40:56.373+0000] {spark_submit.py:492} INFO - optional binary tweet_text (STRING);
[2026-02-12T23:40:56.374+0000] {spark_submit.py:492} INFO - optional int64 likes;
[2026-02-12T23:40:56.374+0000] {spark_submit.py:492} INFO - optional int64 quotes;
[2026-02-12T23:40:56.374+0000] {spark_submit.py:492} INFO - optional int64 replies;
[2026-02-12T23:40:56.374+0000] {spark_submit.py:492} INFO - optional int64 retweets;
[2026-02-12T23:40:56.374+0000] {spark_submit.py:492} INFO - required int32 processing_date (DATE);
[2026-02-12T23:40:56.374+0000] {spark_submit.py:492} INFO - }
[2026-02-12T23:40:56.374+0000] {spark_submit.py:492} INFO - 
[2026-02-12T23:40:56.374+0000] {spark_submit.py:492} INFO - 
[2026-02-12T23:40:56.391+0000] {spark_submit.py:492} INFO - 26/02/12 23:40:56 INFO CodecConfig: Compression: SNAPPY
[2026-02-12T23:40:56.391+0000] {spark_submit.py:492} INFO - 26/02/12 23:40:56 INFO CodecConfig: Compression: SNAPPY
[2026-02-12T23:40:56.392+0000] {spark_submit.py:492} INFO - 26/02/12 23:40:56 INFO ParquetOutputFormat: ParquetRecordWriter [block size: 134217728b, row group padding size: 8388608b, validating: false]
[2026-02-12T23:40:56.394+0000] {spark_submit.py:492} INFO - 26/02/12 23:40:56 INFO ParquetWriteSupport: Initialized Parquet WriteSupport with Catalyst schema:
[2026-02-12T23:40:56.394+0000] {spark_submit.py:492} INFO - {
[2026-02-12T23:40:56.394+0000] {spark_submit.py:492} INFO - "type" : "struct",
[2026-02-12T23:40:56.394+0000] {spark_submit.py:492} INFO - "fields" : [ {
[2026-02-12T23:40:56.394+0000] {spark_submit.py:492} INFO - "name" : "user_id",
[2026-02-12T23:40:56.394+0000] {spark_submit.py:492} INFO - "type" : "string",
[2026-02-12T23:40:56.394+0000] {spark_submit.py:492} INFO - "nullable" : true,
[2026-02-12T23:40:56.394+0000] {spark_submit.py:492} INFO - "metadata" : { }
[2026-02-12T23:40:56.394+0000] {spark_submit.py:492} INFO - }, {
[2026-02-12T23:40:56.394+0000] {spark_submit.py:492} INFO - "name" : "thread_id",
[2026-02-12T23:40:56.395+0000] {spark_submit.py:492} INFO - "type" : "string",
[2026-02-12T23:40:56.395+0000] {spark_submit.py:492} INFO - "nullable" : true,
[2026-02-12T23:40:56.395+0000] {spark_submit.py:492} INFO - "metadata" : { }
[2026-02-12T23:40:56.395+0000] {spark_submit.py:492} INFO - }, {
[2026-02-12T23:40:56.395+0000] {spark_submit.py:492} INFO - "name" : "created_at",
[2026-02-12T23:40:56.395+0000] {spark_submit.py:492} INFO - "type" : "string",
[2026-02-12T23:40:56.395+0000] {spark_submit.py:492} INFO - "nullable" : true,
[2026-02-12T23:40:56.395+0000] {spark_submit.py:492} INFO - "metadata" : { }
[2026-02-12T23:40:56.395+0000] {spark_submit.py:492} INFO - }, {
[2026-02-12T23:40:56.395+0000] {spark_submit.py:492} INFO - "name" : "edit_versions_ids",
[2026-02-12T23:40:56.395+0000] {spark_submit.py:492} INFO - "type" : {
[2026-02-12T23:40:56.395+0000] {spark_submit.py:492} INFO - "type" : "array",
[2026-02-12T23:40:56.395+0000] {spark_submit.py:492} INFO - "elementType" : "long",
[2026-02-12T23:40:56.396+0000] {spark_submit.py:492} INFO - "containsNull" : true
[2026-02-12T23:40:56.396+0000] {spark_submit.py:492} INFO - },
[2026-02-12T23:40:56.396+0000] {spark_submit.py:492} INFO - "nullable" : true,
[2026-02-12T23:40:56.396+0000] {spark_submit.py:492} INFO - "metadata" : { }
[2026-02-12T23:40:56.396+0000] {spark_submit.py:492} INFO - }, {
[2026-02-12T23:40:56.396+0000] {spark_submit.py:492} INFO - "name" : "tweet_id",
[2026-02-12T23:40:56.396+0000] {spark_submit.py:492} INFO - "type" : "string",
[2026-02-12T23:40:56.396+0000] {spark_submit.py:492} INFO - "nullable" : true,
[2026-02-12T23:40:56.396+0000] {spark_submit.py:492} INFO - "metadata" : { }
[2026-02-12T23:40:56.396+0000] {spark_submit.py:492} INFO - }, {
[2026-02-12T23:40:56.396+0000] {spark_submit.py:492} INFO - "name" : "reply_to_user_id",
[2026-02-12T23:40:56.396+0000] {spark_submit.py:492} INFO - "type" : "string",
[2026-02-12T23:40:56.396+0000] {spark_submit.py:492} INFO - "nullable" : true,
[2026-02-12T23:40:56.397+0000] {spark_submit.py:492} INFO - "metadata" : { }
[2026-02-12T23:40:56.397+0000] {spark_submit.py:492} INFO - }, {
[2026-02-12T23:40:56.397+0000] {spark_submit.py:492} INFO - "name" : "language",
[2026-02-12T23:40:56.397+0000] {spark_submit.py:492} INFO - "type" : "string",
[2026-02-12T23:40:56.397+0000] {spark_submit.py:492} INFO - "nullable" : true,
[2026-02-12T23:40:56.397+0000] {spark_submit.py:492} INFO - "metadata" : { }
[2026-02-12T23:40:56.397+0000] {spark_submit.py:492} INFO - }, {
[2026-02-12T23:40:56.397+0000] {spark_submit.py:492} INFO - "name" : "tweet_text",
[2026-02-12T23:40:56.397+0000] {spark_submit.py:492} INFO - "type" : "string",
[2026-02-12T23:40:56.397+0000] {spark_submit.py:492} INFO - "nullable" : true,
[2026-02-12T23:40:56.397+0000] {spark_submit.py:492} INFO - "metadata" : { }
[2026-02-12T23:40:56.397+0000] {spark_submit.py:492} INFO - }, {
[2026-02-12T23:40:56.398+0000] {spark_submit.py:492} INFO - "name" : "likes",
[2026-02-12T23:40:56.398+0000] {spark_submit.py:492} INFO - "type" : "long",
[2026-02-12T23:40:56.398+0000] {spark_submit.py:492} INFO - "nullable" : true,
[2026-02-12T23:40:56.398+0000] {spark_submit.py:492} INFO - "metadata" : { }
[2026-02-12T23:40:56.398+0000] {spark_submit.py:492} INFO - }, {
[2026-02-12T23:40:56.398+0000] {spark_submit.py:492} INFO - "name" : "quotes",
[2026-02-12T23:40:56.398+0000] {spark_submit.py:492} INFO - "type" : "long",
[2026-02-12T23:40:56.398+0000] {spark_submit.py:492} INFO - "nullable" : true,
[2026-02-12T23:40:56.398+0000] {spark_submit.py:492} INFO - "metadata" : { }
[2026-02-12T23:40:56.398+0000] {spark_submit.py:492} INFO - }, {
[2026-02-12T23:40:56.398+0000] {spark_submit.py:492} INFO - "name" : "replies",
[2026-02-12T23:40:56.398+0000] {spark_submit.py:492} INFO - "type" : "long",
[2026-02-12T23:40:56.399+0000] {spark_submit.py:492} INFO - "nullable" : true,
[2026-02-12T23:40:56.399+0000] {spark_submit.py:492} INFO - "metadata" : { }
[2026-02-12T23:40:56.399+0000] {spark_submit.py:492} INFO - }, {
[2026-02-12T23:40:56.399+0000] {spark_submit.py:492} INFO - "name" : "retweets",
[2026-02-12T23:40:56.399+0000] {spark_submit.py:492} INFO - "type" : "long",
[2026-02-12T23:40:56.399+0000] {spark_submit.py:492} INFO - "nullable" : true,
[2026-02-12T23:40:56.399+0000] {spark_submit.py:492} INFO - "metadata" : { }
[2026-02-12T23:40:56.399+0000] {spark_submit.py:492} INFO - }, {
[2026-02-12T23:40:56.399+0000] {spark_submit.py:492} INFO - "name" : "processing_date",
[2026-02-12T23:40:56.399+0000] {spark_submit.py:492} INFO - "type" : "date",
[2026-02-12T23:40:56.400+0000] {spark_submit.py:492} INFO - "nullable" : false,
[2026-02-12T23:40:56.400+0000] {spark_submit.py:492} INFO - "metadata" : { }
[2026-02-12T23:40:56.400+0000] {spark_submit.py:492} INFO - } ]
[2026-02-12T23:40:56.400+0000] {spark_submit.py:492} INFO - }
[2026-02-12T23:40:56.400+0000] {spark_submit.py:492} INFO - and corresponding Parquet message type:
[2026-02-12T23:40:56.400+0000] {spark_submit.py:492} INFO - message spark_schema {
[2026-02-12T23:40:56.400+0000] {spark_submit.py:492} INFO - optional binary user_id (STRING);
[2026-02-12T23:40:56.400+0000] {spark_submit.py:492} INFO - optional binary thread_id (STRING);
[2026-02-12T23:40:56.400+0000] {spark_submit.py:492} INFO - optional binary created_at (STRING);
[2026-02-12T23:40:56.400+0000] {spark_submit.py:492} INFO - optional group edit_versions_ids (LIST) {
[2026-02-12T23:40:56.400+0000] {spark_submit.py:492} INFO - repeated group list {
[2026-02-12T23:40:56.400+0000] {spark_submit.py:492} INFO - optional int64 element;
[2026-02-12T23:40:56.401+0000] {spark_submit.py:492} INFO - }
[2026-02-12T23:40:56.401+0000] {spark_submit.py:492} INFO - }
[2026-02-12T23:40:56.401+0000] {spark_submit.py:492} INFO - optional binary tweet_id (STRING);
[2026-02-12T23:40:56.401+0000] {spark_submit.py:492} INFO - optional binary reply_to_user_id (STRING);
[2026-02-12T23:40:56.401+0000] {spark_submit.py:492} INFO - optional binary language (STRING);
[2026-02-12T23:40:56.401+0000] {spark_submit.py:492} INFO - optional binary tweet_text (STRING);
[2026-02-12T23:40:56.401+0000] {spark_submit.py:492} INFO - optional int64 likes;
[2026-02-12T23:40:56.401+0000] {spark_submit.py:492} INFO - optional int64 quotes;
[2026-02-12T23:40:56.401+0000] {spark_submit.py:492} INFO - optional int64 replies;
[2026-02-12T23:40:56.401+0000] {spark_submit.py:492} INFO - optional int64 retweets;
[2026-02-12T23:40:56.401+0000] {spark_submit.py:492} INFO - required int32 processing_date (DATE);
[2026-02-12T23:40:56.401+0000] {spark_submit.py:492} INFO - }
[2026-02-12T23:40:56.401+0000] {spark_submit.py:492} INFO - 
[2026-02-12T23:40:56.402+0000] {spark_submit.py:492} INFO - 
[2026-02-12T23:40:56.420+0000] {spark_submit.py:492} INFO - 26/02/12 23:40:56 INFO FileOutputCommitter: Saved output of task 'attempt_202602122340554655942455225584801_0001_m_000000_1' to file:/opt/airflow/data/silver/_temporary/0/task_202602122340554655942455225584801_0001_m_000000
[2026-02-12T23:40:56.420+0000] {spark_submit.py:492} INFO - 26/02/12 23:40:56 INFO SparkHadoopMapRedUtil: attempt_202602122340554655942455225584801_0001_m_000000_1: Committed. Elapsed time: 0 ms.
[2026-02-12T23:40:56.432+0000] {spark_submit.py:492} INFO - 26/02/12 23:40:56 INFO Executor: Finished task 0.0 in stage 1.0 (TID 1). 3930 bytes result sent to driver
[2026-02-12T23:40:56.435+0000] {spark_submit.py:492} INFO - 26/02/12 23:40:56 INFO TaskSetManager: Finished task 0.0 in stage 1.0 (TID 1) in 843 ms on 0bc7f8c4ce9d (executor driver) (1/1)
[2026-02-12T23:40:56.435+0000] {spark_submit.py:492} INFO - 26/02/12 23:40:56 INFO TaskSchedulerImpl: Removed TaskSet 1.0, whose tasks have all completed, from pool
[2026-02-12T23:40:56.436+0000] {spark_submit.py:492} INFO - 26/02/12 23:40:56 INFO DAGScheduler: ResultStage 1 (parquet at NativeMethodAccessorImpl.java:0) finished in 0.862 s
[2026-02-12T23:40:56.436+0000] {spark_submit.py:492} INFO - 26/02/12 23:40:56 INFO DAGScheduler: Job 1 is finished. Cancelling potential speculative or zombie tasks for this job
[2026-02-12T23:40:56.436+0000] {spark_submit.py:492} INFO - 26/02/12 23:40:56 INFO TaskSchedulerImpl: Killing all running tasks in stage 1: Stage finished
[2026-02-12T23:40:56.437+0000] {spark_submit.py:492} INFO - 26/02/12 23:40:56 INFO DAGScheduler: Job 1 finished: parquet at NativeMethodAccessorImpl.java:0, took 0.865235 s
[2026-02-12T23:40:56.438+0000] {spark_submit.py:492} INFO - 26/02/12 23:40:56 INFO FileFormatWriter: Start to commit write Job e5ee7247-dfc1-4c4a-902f-1b1ca2e8591b.
[2026-02-12T23:40:56.453+0000] {spark_submit.py:492} INFO - 26/02/12 23:40:56 INFO FileFormatWriter: Write Job e5ee7247-dfc1-4c4a-902f-1b1ca2e8591b committed. Elapsed time: 14 ms.
[2026-02-12T23:40:56.455+0000] {spark_submit.py:492} INFO - 26/02/12 23:40:56 INFO FileFormatWriter: Finished processing stats for write job e5ee7247-dfc1-4c4a-902f-1b1ca2e8591b.
[2026-02-12T23:40:56.494+0000] {spark_submit.py:492} INFO - 26/02/12 23:40:56 INFO SparkContext: Invoking stop() from shutdown hook
[2026-02-12T23:40:56.495+0000] {spark_submit.py:492} INFO - 26/02/12 23:40:56 INFO SparkContext: SparkContext is stopping with exitCode 0.
[2026-02-12T23:40:56.502+0000] {spark_submit.py:492} INFO - 26/02/12 23:40:56 INFO SparkUI: Stopped Spark web UI at http://0bc7f8c4ce9d:4040
[2026-02-12T23:40:56.509+0000] {spark_submit.py:492} INFO - 26/02/12 23:40:56 INFO MapOutputTrackerMasterEndpoint: MapOutputTrackerMasterEndpoint stopped!
[2026-02-12T23:40:56.518+0000] {spark_submit.py:492} INFO - 26/02/12 23:40:56 INFO MemoryStore: MemoryStore cleared
[2026-02-12T23:40:56.518+0000] {spark_submit.py:492} INFO - 26/02/12 23:40:56 INFO BlockManager: BlockManager stopped
[2026-02-12T23:40:56.522+0000] {spark_submit.py:492} INFO - 26/02/12 23:40:56 INFO BlockManagerMaster: BlockManagerMaster stopped
[2026-02-12T23:40:56.523+0000] {spark_submit.py:492} INFO - 26/02/12 23:40:56 INFO OutputCommitCoordinator$OutputCommitCoordinatorEndpoint: OutputCommitCoordinator stopped!
[2026-02-12T23:40:56.529+0000] {spark_submit.py:492} INFO - 26/02/12 23:40:56 INFO SparkContext: Successfully stopped SparkContext
[2026-02-12T23:40:56.529+0000] {spark_submit.py:492} INFO - 26/02/12 23:40:56 INFO ShutdownHookManager: Shutdown hook called
[2026-02-12T23:40:56.529+0000] {spark_submit.py:492} INFO - 26/02/12 23:40:56 INFO ShutdownHookManager: Deleting directory /tmp/spark-8fc26cf5-c657-43ef-ab2c-28e52ec58b8d/pyspark-41162c0c-c1c7-41ab-aa81-fa93c2cf6163
[2026-02-12T23:40:56.534+0000] {spark_submit.py:492} INFO - 26/02/12 23:40:56 INFO ShutdownHookManager: Deleting directory /tmp/spark-e2bc751f-f45a-40bc-b2c8-f5b9bfb141f0
[2026-02-12T23:40:56.538+0000] {spark_submit.py:492} INFO - 26/02/12 23:40:56 INFO ShutdownHookManager: Deleting directory /tmp/spark-8fc26cf5-c657-43ef-ab2c-28e52ec58b8d
[2026-02-12T23:40:56.614+0000] {taskinstance.py:441} INFO - ::group::Post task execution logs
[2026-02-12T23:40:56.626+0000] {taskinstance.py:1206} INFO - Marking task as SUCCESS. dag_id=twitter_pipeline_2, task_id=transform_twitter_datascience, run_id=scheduled__2026-02-05T00:00:00+00:00, execution_date=20260205T000000, start_date=20260212T234050, end_date=20260212T234056
[2026-02-12T23:40:56.661+0000] {local_task_job_runner.py:243} INFO - Task exited with return code 0
[2026-02-12T23:40:56.676+0000] {taskinstance.py:3503} INFO - 1 downstream tasks scheduled from follow-on schedule check
[2026-02-12T23:40:56.678+0000] {local_task_job_runner.py:222} INFO - ::endgroup::
