[2026-02-12T20:34:28.141+0000] {local_task_job_runner.py:120} INFO - ::group::Pre task execution logs
[2026-02-12T20:34:28.155+0000] {taskinstance.py:2076} INFO - Dependencies all met for dep_context=non-requeueable deps ti=<TaskInstance: twitter_pipeline_2.transform_twitter_datascience scheduled__2026-02-09T00:00:00+00:00 [queued]>
[2026-02-12T20:34:28.159+0000] {taskinstance.py:2076} INFO - Dependencies all met for dep_context=requeueable deps ti=<TaskInstance: twitter_pipeline_2.transform_twitter_datascience scheduled__2026-02-09T00:00:00+00:00 [queued]>
[2026-02-12T20:34:28.159+0000] {taskinstance.py:2306} INFO - Starting attempt 1 of 1
[2026-02-12T20:34:28.168+0000] {taskinstance.py:2330} INFO - Executing <Task(SparkSubmitOperator): transform_twitter_datascience> on 2026-02-09 00:00:00+00:00
[2026-02-12T20:34:28.172+0000] {standard_task_runner.py:64} INFO - Started process 2609 to run task
[2026-02-12T20:34:28.175+0000] {standard_task_runner.py:90} INFO - Running: ['airflow', 'tasks', 'run', 'twitter_pipeline_2', 'transform_twitter_datascience', 'scheduled__2026-02-09T00:00:00+00:00', '--job-id', '88', '--raw', '--subdir', 'DAGS_FOLDER/dag2.py', '--cfg-path', '/tmp/tmpawcbq5nr']
[2026-02-12T20:34:28.177+0000] {standard_task_runner.py:91} INFO - Job 88: Subtask transform_twitter_datascience
[2026-02-12T20:34:28.217+0000] {task_command.py:426} INFO - Running <TaskInstance: twitter_pipeline_2.transform_twitter_datascience scheduled__2026-02-09T00:00:00+00:00 [running]> on host 649004db3ede
[2026-02-12T20:34:28.284+0000] {taskinstance.py:2648} INFO - Exporting env vars: AIRFLOW_CTX_DAG_OWNER='airflow' AIRFLOW_CTX_DAG_ID='twitter_pipeline_2' AIRFLOW_CTX_TASK_ID='transform_twitter_datascience' AIRFLOW_CTX_EXECUTION_DATE='2026-02-09T00:00:00+00:00' AIRFLOW_CTX_TRY_NUMBER='1' AIRFLOW_CTX_DAG_RUN_ID='scheduled__2026-02-09T00:00:00+00:00'
[2026-02-12T20:34:28.285+0000] {taskinstance.py:430} INFO - ::endgroup::
[2026-02-12T20:34:28.292+0000] {base.py:84} INFO - Using connection ID 'spark_default' for task execution.
[2026-02-12T20:34:28.293+0000] {spark_submit.py:341} INFO - Spark-Submit cmd: spark-submit --master local --name twitter_transformation --queue root.default /opt/airflow/src/spark/transformation.py --src /opt/data_lake/twitter_posts_raw --dest /opt/airflow/data/silver
[2026-02-12T20:34:30.059+0000] {spark_submit.py:492} INFO - 26/02/12 20:34:30 INFO SparkContext: Running Spark version 3.4.1
[2026-02-12T20:34:30.098+0000] {spark_submit.py:492} INFO - 26/02/12 20:34:30 WARN NativeCodeLoader: Unable to load native-hadoop library for your platform... using builtin-java classes where applicable
[2026-02-12T20:34:30.164+0000] {spark_submit.py:492} INFO - 26/02/12 20:34:30 INFO ResourceUtils: ==============================================================
[2026-02-12T20:34:30.164+0000] {spark_submit.py:492} INFO - 26/02/12 20:34:30 INFO ResourceUtils: No custom resources configured for spark.driver.
[2026-02-12T20:34:30.164+0000] {spark_submit.py:492} INFO - 26/02/12 20:34:30 INFO ResourceUtils: ==============================================================
[2026-02-12T20:34:30.164+0000] {spark_submit.py:492} INFO - 26/02/12 20:34:30 INFO SparkContext: Submitted application: twitter_transformation
[2026-02-12T20:34:30.178+0000] {spark_submit.py:492} INFO - 26/02/12 20:34:30 INFO ResourceProfile: Default ResourceProfile created, executor resources: Map(cores -> name: cores, amount: 1, script: , vendor: , memory -> name: memory, amount: 1024, script: , vendor: , offHeap -> name: offHeap, amount: 0, script: , vendor: ), task resources: Map(cpus -> name: cpus, amount: 1.0)
[2026-02-12T20:34:30.183+0000] {spark_submit.py:492} INFO - 26/02/12 20:34:30 INFO ResourceProfile: Limiting resource is cpu
[2026-02-12T20:34:30.184+0000] {spark_submit.py:492} INFO - 26/02/12 20:34:30 INFO ResourceProfileManager: Added ResourceProfile id: 0
[2026-02-12T20:34:30.213+0000] {spark_submit.py:492} INFO - 26/02/12 20:34:30 INFO SecurityManager: Changing view acls to: default
[2026-02-12T20:34:30.214+0000] {spark_submit.py:492} INFO - 26/02/12 20:34:30 INFO SecurityManager: Changing modify acls to: default
[2026-02-12T20:34:30.214+0000] {spark_submit.py:492} INFO - 26/02/12 20:34:30 INFO SecurityManager: Changing view acls groups to:
[2026-02-12T20:34:30.214+0000] {spark_submit.py:492} INFO - 26/02/12 20:34:30 INFO SecurityManager: Changing modify acls groups to:
[2026-02-12T20:34:30.215+0000] {spark_submit.py:492} INFO - 26/02/12 20:34:30 INFO SecurityManager: SecurityManager: authentication disabled; ui acls disabled; users with view permissions: default; groups with view permissions: EMPTY; users with modify permissions: default; groups with modify permissions: EMPTY
[2026-02-12T20:34:30.359+0000] {spark_submit.py:492} INFO - 26/02/12 20:34:30 INFO Utils: Successfully started service 'sparkDriver' on port 35823.
[2026-02-12T20:34:30.376+0000] {spark_submit.py:492} INFO - 26/02/12 20:34:30 INFO SparkEnv: Registering MapOutputTracker
[2026-02-12T20:34:30.403+0000] {spark_submit.py:492} INFO - 26/02/12 20:34:30 INFO SparkEnv: Registering BlockManagerMaster
[2026-02-12T20:34:30.415+0000] {spark_submit.py:492} INFO - 26/02/12 20:34:30 INFO BlockManagerMasterEndpoint: Using org.apache.spark.storage.DefaultTopologyMapper for getting topology information
[2026-02-12T20:34:30.416+0000] {spark_submit.py:492} INFO - 26/02/12 20:34:30 INFO BlockManagerMasterEndpoint: BlockManagerMasterEndpoint up
[2026-02-12T20:34:30.419+0000] {spark_submit.py:492} INFO - 26/02/12 20:34:30 INFO SparkEnv: Registering BlockManagerMasterHeartbeat
[2026-02-12T20:34:30.433+0000] {spark_submit.py:492} INFO - 26/02/12 20:34:30 INFO DiskBlockManager: Created local directory at /tmp/blockmgr-7acb75e1-5cb6-452c-82e1-8bbd3051e7b5
[2026-02-12T20:34:30.443+0000] {spark_submit.py:492} INFO - 26/02/12 20:34:30 INFO MemoryStore: MemoryStore started with capacity 434.4 MiB
[2026-02-12T20:34:30.453+0000] {spark_submit.py:492} INFO - 26/02/12 20:34:30 INFO SparkEnv: Registering OutputCommitCoordinator
[2026-02-12T20:34:30.587+0000] {spark_submit.py:492} INFO - 26/02/12 20:34:30 INFO JettyUtils: Start Jetty 0.0.0.0:4040 for SparkUI
[2026-02-12T20:34:30.641+0000] {spark_submit.py:492} INFO - 26/02/12 20:34:30 INFO Utils: Successfully started service 'SparkUI' on port 4040.
[2026-02-12T20:34:30.721+0000] {spark_submit.py:492} INFO - 26/02/12 20:34:30 INFO Executor: Starting executor ID driver on host 649004db3ede
[2026-02-12T20:34:30.726+0000] {spark_submit.py:492} INFO - 26/02/12 20:34:30 INFO Executor: Starting executor with user classpath (userClassPathFirst = false): ''
[2026-02-12T20:34:30.740+0000] {spark_submit.py:492} INFO - 26/02/12 20:34:30 INFO Utils: Successfully started service 'org.apache.spark.network.netty.NettyBlockTransferService' on port 41105.
[2026-02-12T20:34:30.740+0000] {spark_submit.py:492} INFO - 26/02/12 20:34:30 INFO NettyBlockTransferService: Server created on 649004db3ede:41105
[2026-02-12T20:34:30.741+0000] {spark_submit.py:492} INFO - 26/02/12 20:34:30 INFO BlockManager: Using org.apache.spark.storage.RandomBlockReplicationPolicy for block replication policy
[2026-02-12T20:34:30.746+0000] {spark_submit.py:492} INFO - 26/02/12 20:34:30 INFO BlockManagerMaster: Registering BlockManager BlockManagerId(driver, 649004db3ede, 41105, None)
[2026-02-12T20:34:30.748+0000] {spark_submit.py:492} INFO - 26/02/12 20:34:30 INFO BlockManagerMasterEndpoint: Registering block manager 649004db3ede:41105 with 434.4 MiB RAM, BlockManagerId(driver, 649004db3ede, 41105, None)
[2026-02-12T20:34:30.750+0000] {spark_submit.py:492} INFO - 26/02/12 20:34:30 INFO BlockManagerMaster: Registered BlockManager BlockManagerId(driver, 649004db3ede, 41105, None)
[2026-02-12T20:34:30.750+0000] {spark_submit.py:492} INFO - 26/02/12 20:34:30 INFO BlockManager: Initialized BlockManager: BlockManagerId(driver, 649004db3ede, 41105, None)
[2026-02-12T20:34:31.027+0000] {spark_submit.py:492} INFO - 26/02/12 20:34:31 INFO SharedState: Setting hive.metastore.warehouse.dir ('null') to the value of spark.sql.warehouse.dir.
[2026-02-12T20:34:31.032+0000] {spark_submit.py:492} INFO - 26/02/12 20:34:31 INFO SharedState: Warehouse path is 'file:/opt/airflow/spark-warehouse'.
[2026-02-12T20:34:34.101+0000] {spark_submit.py:492} INFO - 26/02/12 20:34:34 INFO InMemoryFileIndex: It took 33 ms to list leaf files for 1 paths.
[2026-02-12T20:34:34.146+0000] {spark_submit.py:492} INFO - 26/02/12 20:34:34 INFO InMemoryFileIndex: It took 7 ms to list leaf files for 12 paths.
[2026-02-12T20:34:35.303+0000] {spark_submit.py:492} INFO - 26/02/12 20:34:35 INFO FileSourceStrategy: Pushed Filters:
[2026-02-12T20:34:35.309+0000] {spark_submit.py:492} INFO - 26/02/12 20:34:35 INFO FileSourceStrategy: Post-Scan Filters:
[2026-02-12T20:34:35.439+0000] {spark_submit.py:492} INFO - 26/02/12 20:34:35 INFO MemoryStore: Block broadcast_0 stored as values in memory (estimated size 199.2 KiB, free 434.2 MiB)
[2026-02-12T20:34:35.475+0000] {spark_submit.py:492} INFO - 26/02/12 20:34:35 INFO MemoryStore: Block broadcast_0_piece0 stored as bytes in memory (estimated size 34.2 KiB, free 434.2 MiB)
[2026-02-12T20:34:35.477+0000] {spark_submit.py:492} INFO - 26/02/12 20:34:35 INFO BlockManagerInfo: Added broadcast_0_piece0 in memory on 649004db3ede:41105 (size: 34.2 KiB, free: 434.4 MiB)
[2026-02-12T20:34:35.480+0000] {spark_submit.py:492} INFO - 26/02/12 20:34:35 INFO SparkContext: Created broadcast 0 from json at NativeMethodAccessorImpl.java:0
[2026-02-12T20:34:35.486+0000] {spark_submit.py:492} INFO - 26/02/12 20:34:35 INFO FileSourceScanExec: Planning scan with bin packing, max size: 50443215 bytes, open cost is considered as scanning 4194304 bytes.
[2026-02-12T20:34:35.573+0000] {spark_submit.py:492} INFO - 26/02/12 20:34:35 INFO SparkContext: Starting job: json at NativeMethodAccessorImpl.java:0
[2026-02-12T20:34:35.581+0000] {spark_submit.py:492} INFO - 26/02/12 20:34:35 INFO DAGScheduler: Got job 0 (json at NativeMethodAccessorImpl.java:0) with 1 output partitions
[2026-02-12T20:34:35.581+0000] {spark_submit.py:492} INFO - 26/02/12 20:34:35 INFO DAGScheduler: Final stage: ResultStage 0 (json at NativeMethodAccessorImpl.java:0)
[2026-02-12T20:34:35.581+0000] {spark_submit.py:492} INFO - 26/02/12 20:34:35 INFO DAGScheduler: Parents of final stage: List()
[2026-02-12T20:34:35.582+0000] {spark_submit.py:492} INFO - 26/02/12 20:34:35 INFO DAGScheduler: Missing parents: List()
[2026-02-12T20:34:35.584+0000] {spark_submit.py:492} INFO - 26/02/12 20:34:35 INFO DAGScheduler: Submitting ResultStage 0 (MapPartitionsRDD[3] at json at NativeMethodAccessorImpl.java:0), which has no missing parents
[2026-02-12T20:34:35.628+0000] {spark_submit.py:492} INFO - 26/02/12 20:34:35 INFO MemoryStore: Block broadcast_1 stored as values in memory (estimated size 15.0 KiB, free 434.2 MiB)
[2026-02-12T20:34:35.630+0000] {spark_submit.py:492} INFO - 26/02/12 20:34:35 INFO MemoryStore: Block broadcast_1_piece0 stored as bytes in memory (estimated size 7.2 KiB, free 434.2 MiB)
[2026-02-12T20:34:35.630+0000] {spark_submit.py:492} INFO - 26/02/12 20:34:35 INFO BlockManagerInfo: Added broadcast_1_piece0 in memory on 649004db3ede:41105 (size: 7.2 KiB, free: 434.4 MiB)
[2026-02-12T20:34:35.631+0000] {spark_submit.py:492} INFO - 26/02/12 20:34:35 INFO SparkContext: Created broadcast 1 from broadcast at DAGScheduler.scala:1535
[2026-02-12T20:34:35.639+0000] {spark_submit.py:492} INFO - 26/02/12 20:34:35 INFO DAGScheduler: Submitting 1 missing tasks from ResultStage 0 (MapPartitionsRDD[3] at json at NativeMethodAccessorImpl.java:0) (first 15 tasks are for partitions Vector(0))
[2026-02-12T20:34:35.640+0000] {spark_submit.py:492} INFO - 26/02/12 20:34:35 INFO TaskSchedulerImpl: Adding task set 0.0 with 1 tasks resource profile 0
[2026-02-12T20:34:35.665+0000] {spark_submit.py:492} INFO - 26/02/12 20:34:35 INFO TaskSetManager: Starting task 0.0 in stage 0.0 (TID 0) (649004db3ede, executor driver, partition 0, PROCESS_LOCAL, 9196 bytes)
[2026-02-12T20:34:35.672+0000] {spark_submit.py:492} INFO - 26/02/12 20:34:35 INFO Executor: Running task 0.0 in stage 0.0 (TID 0)
[2026-02-12T20:34:35.724+0000] {spark_submit.py:492} INFO - 26/02/12 20:34:35 INFO FileScanRDD: Reading File path: file:///opt/data_lake/twitter_posts_raw/tweets_2026-02-02.json, range: 0-31150, partition values: [empty row]
[2026-02-12T20:34:35.847+0000] {spark_submit.py:492} INFO - 26/02/12 20:34:35 INFO CodeGenerator: Code generated in 103.876958 ms
[2026-02-12T20:34:35.881+0000] {spark_submit.py:492} INFO - 26/02/12 20:34:35 INFO FileScanRDD: Reading File path: file:///opt/data_lake/twitter_posts_raw/tweets_2026-02-06.json, range: 0-17465, partition values: [empty row]
[2026-02-12T20:34:35.889+0000] {spark_submit.py:492} INFO - 26/02/12 20:34:35 INFO FileScanRDD: Reading File path: file:///opt/data_lake/twitter_posts_raw/tweets_2026-02-04.json, range: 0-10266, partition values: [empty row]
[2026-02-12T20:34:35.892+0000] {spark_submit.py:492} INFO - 26/02/12 20:34:35 INFO FileScanRDD: Reading File path: file:///opt/data_lake/twitter_posts_raw/tweets_2026-02-03.json, range: 0-7059, partition values: [empty row]
[2026-02-12T20:34:35.895+0000] {spark_submit.py:492} INFO - 26/02/12 20:34:35 INFO FileScanRDD: Reading File path: file:///opt/data_lake/twitter_posts_raw/tweets_2026-02-09.json, range: 0-6991, partition values: [empty row]
[2026-02-12T20:34:35.897+0000] {spark_submit.py:492} INFO - 26/02/12 20:34:35 INFO FileScanRDD: Reading File path: file:///opt/data_lake/twitter_posts_raw/tweets_2026-02-08.json, range: 0-6983, partition values: [empty row]
[2026-02-12T20:34:35.899+0000] {spark_submit.py:492} INFO - 26/02/12 20:34:35 INFO FileScanRDD: Reading File path: file:///opt/data_lake/twitter_posts_raw/tweets_2026-02-05.json, range: 0-6920, partition values: [empty row]
[2026-02-12T20:34:35.901+0000] {spark_submit.py:492} INFO - 26/02/12 20:34:35 INFO FileScanRDD: Reading File path: file:///opt/data_lake/twitter_posts_raw/tweets_2026-02-07.json, range: 0-6800, partition values: [empty row]
[2026-02-12T20:34:35.903+0000] {spark_submit.py:492} INFO - 26/02/12 20:34:35 INFO FileScanRDD: Reading File path: file:///opt/data_lake/twitter_posts_raw/tweets_2026-02-11.json, range: 0-5524, partition values: [empty row]
[2026-02-12T20:34:35.904+0000] {spark_submit.py:492} INFO - 26/02/12 20:34:35 INFO FileScanRDD: Reading File path: file:///opt/data_lake/twitter_posts_raw/tweets_2026-02-10.json, range: 0-5426, partition values: [empty row]
[2026-02-12T20:34:35.906+0000] {spark_submit.py:492} INFO - 26/02/12 20:34:35 INFO FileScanRDD: Reading File path: file:///opt/data_lake/twitter_posts_raw/tweets_2026-02-01.json, range: 0-3511, partition values: [empty row]
[2026-02-12T20:34:35.907+0000] {spark_submit.py:492} INFO - 26/02/12 20:34:35 INFO FileScanRDD: Reading File path: file:///opt/data_lake/twitter_posts_raw/tweets_2026-02-12.json, range: 0-3472, partition values: [empty row]
[2026-02-12T20:34:35.929+0000] {spark_submit.py:492} INFO - 26/02/12 20:34:35 INFO Executor: Finished task 0.0 in stage 0.0 (TID 0). 2649 bytes result sent to driver
[2026-02-12T20:34:35.935+0000] {spark_submit.py:492} INFO - 26/02/12 20:34:35 INFO TaskSetManager: Finished task 0.0 in stage 0.0 (TID 0) in 276 ms on 649004db3ede (executor driver) (1/1)
[2026-02-12T20:34:35.936+0000] {spark_submit.py:492} INFO - 26/02/12 20:34:35 INFO TaskSchedulerImpl: Removed TaskSet 0.0, whose tasks have all completed, from pool
[2026-02-12T20:34:35.940+0000] {spark_submit.py:492} INFO - 26/02/12 20:34:35 INFO DAGScheduler: ResultStage 0 (json at NativeMethodAccessorImpl.java:0) finished in 0.348 s
[2026-02-12T20:34:35.941+0000] {spark_submit.py:492} INFO - 26/02/12 20:34:35 INFO DAGScheduler: Job 0 is finished. Cancelling potential speculative or zombie tasks for this job
[2026-02-12T20:34:35.941+0000] {spark_submit.py:492} INFO - 26/02/12 20:34:35 INFO TaskSchedulerImpl: Killing all running tasks in stage 0: Stage finished
[2026-02-12T20:34:35.943+0000] {spark_submit.py:492} INFO - 26/02/12 20:34:35 INFO DAGScheduler: Job 0 finished: json at NativeMethodAccessorImpl.java:0, took 0.369633 s
[2026-02-12T20:34:36.181+0000] {spark_submit.py:492} INFO - 26/02/12 20:34:36 INFO FileSourceStrategy: Pushed Filters:
[2026-02-12T20:34:36.181+0000] {spark_submit.py:492} INFO - 26/02/12 20:34:36 INFO FileSourceStrategy: Post-Scan Filters:
[2026-02-12T20:34:36.225+0000] {spark_submit.py:492} INFO - 26/02/12 20:34:36 INFO ParquetUtils: Using default output committer for Parquet: org.apache.parquet.hadoop.ParquetOutputCommitter
[2026-02-12T20:34:36.236+0000] {spark_submit.py:492} INFO - 26/02/12 20:34:36 INFO FileOutputCommitter: File Output Committer Algorithm version is 1
[2026-02-12T20:34:36.236+0000] {spark_submit.py:492} INFO - 26/02/12 20:34:36 INFO FileOutputCommitter: FileOutputCommitter skip cleanup _temporary folders under output directory:false, ignore cleanup failures: false
[2026-02-12T20:34:36.236+0000] {spark_submit.py:492} INFO - 26/02/12 20:34:36 INFO SQLHadoopMapReduceCommitProtocol: Using user defined output committer class org.apache.parquet.hadoop.ParquetOutputCommitter
[2026-02-12T20:34:36.237+0000] {spark_submit.py:492} INFO - 26/02/12 20:34:36 INFO FileOutputCommitter: File Output Committer Algorithm version is 1
[2026-02-12T20:34:36.237+0000] {spark_submit.py:492} INFO - 26/02/12 20:34:36 INFO FileOutputCommitter: FileOutputCommitter skip cleanup _temporary folders under output directory:false, ignore cleanup failures: false
[2026-02-12T20:34:36.237+0000] {spark_submit.py:492} INFO - 26/02/12 20:34:36 INFO SQLHadoopMapReduceCommitProtocol: Using output committer class org.apache.parquet.hadoop.ParquetOutputCommitter
[2026-02-12T20:34:36.315+0000] {spark_submit.py:492} INFO - 26/02/12 20:34:36 INFO CodeGenerator: Code generated in 33.063639 ms
[2026-02-12T20:34:36.318+0000] {spark_submit.py:492} INFO - 26/02/12 20:34:36 INFO MemoryStore: Block broadcast_2 stored as values in memory (estimated size 199.1 KiB, free 434.0 MiB)
[2026-02-12T20:34:36.328+0000] {spark_submit.py:492} INFO - 26/02/12 20:34:36 INFO MemoryStore: Block broadcast_2_piece0 stored as bytes in memory (estimated size 34.1 KiB, free 433.9 MiB)
[2026-02-12T20:34:36.330+0000] {spark_submit.py:492} INFO - 26/02/12 20:34:36 INFO BlockManagerInfo: Added broadcast_2_piece0 in memory on 649004db3ede:41105 (size: 34.1 KiB, free: 434.3 MiB)
[2026-02-12T20:34:36.331+0000] {spark_submit.py:492} INFO - 26/02/12 20:34:36 INFO SparkContext: Created broadcast 2 from parquet at NativeMethodAccessorImpl.java:0
[2026-02-12T20:34:36.336+0000] {spark_submit.py:492} INFO - 26/02/12 20:34:36 INFO FileSourceScanExec: Planning scan with bin packing, max size: 50443215 bytes, open cost is considered as scanning 4194304 bytes.
[2026-02-12T20:34:36.386+0000] {spark_submit.py:492} INFO - 26/02/12 20:34:36 INFO SparkContext: Starting job: parquet at NativeMethodAccessorImpl.java:0
[2026-02-12T20:34:36.387+0000] {spark_submit.py:492} INFO - 26/02/12 20:34:36 INFO DAGScheduler: Got job 1 (parquet at NativeMethodAccessorImpl.java:0) with 1 output partitions
[2026-02-12T20:34:36.387+0000] {spark_submit.py:492} INFO - 26/02/12 20:34:36 INFO DAGScheduler: Final stage: ResultStage 1 (parquet at NativeMethodAccessorImpl.java:0)
[2026-02-12T20:34:36.387+0000] {spark_submit.py:492} INFO - 26/02/12 20:34:36 INFO DAGScheduler: Parents of final stage: List()
[2026-02-12T20:34:36.387+0000] {spark_submit.py:492} INFO - 26/02/12 20:34:36 INFO DAGScheduler: Missing parents: List()
[2026-02-12T20:34:36.388+0000] {spark_submit.py:492} INFO - 26/02/12 20:34:36 INFO DAGScheduler: Submitting ResultStage 1 (MapPartitionsRDD[7] at parquet at NativeMethodAccessorImpl.java:0), which has no missing parents
[2026-02-12T20:34:36.415+0000] {spark_submit.py:492} INFO - 26/02/12 20:34:36 INFO MemoryStore: Block broadcast_3 stored as values in memory (estimated size 236.4 KiB, free 433.7 MiB)
[2026-02-12T20:34:36.418+0000] {spark_submit.py:492} INFO - 26/02/12 20:34:36 INFO MemoryStore: Block broadcast_3_piece0 stored as bytes in memory (estimated size 86.4 KiB, free 433.6 MiB)
[2026-02-12T20:34:36.418+0000] {spark_submit.py:492} INFO - 26/02/12 20:34:36 INFO BlockManagerInfo: Added broadcast_3_piece0 in memory on 649004db3ede:41105 (size: 86.4 KiB, free: 434.2 MiB)
[2026-02-12T20:34:36.419+0000] {spark_submit.py:492} INFO - 26/02/12 20:34:36 INFO SparkContext: Created broadcast 3 from broadcast at DAGScheduler.scala:1535
[2026-02-12T20:34:36.420+0000] {spark_submit.py:492} INFO - 26/02/12 20:34:36 INFO DAGScheduler: Submitting 1 missing tasks from ResultStage 1 (MapPartitionsRDD[7] at parquet at NativeMethodAccessorImpl.java:0) (first 15 tasks are for partitions Vector(0))
[2026-02-12T20:34:36.420+0000] {spark_submit.py:492} INFO - 26/02/12 20:34:36 INFO TaskSchedulerImpl: Adding task set 1.0 with 1 tasks resource profile 0
[2026-02-12T20:34:36.422+0000] {spark_submit.py:492} INFO - 26/02/12 20:34:36 INFO TaskSetManager: Starting task 0.0 in stage 1.0 (TID 1) (649004db3ede, executor driver, partition 0, PROCESS_LOCAL, 9196 bytes)
[2026-02-12T20:34:36.422+0000] {spark_submit.py:492} INFO - 26/02/12 20:34:36 INFO Executor: Running task 0.0 in stage 1.0 (TID 1)
[2026-02-12T20:34:36.468+0000] {spark_submit.py:492} INFO - 26/02/12 20:34:36 INFO CodeGenerator: Code generated in 9.167531 ms
[2026-02-12T20:34:36.479+0000] {spark_submit.py:492} INFO - 26/02/12 20:34:36 INFO CodeGenerator: Code generated in 5.929892 ms
[2026-02-12T20:34:36.486+0000] {spark_submit.py:492} INFO - 26/02/12 20:34:36 INFO FileOutputCommitter: File Output Committer Algorithm version is 1
[2026-02-12T20:34:36.486+0000] {spark_submit.py:492} INFO - 26/02/12 20:34:36 INFO FileOutputCommitter: FileOutputCommitter skip cleanup _temporary folders under output directory:false, ignore cleanup failures: false
[2026-02-12T20:34:36.486+0000] {spark_submit.py:492} INFO - 26/02/12 20:34:36 INFO SQLHadoopMapReduceCommitProtocol: Using user defined output committer class org.apache.parquet.hadoop.ParquetOutputCommitter
[2026-02-12T20:34:36.487+0000] {spark_submit.py:492} INFO - 26/02/12 20:34:36 INFO FileOutputCommitter: File Output Committer Algorithm version is 1
[2026-02-12T20:34:36.487+0000] {spark_submit.py:492} INFO - 26/02/12 20:34:36 INFO FileOutputCommitter: FileOutputCommitter skip cleanup _temporary folders under output directory:false, ignore cleanup failures: false
[2026-02-12T20:34:36.487+0000] {spark_submit.py:492} INFO - 26/02/12 20:34:36 INFO SQLHadoopMapReduceCommitProtocol: Using output committer class org.apache.parquet.hadoop.ParquetOutputCommitter
[2026-02-12T20:34:36.510+0000] {spark_submit.py:492} INFO - 26/02/12 20:34:36 INFO CodeGenerator: Code generated in 14.541066 ms
[2026-02-12T20:34:36.511+0000] {spark_submit.py:492} INFO - 26/02/12 20:34:36 INFO FileScanRDD: Reading File path: file:///opt/data_lake/twitter_posts_raw/tweets_2026-02-02.json, range: 0-31150, partition values: [empty row]
[2026-02-12T20:34:36.527+0000] {spark_submit.py:492} INFO - 26/02/12 20:34:36 INFO CodeGenerator: Code generated in 11.433856 ms
[2026-02-12T20:34:36.546+0000] {spark_submit.py:492} INFO - 26/02/12 20:34:36 INFO BlockManagerInfo: Removed broadcast_1_piece0 on 649004db3ede:41105 in memory (size: 7.2 KiB, free: 434.2 MiB)
[2026-02-12T20:34:36.565+0000] {spark_submit.py:492} INFO - 26/02/12 20:34:36 INFO FileScanRDD: Reading File path: file:///opt/data_lake/twitter_posts_raw/tweets_2026-02-06.json, range: 0-17465, partition values: [empty row]
[2026-02-12T20:34:36.574+0000] {spark_submit.py:492} INFO - 26/02/12 20:34:36 INFO FileScanRDD: Reading File path: file:///opt/data_lake/twitter_posts_raw/tweets_2026-02-04.json, range: 0-10266, partition values: [empty row]
[2026-02-12T20:34:36.578+0000] {spark_submit.py:492} INFO - 26/02/12 20:34:36 INFO FileScanRDD: Reading File path: file:///opt/data_lake/twitter_posts_raw/tweets_2026-02-03.json, range: 0-7059, partition values: [empty row]
[2026-02-12T20:34:36.583+0000] {spark_submit.py:492} INFO - 26/02/12 20:34:36 INFO FileScanRDD: Reading File path: file:///opt/data_lake/twitter_posts_raw/tweets_2026-02-09.json, range: 0-6991, partition values: [empty row]
[2026-02-12T20:34:36.586+0000] {spark_submit.py:492} INFO - 26/02/12 20:34:36 INFO FileScanRDD: Reading File path: file:///opt/data_lake/twitter_posts_raw/tweets_2026-02-08.json, range: 0-6983, partition values: [empty row]
[2026-02-12T20:34:36.589+0000] {spark_submit.py:492} INFO - 26/02/12 20:34:36 INFO FileScanRDD: Reading File path: file:///opt/data_lake/twitter_posts_raw/tweets_2026-02-05.json, range: 0-6920, partition values: [empty row]
[2026-02-12T20:34:36.593+0000] {spark_submit.py:492} INFO - 26/02/12 20:34:36 INFO FileScanRDD: Reading File path: file:///opt/data_lake/twitter_posts_raw/tweets_2026-02-07.json, range: 0-6800, partition values: [empty row]
[2026-02-12T20:34:36.596+0000] {spark_submit.py:492} INFO - 26/02/12 20:34:36 INFO FileScanRDD: Reading File path: file:///opt/data_lake/twitter_posts_raw/tweets_2026-02-11.json, range: 0-5524, partition values: [empty row]
[2026-02-12T20:34:36.599+0000] {spark_submit.py:492} INFO - 26/02/12 20:34:36 INFO FileScanRDD: Reading File path: file:///opt/data_lake/twitter_posts_raw/tweets_2026-02-10.json, range: 0-5426, partition values: [empty row]
[2026-02-12T20:34:36.601+0000] {spark_submit.py:492} INFO - 26/02/12 20:34:36 INFO FileScanRDD: Reading File path: file:///opt/data_lake/twitter_posts_raw/tweets_2026-02-01.json, range: 0-3511, partition values: [empty row]
[2026-02-12T20:34:36.603+0000] {spark_submit.py:492} INFO - 26/02/12 20:34:36 INFO FileScanRDD: Reading File path: file:///opt/data_lake/twitter_posts_raw/tweets_2026-02-12.json, range: 0-3472, partition values: [empty row]
[2026-02-12T20:34:36.614+0000] {spark_submit.py:492} INFO - 26/02/12 20:34:36 INFO CodeGenerator: Code generated in 4.383604 ms
[2026-02-12T20:34:36.636+0000] {spark_submit.py:492} INFO - 26/02/12 20:34:36 INFO CodeGenerator: Code generated in 12.89297 ms
[2026-02-12T20:34:36.643+0000] {spark_submit.py:492} INFO - 26/02/12 20:34:36 INFO CodecConfig: Compression: SNAPPY
[2026-02-12T20:34:36.644+0000] {spark_submit.py:492} INFO - 26/02/12 20:34:36 INFO CodecConfig: Compression: SNAPPY
[2026-02-12T20:34:36.654+0000] {spark_submit.py:492} INFO - 26/02/12 20:34:36 INFO ParquetOutputFormat: ParquetRecordWriter [block size: 134217728b, row group padding size: 8388608b, validating: false]
[2026-02-12T20:34:36.671+0000] {spark_submit.py:492} INFO - 26/02/12 20:34:36 INFO ParquetWriteSupport: Initialized Parquet WriteSupport with Catalyst schema:
[2026-02-12T20:34:36.672+0000] {spark_submit.py:492} INFO - {
[2026-02-12T20:34:36.672+0000] {spark_submit.py:492} INFO - "type" : "struct",
[2026-02-12T20:34:36.672+0000] {spark_submit.py:492} INFO - "fields" : [ {
[2026-02-12T20:34:36.672+0000] {spark_submit.py:492} INFO - "name" : "user_id",
[2026-02-12T20:34:36.672+0000] {spark_submit.py:492} INFO - "type" : "string",
[2026-02-12T20:34:36.672+0000] {spark_submit.py:492} INFO - "nullable" : true,
[2026-02-12T20:34:36.672+0000] {spark_submit.py:492} INFO - "metadata" : { }
[2026-02-12T20:34:36.672+0000] {spark_submit.py:492} INFO - }, {
[2026-02-12T20:34:36.673+0000] {spark_submit.py:492} INFO - "name" : "thread_id",
[2026-02-12T20:34:36.673+0000] {spark_submit.py:492} INFO - "type" : "string",
[2026-02-12T20:34:36.673+0000] {spark_submit.py:492} INFO - "nullable" : true,
[2026-02-12T20:34:36.673+0000] {spark_submit.py:492} INFO - "metadata" : { }
[2026-02-12T20:34:36.673+0000] {spark_submit.py:492} INFO - }, {
[2026-02-12T20:34:36.673+0000] {spark_submit.py:492} INFO - "name" : "created_at",
[2026-02-12T20:34:36.673+0000] {spark_submit.py:492} INFO - "type" : "string",
[2026-02-12T20:34:36.673+0000] {spark_submit.py:492} INFO - "nullable" : true,
[2026-02-12T20:34:36.673+0000] {spark_submit.py:492} INFO - "metadata" : { }
[2026-02-12T20:34:36.673+0000] {spark_submit.py:492} INFO - }, {
[2026-02-12T20:34:36.673+0000] {spark_submit.py:492} INFO - "name" : "edit_versions_ids",
[2026-02-12T20:34:36.673+0000] {spark_submit.py:492} INFO - "type" : {
[2026-02-12T20:34:36.673+0000] {spark_submit.py:492} INFO - "type" : "array",
[2026-02-12T20:34:36.674+0000] {spark_submit.py:492} INFO - "elementType" : "long",
[2026-02-12T20:34:36.674+0000] {spark_submit.py:492} INFO - "containsNull" : true
[2026-02-12T20:34:36.674+0000] {spark_submit.py:492} INFO - },
[2026-02-12T20:34:36.674+0000] {spark_submit.py:492} INFO - "nullable" : true,
[2026-02-12T20:34:36.674+0000] {spark_submit.py:492} INFO - "metadata" : { }
[2026-02-12T20:34:36.674+0000] {spark_submit.py:492} INFO - }, {
[2026-02-12T20:34:36.674+0000] {spark_submit.py:492} INFO - "name" : "tweet_id",
[2026-02-12T20:34:36.674+0000] {spark_submit.py:492} INFO - "type" : "string",
[2026-02-12T20:34:36.674+0000] {spark_submit.py:492} INFO - "nullable" : true,
[2026-02-12T20:34:36.674+0000] {spark_submit.py:492} INFO - "metadata" : { }
[2026-02-12T20:34:36.674+0000] {spark_submit.py:492} INFO - }, {
[2026-02-12T20:34:36.674+0000] {spark_submit.py:492} INFO - "name" : "reply_to_user_id",
[2026-02-12T20:34:36.675+0000] {spark_submit.py:492} INFO - "type" : "string",
[2026-02-12T20:34:36.675+0000] {spark_submit.py:492} INFO - "nullable" : true,
[2026-02-12T20:34:36.675+0000] {spark_submit.py:492} INFO - "metadata" : { }
[2026-02-12T20:34:36.675+0000] {spark_submit.py:492} INFO - }, {
[2026-02-12T20:34:36.675+0000] {spark_submit.py:492} INFO - "name" : "language",
[2026-02-12T20:34:36.675+0000] {spark_submit.py:492} INFO - "type" : "string",
[2026-02-12T20:34:36.675+0000] {spark_submit.py:492} INFO - "nullable" : true,
[2026-02-12T20:34:36.675+0000] {spark_submit.py:492} INFO - "metadata" : { }
[2026-02-12T20:34:36.675+0000] {spark_submit.py:492} INFO - }, {
[2026-02-12T20:34:36.675+0000] {spark_submit.py:492} INFO - "name" : "tweet_text",
[2026-02-12T20:34:36.675+0000] {spark_submit.py:492} INFO - "type" : "string",
[2026-02-12T20:34:36.675+0000] {spark_submit.py:492} INFO - "nullable" : true,
[2026-02-12T20:34:36.676+0000] {spark_submit.py:492} INFO - "metadata" : { }
[2026-02-12T20:34:36.676+0000] {spark_submit.py:492} INFO - }, {
[2026-02-12T20:34:36.676+0000] {spark_submit.py:492} INFO - "name" : "likes",
[2026-02-12T20:34:36.676+0000] {spark_submit.py:492} INFO - "type" : "long",
[2026-02-12T20:34:36.676+0000] {spark_submit.py:492} INFO - "nullable" : true,
[2026-02-12T20:34:36.676+0000] {spark_submit.py:492} INFO - "metadata" : { }
[2026-02-12T20:34:36.676+0000] {spark_submit.py:492} INFO - }, {
[2026-02-12T20:34:36.676+0000] {spark_submit.py:492} INFO - "name" : "quotes",
[2026-02-12T20:34:36.677+0000] {spark_submit.py:492} INFO - "type" : "long",
[2026-02-12T20:34:36.677+0000] {spark_submit.py:492} INFO - "nullable" : true,
[2026-02-12T20:34:36.677+0000] {spark_submit.py:492} INFO - "metadata" : { }
[2026-02-12T20:34:36.677+0000] {spark_submit.py:492} INFO - }, {
[2026-02-12T20:34:36.677+0000] {spark_submit.py:492} INFO - "name" : "replies",
[2026-02-12T20:34:36.677+0000] {spark_submit.py:492} INFO - "type" : "long",
[2026-02-12T20:34:36.677+0000] {spark_submit.py:492} INFO - "nullable" : true,
[2026-02-12T20:34:36.678+0000] {spark_submit.py:492} INFO - "metadata" : { }
[2026-02-12T20:34:36.678+0000] {spark_submit.py:492} INFO - }, {
[2026-02-12T20:34:36.678+0000] {spark_submit.py:492} INFO - "name" : "retweets",
[2026-02-12T20:34:36.678+0000] {spark_submit.py:492} INFO - "type" : "long",
[2026-02-12T20:34:36.678+0000] {spark_submit.py:492} INFO - "nullable" : true,
[2026-02-12T20:34:36.678+0000] {spark_submit.py:492} INFO - "metadata" : { }
[2026-02-12T20:34:36.678+0000] {spark_submit.py:492} INFO - }, {
[2026-02-12T20:34:36.678+0000] {spark_submit.py:492} INFO - "name" : "processing_date",
[2026-02-12T20:34:36.678+0000] {spark_submit.py:492} INFO - "type" : "date",
[2026-02-12T20:34:36.678+0000] {spark_submit.py:492} INFO - "nullable" : false,
[2026-02-12T20:34:36.678+0000] {spark_submit.py:492} INFO - "metadata" : { }
[2026-02-12T20:34:36.679+0000] {spark_submit.py:492} INFO - } ]
[2026-02-12T20:34:36.679+0000] {spark_submit.py:492} INFO - }
[2026-02-12T20:34:36.679+0000] {spark_submit.py:492} INFO - and corresponding Parquet message type:
[2026-02-12T20:34:36.679+0000] {spark_submit.py:492} INFO - message spark_schema {
[2026-02-12T20:34:36.679+0000] {spark_submit.py:492} INFO - optional binary user_id (STRING);
[2026-02-12T20:34:36.679+0000] {spark_submit.py:492} INFO - optional binary thread_id (STRING);
[2026-02-12T20:34:36.679+0000] {spark_submit.py:492} INFO - optional binary created_at (STRING);
[2026-02-12T20:34:36.679+0000] {spark_submit.py:492} INFO - optional group edit_versions_ids (LIST) {
[2026-02-12T20:34:36.679+0000] {spark_submit.py:492} INFO - repeated group list {
[2026-02-12T20:34:36.679+0000] {spark_submit.py:492} INFO - optional int64 element;
[2026-02-12T20:34:36.680+0000] {spark_submit.py:492} INFO - }
[2026-02-12T20:34:36.680+0000] {spark_submit.py:492} INFO - }
[2026-02-12T20:34:36.680+0000] {spark_submit.py:492} INFO - optional binary tweet_id (STRING);
[2026-02-12T20:34:36.680+0000] {spark_submit.py:492} INFO - optional binary reply_to_user_id (STRING);
[2026-02-12T20:34:36.680+0000] {spark_submit.py:492} INFO - optional binary language (STRING);
[2026-02-12T20:34:36.680+0000] {spark_submit.py:492} INFO - optional binary tweet_text (STRING);
[2026-02-12T20:34:36.680+0000] {spark_submit.py:492} INFO - optional int64 likes;
[2026-02-12T20:34:36.680+0000] {spark_submit.py:492} INFO - optional int64 quotes;
[2026-02-12T20:34:36.680+0000] {spark_submit.py:492} INFO - optional int64 replies;
[2026-02-12T20:34:36.681+0000] {spark_submit.py:492} INFO - optional int64 retweets;
[2026-02-12T20:34:36.681+0000] {spark_submit.py:492} INFO - required int32 processing_date (DATE);
[2026-02-12T20:34:36.681+0000] {spark_submit.py:492} INFO - }
[2026-02-12T20:34:36.681+0000] {spark_submit.py:492} INFO - 
[2026-02-12T20:34:36.681+0000] {spark_submit.py:492} INFO - 
[2026-02-12T20:34:36.713+0000] {spark_submit.py:492} INFO - 26/02/12 20:34:36 INFO CodecPool: Got brand-new compressor [.snappy]
[2026-02-12T20:34:36.969+0000] {spark_submit.py:492} INFO - 26/02/12 20:34:36 INFO CodecConfig: Compression: SNAPPY
[2026-02-12T20:34:36.969+0000] {spark_submit.py:492} INFO - 26/02/12 20:34:36 INFO CodecConfig: Compression: SNAPPY
[2026-02-12T20:34:36.970+0000] {spark_submit.py:492} INFO - 26/02/12 20:34:36 INFO ParquetOutputFormat: ParquetRecordWriter [block size: 134217728b, row group padding size: 8388608b, validating: false]
[2026-02-12T20:34:36.973+0000] {spark_submit.py:492} INFO - 26/02/12 20:34:36 INFO ParquetWriteSupport: Initialized Parquet WriteSupport with Catalyst schema:
[2026-02-12T20:34:36.973+0000] {spark_submit.py:492} INFO - {
[2026-02-12T20:34:36.973+0000] {spark_submit.py:492} INFO - "type" : "struct",
[2026-02-12T20:34:36.973+0000] {spark_submit.py:492} INFO - "fields" : [ {
[2026-02-12T20:34:36.973+0000] {spark_submit.py:492} INFO - "name" : "user_id",
[2026-02-12T20:34:36.973+0000] {spark_submit.py:492} INFO - "type" : "string",
[2026-02-12T20:34:36.973+0000] {spark_submit.py:492} INFO - "nullable" : true,
[2026-02-12T20:34:36.973+0000] {spark_submit.py:492} INFO - "metadata" : { }
[2026-02-12T20:34:36.974+0000] {spark_submit.py:492} INFO - }, {
[2026-02-12T20:34:36.974+0000] {spark_submit.py:492} INFO - "name" : "thread_id",
[2026-02-12T20:34:36.974+0000] {spark_submit.py:492} INFO - "type" : "string",
[2026-02-12T20:34:36.974+0000] {spark_submit.py:492} INFO - "nullable" : true,
[2026-02-12T20:34:36.974+0000] {spark_submit.py:492} INFO - "metadata" : { }
[2026-02-12T20:34:36.974+0000] {spark_submit.py:492} INFO - }, {
[2026-02-12T20:34:36.974+0000] {spark_submit.py:492} INFO - "name" : "created_at",
[2026-02-12T20:34:36.974+0000] {spark_submit.py:492} INFO - "type" : "string",
[2026-02-12T20:34:36.974+0000] {spark_submit.py:492} INFO - "nullable" : true,
[2026-02-12T20:34:36.974+0000] {spark_submit.py:492} INFO - "metadata" : { }
[2026-02-12T20:34:36.975+0000] {spark_submit.py:492} INFO - }, {
[2026-02-12T20:34:36.975+0000] {spark_submit.py:492} INFO - "name" : "edit_versions_ids",
[2026-02-12T20:34:36.975+0000] {spark_submit.py:492} INFO - "type" : {
[2026-02-12T20:34:36.975+0000] {spark_submit.py:492} INFO - "type" : "array",
[2026-02-12T20:34:36.975+0000] {spark_submit.py:492} INFO - "elementType" : "long",
[2026-02-12T20:34:36.975+0000] {spark_submit.py:492} INFO - "containsNull" : true
[2026-02-12T20:34:36.975+0000] {spark_submit.py:492} INFO - },
[2026-02-12T20:34:36.975+0000] {spark_submit.py:492} INFO - "nullable" : true,
[2026-02-12T20:34:36.975+0000] {spark_submit.py:492} INFO - "metadata" : { }
[2026-02-12T20:34:36.975+0000] {spark_submit.py:492} INFO - }, {
[2026-02-12T20:34:36.976+0000] {spark_submit.py:492} INFO - "name" : "tweet_id",
[2026-02-12T20:34:36.976+0000] {spark_submit.py:492} INFO - "type" : "string",
[2026-02-12T20:34:36.976+0000] {spark_submit.py:492} INFO - "nullable" : true,
[2026-02-12T20:34:36.976+0000] {spark_submit.py:492} INFO - "metadata" : { }
[2026-02-12T20:34:36.976+0000] {spark_submit.py:492} INFO - }, {
[2026-02-12T20:34:36.976+0000] {spark_submit.py:492} INFO - "name" : "reply_to_user_id",
[2026-02-12T20:34:36.976+0000] {spark_submit.py:492} INFO - "type" : "string",
[2026-02-12T20:34:36.976+0000] {spark_submit.py:492} INFO - "nullable" : true,
[2026-02-12T20:34:36.976+0000] {spark_submit.py:492} INFO - "metadata" : { }
[2026-02-12T20:34:36.977+0000] {spark_submit.py:492} INFO - }, {
[2026-02-12T20:34:36.977+0000] {spark_submit.py:492} INFO - "name" : "language",
[2026-02-12T20:34:36.977+0000] {spark_submit.py:492} INFO - "type" : "string",
[2026-02-12T20:34:36.977+0000] {spark_submit.py:492} INFO - "nullable" : true,
[2026-02-12T20:34:36.977+0000] {spark_submit.py:492} INFO - "metadata" : { }
[2026-02-12T20:34:36.977+0000] {spark_submit.py:492} INFO - }, {
[2026-02-12T20:34:36.977+0000] {spark_submit.py:492} INFO - "name" : "tweet_text",
[2026-02-12T20:34:36.977+0000] {spark_submit.py:492} INFO - "type" : "string",
[2026-02-12T20:34:36.977+0000] {spark_submit.py:492} INFO - "nullable" : true,
[2026-02-12T20:34:36.977+0000] {spark_submit.py:492} INFO - "metadata" : { }
[2026-02-12T20:34:36.978+0000] {spark_submit.py:492} INFO - }, {
[2026-02-12T20:34:36.978+0000] {spark_submit.py:492} INFO - "name" : "likes",
[2026-02-12T20:34:36.978+0000] {spark_submit.py:492} INFO - "type" : "long",
[2026-02-12T20:34:36.978+0000] {spark_submit.py:492} INFO - "nullable" : true,
[2026-02-12T20:34:36.978+0000] {spark_submit.py:492} INFO - "metadata" : { }
[2026-02-12T20:34:36.978+0000] {spark_submit.py:492} INFO - }, {
[2026-02-12T20:34:36.978+0000] {spark_submit.py:492} INFO - "name" : "quotes",
[2026-02-12T20:34:36.978+0000] {spark_submit.py:492} INFO - "type" : "long",
[2026-02-12T20:34:36.978+0000] {spark_submit.py:492} INFO - "nullable" : true,
[2026-02-12T20:34:36.979+0000] {spark_submit.py:492} INFO - "metadata" : { }
[2026-02-12T20:34:36.979+0000] {spark_submit.py:492} INFO - }, {
[2026-02-12T20:34:36.979+0000] {spark_submit.py:492} INFO - "name" : "replies",
[2026-02-12T20:34:36.979+0000] {spark_submit.py:492} INFO - "type" : "long",
[2026-02-12T20:34:36.979+0000] {spark_submit.py:492} INFO - "nullable" : true,
[2026-02-12T20:34:36.979+0000] {spark_submit.py:492} INFO - "metadata" : { }
[2026-02-12T20:34:36.979+0000] {spark_submit.py:492} INFO - }, {
[2026-02-12T20:34:36.979+0000] {spark_submit.py:492} INFO - "name" : "retweets",
[2026-02-12T20:34:36.979+0000] {spark_submit.py:492} INFO - "type" : "long",
[2026-02-12T20:34:36.979+0000] {spark_submit.py:492} INFO - "nullable" : true,
[2026-02-12T20:34:36.980+0000] {spark_submit.py:492} INFO - "metadata" : { }
[2026-02-12T20:34:36.980+0000] {spark_submit.py:492} INFO - }, {
[2026-02-12T20:34:36.980+0000] {spark_submit.py:492} INFO - "name" : "processing_date",
[2026-02-12T20:34:36.980+0000] {spark_submit.py:492} INFO - "type" : "date",
[2026-02-12T20:34:36.980+0000] {spark_submit.py:492} INFO - "nullable" : false,
[2026-02-12T20:34:36.980+0000] {spark_submit.py:492} INFO - "metadata" : { }
[2026-02-12T20:34:36.980+0000] {spark_submit.py:492} INFO - } ]
[2026-02-12T20:34:36.980+0000] {spark_submit.py:492} INFO - }
[2026-02-12T20:34:36.980+0000] {spark_submit.py:492} INFO - and corresponding Parquet message type:
[2026-02-12T20:34:36.981+0000] {spark_submit.py:492} INFO - message spark_schema {
[2026-02-12T20:34:36.981+0000] {spark_submit.py:492} INFO - optional binary user_id (STRING);
[2026-02-12T20:34:36.981+0000] {spark_submit.py:492} INFO - optional binary thread_id (STRING);
[2026-02-12T20:34:36.981+0000] {spark_submit.py:492} INFO - optional binary created_at (STRING);
[2026-02-12T20:34:36.981+0000] {spark_submit.py:492} INFO - optional group edit_versions_ids (LIST) {
[2026-02-12T20:34:36.981+0000] {spark_submit.py:492} INFO - repeated group list {
[2026-02-12T20:34:36.981+0000] {spark_submit.py:492} INFO - optional int64 element;
[2026-02-12T20:34:36.981+0000] {spark_submit.py:492} INFO - }
[2026-02-12T20:34:36.981+0000] {spark_submit.py:492} INFO - }
[2026-02-12T20:34:36.981+0000] {spark_submit.py:492} INFO - optional binary tweet_id (STRING);
[2026-02-12T20:34:36.981+0000] {spark_submit.py:492} INFO - optional binary reply_to_user_id (STRING);
[2026-02-12T20:34:36.982+0000] {spark_submit.py:492} INFO - optional binary language (STRING);
[2026-02-12T20:34:36.982+0000] {spark_submit.py:492} INFO - optional binary tweet_text (STRING);
[2026-02-12T20:34:36.982+0000] {spark_submit.py:492} INFO - optional int64 likes;
[2026-02-12T20:34:36.982+0000] {spark_submit.py:492} INFO - optional int64 quotes;
[2026-02-12T20:34:36.982+0000] {spark_submit.py:492} INFO - optional int64 replies;
[2026-02-12T20:34:36.982+0000] {spark_submit.py:492} INFO - optional int64 retweets;
[2026-02-12T20:34:36.982+0000] {spark_submit.py:492} INFO - required int32 processing_date (DATE);
[2026-02-12T20:34:36.982+0000] {spark_submit.py:492} INFO - }
[2026-02-12T20:34:36.982+0000] {spark_submit.py:492} INFO - 
[2026-02-12T20:34:36.983+0000] {spark_submit.py:492} INFO - 
[2026-02-12T20:34:37.012+0000] {spark_submit.py:492} INFO - 26/02/12 20:34:37 INFO CodecConfig: Compression: SNAPPY
[2026-02-12T20:34:37.012+0000] {spark_submit.py:492} INFO - 26/02/12 20:34:37 INFO CodecConfig: Compression: SNAPPY
[2026-02-12T20:34:37.013+0000] {spark_submit.py:492} INFO - 26/02/12 20:34:37 INFO ParquetOutputFormat: ParquetRecordWriter [block size: 134217728b, row group padding size: 8388608b, validating: false]
[2026-02-12T20:34:37.015+0000] {spark_submit.py:492} INFO - 26/02/12 20:34:37 INFO ParquetWriteSupport: Initialized Parquet WriteSupport with Catalyst schema:
[2026-02-12T20:34:37.015+0000] {spark_submit.py:492} INFO - {
[2026-02-12T20:34:37.015+0000] {spark_submit.py:492} INFO - "type" : "struct",
[2026-02-12T20:34:37.015+0000] {spark_submit.py:492} INFO - "fields" : [ {
[2026-02-12T20:34:37.015+0000] {spark_submit.py:492} INFO - "name" : "user_id",
[2026-02-12T20:34:37.015+0000] {spark_submit.py:492} INFO - "type" : "string",
[2026-02-12T20:34:37.015+0000] {spark_submit.py:492} INFO - "nullable" : true,
[2026-02-12T20:34:37.015+0000] {spark_submit.py:492} INFO - "metadata" : { }
[2026-02-12T20:34:37.015+0000] {spark_submit.py:492} INFO - }, {
[2026-02-12T20:34:37.016+0000] {spark_submit.py:492} INFO - "name" : "thread_id",
[2026-02-12T20:34:37.016+0000] {spark_submit.py:492} INFO - "type" : "string",
[2026-02-12T20:34:37.016+0000] {spark_submit.py:492} INFO - "nullable" : true,
[2026-02-12T20:34:37.016+0000] {spark_submit.py:492} INFO - "metadata" : { }
[2026-02-12T20:34:37.016+0000] {spark_submit.py:492} INFO - }, {
[2026-02-12T20:34:37.016+0000] {spark_submit.py:492} INFO - "name" : "created_at",
[2026-02-12T20:34:37.016+0000] {spark_submit.py:492} INFO - "type" : "string",
[2026-02-12T20:34:37.017+0000] {spark_submit.py:492} INFO - "nullable" : true,
[2026-02-12T20:34:37.017+0000] {spark_submit.py:492} INFO - "metadata" : { }
[2026-02-12T20:34:37.017+0000] {spark_submit.py:492} INFO - }, {
[2026-02-12T20:34:37.017+0000] {spark_submit.py:492} INFO - "name" : "edit_versions_ids",
[2026-02-12T20:34:37.017+0000] {spark_submit.py:492} INFO - "type" : {
[2026-02-12T20:34:37.017+0000] {spark_submit.py:492} INFO - "type" : "array",
[2026-02-12T20:34:37.017+0000] {spark_submit.py:492} INFO - "elementType" : "long",
[2026-02-12T20:34:37.017+0000] {spark_submit.py:492} INFO - "containsNull" : true
[2026-02-12T20:34:37.017+0000] {spark_submit.py:492} INFO - },
[2026-02-12T20:34:37.017+0000] {spark_submit.py:492} INFO - "nullable" : true,
[2026-02-12T20:34:37.017+0000] {spark_submit.py:492} INFO - "metadata" : { }
[2026-02-12T20:34:37.017+0000] {spark_submit.py:492} INFO - }, {
[2026-02-12T20:34:37.017+0000] {spark_submit.py:492} INFO - "name" : "tweet_id",
[2026-02-12T20:34:37.017+0000] {spark_submit.py:492} INFO - "type" : "string",
[2026-02-12T20:34:37.018+0000] {spark_submit.py:492} INFO - "nullable" : true,
[2026-02-12T20:34:37.018+0000] {spark_submit.py:492} INFO - "metadata" : { }
[2026-02-12T20:34:37.018+0000] {spark_submit.py:492} INFO - }, {
[2026-02-12T20:34:37.018+0000] {spark_submit.py:492} INFO - "name" : "reply_to_user_id",
[2026-02-12T20:34:37.018+0000] {spark_submit.py:492} INFO - "type" : "string",
[2026-02-12T20:34:37.018+0000] {spark_submit.py:492} INFO - "nullable" : true,
[2026-02-12T20:34:37.018+0000] {spark_submit.py:492} INFO - "metadata" : { }
[2026-02-12T20:34:37.018+0000] {spark_submit.py:492} INFO - }, {
[2026-02-12T20:34:37.018+0000] {spark_submit.py:492} INFO - "name" : "language",
[2026-02-12T20:34:37.018+0000] {spark_submit.py:492} INFO - "type" : "string",
[2026-02-12T20:34:37.018+0000] {spark_submit.py:492} INFO - "nullable" : true,
[2026-02-12T20:34:37.019+0000] {spark_submit.py:492} INFO - "metadata" : { }
[2026-02-12T20:34:37.019+0000] {spark_submit.py:492} INFO - }, {
[2026-02-12T20:34:37.019+0000] {spark_submit.py:492} INFO - "name" : "tweet_text",
[2026-02-12T20:34:37.019+0000] {spark_submit.py:492} INFO - "type" : "string",
[2026-02-12T20:34:37.019+0000] {spark_submit.py:492} INFO - "nullable" : true,
[2026-02-12T20:34:37.019+0000] {spark_submit.py:492} INFO - "metadata" : { }
[2026-02-12T20:34:37.019+0000] {spark_submit.py:492} INFO - }, {
[2026-02-12T20:34:37.019+0000] {spark_submit.py:492} INFO - "name" : "likes",
[2026-02-12T20:34:37.019+0000] {spark_submit.py:492} INFO - "type" : "long",
[2026-02-12T20:34:37.019+0000] {spark_submit.py:492} INFO - "nullable" : true,
[2026-02-12T20:34:37.020+0000] {spark_submit.py:492} INFO - "metadata" : { }
[2026-02-12T20:34:37.020+0000] {spark_submit.py:492} INFO - }, {
[2026-02-12T20:34:37.020+0000] {spark_submit.py:492} INFO - "name" : "quotes",
[2026-02-12T20:34:37.020+0000] {spark_submit.py:492} INFO - "type" : "long",
[2026-02-12T20:34:37.020+0000] {spark_submit.py:492} INFO - "nullable" : true,
[2026-02-12T20:34:37.020+0000] {spark_submit.py:492} INFO - "metadata" : { }
[2026-02-12T20:34:37.020+0000] {spark_submit.py:492} INFO - }, {
[2026-02-12T20:34:37.020+0000] {spark_submit.py:492} INFO - "name" : "replies",
[2026-02-12T20:34:37.020+0000] {spark_submit.py:492} INFO - "type" : "long",
[2026-02-12T20:34:37.020+0000] {spark_submit.py:492} INFO - "nullable" : true,
[2026-02-12T20:34:37.020+0000] {spark_submit.py:492} INFO - "metadata" : { }
[2026-02-12T20:34:37.021+0000] {spark_submit.py:492} INFO - }, {
[2026-02-12T20:34:37.021+0000] {spark_submit.py:492} INFO - "name" : "retweets",
[2026-02-12T20:34:37.021+0000] {spark_submit.py:492} INFO - "type" : "long",
[2026-02-12T20:34:37.021+0000] {spark_submit.py:492} INFO - "nullable" : true,
[2026-02-12T20:34:37.021+0000] {spark_submit.py:492} INFO - "metadata" : { }
[2026-02-12T20:34:37.021+0000] {spark_submit.py:492} INFO - }, {
[2026-02-12T20:34:37.021+0000] {spark_submit.py:492} INFO - "name" : "processing_date",
[2026-02-12T20:34:37.021+0000] {spark_submit.py:492} INFO - "type" : "date",
[2026-02-12T20:34:37.021+0000] {spark_submit.py:492} INFO - "nullable" : false,
[2026-02-12T20:34:37.021+0000] {spark_submit.py:492} INFO - "metadata" : { }
[2026-02-12T20:34:37.021+0000] {spark_submit.py:492} INFO - } ]
[2026-02-12T20:34:37.021+0000] {spark_submit.py:492} INFO - }
[2026-02-12T20:34:37.021+0000] {spark_submit.py:492} INFO - and corresponding Parquet message type:
[2026-02-12T20:34:37.021+0000] {spark_submit.py:492} INFO - message spark_schema {
[2026-02-12T20:34:37.022+0000] {spark_submit.py:492} INFO - optional binary user_id (STRING);
[2026-02-12T20:34:37.022+0000] {spark_submit.py:492} INFO - optional binary thread_id (STRING);
[2026-02-12T20:34:37.022+0000] {spark_submit.py:492} INFO - optional binary created_at (STRING);
[2026-02-12T20:34:37.022+0000] {spark_submit.py:492} INFO - optional group edit_versions_ids (LIST) {
[2026-02-12T20:34:37.022+0000] {spark_submit.py:492} INFO - repeated group list {
[2026-02-12T20:34:37.022+0000] {spark_submit.py:492} INFO - optional int64 element;
[2026-02-12T20:34:37.022+0000] {spark_submit.py:492} INFO - }
[2026-02-12T20:34:37.022+0000] {spark_submit.py:492} INFO - }
[2026-02-12T20:34:37.022+0000] {spark_submit.py:492} INFO - optional binary tweet_id (STRING);
[2026-02-12T20:34:37.022+0000] {spark_submit.py:492} INFO - optional binary reply_to_user_id (STRING);
[2026-02-12T20:34:37.022+0000] {spark_submit.py:492} INFO - optional binary language (STRING);
[2026-02-12T20:34:37.023+0000] {spark_submit.py:492} INFO - optional binary tweet_text (STRING);
[2026-02-12T20:34:37.023+0000] {spark_submit.py:492} INFO - optional int64 likes;
[2026-02-12T20:34:37.023+0000] {spark_submit.py:492} INFO - optional int64 quotes;
[2026-02-12T20:34:37.023+0000] {spark_submit.py:492} INFO - optional int64 replies;
[2026-02-12T20:34:37.023+0000] {spark_submit.py:492} INFO - optional int64 retweets;
[2026-02-12T20:34:37.023+0000] {spark_submit.py:492} INFO - required int32 processing_date (DATE);
[2026-02-12T20:34:37.023+0000] {spark_submit.py:492} INFO - }
[2026-02-12T20:34:37.023+0000] {spark_submit.py:492} INFO - 
[2026-02-12T20:34:37.023+0000] {spark_submit.py:492} INFO - 
[2026-02-12T20:34:37.041+0000] {spark_submit.py:492} INFO - 26/02/12 20:34:37 INFO CodecConfig: Compression: SNAPPY
[2026-02-12T20:34:37.041+0000] {spark_submit.py:492} INFO - 26/02/12 20:34:37 INFO CodecConfig: Compression: SNAPPY
[2026-02-12T20:34:37.042+0000] {spark_submit.py:492} INFO - 26/02/12 20:34:37 INFO ParquetOutputFormat: ParquetRecordWriter [block size: 134217728b, row group padding size: 8388608b, validating: false]
[2026-02-12T20:34:37.044+0000] {spark_submit.py:492} INFO - 26/02/12 20:34:37 INFO ParquetWriteSupport: Initialized Parquet WriteSupport with Catalyst schema:
[2026-02-12T20:34:37.044+0000] {spark_submit.py:492} INFO - {
[2026-02-12T20:34:37.044+0000] {spark_submit.py:492} INFO - "type" : "struct",
[2026-02-12T20:34:37.045+0000] {spark_submit.py:492} INFO - "fields" : [ {
[2026-02-12T20:34:37.045+0000] {spark_submit.py:492} INFO - "name" : "user_id",
[2026-02-12T20:34:37.045+0000] {spark_submit.py:492} INFO - "type" : "string",
[2026-02-12T20:34:37.045+0000] {spark_submit.py:492} INFO - "nullable" : true,
[2026-02-12T20:34:37.045+0000] {spark_submit.py:492} INFO - "metadata" : { }
[2026-02-12T20:34:37.045+0000] {spark_submit.py:492} INFO - }, {
[2026-02-12T20:34:37.045+0000] {spark_submit.py:492} INFO - "name" : "thread_id",
[2026-02-12T20:34:37.045+0000] {spark_submit.py:492} INFO - "type" : "string",
[2026-02-12T20:34:37.045+0000] {spark_submit.py:492} INFO - "nullable" : true,
[2026-02-12T20:34:37.045+0000] {spark_submit.py:492} INFO - "metadata" : { }
[2026-02-12T20:34:37.045+0000] {spark_submit.py:492} INFO - }, {
[2026-02-12T20:34:37.046+0000] {spark_submit.py:492} INFO - "name" : "created_at",
[2026-02-12T20:34:37.046+0000] {spark_submit.py:492} INFO - "type" : "string",
[2026-02-12T20:34:37.046+0000] {spark_submit.py:492} INFO - "nullable" : true,
[2026-02-12T20:34:37.046+0000] {spark_submit.py:492} INFO - "metadata" : { }
[2026-02-12T20:34:37.046+0000] {spark_submit.py:492} INFO - }, {
[2026-02-12T20:34:37.046+0000] {spark_submit.py:492} INFO - "name" : "edit_versions_ids",
[2026-02-12T20:34:37.046+0000] {spark_submit.py:492} INFO - "type" : {
[2026-02-12T20:34:37.046+0000] {spark_submit.py:492} INFO - "type" : "array",
[2026-02-12T20:34:37.046+0000] {spark_submit.py:492} INFO - "elementType" : "long",
[2026-02-12T20:34:37.046+0000] {spark_submit.py:492} INFO - "containsNull" : true
[2026-02-12T20:34:37.046+0000] {spark_submit.py:492} INFO - },
[2026-02-12T20:34:37.046+0000] {spark_submit.py:492} INFO - "nullable" : true,
[2026-02-12T20:34:37.046+0000] {spark_submit.py:492} INFO - "metadata" : { }
[2026-02-12T20:34:37.047+0000] {spark_submit.py:492} INFO - }, {
[2026-02-12T20:34:37.047+0000] {spark_submit.py:492} INFO - "name" : "tweet_id",
[2026-02-12T20:34:37.047+0000] {spark_submit.py:492} INFO - "type" : "string",
[2026-02-12T20:34:37.047+0000] {spark_submit.py:492} INFO - "nullable" : true,
[2026-02-12T20:34:37.047+0000] {spark_submit.py:492} INFO - "metadata" : { }
[2026-02-12T20:34:37.047+0000] {spark_submit.py:492} INFO - }, {
[2026-02-12T20:34:37.047+0000] {spark_submit.py:492} INFO - "name" : "reply_to_user_id",
[2026-02-12T20:34:37.047+0000] {spark_submit.py:492} INFO - "type" : "string",
[2026-02-12T20:34:37.047+0000] {spark_submit.py:492} INFO - "nullable" : true,
[2026-02-12T20:34:37.047+0000] {spark_submit.py:492} INFO - "metadata" : { }
[2026-02-12T20:34:37.047+0000] {spark_submit.py:492} INFO - }, {
[2026-02-12T20:34:37.047+0000] {spark_submit.py:492} INFO - "name" : "language",
[2026-02-12T20:34:37.047+0000] {spark_submit.py:492} INFO - "type" : "string",
[2026-02-12T20:34:37.048+0000] {spark_submit.py:492} INFO - "nullable" : true,
[2026-02-12T20:34:37.048+0000] {spark_submit.py:492} INFO - "metadata" : { }
[2026-02-12T20:34:37.048+0000] {spark_submit.py:492} INFO - }, {
[2026-02-12T20:34:37.048+0000] {spark_submit.py:492} INFO - "name" : "tweet_text",
[2026-02-12T20:34:37.048+0000] {spark_submit.py:492} INFO - "type" : "string",
[2026-02-12T20:34:37.048+0000] {spark_submit.py:492} INFO - "nullable" : true,
[2026-02-12T20:34:37.048+0000] {spark_submit.py:492} INFO - "metadata" : { }
[2026-02-12T20:34:37.049+0000] {spark_submit.py:492} INFO - }, {
[2026-02-12T20:34:37.049+0000] {spark_submit.py:492} INFO - "name" : "likes",
[2026-02-12T20:34:37.049+0000] {spark_submit.py:492} INFO - "type" : "long",
[2026-02-12T20:34:37.049+0000] {spark_submit.py:492} INFO - "nullable" : true,
[2026-02-12T20:34:37.049+0000] {spark_submit.py:492} INFO - "metadata" : { }
[2026-02-12T20:34:37.049+0000] {spark_submit.py:492} INFO - }, {
[2026-02-12T20:34:37.049+0000] {spark_submit.py:492} INFO - "name" : "quotes",
[2026-02-12T20:34:37.050+0000] {spark_submit.py:492} INFO - "type" : "long",
[2026-02-12T20:34:37.050+0000] {spark_submit.py:492} INFO - "nullable" : true,
[2026-02-12T20:34:37.050+0000] {spark_submit.py:492} INFO - "metadata" : { }
[2026-02-12T20:34:37.050+0000] {spark_submit.py:492} INFO - }, {
[2026-02-12T20:34:37.050+0000] {spark_submit.py:492} INFO - "name" : "replies",
[2026-02-12T20:34:37.050+0000] {spark_submit.py:492} INFO - "type" : "long",
[2026-02-12T20:34:37.050+0000] {spark_submit.py:492} INFO - "nullable" : true,
[2026-02-12T20:34:37.050+0000] {spark_submit.py:492} INFO - "metadata" : { }
[2026-02-12T20:34:37.050+0000] {spark_submit.py:492} INFO - }, {
[2026-02-12T20:34:37.051+0000] {spark_submit.py:492} INFO - "name" : "retweets",
[2026-02-12T20:34:37.051+0000] {spark_submit.py:492} INFO - "type" : "long",
[2026-02-12T20:34:37.051+0000] {spark_submit.py:492} INFO - "nullable" : true,
[2026-02-12T20:34:37.051+0000] {spark_submit.py:492} INFO - "metadata" : { }
[2026-02-12T20:34:37.051+0000] {spark_submit.py:492} INFO - }, {
[2026-02-12T20:34:37.051+0000] {spark_submit.py:492} INFO - "name" : "processing_date",
[2026-02-12T20:34:37.052+0000] {spark_submit.py:492} INFO - "type" : "date",
[2026-02-12T20:34:37.052+0000] {spark_submit.py:492} INFO - "nullable" : false,
[2026-02-12T20:34:37.052+0000] {spark_submit.py:492} INFO - "metadata" : { }
[2026-02-12T20:34:37.052+0000] {spark_submit.py:492} INFO - } ]
[2026-02-12T20:34:37.052+0000] {spark_submit.py:492} INFO - }
[2026-02-12T20:34:37.052+0000] {spark_submit.py:492} INFO - and corresponding Parquet message type:
[2026-02-12T20:34:37.052+0000] {spark_submit.py:492} INFO - message spark_schema {
[2026-02-12T20:34:37.053+0000] {spark_submit.py:492} INFO - optional binary user_id (STRING);
[2026-02-12T20:34:37.053+0000] {spark_submit.py:492} INFO - optional binary thread_id (STRING);
[2026-02-12T20:34:37.053+0000] {spark_submit.py:492} INFO - optional binary created_at (STRING);
[2026-02-12T20:34:37.053+0000] {spark_submit.py:492} INFO - optional group edit_versions_ids (LIST) {
[2026-02-12T20:34:37.053+0000] {spark_submit.py:492} INFO - repeated group list {
[2026-02-12T20:34:37.053+0000] {spark_submit.py:492} INFO - optional int64 element;
[2026-02-12T20:34:37.053+0000] {spark_submit.py:492} INFO - }
[2026-02-12T20:34:37.053+0000] {spark_submit.py:492} INFO - }
[2026-02-12T20:34:37.053+0000] {spark_submit.py:492} INFO - optional binary tweet_id (STRING);
[2026-02-12T20:34:37.053+0000] {spark_submit.py:492} INFO - optional binary reply_to_user_id (STRING);
[2026-02-12T20:34:37.053+0000] {spark_submit.py:492} INFO - optional binary language (STRING);
[2026-02-12T20:34:37.054+0000] {spark_submit.py:492} INFO - optional binary tweet_text (STRING);
[2026-02-12T20:34:37.054+0000] {spark_submit.py:492} INFO - optional int64 likes;
[2026-02-12T20:34:37.054+0000] {spark_submit.py:492} INFO - optional int64 quotes;
[2026-02-12T20:34:37.054+0000] {spark_submit.py:492} INFO - optional int64 replies;
[2026-02-12T20:34:37.054+0000] {spark_submit.py:492} INFO - optional int64 retweets;
[2026-02-12T20:34:37.054+0000] {spark_submit.py:492} INFO - required int32 processing_date (DATE);
[2026-02-12T20:34:37.054+0000] {spark_submit.py:492} INFO - }
[2026-02-12T20:34:37.054+0000] {spark_submit.py:492} INFO - 
[2026-02-12T20:34:37.054+0000] {spark_submit.py:492} INFO - 
[2026-02-12T20:34:37.054+0000] {spark_submit.py:492} INFO - 26/02/12 20:34:37 INFO BlockManagerInfo: Removed broadcast_0_piece0 on 649004db3ede:41105 in memory (size: 34.2 KiB, free: 434.3 MiB)
[2026-02-12T20:34:37.082+0000] {spark_submit.py:492} INFO - 26/02/12 20:34:37 INFO CodecConfig: Compression: SNAPPY
[2026-02-12T20:34:37.083+0000] {spark_submit.py:492} INFO - 26/02/12 20:34:37 INFO CodecConfig: Compression: SNAPPY
[2026-02-12T20:34:37.084+0000] {spark_submit.py:492} INFO - 26/02/12 20:34:37 INFO ParquetOutputFormat: ParquetRecordWriter [block size: 134217728b, row group padding size: 8388608b, validating: false]
[2026-02-12T20:34:37.088+0000] {spark_submit.py:492} INFO - 26/02/12 20:34:37 INFO ParquetWriteSupport: Initialized Parquet WriteSupport with Catalyst schema:
[2026-02-12T20:34:37.089+0000] {spark_submit.py:492} INFO - {
[2026-02-12T20:34:37.089+0000] {spark_submit.py:492} INFO - "type" : "struct",
[2026-02-12T20:34:37.089+0000] {spark_submit.py:492} INFO - "fields" : [ {
[2026-02-12T20:34:37.089+0000] {spark_submit.py:492} INFO - "name" : "user_id",
[2026-02-12T20:34:37.089+0000] {spark_submit.py:492} INFO - "type" : "string",
[2026-02-12T20:34:37.089+0000] {spark_submit.py:492} INFO - "nullable" : true,
[2026-02-12T20:34:37.090+0000] {spark_submit.py:492} INFO - "metadata" : { }
[2026-02-12T20:34:37.090+0000] {spark_submit.py:492} INFO - }, {
[2026-02-12T20:34:37.090+0000] {spark_submit.py:492} INFO - "name" : "thread_id",
[2026-02-12T20:34:37.090+0000] {spark_submit.py:492} INFO - "type" : "string",
[2026-02-12T20:34:37.090+0000] {spark_submit.py:492} INFO - "nullable" : true,
[2026-02-12T20:34:37.090+0000] {spark_submit.py:492} INFO - "metadata" : { }
[2026-02-12T20:34:37.090+0000] {spark_submit.py:492} INFO - }, {
[2026-02-12T20:34:37.090+0000] {spark_submit.py:492} INFO - "name" : "created_at",
[2026-02-12T20:34:37.091+0000] {spark_submit.py:492} INFO - "type" : "string",
[2026-02-12T20:34:37.091+0000] {spark_submit.py:492} INFO - "nullable" : true,
[2026-02-12T20:34:37.091+0000] {spark_submit.py:492} INFO - "metadata" : { }
[2026-02-12T20:34:37.091+0000] {spark_submit.py:492} INFO - }, {
[2026-02-12T20:34:37.091+0000] {spark_submit.py:492} INFO - "name" : "edit_versions_ids",
[2026-02-12T20:34:37.091+0000] {spark_submit.py:492} INFO - "type" : {
[2026-02-12T20:34:37.091+0000] {spark_submit.py:492} INFO - "type" : "array",
[2026-02-12T20:34:37.091+0000] {spark_submit.py:492} INFO - "elementType" : "long",
[2026-02-12T20:34:37.092+0000] {spark_submit.py:492} INFO - "containsNull" : true
[2026-02-12T20:34:37.092+0000] {spark_submit.py:492} INFO - },
[2026-02-12T20:34:37.092+0000] {spark_submit.py:492} INFO - "nullable" : true,
[2026-02-12T20:34:37.092+0000] {spark_submit.py:492} INFO - "metadata" : { }
[2026-02-12T20:34:37.092+0000] {spark_submit.py:492} INFO - }, {
[2026-02-12T20:34:37.092+0000] {spark_submit.py:492} INFO - "name" : "tweet_id",
[2026-02-12T20:34:37.092+0000] {spark_submit.py:492} INFO - "type" : "string",
[2026-02-12T20:34:37.092+0000] {spark_submit.py:492} INFO - "nullable" : true,
[2026-02-12T20:34:37.093+0000] {spark_submit.py:492} INFO - "metadata" : { }
[2026-02-12T20:34:37.093+0000] {spark_submit.py:492} INFO - }, {
[2026-02-12T20:34:37.093+0000] {spark_submit.py:492} INFO - "name" : "reply_to_user_id",
[2026-02-12T20:34:37.093+0000] {spark_submit.py:492} INFO - "type" : "string",
[2026-02-12T20:34:37.093+0000] {spark_submit.py:492} INFO - "nullable" : true,
[2026-02-12T20:34:37.094+0000] {spark_submit.py:492} INFO - "metadata" : { }
[2026-02-12T20:34:37.094+0000] {spark_submit.py:492} INFO - }, {
[2026-02-12T20:34:37.094+0000] {spark_submit.py:492} INFO - "name" : "language",
[2026-02-12T20:34:37.094+0000] {spark_submit.py:492} INFO - "type" : "string",
[2026-02-12T20:34:37.094+0000] {spark_submit.py:492} INFO - "nullable" : true,
[2026-02-12T20:34:37.094+0000] {spark_submit.py:492} INFO - "metadata" : { }
[2026-02-12T20:34:37.094+0000] {spark_submit.py:492} INFO - }, {
[2026-02-12T20:34:37.094+0000] {spark_submit.py:492} INFO - "name" : "tweet_text",
[2026-02-12T20:34:37.095+0000] {spark_submit.py:492} INFO - "type" : "string",
[2026-02-12T20:34:37.095+0000] {spark_submit.py:492} INFO - "nullable" : true,
[2026-02-12T20:34:37.095+0000] {spark_submit.py:492} INFO - "metadata" : { }
[2026-02-12T20:34:37.095+0000] {spark_submit.py:492} INFO - }, {
[2026-02-12T20:34:37.095+0000] {spark_submit.py:492} INFO - "name" : "likes",
[2026-02-12T20:34:37.095+0000] {spark_submit.py:492} INFO - "type" : "long",
[2026-02-12T20:34:37.095+0000] {spark_submit.py:492} INFO - "nullable" : true,
[2026-02-12T20:34:37.096+0000] {spark_submit.py:492} INFO - "metadata" : { }
[2026-02-12T20:34:37.096+0000] {spark_submit.py:492} INFO - }, {
[2026-02-12T20:34:37.096+0000] {spark_submit.py:492} INFO - "name" : "quotes",
[2026-02-12T20:34:37.096+0000] {spark_submit.py:492} INFO - "type" : "long",
[2026-02-12T20:34:37.096+0000] {spark_submit.py:492} INFO - "nullable" : true,
[2026-02-12T20:34:37.096+0000] {spark_submit.py:492} INFO - "metadata" : { }
[2026-02-12T20:34:37.096+0000] {spark_submit.py:492} INFO - }, {
[2026-02-12T20:34:37.096+0000] {spark_submit.py:492} INFO - "name" : "replies",
[2026-02-12T20:34:37.097+0000] {spark_submit.py:492} INFO - "type" : "long",
[2026-02-12T20:34:37.097+0000] {spark_submit.py:492} INFO - "nullable" : true,
[2026-02-12T20:34:37.097+0000] {spark_submit.py:492} INFO - "metadata" : { }
[2026-02-12T20:34:37.097+0000] {spark_submit.py:492} INFO - }, {
[2026-02-12T20:34:37.097+0000] {spark_submit.py:492} INFO - "name" : "retweets",
[2026-02-12T20:34:37.097+0000] {spark_submit.py:492} INFO - "type" : "long",
[2026-02-12T20:34:37.097+0000] {spark_submit.py:492} INFO - "nullable" : true,
[2026-02-12T20:34:37.097+0000] {spark_submit.py:492} INFO - "metadata" : { }
[2026-02-12T20:34:37.097+0000] {spark_submit.py:492} INFO - }, {
[2026-02-12T20:34:37.097+0000] {spark_submit.py:492} INFO - "name" : "processing_date",
[2026-02-12T20:34:37.098+0000] {spark_submit.py:492} INFO - "type" : "date",
[2026-02-12T20:34:37.098+0000] {spark_submit.py:492} INFO - "nullable" : false,
[2026-02-12T20:34:37.098+0000] {spark_submit.py:492} INFO - "metadata" : { }
[2026-02-12T20:34:37.098+0000] {spark_submit.py:492} INFO - } ]
[2026-02-12T20:34:37.098+0000] {spark_submit.py:492} INFO - }
[2026-02-12T20:34:37.098+0000] {spark_submit.py:492} INFO - and corresponding Parquet message type:
[2026-02-12T20:34:37.098+0000] {spark_submit.py:492} INFO - message spark_schema {
[2026-02-12T20:34:37.098+0000] {spark_submit.py:492} INFO - optional binary user_id (STRING);
[2026-02-12T20:34:37.098+0000] {spark_submit.py:492} INFO - optional binary thread_id (STRING);
[2026-02-12T20:34:37.099+0000] {spark_submit.py:492} INFO - optional binary created_at (STRING);
[2026-02-12T20:34:37.099+0000] {spark_submit.py:492} INFO - optional group edit_versions_ids (LIST) {
[2026-02-12T20:34:37.099+0000] {spark_submit.py:492} INFO - repeated group list {
[2026-02-12T20:34:37.099+0000] {spark_submit.py:492} INFO - optional int64 element;
[2026-02-12T20:34:37.099+0000] {spark_submit.py:492} INFO - }
[2026-02-12T20:34:37.099+0000] {spark_submit.py:492} INFO - }
[2026-02-12T20:34:37.099+0000] {spark_submit.py:492} INFO - optional binary tweet_id (STRING);
[2026-02-12T20:34:37.100+0000] {spark_submit.py:492} INFO - optional binary reply_to_user_id (STRING);
[2026-02-12T20:34:37.100+0000] {spark_submit.py:492} INFO - optional binary language (STRING);
[2026-02-12T20:34:37.100+0000] {spark_submit.py:492} INFO - optional binary tweet_text (STRING);
[2026-02-12T20:34:37.100+0000] {spark_submit.py:492} INFO - optional int64 likes;
[2026-02-12T20:34:37.100+0000] {spark_submit.py:492} INFO - optional int64 quotes;
[2026-02-12T20:34:37.100+0000] {spark_submit.py:492} INFO - optional int64 replies;
[2026-02-12T20:34:37.100+0000] {spark_submit.py:492} INFO - optional int64 retweets;
[2026-02-12T20:34:37.101+0000] {spark_submit.py:492} INFO - required int32 processing_date (DATE);
[2026-02-12T20:34:37.101+0000] {spark_submit.py:492} INFO - }
[2026-02-12T20:34:37.101+0000] {spark_submit.py:492} INFO - 
[2026-02-12T20:34:37.101+0000] {spark_submit.py:492} INFO - 
[2026-02-12T20:34:37.117+0000] {spark_submit.py:492} INFO - 26/02/12 20:34:37 INFO CodecConfig: Compression: SNAPPY
[2026-02-12T20:34:37.117+0000] {spark_submit.py:492} INFO - 26/02/12 20:34:37 INFO CodecConfig: Compression: SNAPPY
[2026-02-12T20:34:37.118+0000] {spark_submit.py:492} INFO - 26/02/12 20:34:37 INFO ParquetOutputFormat: ParquetRecordWriter [block size: 134217728b, row group padding size: 8388608b, validating: false]
[2026-02-12T20:34:37.119+0000] {spark_submit.py:492} INFO - 26/02/12 20:34:37 INFO ParquetWriteSupport: Initialized Parquet WriteSupport with Catalyst schema:
[2026-02-12T20:34:37.119+0000] {spark_submit.py:492} INFO - {
[2026-02-12T20:34:37.119+0000] {spark_submit.py:492} INFO - "type" : "struct",
[2026-02-12T20:34:37.120+0000] {spark_submit.py:492} INFO - "fields" : [ {
[2026-02-12T20:34:37.120+0000] {spark_submit.py:492} INFO - "name" : "user_id",
[2026-02-12T20:34:37.120+0000] {spark_submit.py:492} INFO - "type" : "string",
[2026-02-12T20:34:37.120+0000] {spark_submit.py:492} INFO - "nullable" : true,
[2026-02-12T20:34:37.120+0000] {spark_submit.py:492} INFO - "metadata" : { }
[2026-02-12T20:34:37.120+0000] {spark_submit.py:492} INFO - }, {
[2026-02-12T20:34:37.120+0000] {spark_submit.py:492} INFO - "name" : "thread_id",
[2026-02-12T20:34:37.120+0000] {spark_submit.py:492} INFO - "type" : "string",
[2026-02-12T20:34:37.120+0000] {spark_submit.py:492} INFO - "nullable" : true,
[2026-02-12T20:34:37.121+0000] {spark_submit.py:492} INFO - "metadata" : { }
[2026-02-12T20:34:37.121+0000] {spark_submit.py:492} INFO - }, {
[2026-02-12T20:34:37.121+0000] {spark_submit.py:492} INFO - "name" : "created_at",
[2026-02-12T20:34:37.121+0000] {spark_submit.py:492} INFO - "type" : "string",
[2026-02-12T20:34:37.121+0000] {spark_submit.py:492} INFO - "nullable" : true,
[2026-02-12T20:34:37.121+0000] {spark_submit.py:492} INFO - "metadata" : { }
[2026-02-12T20:34:37.121+0000] {spark_submit.py:492} INFO - }, {
[2026-02-12T20:34:37.121+0000] {spark_submit.py:492} INFO - "name" : "edit_versions_ids",
[2026-02-12T20:34:37.121+0000] {spark_submit.py:492} INFO - "type" : {
[2026-02-12T20:34:37.121+0000] {spark_submit.py:492} INFO - "type" : "array",
[2026-02-12T20:34:37.121+0000] {spark_submit.py:492} INFO - "elementType" : "long",
[2026-02-12T20:34:37.121+0000] {spark_submit.py:492} INFO - "containsNull" : true
[2026-02-12T20:34:37.122+0000] {spark_submit.py:492} INFO - },
[2026-02-12T20:34:37.122+0000] {spark_submit.py:492} INFO - "nullable" : true,
[2026-02-12T20:34:37.122+0000] {spark_submit.py:492} INFO - "metadata" : { }
[2026-02-12T20:34:37.122+0000] {spark_submit.py:492} INFO - }, {
[2026-02-12T20:34:37.122+0000] {spark_submit.py:492} INFO - "name" : "tweet_id",
[2026-02-12T20:34:37.122+0000] {spark_submit.py:492} INFO - "type" : "string",
[2026-02-12T20:34:37.122+0000] {spark_submit.py:492} INFO - "nullable" : true,
[2026-02-12T20:34:37.122+0000] {spark_submit.py:492} INFO - "metadata" : { }
[2026-02-12T20:34:37.122+0000] {spark_submit.py:492} INFO - }, {
[2026-02-12T20:34:37.122+0000] {spark_submit.py:492} INFO - "name" : "reply_to_user_id",
[2026-02-12T20:34:37.122+0000] {spark_submit.py:492} INFO - "type" : "string",
[2026-02-12T20:34:37.122+0000] {spark_submit.py:492} INFO - "nullable" : true,
[2026-02-12T20:34:37.123+0000] {spark_submit.py:492} INFO - "metadata" : { }
[2026-02-12T20:34:37.123+0000] {spark_submit.py:492} INFO - }, {
[2026-02-12T20:34:37.123+0000] {spark_submit.py:492} INFO - "name" : "language",
[2026-02-12T20:34:37.123+0000] {spark_submit.py:492} INFO - "type" : "string",
[2026-02-12T20:34:37.123+0000] {spark_submit.py:492} INFO - "nullable" : true,
[2026-02-12T20:34:37.123+0000] {spark_submit.py:492} INFO - "metadata" : { }
[2026-02-12T20:34:37.123+0000] {spark_submit.py:492} INFO - }, {
[2026-02-12T20:34:37.123+0000] {spark_submit.py:492} INFO - "name" : "tweet_text",
[2026-02-12T20:34:37.123+0000] {spark_submit.py:492} INFO - "type" : "string",
[2026-02-12T20:34:37.124+0000] {spark_submit.py:492} INFO - "nullable" : true,
[2026-02-12T20:34:37.124+0000] {spark_submit.py:492} INFO - "metadata" : { }
[2026-02-12T20:34:37.124+0000] {spark_submit.py:492} INFO - }, {
[2026-02-12T20:34:37.124+0000] {spark_submit.py:492} INFO - "name" : "likes",
[2026-02-12T20:34:37.124+0000] {spark_submit.py:492} INFO - "type" : "long",
[2026-02-12T20:34:37.124+0000] {spark_submit.py:492} INFO - "nullable" : true,
[2026-02-12T20:34:37.124+0000] {spark_submit.py:492} INFO - "metadata" : { }
[2026-02-12T20:34:37.124+0000] {spark_submit.py:492} INFO - }, {
[2026-02-12T20:34:37.124+0000] {spark_submit.py:492} INFO - "name" : "quotes",
[2026-02-12T20:34:37.124+0000] {spark_submit.py:492} INFO - "type" : "long",
[2026-02-12T20:34:37.125+0000] {spark_submit.py:492} INFO - "nullable" : true,
[2026-02-12T20:34:37.125+0000] {spark_submit.py:492} INFO - "metadata" : { }
[2026-02-12T20:34:37.125+0000] {spark_submit.py:492} INFO - }, {
[2026-02-12T20:34:37.125+0000] {spark_submit.py:492} INFO - "name" : "replies",
[2026-02-12T20:34:37.125+0000] {spark_submit.py:492} INFO - "type" : "long",
[2026-02-12T20:34:37.125+0000] {spark_submit.py:492} INFO - "nullable" : true,
[2026-02-12T20:34:37.125+0000] {spark_submit.py:492} INFO - "metadata" : { }
[2026-02-12T20:34:37.125+0000] {spark_submit.py:492} INFO - }, {
[2026-02-12T20:34:37.126+0000] {spark_submit.py:492} INFO - "name" : "retweets",
[2026-02-12T20:34:37.126+0000] {spark_submit.py:492} INFO - "type" : "long",
[2026-02-12T20:34:37.126+0000] {spark_submit.py:492} INFO - "nullable" : true,
[2026-02-12T20:34:37.126+0000] {spark_submit.py:492} INFO - "metadata" : { }
[2026-02-12T20:34:37.126+0000] {spark_submit.py:492} INFO - }, {
[2026-02-12T20:34:37.126+0000] {spark_submit.py:492} INFO - "name" : "processing_date",
[2026-02-12T20:34:37.126+0000] {spark_submit.py:492} INFO - "type" : "date",
[2026-02-12T20:34:37.126+0000] {spark_submit.py:492} INFO - "nullable" : false,
[2026-02-12T20:34:37.126+0000] {spark_submit.py:492} INFO - "metadata" : { }
[2026-02-12T20:34:37.127+0000] {spark_submit.py:492} INFO - } ]
[2026-02-12T20:34:37.127+0000] {spark_submit.py:492} INFO - }
[2026-02-12T20:34:37.127+0000] {spark_submit.py:492} INFO - and corresponding Parquet message type:
[2026-02-12T20:34:37.127+0000] {spark_submit.py:492} INFO - message spark_schema {
[2026-02-12T20:34:37.127+0000] {spark_submit.py:492} INFO - optional binary user_id (STRING);
[2026-02-12T20:34:37.127+0000] {spark_submit.py:492} INFO - optional binary thread_id (STRING);
[2026-02-12T20:34:37.127+0000] {spark_submit.py:492} INFO - optional binary created_at (STRING);
[2026-02-12T20:34:37.127+0000] {spark_submit.py:492} INFO - optional group edit_versions_ids (LIST) {
[2026-02-12T20:34:37.127+0000] {spark_submit.py:492} INFO - repeated group list {
[2026-02-12T20:34:37.128+0000] {spark_submit.py:492} INFO - optional int64 element;
[2026-02-12T20:34:37.128+0000] {spark_submit.py:492} INFO - }
[2026-02-12T20:34:37.128+0000] {spark_submit.py:492} INFO - }
[2026-02-12T20:34:37.128+0000] {spark_submit.py:492} INFO - optional binary tweet_id (STRING);
[2026-02-12T20:34:37.128+0000] {spark_submit.py:492} INFO - optional binary reply_to_user_id (STRING);
[2026-02-12T20:34:37.128+0000] {spark_submit.py:492} INFO - optional binary language (STRING);
[2026-02-12T20:34:37.128+0000] {spark_submit.py:492} INFO - optional binary tweet_text (STRING);
[2026-02-12T20:34:37.129+0000] {spark_submit.py:492} INFO - optional int64 likes;
[2026-02-12T20:34:37.129+0000] {spark_submit.py:492} INFO - optional int64 quotes;
[2026-02-12T20:34:37.129+0000] {spark_submit.py:492} INFO - optional int64 replies;
[2026-02-12T20:34:37.129+0000] {spark_submit.py:492} INFO - optional int64 retweets;
[2026-02-12T20:34:37.129+0000] {spark_submit.py:492} INFO - required int32 processing_date (DATE);
[2026-02-12T20:34:37.129+0000] {spark_submit.py:492} INFO - }
[2026-02-12T20:34:37.129+0000] {spark_submit.py:492} INFO - 
[2026-02-12T20:34:37.129+0000] {spark_submit.py:492} INFO - 
[2026-02-12T20:34:37.146+0000] {spark_submit.py:492} INFO - 26/02/12 20:34:37 INFO CodecConfig: Compression: SNAPPY
[2026-02-12T20:34:37.146+0000] {spark_submit.py:492} INFO - 26/02/12 20:34:37 INFO CodecConfig: Compression: SNAPPY
[2026-02-12T20:34:37.147+0000] {spark_submit.py:492} INFO - 26/02/12 20:34:37 INFO ParquetOutputFormat: ParquetRecordWriter [block size: 134217728b, row group padding size: 8388608b, validating: false]
[2026-02-12T20:34:37.149+0000] {spark_submit.py:492} INFO - 26/02/12 20:34:37 INFO ParquetWriteSupport: Initialized Parquet WriteSupport with Catalyst schema:
[2026-02-12T20:34:37.149+0000] {spark_submit.py:492} INFO - {
[2026-02-12T20:34:37.149+0000] {spark_submit.py:492} INFO - "type" : "struct",
[2026-02-12T20:34:37.149+0000] {spark_submit.py:492} INFO - "fields" : [ {
[2026-02-12T20:34:37.149+0000] {spark_submit.py:492} INFO - "name" : "user_id",
[2026-02-12T20:34:37.149+0000] {spark_submit.py:492} INFO - "type" : "string",
[2026-02-12T20:34:37.149+0000] {spark_submit.py:492} INFO - "nullable" : true,
[2026-02-12T20:34:37.149+0000] {spark_submit.py:492} INFO - "metadata" : { }
[2026-02-12T20:34:37.149+0000] {spark_submit.py:492} INFO - }, {
[2026-02-12T20:34:37.150+0000] {spark_submit.py:492} INFO - "name" : "thread_id",
[2026-02-12T20:34:37.150+0000] {spark_submit.py:492} INFO - "type" : "string",
[2026-02-12T20:34:37.150+0000] {spark_submit.py:492} INFO - "nullable" : true,
[2026-02-12T20:34:37.150+0000] {spark_submit.py:492} INFO - "metadata" : { }
[2026-02-12T20:34:37.150+0000] {spark_submit.py:492} INFO - }, {
[2026-02-12T20:34:37.150+0000] {spark_submit.py:492} INFO - "name" : "created_at",
[2026-02-12T20:34:37.150+0000] {spark_submit.py:492} INFO - "type" : "string",
[2026-02-12T20:34:37.150+0000] {spark_submit.py:492} INFO - "nullable" : true,
[2026-02-12T20:34:37.151+0000] {spark_submit.py:492} INFO - "metadata" : { }
[2026-02-12T20:34:37.151+0000] {spark_submit.py:492} INFO - }, {
[2026-02-12T20:34:37.151+0000] {spark_submit.py:492} INFO - "name" : "edit_versions_ids",
[2026-02-12T20:34:37.151+0000] {spark_submit.py:492} INFO - "type" : {
[2026-02-12T20:34:37.151+0000] {spark_submit.py:492} INFO - "type" : "array",
[2026-02-12T20:34:37.151+0000] {spark_submit.py:492} INFO - "elementType" : "long",
[2026-02-12T20:34:37.151+0000] {spark_submit.py:492} INFO - "containsNull" : true
[2026-02-12T20:34:37.151+0000] {spark_submit.py:492} INFO - },
[2026-02-12T20:34:37.151+0000] {spark_submit.py:492} INFO - "nullable" : true,
[2026-02-12T20:34:37.151+0000] {spark_submit.py:492} INFO - "metadata" : { }
[2026-02-12T20:34:37.151+0000] {spark_submit.py:492} INFO - }, {
[2026-02-12T20:34:37.151+0000] {spark_submit.py:492} INFO - "name" : "tweet_id",
[2026-02-12T20:34:37.151+0000] {spark_submit.py:492} INFO - "type" : "string",
[2026-02-12T20:34:37.152+0000] {spark_submit.py:492} INFO - "nullable" : true,
[2026-02-12T20:34:37.152+0000] {spark_submit.py:492} INFO - "metadata" : { }
[2026-02-12T20:34:37.152+0000] {spark_submit.py:492} INFO - }, {
[2026-02-12T20:34:37.152+0000] {spark_submit.py:492} INFO - "name" : "reply_to_user_id",
[2026-02-12T20:34:37.152+0000] {spark_submit.py:492} INFO - "type" : "string",
[2026-02-12T20:34:37.152+0000] {spark_submit.py:492} INFO - "nullable" : true,
[2026-02-12T20:34:37.152+0000] {spark_submit.py:492} INFO - "metadata" : { }
[2026-02-12T20:34:37.152+0000] {spark_submit.py:492} INFO - }, {
[2026-02-12T20:34:37.152+0000] {spark_submit.py:492} INFO - "name" : "language",
[2026-02-12T20:34:37.152+0000] {spark_submit.py:492} INFO - "type" : "string",
[2026-02-12T20:34:37.152+0000] {spark_submit.py:492} INFO - "nullable" : true,
[2026-02-12T20:34:37.153+0000] {spark_submit.py:492} INFO - "metadata" : { }
[2026-02-12T20:34:37.153+0000] {spark_submit.py:492} INFO - }, {
[2026-02-12T20:34:37.153+0000] {spark_submit.py:492} INFO - "name" : "tweet_text",
[2026-02-12T20:34:37.153+0000] {spark_submit.py:492} INFO - "type" : "string",
[2026-02-12T20:34:37.153+0000] {spark_submit.py:492} INFO - "nullable" : true,
[2026-02-12T20:34:37.153+0000] {spark_submit.py:492} INFO - "metadata" : { }
[2026-02-12T20:34:37.153+0000] {spark_submit.py:492} INFO - }, {
[2026-02-12T20:34:37.153+0000] {spark_submit.py:492} INFO - "name" : "likes",
[2026-02-12T20:34:37.153+0000] {spark_submit.py:492} INFO - "type" : "long",
[2026-02-12T20:34:37.153+0000] {spark_submit.py:492} INFO - "nullable" : true,
[2026-02-12T20:34:37.154+0000] {spark_submit.py:492} INFO - "metadata" : { }
[2026-02-12T20:34:37.154+0000] {spark_submit.py:492} INFO - }, {
[2026-02-12T20:34:37.154+0000] {spark_submit.py:492} INFO - "name" : "quotes",
[2026-02-12T20:34:37.154+0000] {spark_submit.py:492} INFO - "type" : "long",
[2026-02-12T20:34:37.154+0000] {spark_submit.py:492} INFO - "nullable" : true,
[2026-02-12T20:34:37.154+0000] {spark_submit.py:492} INFO - "metadata" : { }
[2026-02-12T20:34:37.154+0000] {spark_submit.py:492} INFO - }, {
[2026-02-12T20:34:37.154+0000] {spark_submit.py:492} INFO - "name" : "replies",
[2026-02-12T20:34:37.155+0000] {spark_submit.py:492} INFO - "type" : "long",
[2026-02-12T20:34:37.155+0000] {spark_submit.py:492} INFO - "nullable" : true,
[2026-02-12T20:34:37.155+0000] {spark_submit.py:492} INFO - "metadata" : { }
[2026-02-12T20:34:37.155+0000] {spark_submit.py:492} INFO - }, {
[2026-02-12T20:34:37.155+0000] {spark_submit.py:492} INFO - "name" : "retweets",
[2026-02-12T20:34:37.155+0000] {spark_submit.py:492} INFO - "type" : "long",
[2026-02-12T20:34:37.155+0000] {spark_submit.py:492} INFO - "nullable" : true,
[2026-02-12T20:34:37.155+0000] {spark_submit.py:492} INFO - "metadata" : { }
[2026-02-12T20:34:37.155+0000] {spark_submit.py:492} INFO - }, {
[2026-02-12T20:34:37.156+0000] {spark_submit.py:492} INFO - "name" : "processing_date",
[2026-02-12T20:34:37.156+0000] {spark_submit.py:492} INFO - "type" : "date",
[2026-02-12T20:34:37.156+0000] {spark_submit.py:492} INFO - "nullable" : false,
[2026-02-12T20:34:37.156+0000] {spark_submit.py:492} INFO - "metadata" : { }
[2026-02-12T20:34:37.156+0000] {spark_submit.py:492} INFO - } ]
[2026-02-12T20:34:37.156+0000] {spark_submit.py:492} INFO - }
[2026-02-12T20:34:37.156+0000] {spark_submit.py:492} INFO - and corresponding Parquet message type:
[2026-02-12T20:34:37.156+0000] {spark_submit.py:492} INFO - message spark_schema {
[2026-02-12T20:34:37.157+0000] {spark_submit.py:492} INFO - optional binary user_id (STRING);
[2026-02-12T20:34:37.157+0000] {spark_submit.py:492} INFO - optional binary thread_id (STRING);
[2026-02-12T20:34:37.157+0000] {spark_submit.py:492} INFO - optional binary created_at (STRING);
[2026-02-12T20:34:37.157+0000] {spark_submit.py:492} INFO - optional group edit_versions_ids (LIST) {
[2026-02-12T20:34:37.157+0000] {spark_submit.py:492} INFO - repeated group list {
[2026-02-12T20:34:37.157+0000] {spark_submit.py:492} INFO - optional int64 element;
[2026-02-12T20:34:37.157+0000] {spark_submit.py:492} INFO - }
[2026-02-12T20:34:37.157+0000] {spark_submit.py:492} INFO - }
[2026-02-12T20:34:37.158+0000] {spark_submit.py:492} INFO - optional binary tweet_id (STRING);
[2026-02-12T20:34:37.158+0000] {spark_submit.py:492} INFO - optional binary reply_to_user_id (STRING);
[2026-02-12T20:34:37.158+0000] {spark_submit.py:492} INFO - optional binary language (STRING);
[2026-02-12T20:34:37.158+0000] {spark_submit.py:492} INFO - optional binary tweet_text (STRING);
[2026-02-12T20:34:37.158+0000] {spark_submit.py:492} INFO - optional int64 likes;
[2026-02-12T20:34:37.158+0000] {spark_submit.py:492} INFO - optional int64 quotes;
[2026-02-12T20:34:37.158+0000] {spark_submit.py:492} INFO - optional int64 replies;
[2026-02-12T20:34:37.159+0000] {spark_submit.py:492} INFO - optional int64 retweets;
[2026-02-12T20:34:37.159+0000] {spark_submit.py:492} INFO - required int32 processing_date (DATE);
[2026-02-12T20:34:37.159+0000] {spark_submit.py:492} INFO - }
[2026-02-12T20:34:37.159+0000] {spark_submit.py:492} INFO - 
[2026-02-12T20:34:37.159+0000] {spark_submit.py:492} INFO - 
[2026-02-12T20:34:37.174+0000] {spark_submit.py:492} INFO - 26/02/12 20:34:37 INFO CodecConfig: Compression: SNAPPY
[2026-02-12T20:34:37.174+0000] {spark_submit.py:492} INFO - 26/02/12 20:34:37 INFO CodecConfig: Compression: SNAPPY
[2026-02-12T20:34:37.175+0000] {spark_submit.py:492} INFO - 26/02/12 20:34:37 INFO ParquetOutputFormat: ParquetRecordWriter [block size: 134217728b, row group padding size: 8388608b, validating: false]
[2026-02-12T20:34:37.177+0000] {spark_submit.py:492} INFO - 26/02/12 20:34:37 INFO ParquetWriteSupport: Initialized Parquet WriteSupport with Catalyst schema:
[2026-02-12T20:34:37.177+0000] {spark_submit.py:492} INFO - {
[2026-02-12T20:34:37.177+0000] {spark_submit.py:492} INFO - "type" : "struct",
[2026-02-12T20:34:37.177+0000] {spark_submit.py:492} INFO - "fields" : [ {
[2026-02-12T20:34:37.177+0000] {spark_submit.py:492} INFO - "name" : "user_id",
[2026-02-12T20:34:37.177+0000] {spark_submit.py:492} INFO - "type" : "string",
[2026-02-12T20:34:37.177+0000] {spark_submit.py:492} INFO - "nullable" : true,
[2026-02-12T20:34:37.178+0000] {spark_submit.py:492} INFO - "metadata" : { }
[2026-02-12T20:34:37.178+0000] {spark_submit.py:492} INFO - }, {
[2026-02-12T20:34:37.178+0000] {spark_submit.py:492} INFO - "name" : "thread_id",
[2026-02-12T20:34:37.178+0000] {spark_submit.py:492} INFO - "type" : "string",
[2026-02-12T20:34:37.178+0000] {spark_submit.py:492} INFO - "nullable" : true,
[2026-02-12T20:34:37.178+0000] {spark_submit.py:492} INFO - "metadata" : { }
[2026-02-12T20:34:37.178+0000] {spark_submit.py:492} INFO - }, {
[2026-02-12T20:34:37.178+0000] {spark_submit.py:492} INFO - "name" : "created_at",
[2026-02-12T20:34:37.178+0000] {spark_submit.py:492} INFO - "type" : "string",
[2026-02-12T20:34:37.179+0000] {spark_submit.py:492} INFO - "nullable" : true,
[2026-02-12T20:34:37.179+0000] {spark_submit.py:492} INFO - "metadata" : { }
[2026-02-12T20:34:37.179+0000] {spark_submit.py:492} INFO - }, {
[2026-02-12T20:34:37.179+0000] {spark_submit.py:492} INFO - "name" : "edit_versions_ids",
[2026-02-12T20:34:37.179+0000] {spark_submit.py:492} INFO - "type" : {
[2026-02-12T20:34:37.179+0000] {spark_submit.py:492} INFO - "type" : "array",
[2026-02-12T20:34:37.179+0000] {spark_submit.py:492} INFO - "elementType" : "long",
[2026-02-12T20:34:37.179+0000] {spark_submit.py:492} INFO - "containsNull" : true
[2026-02-12T20:34:37.180+0000] {spark_submit.py:492} INFO - },
[2026-02-12T20:34:37.180+0000] {spark_submit.py:492} INFO - "nullable" : true,
[2026-02-12T20:34:37.180+0000] {spark_submit.py:492} INFO - "metadata" : { }
[2026-02-12T20:34:37.180+0000] {spark_submit.py:492} INFO - }, {
[2026-02-12T20:34:37.180+0000] {spark_submit.py:492} INFO - "name" : "tweet_id",
[2026-02-12T20:34:37.180+0000] {spark_submit.py:492} INFO - "type" : "string",
[2026-02-12T20:34:37.180+0000] {spark_submit.py:492} INFO - "nullable" : true,
[2026-02-12T20:34:37.180+0000] {spark_submit.py:492} INFO - "metadata" : { }
[2026-02-12T20:34:37.181+0000] {spark_submit.py:492} INFO - }, {
[2026-02-12T20:34:37.181+0000] {spark_submit.py:492} INFO - "name" : "reply_to_user_id",
[2026-02-12T20:34:37.181+0000] {spark_submit.py:492} INFO - "type" : "string",
[2026-02-12T20:34:37.181+0000] {spark_submit.py:492} INFO - "nullable" : true,
[2026-02-12T20:34:37.181+0000] {spark_submit.py:492} INFO - "metadata" : { }
[2026-02-12T20:34:37.181+0000] {spark_submit.py:492} INFO - }, {
[2026-02-12T20:34:37.181+0000] {spark_submit.py:492} INFO - "name" : "language",
[2026-02-12T20:34:37.181+0000] {spark_submit.py:492} INFO - "type" : "string",
[2026-02-12T20:34:37.181+0000] {spark_submit.py:492} INFO - "nullable" : true,
[2026-02-12T20:34:37.182+0000] {spark_submit.py:492} INFO - "metadata" : { }
[2026-02-12T20:34:37.182+0000] {spark_submit.py:492} INFO - }, {
[2026-02-12T20:34:37.182+0000] {spark_submit.py:492} INFO - "name" : "tweet_text",
[2026-02-12T20:34:37.182+0000] {spark_submit.py:492} INFO - "type" : "string",
[2026-02-12T20:34:37.182+0000] {spark_submit.py:492} INFO - "nullable" : true,
[2026-02-12T20:34:37.182+0000] {spark_submit.py:492} INFO - "metadata" : { }
[2026-02-12T20:34:37.182+0000] {spark_submit.py:492} INFO - }, {
[2026-02-12T20:34:37.182+0000] {spark_submit.py:492} INFO - "name" : "likes",
[2026-02-12T20:34:37.182+0000] {spark_submit.py:492} INFO - "type" : "long",
[2026-02-12T20:34:37.182+0000] {spark_submit.py:492} INFO - "nullable" : true,
[2026-02-12T20:34:37.183+0000] {spark_submit.py:492} INFO - "metadata" : { }
[2026-02-12T20:34:37.183+0000] {spark_submit.py:492} INFO - }, {
[2026-02-12T20:34:37.183+0000] {spark_submit.py:492} INFO - "name" : "quotes",
[2026-02-12T20:34:37.183+0000] {spark_submit.py:492} INFO - "type" : "long",
[2026-02-12T20:34:37.183+0000] {spark_submit.py:492} INFO - "nullable" : true,
[2026-02-12T20:34:37.183+0000] {spark_submit.py:492} INFO - "metadata" : { }
[2026-02-12T20:34:37.183+0000] {spark_submit.py:492} INFO - }, {
[2026-02-12T20:34:37.183+0000] {spark_submit.py:492} INFO - "name" : "replies",
[2026-02-12T20:34:37.183+0000] {spark_submit.py:492} INFO - "type" : "long",
[2026-02-12T20:34:37.183+0000] {spark_submit.py:492} INFO - "nullable" : true,
[2026-02-12T20:34:37.183+0000] {spark_submit.py:492} INFO - "metadata" : { }
[2026-02-12T20:34:37.184+0000] {spark_submit.py:492} INFO - }, {
[2026-02-12T20:34:37.184+0000] {spark_submit.py:492} INFO - "name" : "retweets",
[2026-02-12T20:34:37.184+0000] {spark_submit.py:492} INFO - "type" : "long",
[2026-02-12T20:34:37.184+0000] {spark_submit.py:492} INFO - "nullable" : true,
[2026-02-12T20:34:37.184+0000] {spark_submit.py:492} INFO - "metadata" : { }
[2026-02-12T20:34:37.184+0000] {spark_submit.py:492} INFO - }, {
[2026-02-12T20:34:37.184+0000] {spark_submit.py:492} INFO - "name" : "processing_date",
[2026-02-12T20:34:37.184+0000] {spark_submit.py:492} INFO - "type" : "date",
[2026-02-12T20:34:37.184+0000] {spark_submit.py:492} INFO - "nullable" : false,
[2026-02-12T20:34:37.184+0000] {spark_submit.py:492} INFO - "metadata" : { }
[2026-02-12T20:34:37.184+0000] {spark_submit.py:492} INFO - } ]
[2026-02-12T20:34:37.185+0000] {spark_submit.py:492} INFO - }
[2026-02-12T20:34:37.185+0000] {spark_submit.py:492} INFO - and corresponding Parquet message type:
[2026-02-12T20:34:37.185+0000] {spark_submit.py:492} INFO - message spark_schema {
[2026-02-12T20:34:37.185+0000] {spark_submit.py:492} INFO - optional binary user_id (STRING);
[2026-02-12T20:34:37.185+0000] {spark_submit.py:492} INFO - optional binary thread_id (STRING);
[2026-02-12T20:34:37.185+0000] {spark_submit.py:492} INFO - optional binary created_at (STRING);
[2026-02-12T20:34:37.185+0000] {spark_submit.py:492} INFO - optional group edit_versions_ids (LIST) {
[2026-02-12T20:34:37.185+0000] {spark_submit.py:492} INFO - repeated group list {
[2026-02-12T20:34:37.185+0000] {spark_submit.py:492} INFO - optional int64 element;
[2026-02-12T20:34:37.185+0000] {spark_submit.py:492} INFO - }
[2026-02-12T20:34:37.185+0000] {spark_submit.py:492} INFO - }
[2026-02-12T20:34:37.185+0000] {spark_submit.py:492} INFO - optional binary tweet_id (STRING);
[2026-02-12T20:34:37.185+0000] {spark_submit.py:492} INFO - optional binary reply_to_user_id (STRING);
[2026-02-12T20:34:37.185+0000] {spark_submit.py:492} INFO - optional binary language (STRING);
[2026-02-12T20:34:37.186+0000] {spark_submit.py:492} INFO - optional binary tweet_text (STRING);
[2026-02-12T20:34:37.186+0000] {spark_submit.py:492} INFO - optional int64 likes;
[2026-02-12T20:34:37.186+0000] {spark_submit.py:492} INFO - optional int64 quotes;
[2026-02-12T20:34:37.186+0000] {spark_submit.py:492} INFO - optional int64 replies;
[2026-02-12T20:34:37.186+0000] {spark_submit.py:492} INFO - optional int64 retweets;
[2026-02-12T20:34:37.186+0000] {spark_submit.py:492} INFO - required int32 processing_date (DATE);
[2026-02-12T20:34:37.186+0000] {spark_submit.py:492} INFO - }
[2026-02-12T20:34:37.186+0000] {spark_submit.py:492} INFO - 
[2026-02-12T20:34:37.186+0000] {spark_submit.py:492} INFO - 
[2026-02-12T20:34:37.201+0000] {spark_submit.py:492} INFO - 26/02/12 20:34:37 INFO CodecConfig: Compression: SNAPPY
[2026-02-12T20:34:37.202+0000] {spark_submit.py:492} INFO - 26/02/12 20:34:37 INFO CodecConfig: Compression: SNAPPY
[2026-02-12T20:34:37.202+0000] {spark_submit.py:492} INFO - 26/02/12 20:34:37 INFO ParquetOutputFormat: ParquetRecordWriter [block size: 134217728b, row group padding size: 8388608b, validating: false]
[2026-02-12T20:34:37.204+0000] {spark_submit.py:492} INFO - 26/02/12 20:34:37 INFO ParquetWriteSupport: Initialized Parquet WriteSupport with Catalyst schema:
[2026-02-12T20:34:37.204+0000] {spark_submit.py:492} INFO - {
[2026-02-12T20:34:37.204+0000] {spark_submit.py:492} INFO - "type" : "struct",
[2026-02-12T20:34:37.204+0000] {spark_submit.py:492} INFO - "fields" : [ {
[2026-02-12T20:34:37.204+0000] {spark_submit.py:492} INFO - "name" : "user_id",
[2026-02-12T20:34:37.204+0000] {spark_submit.py:492} INFO - "type" : "string",
[2026-02-12T20:34:37.204+0000] {spark_submit.py:492} INFO - "nullable" : true,
[2026-02-12T20:34:37.204+0000] {spark_submit.py:492} INFO - "metadata" : { }
[2026-02-12T20:34:37.205+0000] {spark_submit.py:492} INFO - }, {
[2026-02-12T20:34:37.205+0000] {spark_submit.py:492} INFO - "name" : "thread_id",
[2026-02-12T20:34:37.205+0000] {spark_submit.py:492} INFO - "type" : "string",
[2026-02-12T20:34:37.205+0000] {spark_submit.py:492} INFO - "nullable" : true,
[2026-02-12T20:34:37.205+0000] {spark_submit.py:492} INFO - "metadata" : { }
[2026-02-12T20:34:37.205+0000] {spark_submit.py:492} INFO - }, {
[2026-02-12T20:34:37.205+0000] {spark_submit.py:492} INFO - "name" : "created_at",
[2026-02-12T20:34:37.205+0000] {spark_submit.py:492} INFO - "type" : "string",
[2026-02-12T20:34:37.205+0000] {spark_submit.py:492} INFO - "nullable" : true,
[2026-02-12T20:34:37.205+0000] {spark_submit.py:492} INFO - "metadata" : { }
[2026-02-12T20:34:37.205+0000] {spark_submit.py:492} INFO - }, {
[2026-02-12T20:34:37.205+0000] {spark_submit.py:492} INFO - "name" : "edit_versions_ids",
[2026-02-12T20:34:37.206+0000] {spark_submit.py:492} INFO - "type" : {
[2026-02-12T20:34:37.206+0000] {spark_submit.py:492} INFO - "type" : "array",
[2026-02-12T20:34:37.206+0000] {spark_submit.py:492} INFO - "elementType" : "long",
[2026-02-12T20:34:37.206+0000] {spark_submit.py:492} INFO - "containsNull" : true
[2026-02-12T20:34:37.206+0000] {spark_submit.py:492} INFO - },
[2026-02-12T20:34:37.206+0000] {spark_submit.py:492} INFO - "nullable" : true,
[2026-02-12T20:34:37.206+0000] {spark_submit.py:492} INFO - "metadata" : { }
[2026-02-12T20:34:37.206+0000] {spark_submit.py:492} INFO - }, {
[2026-02-12T20:34:37.206+0000] {spark_submit.py:492} INFO - "name" : "tweet_id",
[2026-02-12T20:34:37.207+0000] {spark_submit.py:492} INFO - "type" : "string",
[2026-02-12T20:34:37.207+0000] {spark_submit.py:492} INFO - "nullable" : true,
[2026-02-12T20:34:37.207+0000] {spark_submit.py:492} INFO - "metadata" : { }
[2026-02-12T20:34:37.207+0000] {spark_submit.py:492} INFO - }, {
[2026-02-12T20:34:37.207+0000] {spark_submit.py:492} INFO - "name" : "reply_to_user_id",
[2026-02-12T20:34:37.207+0000] {spark_submit.py:492} INFO - "type" : "string",
[2026-02-12T20:34:37.207+0000] {spark_submit.py:492} INFO - "nullable" : true,
[2026-02-12T20:34:37.207+0000] {spark_submit.py:492} INFO - "metadata" : { }
[2026-02-12T20:34:37.207+0000] {spark_submit.py:492} INFO - }, {
[2026-02-12T20:34:37.208+0000] {spark_submit.py:492} INFO - "name" : "language",
[2026-02-12T20:34:37.208+0000] {spark_submit.py:492} INFO - "type" : "string",
[2026-02-12T20:34:37.208+0000] {spark_submit.py:492} INFO - "nullable" : true,
[2026-02-12T20:34:37.208+0000] {spark_submit.py:492} INFO - "metadata" : { }
[2026-02-12T20:34:37.208+0000] {spark_submit.py:492} INFO - }, {
[2026-02-12T20:34:37.208+0000] {spark_submit.py:492} INFO - "name" : "tweet_text",
[2026-02-12T20:34:37.208+0000] {spark_submit.py:492} INFO - "type" : "string",
[2026-02-12T20:34:37.208+0000] {spark_submit.py:492} INFO - "nullable" : true,
[2026-02-12T20:34:37.208+0000] {spark_submit.py:492} INFO - "metadata" : { }
[2026-02-12T20:34:37.209+0000] {spark_submit.py:492} INFO - }, {
[2026-02-12T20:34:37.209+0000] {spark_submit.py:492} INFO - "name" : "likes",
[2026-02-12T20:34:37.209+0000] {spark_submit.py:492} INFO - "type" : "long",
[2026-02-12T20:34:37.209+0000] {spark_submit.py:492} INFO - "nullable" : true,
[2026-02-12T20:34:37.209+0000] {spark_submit.py:492} INFO - "metadata" : { }
[2026-02-12T20:34:37.209+0000] {spark_submit.py:492} INFO - }, {
[2026-02-12T20:34:37.209+0000] {spark_submit.py:492} INFO - "name" : "quotes",
[2026-02-12T20:34:37.209+0000] {spark_submit.py:492} INFO - "type" : "long",
[2026-02-12T20:34:37.209+0000] {spark_submit.py:492} INFO - "nullable" : true,
[2026-02-12T20:34:37.209+0000] {spark_submit.py:492} INFO - "metadata" : { }
[2026-02-12T20:34:37.209+0000] {spark_submit.py:492} INFO - }, {
[2026-02-12T20:34:37.209+0000] {spark_submit.py:492} INFO - "name" : "replies",
[2026-02-12T20:34:37.209+0000] {spark_submit.py:492} INFO - "type" : "long",
[2026-02-12T20:34:37.210+0000] {spark_submit.py:492} INFO - "nullable" : true,
[2026-02-12T20:34:37.210+0000] {spark_submit.py:492} INFO - "metadata" : { }
[2026-02-12T20:34:37.210+0000] {spark_submit.py:492} INFO - }, {
[2026-02-12T20:34:37.210+0000] {spark_submit.py:492} INFO - "name" : "retweets",
[2026-02-12T20:34:37.210+0000] {spark_submit.py:492} INFO - "type" : "long",
[2026-02-12T20:34:37.210+0000] {spark_submit.py:492} INFO - "nullable" : true,
[2026-02-12T20:34:37.210+0000] {spark_submit.py:492} INFO - "metadata" : { }
[2026-02-12T20:34:37.210+0000] {spark_submit.py:492} INFO - }, {
[2026-02-12T20:34:37.210+0000] {spark_submit.py:492} INFO - "name" : "processing_date",
[2026-02-12T20:34:37.210+0000] {spark_submit.py:492} INFO - "type" : "date",
[2026-02-12T20:34:37.210+0000] {spark_submit.py:492} INFO - "nullable" : false,
[2026-02-12T20:34:37.210+0000] {spark_submit.py:492} INFO - "metadata" : { }
[2026-02-12T20:34:37.210+0000] {spark_submit.py:492} INFO - } ]
[2026-02-12T20:34:37.210+0000] {spark_submit.py:492} INFO - }
[2026-02-12T20:34:37.210+0000] {spark_submit.py:492} INFO - and corresponding Parquet message type:
[2026-02-12T20:34:37.211+0000] {spark_submit.py:492} INFO - message spark_schema {
[2026-02-12T20:34:37.211+0000] {spark_submit.py:492} INFO - optional binary user_id (STRING);
[2026-02-12T20:34:37.211+0000] {spark_submit.py:492} INFO - optional binary thread_id (STRING);
[2026-02-12T20:34:37.211+0000] {spark_submit.py:492} INFO - optional binary created_at (STRING);
[2026-02-12T20:34:37.211+0000] {spark_submit.py:492} INFO - optional group edit_versions_ids (LIST) {
[2026-02-12T20:34:37.211+0000] {spark_submit.py:492} INFO - repeated group list {
[2026-02-12T20:34:37.211+0000] {spark_submit.py:492} INFO - optional int64 element;
[2026-02-12T20:34:37.211+0000] {spark_submit.py:492} INFO - }
[2026-02-12T20:34:37.211+0000] {spark_submit.py:492} INFO - }
[2026-02-12T20:34:37.212+0000] {spark_submit.py:492} INFO - optional binary tweet_id (STRING);
[2026-02-12T20:34:37.212+0000] {spark_submit.py:492} INFO - optional binary reply_to_user_id (STRING);
[2026-02-12T20:34:37.212+0000] {spark_submit.py:492} INFO - optional binary language (STRING);
[2026-02-12T20:34:37.212+0000] {spark_submit.py:492} INFO - optional binary tweet_text (STRING);
[2026-02-12T20:34:37.212+0000] {spark_submit.py:492} INFO - optional int64 likes;
[2026-02-12T20:34:37.212+0000] {spark_submit.py:492} INFO - optional int64 quotes;
[2026-02-12T20:34:37.212+0000] {spark_submit.py:492} INFO - optional int64 replies;
[2026-02-12T20:34:37.212+0000] {spark_submit.py:492} INFO - optional int64 retweets;
[2026-02-12T20:34:37.212+0000] {spark_submit.py:492} INFO - required int32 processing_date (DATE);
[2026-02-12T20:34:37.212+0000] {spark_submit.py:492} INFO - }
[2026-02-12T20:34:37.212+0000] {spark_submit.py:492} INFO - 
[2026-02-12T20:34:37.212+0000] {spark_submit.py:492} INFO - 
[2026-02-12T20:34:37.225+0000] {spark_submit.py:492} INFO - 26/02/12 20:34:37 INFO CodecConfig: Compression: SNAPPY
[2026-02-12T20:34:37.226+0000] {spark_submit.py:492} INFO - 26/02/12 20:34:37 INFO CodecConfig: Compression: SNAPPY
[2026-02-12T20:34:37.226+0000] {spark_submit.py:492} INFO - 26/02/12 20:34:37 INFO ParquetOutputFormat: ParquetRecordWriter [block size: 134217728b, row group padding size: 8388608b, validating: false]
[2026-02-12T20:34:37.228+0000] {spark_submit.py:492} INFO - 26/02/12 20:34:37 INFO ParquetWriteSupport: Initialized Parquet WriteSupport with Catalyst schema:
[2026-02-12T20:34:37.228+0000] {spark_submit.py:492} INFO - {
[2026-02-12T20:34:37.228+0000] {spark_submit.py:492} INFO - "type" : "struct",
[2026-02-12T20:34:37.228+0000] {spark_submit.py:492} INFO - "fields" : [ {
[2026-02-12T20:34:37.228+0000] {spark_submit.py:492} INFO - "name" : "user_id",
[2026-02-12T20:34:37.228+0000] {spark_submit.py:492} INFO - "type" : "string",
[2026-02-12T20:34:37.228+0000] {spark_submit.py:492} INFO - "nullable" : true,
[2026-02-12T20:34:37.229+0000] {spark_submit.py:492} INFO - "metadata" : { }
[2026-02-12T20:34:37.229+0000] {spark_submit.py:492} INFO - }, {
[2026-02-12T20:34:37.229+0000] {spark_submit.py:492} INFO - "name" : "thread_id",
[2026-02-12T20:34:37.229+0000] {spark_submit.py:492} INFO - "type" : "string",
[2026-02-12T20:34:37.229+0000] {spark_submit.py:492} INFO - "nullable" : true,
[2026-02-12T20:34:37.229+0000] {spark_submit.py:492} INFO - "metadata" : { }
[2026-02-12T20:34:37.229+0000] {spark_submit.py:492} INFO - }, {
[2026-02-12T20:34:37.229+0000] {spark_submit.py:492} INFO - "name" : "created_at",
[2026-02-12T20:34:37.229+0000] {spark_submit.py:492} INFO - "type" : "string",
[2026-02-12T20:34:37.230+0000] {spark_submit.py:492} INFO - "nullable" : true,
[2026-02-12T20:34:37.230+0000] {spark_submit.py:492} INFO - "metadata" : { }
[2026-02-12T20:34:37.230+0000] {spark_submit.py:492} INFO - }, {
[2026-02-12T20:34:37.230+0000] {spark_submit.py:492} INFO - "name" : "edit_versions_ids",
[2026-02-12T20:34:37.230+0000] {spark_submit.py:492} INFO - "type" : {
[2026-02-12T20:34:37.230+0000] {spark_submit.py:492} INFO - "type" : "array",
[2026-02-12T20:34:37.230+0000] {spark_submit.py:492} INFO - "elementType" : "long",
[2026-02-12T20:34:37.230+0000] {spark_submit.py:492} INFO - "containsNull" : true
[2026-02-12T20:34:37.230+0000] {spark_submit.py:492} INFO - },
[2026-02-12T20:34:37.230+0000] {spark_submit.py:492} INFO - "nullable" : true,
[2026-02-12T20:34:37.231+0000] {spark_submit.py:492} INFO - "metadata" : { }
[2026-02-12T20:34:37.231+0000] {spark_submit.py:492} INFO - }, {
[2026-02-12T20:34:37.231+0000] {spark_submit.py:492} INFO - "name" : "tweet_id",
[2026-02-12T20:34:37.231+0000] {spark_submit.py:492} INFO - "type" : "string",
[2026-02-12T20:34:37.231+0000] {spark_submit.py:492} INFO - "nullable" : true,
[2026-02-12T20:34:37.231+0000] {spark_submit.py:492} INFO - "metadata" : { }
[2026-02-12T20:34:37.231+0000] {spark_submit.py:492} INFO - }, {
[2026-02-12T20:34:37.231+0000] {spark_submit.py:492} INFO - "name" : "reply_to_user_id",
[2026-02-12T20:34:37.231+0000] {spark_submit.py:492} INFO - "type" : "string",
[2026-02-12T20:34:37.231+0000] {spark_submit.py:492} INFO - "nullable" : true,
[2026-02-12T20:34:37.231+0000] {spark_submit.py:492} INFO - "metadata" : { }
[2026-02-12T20:34:37.231+0000] {spark_submit.py:492} INFO - }, {
[2026-02-12T20:34:37.231+0000] {spark_submit.py:492} INFO - "name" : "language",
[2026-02-12T20:34:37.231+0000] {spark_submit.py:492} INFO - "type" : "string",
[2026-02-12T20:34:37.232+0000] {spark_submit.py:492} INFO - "nullable" : true,
[2026-02-12T20:34:37.232+0000] {spark_submit.py:492} INFO - "metadata" : { }
[2026-02-12T20:34:37.232+0000] {spark_submit.py:492} INFO - }, {
[2026-02-12T20:34:37.232+0000] {spark_submit.py:492} INFO - "name" : "tweet_text",
[2026-02-12T20:34:37.232+0000] {spark_submit.py:492} INFO - "type" : "string",
[2026-02-12T20:34:37.232+0000] {spark_submit.py:492} INFO - "nullable" : true,
[2026-02-12T20:34:37.232+0000] {spark_submit.py:492} INFO - "metadata" : { }
[2026-02-12T20:34:37.232+0000] {spark_submit.py:492} INFO - }, {
[2026-02-12T20:34:37.232+0000] {spark_submit.py:492} INFO - "name" : "likes",
[2026-02-12T20:34:37.232+0000] {spark_submit.py:492} INFO - "type" : "long",
[2026-02-12T20:34:37.232+0000] {spark_submit.py:492} INFO - "nullable" : true,
[2026-02-12T20:34:37.233+0000] {spark_submit.py:492} INFO - "metadata" : { }
[2026-02-12T20:34:37.233+0000] {spark_submit.py:492} INFO - }, {
[2026-02-12T20:34:37.233+0000] {spark_submit.py:492} INFO - "name" : "quotes",
[2026-02-12T20:34:37.233+0000] {spark_submit.py:492} INFO - "type" : "long",
[2026-02-12T20:34:37.233+0000] {spark_submit.py:492} INFO - "nullable" : true,
[2026-02-12T20:34:37.233+0000] {spark_submit.py:492} INFO - "metadata" : { }
[2026-02-12T20:34:37.233+0000] {spark_submit.py:492} INFO - }, {
[2026-02-12T20:34:37.233+0000] {spark_submit.py:492} INFO - "name" : "replies",
[2026-02-12T20:34:37.233+0000] {spark_submit.py:492} INFO - "type" : "long",
[2026-02-12T20:34:37.233+0000] {spark_submit.py:492} INFO - "nullable" : true,
[2026-02-12T20:34:37.233+0000] {spark_submit.py:492} INFO - "metadata" : { }
[2026-02-12T20:34:37.234+0000] {spark_submit.py:492} INFO - }, {
[2026-02-12T20:34:37.234+0000] {spark_submit.py:492} INFO - "name" : "retweets",
[2026-02-12T20:34:37.234+0000] {spark_submit.py:492} INFO - "type" : "long",
[2026-02-12T20:34:37.234+0000] {spark_submit.py:492} INFO - "nullable" : true,
[2026-02-12T20:34:37.234+0000] {spark_submit.py:492} INFO - "metadata" : { }
[2026-02-12T20:34:37.234+0000] {spark_submit.py:492} INFO - }, {
[2026-02-12T20:34:37.234+0000] {spark_submit.py:492} INFO - "name" : "processing_date",
[2026-02-12T20:34:37.234+0000] {spark_submit.py:492} INFO - "type" : "date",
[2026-02-12T20:34:37.234+0000] {spark_submit.py:492} INFO - "nullable" : false,
[2026-02-12T20:34:37.234+0000] {spark_submit.py:492} INFO - "metadata" : { }
[2026-02-12T20:34:37.234+0000] {spark_submit.py:492} INFO - } ]
[2026-02-12T20:34:37.234+0000] {spark_submit.py:492} INFO - }
[2026-02-12T20:34:37.234+0000] {spark_submit.py:492} INFO - and corresponding Parquet message type:
[2026-02-12T20:34:37.234+0000] {spark_submit.py:492} INFO - message spark_schema {
[2026-02-12T20:34:37.234+0000] {spark_submit.py:492} INFO - optional binary user_id (STRING);
[2026-02-12T20:34:37.235+0000] {spark_submit.py:492} INFO - optional binary thread_id (STRING);
[2026-02-12T20:34:37.235+0000] {spark_submit.py:492} INFO - optional binary created_at (STRING);
[2026-02-12T20:34:37.235+0000] {spark_submit.py:492} INFO - optional group edit_versions_ids (LIST) {
[2026-02-12T20:34:37.235+0000] {spark_submit.py:492} INFO - repeated group list {
[2026-02-12T20:34:37.235+0000] {spark_submit.py:492} INFO - optional int64 element;
[2026-02-12T20:34:37.235+0000] {spark_submit.py:492} INFO - }
[2026-02-12T20:34:37.235+0000] {spark_submit.py:492} INFO - }
[2026-02-12T20:34:37.235+0000] {spark_submit.py:492} INFO - optional binary tweet_id (STRING);
[2026-02-12T20:34:37.235+0000] {spark_submit.py:492} INFO - optional binary reply_to_user_id (STRING);
[2026-02-12T20:34:37.235+0000] {spark_submit.py:492} INFO - optional binary language (STRING);
[2026-02-12T20:34:37.235+0000] {spark_submit.py:492} INFO - optional binary tweet_text (STRING);
[2026-02-12T20:34:37.236+0000] {spark_submit.py:492} INFO - optional int64 likes;
[2026-02-12T20:34:37.236+0000] {spark_submit.py:492} INFO - optional int64 quotes;
[2026-02-12T20:34:37.236+0000] {spark_submit.py:492} INFO - optional int64 replies;
[2026-02-12T20:34:37.236+0000] {spark_submit.py:492} INFO - optional int64 retweets;
[2026-02-12T20:34:37.236+0000] {spark_submit.py:492} INFO - required int32 processing_date (DATE);
[2026-02-12T20:34:37.236+0000] {spark_submit.py:492} INFO - }
[2026-02-12T20:34:37.236+0000] {spark_submit.py:492} INFO - 
[2026-02-12T20:34:37.236+0000] {spark_submit.py:492} INFO - 
[2026-02-12T20:34:37.250+0000] {spark_submit.py:492} INFO - 26/02/12 20:34:37 INFO CodecConfig: Compression: SNAPPY
[2026-02-12T20:34:37.250+0000] {spark_submit.py:492} INFO - 26/02/12 20:34:37 INFO CodecConfig: Compression: SNAPPY
[2026-02-12T20:34:37.251+0000] {spark_submit.py:492} INFO - 26/02/12 20:34:37 INFO ParquetOutputFormat: ParquetRecordWriter [block size: 134217728b, row group padding size: 8388608b, validating: false]
[2026-02-12T20:34:37.252+0000] {spark_submit.py:492} INFO - 26/02/12 20:34:37 INFO ParquetWriteSupport: Initialized Parquet WriteSupport with Catalyst schema:
[2026-02-12T20:34:37.252+0000] {spark_submit.py:492} INFO - {
[2026-02-12T20:34:37.252+0000] {spark_submit.py:492} INFO - "type" : "struct",
[2026-02-12T20:34:37.252+0000] {spark_submit.py:492} INFO - "fields" : [ {
[2026-02-12T20:34:37.252+0000] {spark_submit.py:492} INFO - "name" : "user_id",
[2026-02-12T20:34:37.252+0000] {spark_submit.py:492} INFO - "type" : "string",
[2026-02-12T20:34:37.252+0000] {spark_submit.py:492} INFO - "nullable" : true,
[2026-02-12T20:34:37.253+0000] {spark_submit.py:492} INFO - "metadata" : { }
[2026-02-12T20:34:37.253+0000] {spark_submit.py:492} INFO - }, {
[2026-02-12T20:34:37.253+0000] {spark_submit.py:492} INFO - "name" : "thread_id",
[2026-02-12T20:34:37.253+0000] {spark_submit.py:492} INFO - "type" : "string",
[2026-02-12T20:34:37.253+0000] {spark_submit.py:492} INFO - "nullable" : true,
[2026-02-12T20:34:37.253+0000] {spark_submit.py:492} INFO - "metadata" : { }
[2026-02-12T20:34:37.253+0000] {spark_submit.py:492} INFO - }, {
[2026-02-12T20:34:37.253+0000] {spark_submit.py:492} INFO - "name" : "created_at",
[2026-02-12T20:34:37.253+0000] {spark_submit.py:492} INFO - "type" : "string",
[2026-02-12T20:34:37.253+0000] {spark_submit.py:492} INFO - "nullable" : true,
[2026-02-12T20:34:37.253+0000] {spark_submit.py:492} INFO - "metadata" : { }
[2026-02-12T20:34:37.254+0000] {spark_submit.py:492} INFO - }, {
[2026-02-12T20:34:37.254+0000] {spark_submit.py:492} INFO - "name" : "edit_versions_ids",
[2026-02-12T20:34:37.254+0000] {spark_submit.py:492} INFO - "type" : {
[2026-02-12T20:34:37.254+0000] {spark_submit.py:492} INFO - "type" : "array",
[2026-02-12T20:34:37.254+0000] {spark_submit.py:492} INFO - "elementType" : "long",
[2026-02-12T20:34:37.254+0000] {spark_submit.py:492} INFO - "containsNull" : true
[2026-02-12T20:34:37.254+0000] {spark_submit.py:492} INFO - },
[2026-02-12T20:34:37.254+0000] {spark_submit.py:492} INFO - "nullable" : true,
[2026-02-12T20:34:37.254+0000] {spark_submit.py:492} INFO - "metadata" : { }
[2026-02-12T20:34:37.255+0000] {spark_submit.py:492} INFO - }, {
[2026-02-12T20:34:37.255+0000] {spark_submit.py:492} INFO - "name" : "tweet_id",
[2026-02-12T20:34:37.255+0000] {spark_submit.py:492} INFO - "type" : "string",
[2026-02-12T20:34:37.255+0000] {spark_submit.py:492} INFO - "nullable" : true,
[2026-02-12T20:34:37.255+0000] {spark_submit.py:492} INFO - "metadata" : { }
[2026-02-12T20:34:37.255+0000] {spark_submit.py:492} INFO - }, {
[2026-02-12T20:34:37.255+0000] {spark_submit.py:492} INFO - "name" : "reply_to_user_id",
[2026-02-12T20:34:37.255+0000] {spark_submit.py:492} INFO - "type" : "string",
[2026-02-12T20:34:37.255+0000] {spark_submit.py:492} INFO - "nullable" : true,
[2026-02-12T20:34:37.255+0000] {spark_submit.py:492} INFO - "metadata" : { }
[2026-02-12T20:34:37.255+0000] {spark_submit.py:492} INFO - }, {
[2026-02-12T20:34:37.255+0000] {spark_submit.py:492} INFO - "name" : "language",
[2026-02-12T20:34:37.255+0000] {spark_submit.py:492} INFO - "type" : "string",
[2026-02-12T20:34:37.256+0000] {spark_submit.py:492} INFO - "nullable" : true,
[2026-02-12T20:34:37.256+0000] {spark_submit.py:492} INFO - "metadata" : { }
[2026-02-12T20:34:37.256+0000] {spark_submit.py:492} INFO - }, {
[2026-02-12T20:34:37.256+0000] {spark_submit.py:492} INFO - "name" : "tweet_text",
[2026-02-12T20:34:37.256+0000] {spark_submit.py:492} INFO - "type" : "string",
[2026-02-12T20:34:37.256+0000] {spark_submit.py:492} INFO - "nullable" : true,
[2026-02-12T20:34:37.256+0000] {spark_submit.py:492} INFO - "metadata" : { }
[2026-02-12T20:34:37.256+0000] {spark_submit.py:492} INFO - }, {
[2026-02-12T20:34:37.256+0000] {spark_submit.py:492} INFO - "name" : "likes",
[2026-02-12T20:34:37.256+0000] {spark_submit.py:492} INFO - "type" : "long",
[2026-02-12T20:34:37.256+0000] {spark_submit.py:492} INFO - "nullable" : true,
[2026-02-12T20:34:37.256+0000] {spark_submit.py:492} INFO - "metadata" : { }
[2026-02-12T20:34:37.257+0000] {spark_submit.py:492} INFO - }, {
[2026-02-12T20:34:37.257+0000] {spark_submit.py:492} INFO - "name" : "quotes",
[2026-02-12T20:34:37.257+0000] {spark_submit.py:492} INFO - "type" : "long",
[2026-02-12T20:34:37.257+0000] {spark_submit.py:492} INFO - "nullable" : true,
[2026-02-12T20:34:37.257+0000] {spark_submit.py:492} INFO - "metadata" : { }
[2026-02-12T20:34:37.257+0000] {spark_submit.py:492} INFO - }, {
[2026-02-12T20:34:37.257+0000] {spark_submit.py:492} INFO - "name" : "replies",
[2026-02-12T20:34:37.257+0000] {spark_submit.py:492} INFO - "type" : "long",
[2026-02-12T20:34:37.257+0000] {spark_submit.py:492} INFO - "nullable" : true,
[2026-02-12T20:34:37.257+0000] {spark_submit.py:492} INFO - "metadata" : { }
[2026-02-12T20:34:37.257+0000] {spark_submit.py:492} INFO - }, {
[2026-02-12T20:34:37.257+0000] {spark_submit.py:492} INFO - "name" : "retweets",
[2026-02-12T20:34:37.257+0000] {spark_submit.py:492} INFO - "type" : "long",
[2026-02-12T20:34:37.257+0000] {spark_submit.py:492} INFO - "nullable" : true,
[2026-02-12T20:34:37.258+0000] {spark_submit.py:492} INFO - "metadata" : { }
[2026-02-12T20:34:37.258+0000] {spark_submit.py:492} INFO - }, {
[2026-02-12T20:34:37.258+0000] {spark_submit.py:492} INFO - "name" : "processing_date",
[2026-02-12T20:34:37.258+0000] {spark_submit.py:492} INFO - "type" : "date",
[2026-02-12T20:34:37.258+0000] {spark_submit.py:492} INFO - "nullable" : false,
[2026-02-12T20:34:37.258+0000] {spark_submit.py:492} INFO - "metadata" : { }
[2026-02-12T20:34:37.258+0000] {spark_submit.py:492} INFO - } ]
[2026-02-12T20:34:37.258+0000] {spark_submit.py:492} INFO - }
[2026-02-12T20:34:37.258+0000] {spark_submit.py:492} INFO - and corresponding Parquet message type:
[2026-02-12T20:34:37.258+0000] {spark_submit.py:492} INFO - message spark_schema {
[2026-02-12T20:34:37.258+0000] {spark_submit.py:492} INFO - optional binary user_id (STRING);
[2026-02-12T20:34:37.258+0000] {spark_submit.py:492} INFO - optional binary thread_id (STRING);
[2026-02-12T20:34:37.259+0000] {spark_submit.py:492} INFO - optional binary created_at (STRING);
[2026-02-12T20:34:37.259+0000] {spark_submit.py:492} INFO - optional group edit_versions_ids (LIST) {
[2026-02-12T20:34:37.259+0000] {spark_submit.py:492} INFO - repeated group list {
[2026-02-12T20:34:37.259+0000] {spark_submit.py:492} INFO - optional int64 element;
[2026-02-12T20:34:37.259+0000] {spark_submit.py:492} INFO - }
[2026-02-12T20:34:37.259+0000] {spark_submit.py:492} INFO - }
[2026-02-12T20:34:37.259+0000] {spark_submit.py:492} INFO - optional binary tweet_id (STRING);
[2026-02-12T20:34:37.259+0000] {spark_submit.py:492} INFO - optional binary reply_to_user_id (STRING);
[2026-02-12T20:34:37.259+0000] {spark_submit.py:492} INFO - optional binary language (STRING);
[2026-02-12T20:34:37.259+0000] {spark_submit.py:492} INFO - optional binary tweet_text (STRING);
[2026-02-12T20:34:37.259+0000] {spark_submit.py:492} INFO - optional int64 likes;
[2026-02-12T20:34:37.259+0000] {spark_submit.py:492} INFO - optional int64 quotes;
[2026-02-12T20:34:37.259+0000] {spark_submit.py:492} INFO - optional int64 replies;
[2026-02-12T20:34:37.259+0000] {spark_submit.py:492} INFO - optional int64 retweets;
[2026-02-12T20:34:37.259+0000] {spark_submit.py:492} INFO - required int32 processing_date (DATE);
[2026-02-12T20:34:37.259+0000] {spark_submit.py:492} INFO - }
[2026-02-12T20:34:37.260+0000] {spark_submit.py:492} INFO - 
[2026-02-12T20:34:37.260+0000] {spark_submit.py:492} INFO - 
[2026-02-12T20:34:37.278+0000] {spark_submit.py:492} INFO - 26/02/12 20:34:37 INFO FileOutputCommitter: Saved output of task 'attempt_202602122034361494570797898621683_0001_m_000000_1' to file:/opt/airflow/data/silver/_temporary/0/task_202602122034361494570797898621683_0001_m_000000
[2026-02-12T20:34:37.278+0000] {spark_submit.py:492} INFO - 26/02/12 20:34:37 INFO SparkHadoopMapRedUtil: attempt_202602122034361494570797898621683_0001_m_000000_1: Committed. Elapsed time: 0 ms.
[2026-02-12T20:34:37.292+0000] {spark_submit.py:492} INFO - 26/02/12 20:34:37 INFO Executor: Finished task 0.0 in stage 1.0 (TID 1). 3930 bytes result sent to driver
[2026-02-12T20:34:37.294+0000] {spark_submit.py:492} INFO - 26/02/12 20:34:37 INFO TaskSetManager: Finished task 0.0 in stage 1.0 (TID 1) in 873 ms on 649004db3ede (executor driver) (1/1)
[2026-02-12T20:34:37.294+0000] {spark_submit.py:492} INFO - 26/02/12 20:34:37 INFO TaskSchedulerImpl: Removed TaskSet 1.0, whose tasks have all completed, from pool
[2026-02-12T20:34:37.295+0000] {spark_submit.py:492} INFO - 26/02/12 20:34:37 INFO DAGScheduler: ResultStage 1 (parquet at NativeMethodAccessorImpl.java:0) finished in 0.905 s
[2026-02-12T20:34:37.295+0000] {spark_submit.py:492} INFO - 26/02/12 20:34:37 INFO DAGScheduler: Job 1 is finished. Cancelling potential speculative or zombie tasks for this job
[2026-02-12T20:34:37.295+0000] {spark_submit.py:492} INFO - 26/02/12 20:34:37 INFO TaskSchedulerImpl: Killing all running tasks in stage 1: Stage finished
[2026-02-12T20:34:37.295+0000] {spark_submit.py:492} INFO - 26/02/12 20:34:37 INFO DAGScheduler: Job 1 finished: parquet at NativeMethodAccessorImpl.java:0, took 0.909692 s
[2026-02-12T20:34:37.297+0000] {spark_submit.py:492} INFO - 26/02/12 20:34:37 INFO FileFormatWriter: Start to commit write Job bf9bd780-b698-45f4-85da-fcfa12151326.
[2026-02-12T20:34:37.312+0000] {spark_submit.py:492} INFO - 26/02/12 20:34:37 INFO FileFormatWriter: Write Job bf9bd780-b698-45f4-85da-fcfa12151326 committed. Elapsed time: 14 ms.
[2026-02-12T20:34:37.314+0000] {spark_submit.py:492} INFO - 26/02/12 20:34:37 INFO FileFormatWriter: Finished processing stats for write job bf9bd780-b698-45f4-85da-fcfa12151326.
[2026-02-12T20:34:37.354+0000] {spark_submit.py:492} INFO - 26/02/12 20:34:37 INFO SparkContext: Invoking stop() from shutdown hook
[2026-02-12T20:34:37.354+0000] {spark_submit.py:492} INFO - 26/02/12 20:34:37 INFO SparkContext: SparkContext is stopping with exitCode 0.
[2026-02-12T20:34:37.363+0000] {spark_submit.py:492} INFO - 26/02/12 20:34:37 INFO SparkUI: Stopped Spark web UI at http://649004db3ede:4040
[2026-02-12T20:34:37.371+0000] {spark_submit.py:492} INFO - 26/02/12 20:34:37 INFO MapOutputTrackerMasterEndpoint: MapOutputTrackerMasterEndpoint stopped!
[2026-02-12T20:34:37.380+0000] {spark_submit.py:492} INFO - 26/02/12 20:34:37 INFO MemoryStore: MemoryStore cleared
[2026-02-12T20:34:37.380+0000] {spark_submit.py:492} INFO - 26/02/12 20:34:37 INFO BlockManager: BlockManager stopped
[2026-02-12T20:34:37.382+0000] {spark_submit.py:492} INFO - 26/02/12 20:34:37 INFO BlockManagerMaster: BlockManagerMaster stopped
[2026-02-12T20:34:37.384+0000] {spark_submit.py:492} INFO - 26/02/12 20:34:37 INFO OutputCommitCoordinator$OutputCommitCoordinatorEndpoint: OutputCommitCoordinator stopped!
[2026-02-12T20:34:37.390+0000] {spark_submit.py:492} INFO - 26/02/12 20:34:37 INFO SparkContext: Successfully stopped SparkContext
[2026-02-12T20:34:37.391+0000] {spark_submit.py:492} INFO - 26/02/12 20:34:37 INFO ShutdownHookManager: Shutdown hook called
[2026-02-12T20:34:37.391+0000] {spark_submit.py:492} INFO - 26/02/12 20:34:37 INFO ShutdownHookManager: Deleting directory /tmp/spark-98a70b91-b77c-4a50-a060-612063db64dd
[2026-02-12T20:34:37.395+0000] {spark_submit.py:492} INFO - 26/02/12 20:34:37 INFO ShutdownHookManager: Deleting directory /tmp/spark-98a70b91-b77c-4a50-a060-612063db64dd/pyspark-d51264ef-d210-4213-b11e-0b9585a3ae23
[2026-02-12T20:34:37.400+0000] {spark_submit.py:492} INFO - 26/02/12 20:34:37 INFO ShutdownHookManager: Deleting directory /tmp/spark-e9164bf5-d2a6-463d-ba19-f733a55cb3c0
[2026-02-12T20:34:37.463+0000] {taskinstance.py:441} INFO - ::group::Post task execution logs
[2026-02-12T20:34:37.472+0000] {taskinstance.py:1206} INFO - Marking task as SUCCESS. dag_id=twitter_pipeline_2, task_id=transform_twitter_datascience, run_id=scheduled__2026-02-09T00:00:00+00:00, execution_date=20260209T000000, start_date=20260212T203428, end_date=20260212T203437
[2026-02-12T20:34:37.520+0000] {local_task_job_runner.py:243} INFO - Task exited with return code 0
[2026-02-12T20:34:37.532+0000] {taskinstance.py:3503} INFO - 0 downstream tasks scheduled from follow-on schedule check
[2026-02-12T20:34:37.534+0000] {local_task_job_runner.py:222} INFO - ::endgroup::
