[2026-02-12T20:34:39.801+0000] {local_task_job_runner.py:120} INFO - ::group::Pre task execution logs
[2026-02-12T20:34:39.812+0000] {taskinstance.py:2076} INFO - Dependencies all met for dep_context=non-requeueable deps ti=<TaskInstance: twitter_pipeline_2.transform_twitter_datascience scheduled__2026-02-10T00:00:00+00:00 [queued]>
[2026-02-12T20:34:39.817+0000] {taskinstance.py:2076} INFO - Dependencies all met for dep_context=requeueable deps ti=<TaskInstance: twitter_pipeline_2.transform_twitter_datascience scheduled__2026-02-10T00:00:00+00:00 [queued]>
[2026-02-12T20:34:39.817+0000] {taskinstance.py:2306} INFO - Starting attempt 1 of 1
[2026-02-12T20:34:39.825+0000] {taskinstance.py:2330} INFO - Executing <Task(SparkSubmitOperator): transform_twitter_datascience> on 2026-02-10 00:00:00+00:00
[2026-02-12T20:34:39.830+0000] {standard_task_runner.py:64} INFO - Started process 2852 to run task
[2026-02-12T20:34:39.833+0000] {standard_task_runner.py:90} INFO - Running: ['airflow', 'tasks', 'run', 'twitter_pipeline_2', 'transform_twitter_datascience', 'scheduled__2026-02-10T00:00:00+00:00', '--job-id', '90', '--raw', '--subdir', 'DAGS_FOLDER/dag2.py', '--cfg-path', '/tmp/tmpy02qmdij']
[2026-02-12T20:34:39.834+0000] {standard_task_runner.py:91} INFO - Job 90: Subtask transform_twitter_datascience
[2026-02-12T20:34:39.873+0000] {task_command.py:426} INFO - Running <TaskInstance: twitter_pipeline_2.transform_twitter_datascience scheduled__2026-02-10T00:00:00+00:00 [running]> on host 649004db3ede
[2026-02-12T20:34:39.942+0000] {taskinstance.py:2648} INFO - Exporting env vars: AIRFLOW_CTX_DAG_OWNER='airflow' AIRFLOW_CTX_DAG_ID='twitter_pipeline_2' AIRFLOW_CTX_TASK_ID='transform_twitter_datascience' AIRFLOW_CTX_EXECUTION_DATE='2026-02-10T00:00:00+00:00' AIRFLOW_CTX_TRY_NUMBER='1' AIRFLOW_CTX_DAG_RUN_ID='scheduled__2026-02-10T00:00:00+00:00'
[2026-02-12T20:34:39.943+0000] {taskinstance.py:430} INFO - ::endgroup::
[2026-02-12T20:34:39.950+0000] {base.py:84} INFO - Using connection ID 'spark_default' for task execution.
[2026-02-12T20:34:39.951+0000] {spark_submit.py:341} INFO - Spark-Submit cmd: spark-submit --master local --name twitter_transformation --queue root.default /opt/airflow/src/spark/transformation.py --src /opt/data_lake/twitter_posts_raw --dest /opt/airflow/data/silver
[2026-02-12T20:34:41.662+0000] {spark_submit.py:492} INFO - 26/02/12 20:34:41 INFO SparkContext: Running Spark version 3.4.1
[2026-02-12T20:34:41.697+0000] {spark_submit.py:492} INFO - 26/02/12 20:34:41 WARN NativeCodeLoader: Unable to load native-hadoop library for your platform... using builtin-java classes where applicable
[2026-02-12T20:34:41.746+0000] {spark_submit.py:492} INFO - 26/02/12 20:34:41 INFO ResourceUtils: ==============================================================
[2026-02-12T20:34:41.747+0000] {spark_submit.py:492} INFO - 26/02/12 20:34:41 INFO ResourceUtils: No custom resources configured for spark.driver.
[2026-02-12T20:34:41.747+0000] {spark_submit.py:492} INFO - 26/02/12 20:34:41 INFO ResourceUtils: ==============================================================
[2026-02-12T20:34:41.747+0000] {spark_submit.py:492} INFO - 26/02/12 20:34:41 INFO SparkContext: Submitted application: twitter_transformation
[2026-02-12T20:34:41.760+0000] {spark_submit.py:492} INFO - 26/02/12 20:34:41 INFO ResourceProfile: Default ResourceProfile created, executor resources: Map(cores -> name: cores, amount: 1, script: , vendor: , memory -> name: memory, amount: 1024, script: , vendor: , offHeap -> name: offHeap, amount: 0, script: , vendor: ), task resources: Map(cpus -> name: cpus, amount: 1.0)
[2026-02-12T20:34:41.765+0000] {spark_submit.py:492} INFO - 26/02/12 20:34:41 INFO ResourceProfile: Limiting resource is cpu
[2026-02-12T20:34:41.765+0000] {spark_submit.py:492} INFO - 26/02/12 20:34:41 INFO ResourceProfileManager: Added ResourceProfile id: 0
[2026-02-12T20:34:41.794+0000] {spark_submit.py:492} INFO - 26/02/12 20:34:41 INFO SecurityManager: Changing view acls to: default
[2026-02-12T20:34:41.794+0000] {spark_submit.py:492} INFO - 26/02/12 20:34:41 INFO SecurityManager: Changing modify acls to: default
[2026-02-12T20:34:41.794+0000] {spark_submit.py:492} INFO - 26/02/12 20:34:41 INFO SecurityManager: Changing view acls groups to:
[2026-02-12T20:34:41.795+0000] {spark_submit.py:492} INFO - 26/02/12 20:34:41 INFO SecurityManager: Changing modify acls groups to:
[2026-02-12T20:34:41.795+0000] {spark_submit.py:492} INFO - 26/02/12 20:34:41 INFO SecurityManager: SecurityManager: authentication disabled; ui acls disabled; users with view permissions: default; groups with view permissions: EMPTY; users with modify permissions: default; groups with modify permissions: EMPTY
[2026-02-12T20:34:41.921+0000] {spark_submit.py:492} INFO - 26/02/12 20:34:41 INFO Utils: Successfully started service 'sparkDriver' on port 45863.
[2026-02-12T20:34:41.938+0000] {spark_submit.py:492} INFO - 26/02/12 20:34:41 INFO SparkEnv: Registering MapOutputTracker
[2026-02-12T20:34:41.959+0000] {spark_submit.py:492} INFO - 26/02/12 20:34:41 INFO SparkEnv: Registering BlockManagerMaster
[2026-02-12T20:34:41.970+0000] {spark_submit.py:492} INFO - 26/02/12 20:34:41 INFO BlockManagerMasterEndpoint: Using org.apache.spark.storage.DefaultTopologyMapper for getting topology information
[2026-02-12T20:34:41.971+0000] {spark_submit.py:492} INFO - 26/02/12 20:34:41 INFO BlockManagerMasterEndpoint: BlockManagerMasterEndpoint up
[2026-02-12T20:34:41.973+0000] {spark_submit.py:492} INFO - 26/02/12 20:34:41 INFO SparkEnv: Registering BlockManagerMasterHeartbeat
[2026-02-12T20:34:41.985+0000] {spark_submit.py:492} INFO - 26/02/12 20:34:41 INFO DiskBlockManager: Created local directory at /tmp/blockmgr-b67aee31-3a2c-47b2-93df-b7e65aad4b55
[2026-02-12T20:34:41.994+0000] {spark_submit.py:492} INFO - 26/02/12 20:34:41 INFO MemoryStore: MemoryStore started with capacity 434.4 MiB
[2026-02-12T20:34:42.003+0000] {spark_submit.py:492} INFO - 26/02/12 20:34:42 INFO SparkEnv: Registering OutputCommitCoordinator
[2026-02-12T20:34:42.082+0000] {spark_submit.py:492} INFO - 26/02/12 20:34:42 INFO JettyUtils: Start Jetty 0.0.0.0:4040 for SparkUI
[2026-02-12T20:34:42.115+0000] {spark_submit.py:492} INFO - 26/02/12 20:34:42 INFO Utils: Successfully started service 'SparkUI' on port 4040.
[2026-02-12T20:34:42.176+0000] {spark_submit.py:492} INFO - 26/02/12 20:34:42 INFO Executor: Starting executor ID driver on host 649004db3ede
[2026-02-12T20:34:42.180+0000] {spark_submit.py:492} INFO - 26/02/12 20:34:42 INFO Executor: Starting executor with user classpath (userClassPathFirst = false): ''
[2026-02-12T20:34:42.190+0000] {spark_submit.py:492} INFO - 26/02/12 20:34:42 INFO Utils: Successfully started service 'org.apache.spark.network.netty.NettyBlockTransferService' on port 39171.
[2026-02-12T20:34:42.191+0000] {spark_submit.py:492} INFO - 26/02/12 20:34:42 INFO NettyBlockTransferService: Server created on 649004db3ede:39171
[2026-02-12T20:34:42.192+0000] {spark_submit.py:492} INFO - 26/02/12 20:34:42 INFO BlockManager: Using org.apache.spark.storage.RandomBlockReplicationPolicy for block replication policy
[2026-02-12T20:34:42.195+0000] {spark_submit.py:492} INFO - 26/02/12 20:34:42 INFO BlockManagerMaster: Registering BlockManager BlockManagerId(driver, 649004db3ede, 39171, None)
[2026-02-12T20:34:42.197+0000] {spark_submit.py:492} INFO - 26/02/12 20:34:42 INFO BlockManagerMasterEndpoint: Registering block manager 649004db3ede:39171 with 434.4 MiB RAM, BlockManagerId(driver, 649004db3ede, 39171, None)
[2026-02-12T20:34:42.198+0000] {spark_submit.py:492} INFO - 26/02/12 20:34:42 INFO BlockManagerMaster: Registered BlockManager BlockManagerId(driver, 649004db3ede, 39171, None)
[2026-02-12T20:34:42.199+0000] {spark_submit.py:492} INFO - 26/02/12 20:34:42 INFO BlockManager: Initialized BlockManager: BlockManagerId(driver, 649004db3ede, 39171, None)
[2026-02-12T20:34:42.448+0000] {spark_submit.py:492} INFO - 26/02/12 20:34:42 INFO SharedState: Setting hive.metastore.warehouse.dir ('null') to the value of spark.sql.warehouse.dir.
[2026-02-12T20:34:42.454+0000] {spark_submit.py:492} INFO - 26/02/12 20:34:42 INFO SharedState: Warehouse path is 'file:/opt/airflow/spark-warehouse'.
[2026-02-12T20:34:42.886+0000] {spark_submit.py:492} INFO - 26/02/12 20:34:42 INFO InMemoryFileIndex: It took 28 ms to list leaf files for 1 paths.
[2026-02-12T20:34:42.930+0000] {spark_submit.py:492} INFO - 26/02/12 20:34:42 INFO InMemoryFileIndex: It took 7 ms to list leaf files for 12 paths.
[2026-02-12T20:34:44.017+0000] {spark_submit.py:492} INFO - 26/02/12 20:34:44 INFO FileSourceStrategy: Pushed Filters:
[2026-02-12T20:34:44.022+0000] {spark_submit.py:492} INFO - 26/02/12 20:34:44 INFO FileSourceStrategy: Post-Scan Filters:
[2026-02-12T20:34:44.146+0000] {spark_submit.py:492} INFO - 26/02/12 20:34:44 INFO MemoryStore: Block broadcast_0 stored as values in memory (estimated size 199.2 KiB, free 434.2 MiB)
[2026-02-12T20:34:44.181+0000] {spark_submit.py:492} INFO - 26/02/12 20:34:44 INFO MemoryStore: Block broadcast_0_piece0 stored as bytes in memory (estimated size 34.2 KiB, free 434.2 MiB)
[2026-02-12T20:34:44.183+0000] {spark_submit.py:492} INFO - 26/02/12 20:34:44 INFO BlockManagerInfo: Added broadcast_0_piece0 in memory on 649004db3ede:39171 (size: 34.2 KiB, free: 434.4 MiB)
[2026-02-12T20:34:44.186+0000] {spark_submit.py:492} INFO - 26/02/12 20:34:44 INFO SparkContext: Created broadcast 0 from json at NativeMethodAccessorImpl.java:0
[2026-02-12T20:34:44.192+0000] {spark_submit.py:492} INFO - 26/02/12 20:34:44 INFO FileSourceScanExec: Planning scan with bin packing, max size: 50441255 bytes, open cost is considered as scanning 4194304 bytes.
[2026-02-12T20:34:44.276+0000] {spark_submit.py:492} INFO - 26/02/12 20:34:44 INFO SparkContext: Starting job: json at NativeMethodAccessorImpl.java:0
[2026-02-12T20:34:44.284+0000] {spark_submit.py:492} INFO - 26/02/12 20:34:44 INFO DAGScheduler: Got job 0 (json at NativeMethodAccessorImpl.java:0) with 1 output partitions
[2026-02-12T20:34:44.284+0000] {spark_submit.py:492} INFO - 26/02/12 20:34:44 INFO DAGScheduler: Final stage: ResultStage 0 (json at NativeMethodAccessorImpl.java:0)
[2026-02-12T20:34:44.284+0000] {spark_submit.py:492} INFO - 26/02/12 20:34:44 INFO DAGScheduler: Parents of final stage: List()
[2026-02-12T20:34:44.285+0000] {spark_submit.py:492} INFO - 26/02/12 20:34:44 INFO DAGScheduler: Missing parents: List()
[2026-02-12T20:34:44.287+0000] {spark_submit.py:492} INFO - 26/02/12 20:34:44 INFO DAGScheduler: Submitting ResultStage 0 (MapPartitionsRDD[3] at json at NativeMethodAccessorImpl.java:0), which has no missing parents
[2026-02-12T20:34:44.330+0000] {spark_submit.py:492} INFO - 26/02/12 20:34:44 INFO MemoryStore: Block broadcast_1 stored as values in memory (estimated size 15.0 KiB, free 434.2 MiB)
[2026-02-12T20:34:44.335+0000] {spark_submit.py:492} INFO - 26/02/12 20:34:44 INFO MemoryStore: Block broadcast_1_piece0 stored as bytes in memory (estimated size 7.2 KiB, free 434.2 MiB)
[2026-02-12T20:34:44.336+0000] {spark_submit.py:492} INFO - 26/02/12 20:34:44 INFO BlockManagerInfo: Added broadcast_1_piece0 in memory on 649004db3ede:39171 (size: 7.2 KiB, free: 434.4 MiB)
[2026-02-12T20:34:44.336+0000] {spark_submit.py:492} INFO - 26/02/12 20:34:44 INFO SparkContext: Created broadcast 1 from broadcast at DAGScheduler.scala:1535
[2026-02-12T20:34:44.344+0000] {spark_submit.py:492} INFO - 26/02/12 20:34:44 INFO DAGScheduler: Submitting 1 missing tasks from ResultStage 0 (MapPartitionsRDD[3] at json at NativeMethodAccessorImpl.java:0) (first 15 tasks are for partitions Vector(0))
[2026-02-12T20:34:44.345+0000] {spark_submit.py:492} INFO - 26/02/12 20:34:44 INFO TaskSchedulerImpl: Adding task set 0.0 with 1 tasks resource profile 0
[2026-02-12T20:34:44.370+0000] {spark_submit.py:492} INFO - 26/02/12 20:34:44 INFO TaskSetManager: Starting task 0.0 in stage 0.0 (TID 0) (649004db3ede, executor driver, partition 0, PROCESS_LOCAL, 9196 bytes)
[2026-02-12T20:34:44.377+0000] {spark_submit.py:492} INFO - 26/02/12 20:34:44 INFO Executor: Running task 0.0 in stage 0.0 (TID 0)
[2026-02-12T20:34:44.435+0000] {spark_submit.py:492} INFO - 26/02/12 20:34:44 INFO FileScanRDD: Reading File path: file:///opt/data_lake/twitter_posts_raw/tweets_2026-02-02.json, range: 0-31150, partition values: [empty row]
[2026-02-12T20:34:44.563+0000] {spark_submit.py:492} INFO - 26/02/12 20:34:44 INFO CodeGenerator: Code generated in 108.761307 ms
[2026-02-12T20:34:44.600+0000] {spark_submit.py:492} INFO - 26/02/12 20:34:44 INFO FileScanRDD: Reading File path: file:///opt/data_lake/twitter_posts_raw/tweets_2026-02-06.json, range: 0-17465, partition values: [empty row]
[2026-02-12T20:34:44.608+0000] {spark_submit.py:492} INFO - 26/02/12 20:34:44 INFO FileScanRDD: Reading File path: file:///opt/data_lake/twitter_posts_raw/tweets_2026-02-04.json, range: 0-10266, partition values: [empty row]
[2026-02-12T20:34:44.612+0000] {spark_submit.py:492} INFO - 26/02/12 20:34:44 INFO FileScanRDD: Reading File path: file:///opt/data_lake/twitter_posts_raw/tweets_2026-02-03.json, range: 0-7059, partition values: [empty row]
[2026-02-12T20:34:44.615+0000] {spark_submit.py:492} INFO - 26/02/12 20:34:44 INFO FileScanRDD: Reading File path: file:///opt/data_lake/twitter_posts_raw/tweets_2026-02-09.json, range: 0-6991, partition values: [empty row]
[2026-02-12T20:34:44.618+0000] {spark_submit.py:492} INFO - 26/02/12 20:34:44 INFO FileScanRDD: Reading File path: file:///opt/data_lake/twitter_posts_raw/tweets_2026-02-08.json, range: 0-6983, partition values: [empty row]
[2026-02-12T20:34:44.621+0000] {spark_submit.py:492} INFO - 26/02/12 20:34:44 INFO FileScanRDD: Reading File path: file:///opt/data_lake/twitter_posts_raw/tweets_2026-02-05.json, range: 0-6920, partition values: [empty row]
[2026-02-12T20:34:44.624+0000] {spark_submit.py:492} INFO - 26/02/12 20:34:44 INFO FileScanRDD: Reading File path: file:///opt/data_lake/twitter_posts_raw/tweets_2026-02-07.json, range: 0-6800, partition values: [empty row]
[2026-02-12T20:34:44.626+0000] {spark_submit.py:492} INFO - 26/02/12 20:34:44 INFO FileScanRDD: Reading File path: file:///opt/data_lake/twitter_posts_raw/tweets_2026-02-11.json, range: 0-5524, partition values: [empty row]
[2026-02-12T20:34:44.628+0000] {spark_submit.py:492} INFO - 26/02/12 20:34:44 INFO FileScanRDD: Reading File path: file:///opt/data_lake/twitter_posts_raw/tweets_2026-02-01.json, range: 0-3511, partition values: [empty row]
[2026-02-12T20:34:44.630+0000] {spark_submit.py:492} INFO - 26/02/12 20:34:44 INFO FileScanRDD: Reading File path: file:///opt/data_lake/twitter_posts_raw/tweets_2026-02-12.json, range: 0-3472, partition values: [empty row]
[2026-02-12T20:34:44.632+0000] {spark_submit.py:492} INFO - 26/02/12 20:34:44 INFO FileScanRDD: Reading File path: file:///opt/data_lake/twitter_posts_raw/tweets_2026-02-10.json, range: 0-3466, partition values: [empty row]
[2026-02-12T20:34:44.647+0000] {spark_submit.py:492} INFO - 26/02/12 20:34:44 INFO Executor: Finished task 0.0 in stage 0.0 (TID 0). 2606 bytes result sent to driver
[2026-02-12T20:34:44.654+0000] {spark_submit.py:492} INFO - 26/02/12 20:34:44 INFO TaskSetManager: Finished task 0.0 in stage 0.0 (TID 0) in 289 ms on 649004db3ede (executor driver) (1/1)
[2026-02-12T20:34:44.655+0000] {spark_submit.py:492} INFO - 26/02/12 20:34:44 INFO TaskSchedulerImpl: Removed TaskSet 0.0, whose tasks have all completed, from pool
[2026-02-12T20:34:44.658+0000] {spark_submit.py:492} INFO - 26/02/12 20:34:44 INFO DAGScheduler: ResultStage 0 (json at NativeMethodAccessorImpl.java:0) finished in 0.363 s
[2026-02-12T20:34:44.660+0000] {spark_submit.py:492} INFO - 26/02/12 20:34:44 INFO DAGScheduler: Job 0 is finished. Cancelling potential speculative or zombie tasks for this job
[2026-02-12T20:34:44.660+0000] {spark_submit.py:492} INFO - 26/02/12 20:34:44 INFO TaskSchedulerImpl: Killing all running tasks in stage 0: Stage finished
[2026-02-12T20:34:44.661+0000] {spark_submit.py:492} INFO - 26/02/12 20:34:44 INFO DAGScheduler: Job 0 finished: json at NativeMethodAccessorImpl.java:0, took 0.385136 s
[2026-02-12T20:34:44.940+0000] {spark_submit.py:492} INFO - 26/02/12 20:34:44 INFO FileSourceStrategy: Pushed Filters:
[2026-02-12T20:34:44.940+0000] {spark_submit.py:492} INFO - 26/02/12 20:34:44 INFO FileSourceStrategy: Post-Scan Filters:
[2026-02-12T20:34:44.989+0000] {spark_submit.py:492} INFO - 26/02/12 20:34:44 INFO ParquetUtils: Using default output committer for Parquet: org.apache.parquet.hadoop.ParquetOutputCommitter
[2026-02-12T20:34:45.010+0000] {spark_submit.py:492} INFO - 26/02/12 20:34:45 INFO FileOutputCommitter: File Output Committer Algorithm version is 1
[2026-02-12T20:34:45.010+0000] {spark_submit.py:492} INFO - 26/02/12 20:34:45 INFO FileOutputCommitter: FileOutputCommitter skip cleanup _temporary folders under output directory:false, ignore cleanup failures: false
[2026-02-12T20:34:45.010+0000] {spark_submit.py:492} INFO - 26/02/12 20:34:45 INFO SQLHadoopMapReduceCommitProtocol: Using user defined output committer class org.apache.parquet.hadoop.ParquetOutputCommitter
[2026-02-12T20:34:45.011+0000] {spark_submit.py:492} INFO - 26/02/12 20:34:45 INFO FileOutputCommitter: File Output Committer Algorithm version is 1
[2026-02-12T20:34:45.011+0000] {spark_submit.py:492} INFO - 26/02/12 20:34:45 INFO FileOutputCommitter: FileOutputCommitter skip cleanup _temporary folders under output directory:false, ignore cleanup failures: false
[2026-02-12T20:34:45.011+0000] {spark_submit.py:492} INFO - 26/02/12 20:34:45 INFO SQLHadoopMapReduceCommitProtocol: Using output committer class org.apache.parquet.hadoop.ParquetOutputCommitter
[2026-02-12T20:34:45.107+0000] {spark_submit.py:492} INFO - 26/02/12 20:34:45 INFO CodeGenerator: Code generated in 36.567532 ms
[2026-02-12T20:34:45.110+0000] {spark_submit.py:492} INFO - 26/02/12 20:34:45 INFO MemoryStore: Block broadcast_2 stored as values in memory (estimated size 199.1 KiB, free 434.0 MiB)
[2026-02-12T20:34:45.117+0000] {spark_submit.py:492} INFO - 26/02/12 20:34:45 INFO MemoryStore: Block broadcast_2_piece0 stored as bytes in memory (estimated size 34.1 KiB, free 433.9 MiB)
[2026-02-12T20:34:45.118+0000] {spark_submit.py:492} INFO - 26/02/12 20:34:45 INFO BlockManagerInfo: Added broadcast_2_piece0 in memory on 649004db3ede:39171 (size: 34.1 KiB, free: 434.3 MiB)
[2026-02-12T20:34:45.119+0000] {spark_submit.py:492} INFO - 26/02/12 20:34:45 INFO SparkContext: Created broadcast 2 from parquet at NativeMethodAccessorImpl.java:0
[2026-02-12T20:34:45.124+0000] {spark_submit.py:492} INFO - 26/02/12 20:34:45 INFO FileSourceScanExec: Planning scan with bin packing, max size: 50441255 bytes, open cost is considered as scanning 4194304 bytes.
[2026-02-12T20:34:45.143+0000] {spark_submit.py:492} INFO - 26/02/12 20:34:45 INFO BlockManagerInfo: Removed broadcast_1_piece0 on 649004db3ede:39171 in memory (size: 7.2 KiB, free: 434.3 MiB)
[2026-02-12T20:34:45.148+0000] {spark_submit.py:492} INFO - 26/02/12 20:34:45 INFO BlockManagerInfo: Removed broadcast_0_piece0 on 649004db3ede:39171 in memory (size: 34.2 KiB, free: 434.4 MiB)
[2026-02-12T20:34:45.172+0000] {spark_submit.py:492} INFO - 26/02/12 20:34:45 INFO SparkContext: Starting job: parquet at NativeMethodAccessorImpl.java:0
[2026-02-12T20:34:45.173+0000] {spark_submit.py:492} INFO - 26/02/12 20:34:45 INFO DAGScheduler: Got job 1 (parquet at NativeMethodAccessorImpl.java:0) with 1 output partitions
[2026-02-12T20:34:45.173+0000] {spark_submit.py:492} INFO - 26/02/12 20:34:45 INFO DAGScheduler: Final stage: ResultStage 1 (parquet at NativeMethodAccessorImpl.java:0)
[2026-02-12T20:34:45.173+0000] {spark_submit.py:492} INFO - 26/02/12 20:34:45 INFO DAGScheduler: Parents of final stage: List()
[2026-02-12T20:34:45.173+0000] {spark_submit.py:492} INFO - 26/02/12 20:34:45 INFO DAGScheduler: Missing parents: List()
[2026-02-12T20:34:45.174+0000] {spark_submit.py:492} INFO - 26/02/12 20:34:45 INFO DAGScheduler: Submitting ResultStage 1 (MapPartitionsRDD[7] at parquet at NativeMethodAccessorImpl.java:0), which has no missing parents
[2026-02-12T20:34:45.191+0000] {spark_submit.py:492} INFO - 26/02/12 20:34:45 INFO MemoryStore: Block broadcast_3 stored as values in memory (estimated size 236.4 KiB, free 433.9 MiB)
[2026-02-12T20:34:45.193+0000] {spark_submit.py:492} INFO - 26/02/12 20:34:45 INFO MemoryStore: Block broadcast_3_piece0 stored as bytes in memory (estimated size 86.4 KiB, free 433.9 MiB)
[2026-02-12T20:34:45.194+0000] {spark_submit.py:492} INFO - 26/02/12 20:34:45 INFO BlockManagerInfo: Added broadcast_3_piece0 in memory on 649004db3ede:39171 (size: 86.4 KiB, free: 434.3 MiB)
[2026-02-12T20:34:45.194+0000] {spark_submit.py:492} INFO - 26/02/12 20:34:45 INFO SparkContext: Created broadcast 3 from broadcast at DAGScheduler.scala:1535
[2026-02-12T20:34:45.195+0000] {spark_submit.py:492} INFO - 26/02/12 20:34:45 INFO DAGScheduler: Submitting 1 missing tasks from ResultStage 1 (MapPartitionsRDD[7] at parquet at NativeMethodAccessorImpl.java:0) (first 15 tasks are for partitions Vector(0))
[2026-02-12T20:34:45.195+0000] {spark_submit.py:492} INFO - 26/02/12 20:34:45 INFO TaskSchedulerImpl: Adding task set 1.0 with 1 tasks resource profile 0
[2026-02-12T20:34:45.196+0000] {spark_submit.py:492} INFO - 26/02/12 20:34:45 INFO TaskSetManager: Starting task 0.0 in stage 1.0 (TID 1) (649004db3ede, executor driver, partition 0, PROCESS_LOCAL, 9196 bytes)
[2026-02-12T20:34:45.197+0000] {spark_submit.py:492} INFO - 26/02/12 20:34:45 INFO Executor: Running task 0.0 in stage 1.0 (TID 1)
[2026-02-12T20:34:45.238+0000] {spark_submit.py:492} INFO - 26/02/12 20:34:45 INFO CodeGenerator: Code generated in 8.314271 ms
[2026-02-12T20:34:45.253+0000] {spark_submit.py:492} INFO - 26/02/12 20:34:45 INFO CodeGenerator: Code generated in 7.124817 ms
[2026-02-12T20:34:45.262+0000] {spark_submit.py:492} INFO - 26/02/12 20:34:45 INFO FileOutputCommitter: File Output Committer Algorithm version is 1
[2026-02-12T20:34:45.262+0000] {spark_submit.py:492} INFO - 26/02/12 20:34:45 INFO FileOutputCommitter: FileOutputCommitter skip cleanup _temporary folders under output directory:false, ignore cleanup failures: false
[2026-02-12T20:34:45.262+0000] {spark_submit.py:492} INFO - 26/02/12 20:34:45 INFO SQLHadoopMapReduceCommitProtocol: Using user defined output committer class org.apache.parquet.hadoop.ParquetOutputCommitter
[2026-02-12T20:34:45.262+0000] {spark_submit.py:492} INFO - 26/02/12 20:34:45 INFO FileOutputCommitter: File Output Committer Algorithm version is 1
[2026-02-12T20:34:45.262+0000] {spark_submit.py:492} INFO - 26/02/12 20:34:45 INFO FileOutputCommitter: FileOutputCommitter skip cleanup _temporary folders under output directory:false, ignore cleanup failures: false
[2026-02-12T20:34:45.263+0000] {spark_submit.py:492} INFO - 26/02/12 20:34:45 INFO SQLHadoopMapReduceCommitProtocol: Using output committer class org.apache.parquet.hadoop.ParquetOutputCommitter
[2026-02-12T20:34:45.285+0000] {spark_submit.py:492} INFO - 26/02/12 20:34:45 INFO CodeGenerator: Code generated in 14.678237 ms
[2026-02-12T20:34:45.287+0000] {spark_submit.py:492} INFO - 26/02/12 20:34:45 INFO FileScanRDD: Reading File path: file:///opt/data_lake/twitter_posts_raw/tweets_2026-02-02.json, range: 0-31150, partition values: [empty row]
[2026-02-12T20:34:45.306+0000] {spark_submit.py:492} INFO - 26/02/12 20:34:45 INFO CodeGenerator: Code generated in 13.075364 ms
[2026-02-12T20:34:45.341+0000] {spark_submit.py:492} INFO - 26/02/12 20:34:45 INFO FileScanRDD: Reading File path: file:///opt/data_lake/twitter_posts_raw/tweets_2026-02-06.json, range: 0-17465, partition values: [empty row]
[2026-02-12T20:34:45.350+0000] {spark_submit.py:492} INFO - 26/02/12 20:34:45 INFO FileScanRDD: Reading File path: file:///opt/data_lake/twitter_posts_raw/tweets_2026-02-04.json, range: 0-10266, partition values: [empty row]
[2026-02-12T20:34:45.356+0000] {spark_submit.py:492} INFO - 26/02/12 20:34:45 INFO FileScanRDD: Reading File path: file:///opt/data_lake/twitter_posts_raw/tweets_2026-02-03.json, range: 0-7059, partition values: [empty row]
[2026-02-12T20:34:45.361+0000] {spark_submit.py:492} INFO - 26/02/12 20:34:45 INFO FileScanRDD: Reading File path: file:///opt/data_lake/twitter_posts_raw/tweets_2026-02-09.json, range: 0-6991, partition values: [empty row]
[2026-02-12T20:34:45.366+0000] {spark_submit.py:492} INFO - 26/02/12 20:34:45 INFO FileScanRDD: Reading File path: file:///opt/data_lake/twitter_posts_raw/tweets_2026-02-08.json, range: 0-6983, partition values: [empty row]
[2026-02-12T20:34:45.370+0000] {spark_submit.py:492} INFO - 26/02/12 20:34:45 INFO FileScanRDD: Reading File path: file:///opt/data_lake/twitter_posts_raw/tweets_2026-02-05.json, range: 0-6920, partition values: [empty row]
[2026-02-12T20:34:45.375+0000] {spark_submit.py:492} INFO - 26/02/12 20:34:45 INFO FileScanRDD: Reading File path: file:///opt/data_lake/twitter_posts_raw/tweets_2026-02-07.json, range: 0-6800, partition values: [empty row]
[2026-02-12T20:34:45.379+0000] {spark_submit.py:492} INFO - 26/02/12 20:34:45 INFO FileScanRDD: Reading File path: file:///opt/data_lake/twitter_posts_raw/tweets_2026-02-11.json, range: 0-5524, partition values: [empty row]
[2026-02-12T20:34:45.382+0000] {spark_submit.py:492} INFO - 26/02/12 20:34:45 INFO FileScanRDD: Reading File path: file:///opt/data_lake/twitter_posts_raw/tweets_2026-02-01.json, range: 0-3511, partition values: [empty row]
[2026-02-12T20:34:45.384+0000] {spark_submit.py:492} INFO - 26/02/12 20:34:45 INFO FileScanRDD: Reading File path: file:///opt/data_lake/twitter_posts_raw/tweets_2026-02-12.json, range: 0-3472, partition values: [empty row]
[2026-02-12T20:34:45.386+0000] {spark_submit.py:492} INFO - 26/02/12 20:34:45 INFO FileScanRDD: Reading File path: file:///opt/data_lake/twitter_posts_raw/tweets_2026-02-10.json, range: 0-3466, partition values: [empty row]
[2026-02-12T20:34:45.399+0000] {spark_submit.py:492} INFO - 26/02/12 20:34:45 INFO CodeGenerator: Code generated in 4.451422 ms
[2026-02-12T20:34:45.425+0000] {spark_submit.py:492} INFO - 26/02/12 20:34:45 INFO CodeGenerator: Code generated in 17.348528 ms
[2026-02-12T20:34:45.432+0000] {spark_submit.py:492} INFO - 26/02/12 20:34:45 INFO CodecConfig: Compression: SNAPPY
[2026-02-12T20:34:45.434+0000] {spark_submit.py:492} INFO - 26/02/12 20:34:45 INFO CodecConfig: Compression: SNAPPY
[2026-02-12T20:34:45.445+0000] {spark_submit.py:492} INFO - 26/02/12 20:34:45 INFO ParquetOutputFormat: ParquetRecordWriter [block size: 134217728b, row group padding size: 8388608b, validating: false]
[2026-02-12T20:34:45.465+0000] {spark_submit.py:492} INFO - 26/02/12 20:34:45 INFO ParquetWriteSupport: Initialized Parquet WriteSupport with Catalyst schema:
[2026-02-12T20:34:45.465+0000] {spark_submit.py:492} INFO - {
[2026-02-12T20:34:45.466+0000] {spark_submit.py:492} INFO - "type" : "struct",
[2026-02-12T20:34:45.466+0000] {spark_submit.py:492} INFO - "fields" : [ {
[2026-02-12T20:34:45.466+0000] {spark_submit.py:492} INFO - "name" : "user_id",
[2026-02-12T20:34:45.466+0000] {spark_submit.py:492} INFO - "type" : "string",
[2026-02-12T20:34:45.466+0000] {spark_submit.py:492} INFO - "nullable" : true,
[2026-02-12T20:34:45.466+0000] {spark_submit.py:492} INFO - "metadata" : { }
[2026-02-12T20:34:45.467+0000] {spark_submit.py:492} INFO - }, {
[2026-02-12T20:34:45.467+0000] {spark_submit.py:492} INFO - "name" : "thread_id",
[2026-02-12T20:34:45.467+0000] {spark_submit.py:492} INFO - "type" : "string",
[2026-02-12T20:34:45.467+0000] {spark_submit.py:492} INFO - "nullable" : true,
[2026-02-12T20:34:45.467+0000] {spark_submit.py:492} INFO - "metadata" : { }
[2026-02-12T20:34:45.467+0000] {spark_submit.py:492} INFO - }, {
[2026-02-12T20:34:45.467+0000] {spark_submit.py:492} INFO - "name" : "created_at",
[2026-02-12T20:34:45.467+0000] {spark_submit.py:492} INFO - "type" : "string",
[2026-02-12T20:34:45.467+0000] {spark_submit.py:492} INFO - "nullable" : true,
[2026-02-12T20:34:45.467+0000] {spark_submit.py:492} INFO - "metadata" : { }
[2026-02-12T20:34:45.467+0000] {spark_submit.py:492} INFO - }, {
[2026-02-12T20:34:45.467+0000] {spark_submit.py:492} INFO - "name" : "edit_versions_ids",
[2026-02-12T20:34:45.467+0000] {spark_submit.py:492} INFO - "type" : {
[2026-02-12T20:34:45.468+0000] {spark_submit.py:492} INFO - "type" : "array",
[2026-02-12T20:34:45.468+0000] {spark_submit.py:492} INFO - "elementType" : "long",
[2026-02-12T20:34:45.468+0000] {spark_submit.py:492} INFO - "containsNull" : true
[2026-02-12T20:34:45.468+0000] {spark_submit.py:492} INFO - },
[2026-02-12T20:34:45.468+0000] {spark_submit.py:492} INFO - "nullable" : true,
[2026-02-12T20:34:45.468+0000] {spark_submit.py:492} INFO - "metadata" : { }
[2026-02-12T20:34:45.468+0000] {spark_submit.py:492} INFO - }, {
[2026-02-12T20:34:45.468+0000] {spark_submit.py:492} INFO - "name" : "tweet_id",
[2026-02-12T20:34:45.468+0000] {spark_submit.py:492} INFO - "type" : "string",
[2026-02-12T20:34:45.468+0000] {spark_submit.py:492} INFO - "nullable" : true,
[2026-02-12T20:34:45.469+0000] {spark_submit.py:492} INFO - "metadata" : { }
[2026-02-12T20:34:45.469+0000] {spark_submit.py:492} INFO - }, {
[2026-02-12T20:34:45.469+0000] {spark_submit.py:492} INFO - "name" : "reply_to_user_id",
[2026-02-12T20:34:45.469+0000] {spark_submit.py:492} INFO - "type" : "string",
[2026-02-12T20:34:45.469+0000] {spark_submit.py:492} INFO - "nullable" : true,
[2026-02-12T20:34:45.469+0000] {spark_submit.py:492} INFO - "metadata" : { }
[2026-02-12T20:34:45.469+0000] {spark_submit.py:492} INFO - }, {
[2026-02-12T20:34:45.469+0000] {spark_submit.py:492} INFO - "name" : "language",
[2026-02-12T20:34:45.469+0000] {spark_submit.py:492} INFO - "type" : "string",
[2026-02-12T20:34:45.469+0000] {spark_submit.py:492} INFO - "nullable" : true,
[2026-02-12T20:34:45.469+0000] {spark_submit.py:492} INFO - "metadata" : { }
[2026-02-12T20:34:45.469+0000] {spark_submit.py:492} INFO - }, {
[2026-02-12T20:34:45.470+0000] {spark_submit.py:492} INFO - "name" : "tweet_text",
[2026-02-12T20:34:45.470+0000] {spark_submit.py:492} INFO - "type" : "string",
[2026-02-12T20:34:45.470+0000] {spark_submit.py:492} INFO - "nullable" : true,
[2026-02-12T20:34:45.470+0000] {spark_submit.py:492} INFO - "metadata" : { }
[2026-02-12T20:34:45.470+0000] {spark_submit.py:492} INFO - }, {
[2026-02-12T20:34:45.470+0000] {spark_submit.py:492} INFO - "name" : "likes",
[2026-02-12T20:34:45.470+0000] {spark_submit.py:492} INFO - "type" : "long",
[2026-02-12T20:34:45.470+0000] {spark_submit.py:492} INFO - "nullable" : true,
[2026-02-12T20:34:45.470+0000] {spark_submit.py:492} INFO - "metadata" : { }
[2026-02-12T20:34:45.470+0000] {spark_submit.py:492} INFO - }, {
[2026-02-12T20:34:45.470+0000] {spark_submit.py:492} INFO - "name" : "quotes",
[2026-02-12T20:34:45.470+0000] {spark_submit.py:492} INFO - "type" : "long",
[2026-02-12T20:34:45.470+0000] {spark_submit.py:492} INFO - "nullable" : true,
[2026-02-12T20:34:45.470+0000] {spark_submit.py:492} INFO - "metadata" : { }
[2026-02-12T20:34:45.471+0000] {spark_submit.py:492} INFO - }, {
[2026-02-12T20:34:45.471+0000] {spark_submit.py:492} INFO - "name" : "replies",
[2026-02-12T20:34:45.471+0000] {spark_submit.py:492} INFO - "type" : "long",
[2026-02-12T20:34:45.471+0000] {spark_submit.py:492} INFO - "nullable" : true,
[2026-02-12T20:34:45.471+0000] {spark_submit.py:492} INFO - "metadata" : { }
[2026-02-12T20:34:45.471+0000] {spark_submit.py:492} INFO - }, {
[2026-02-12T20:34:45.471+0000] {spark_submit.py:492} INFO - "name" : "retweets",
[2026-02-12T20:34:45.471+0000] {spark_submit.py:492} INFO - "type" : "long",
[2026-02-12T20:34:45.471+0000] {spark_submit.py:492} INFO - "nullable" : true,
[2026-02-12T20:34:45.472+0000] {spark_submit.py:492} INFO - "metadata" : { }
[2026-02-12T20:34:45.472+0000] {spark_submit.py:492} INFO - }, {
[2026-02-12T20:34:45.472+0000] {spark_submit.py:492} INFO - "name" : "processing_date",
[2026-02-12T20:34:45.472+0000] {spark_submit.py:492} INFO - "type" : "date",
[2026-02-12T20:34:45.472+0000] {spark_submit.py:492} INFO - "nullable" : false,
[2026-02-12T20:34:45.472+0000] {spark_submit.py:492} INFO - "metadata" : { }
[2026-02-12T20:34:45.472+0000] {spark_submit.py:492} INFO - } ]
[2026-02-12T20:34:45.472+0000] {spark_submit.py:492} INFO - }
[2026-02-12T20:34:45.473+0000] {spark_submit.py:492} INFO - and corresponding Parquet message type:
[2026-02-12T20:34:45.473+0000] {spark_submit.py:492} INFO - message spark_schema {
[2026-02-12T20:34:45.473+0000] {spark_submit.py:492} INFO - optional binary user_id (STRING);
[2026-02-12T20:34:45.473+0000] {spark_submit.py:492} INFO - optional binary thread_id (STRING);
[2026-02-12T20:34:45.473+0000] {spark_submit.py:492} INFO - optional binary created_at (STRING);
[2026-02-12T20:34:45.473+0000] {spark_submit.py:492} INFO - optional group edit_versions_ids (LIST) {
[2026-02-12T20:34:45.473+0000] {spark_submit.py:492} INFO - repeated group list {
[2026-02-12T20:34:45.473+0000] {spark_submit.py:492} INFO - optional int64 element;
[2026-02-12T20:34:45.473+0000] {spark_submit.py:492} INFO - }
[2026-02-12T20:34:45.474+0000] {spark_submit.py:492} INFO - }
[2026-02-12T20:34:45.474+0000] {spark_submit.py:492} INFO - optional binary tweet_id (STRING);
[2026-02-12T20:34:45.474+0000] {spark_submit.py:492} INFO - optional binary reply_to_user_id (STRING);
[2026-02-12T20:34:45.474+0000] {spark_submit.py:492} INFO - optional binary language (STRING);
[2026-02-12T20:34:45.474+0000] {spark_submit.py:492} INFO - optional binary tweet_text (STRING);
[2026-02-12T20:34:45.474+0000] {spark_submit.py:492} INFO - optional int64 likes;
[2026-02-12T20:34:45.474+0000] {spark_submit.py:492} INFO - optional int64 quotes;
[2026-02-12T20:34:45.474+0000] {spark_submit.py:492} INFO - optional int64 replies;
[2026-02-12T20:34:45.474+0000] {spark_submit.py:492} INFO - optional int64 retweets;
[2026-02-12T20:34:45.474+0000] {spark_submit.py:492} INFO - required int32 processing_date (DATE);
[2026-02-12T20:34:45.475+0000] {spark_submit.py:492} INFO - }
[2026-02-12T20:34:45.475+0000] {spark_submit.py:492} INFO - 
[2026-02-12T20:34:45.475+0000] {spark_submit.py:492} INFO - 
[2026-02-12T20:34:45.515+0000] {spark_submit.py:492} INFO - 26/02/12 20:34:45 INFO CodecPool: Got brand-new compressor [.snappy]
[2026-02-12T20:34:45.846+0000] {spark_submit.py:492} INFO - 26/02/12 20:34:45 INFO CodecConfig: Compression: SNAPPY
[2026-02-12T20:34:45.847+0000] {spark_submit.py:492} INFO - 26/02/12 20:34:45 INFO CodecConfig: Compression: SNAPPY
[2026-02-12T20:34:45.848+0000] {spark_submit.py:492} INFO - 26/02/12 20:34:45 INFO ParquetOutputFormat: ParquetRecordWriter [block size: 134217728b, row group padding size: 8388608b, validating: false]
[2026-02-12T20:34:45.850+0000] {spark_submit.py:492} INFO - 26/02/12 20:34:45 INFO ParquetWriteSupport: Initialized Parquet WriteSupport with Catalyst schema:
[2026-02-12T20:34:45.850+0000] {spark_submit.py:492} INFO - {
[2026-02-12T20:34:45.851+0000] {spark_submit.py:492} INFO - "type" : "struct",
[2026-02-12T20:34:45.851+0000] {spark_submit.py:492} INFO - "fields" : [ {
[2026-02-12T20:34:45.851+0000] {spark_submit.py:492} INFO - "name" : "user_id",
[2026-02-12T20:34:45.851+0000] {spark_submit.py:492} INFO - "type" : "string",
[2026-02-12T20:34:45.851+0000] {spark_submit.py:492} INFO - "nullable" : true,
[2026-02-12T20:34:45.851+0000] {spark_submit.py:492} INFO - "metadata" : { }
[2026-02-12T20:34:45.851+0000] {spark_submit.py:492} INFO - }, {
[2026-02-12T20:34:45.851+0000] {spark_submit.py:492} INFO - "name" : "thread_id",
[2026-02-12T20:34:45.851+0000] {spark_submit.py:492} INFO - "type" : "string",
[2026-02-12T20:34:45.851+0000] {spark_submit.py:492} INFO - "nullable" : true,
[2026-02-12T20:34:45.851+0000] {spark_submit.py:492} INFO - "metadata" : { }
[2026-02-12T20:34:45.851+0000] {spark_submit.py:492} INFO - }, {
[2026-02-12T20:34:45.852+0000] {spark_submit.py:492} INFO - "name" : "created_at",
[2026-02-12T20:34:45.852+0000] {spark_submit.py:492} INFO - "type" : "string",
[2026-02-12T20:34:45.852+0000] {spark_submit.py:492} INFO - "nullable" : true,
[2026-02-12T20:34:45.852+0000] {spark_submit.py:492} INFO - "metadata" : { }
[2026-02-12T20:34:45.852+0000] {spark_submit.py:492} INFO - }, {
[2026-02-12T20:34:45.852+0000] {spark_submit.py:492} INFO - "name" : "edit_versions_ids",
[2026-02-12T20:34:45.852+0000] {spark_submit.py:492} INFO - "type" : {
[2026-02-12T20:34:45.852+0000] {spark_submit.py:492} INFO - "type" : "array",
[2026-02-12T20:34:45.852+0000] {spark_submit.py:492} INFO - "elementType" : "long",
[2026-02-12T20:34:45.853+0000] {spark_submit.py:492} INFO - "containsNull" : true
[2026-02-12T20:34:45.853+0000] {spark_submit.py:492} INFO - },
[2026-02-12T20:34:45.853+0000] {spark_submit.py:492} INFO - "nullable" : true,
[2026-02-12T20:34:45.853+0000] {spark_submit.py:492} INFO - "metadata" : { }
[2026-02-12T20:34:45.853+0000] {spark_submit.py:492} INFO - }, {
[2026-02-12T20:34:45.853+0000] {spark_submit.py:492} INFO - "name" : "tweet_id",
[2026-02-12T20:34:45.853+0000] {spark_submit.py:492} INFO - "type" : "string",
[2026-02-12T20:34:45.853+0000] {spark_submit.py:492} INFO - "nullable" : true,
[2026-02-12T20:34:45.853+0000] {spark_submit.py:492} INFO - "metadata" : { }
[2026-02-12T20:34:45.854+0000] {spark_submit.py:492} INFO - }, {
[2026-02-12T20:34:45.854+0000] {spark_submit.py:492} INFO - "name" : "reply_to_user_id",
[2026-02-12T20:34:45.854+0000] {spark_submit.py:492} INFO - "type" : "string",
[2026-02-12T20:34:45.854+0000] {spark_submit.py:492} INFO - "nullable" : true,
[2026-02-12T20:34:45.854+0000] {spark_submit.py:492} INFO - "metadata" : { }
[2026-02-12T20:34:45.854+0000] {spark_submit.py:492} INFO - }, {
[2026-02-12T20:34:45.854+0000] {spark_submit.py:492} INFO - "name" : "language",
[2026-02-12T20:34:45.854+0000] {spark_submit.py:492} INFO - "type" : "string",
[2026-02-12T20:34:45.854+0000] {spark_submit.py:492} INFO - "nullable" : true,
[2026-02-12T20:34:45.854+0000] {spark_submit.py:492} INFO - "metadata" : { }
[2026-02-12T20:34:45.855+0000] {spark_submit.py:492} INFO - }, {
[2026-02-12T20:34:45.855+0000] {spark_submit.py:492} INFO - "name" : "tweet_text",
[2026-02-12T20:34:45.855+0000] {spark_submit.py:492} INFO - "type" : "string",
[2026-02-12T20:34:45.855+0000] {spark_submit.py:492} INFO - "nullable" : true,
[2026-02-12T20:34:45.855+0000] {spark_submit.py:492} INFO - "metadata" : { }
[2026-02-12T20:34:45.855+0000] {spark_submit.py:492} INFO - }, {
[2026-02-12T20:34:45.856+0000] {spark_submit.py:492} INFO - "name" : "likes",
[2026-02-12T20:34:45.856+0000] {spark_submit.py:492} INFO - "type" : "long",
[2026-02-12T20:34:45.856+0000] {spark_submit.py:492} INFO - "nullable" : true,
[2026-02-12T20:34:45.856+0000] {spark_submit.py:492} INFO - "metadata" : { }
[2026-02-12T20:34:45.856+0000] {spark_submit.py:492} INFO - }, {
[2026-02-12T20:34:45.856+0000] {spark_submit.py:492} INFO - "name" : "quotes",
[2026-02-12T20:34:45.857+0000] {spark_submit.py:492} INFO - "type" : "long",
[2026-02-12T20:34:45.857+0000] {spark_submit.py:492} INFO - "nullable" : true,
[2026-02-12T20:34:45.857+0000] {spark_submit.py:492} INFO - "metadata" : { }
[2026-02-12T20:34:45.857+0000] {spark_submit.py:492} INFO - }, {
[2026-02-12T20:34:45.857+0000] {spark_submit.py:492} INFO - "name" : "replies",
[2026-02-12T20:34:45.857+0000] {spark_submit.py:492} INFO - "type" : "long",
[2026-02-12T20:34:45.858+0000] {spark_submit.py:492} INFO - "nullable" : true,
[2026-02-12T20:34:45.858+0000] {spark_submit.py:492} INFO - "metadata" : { }
[2026-02-12T20:34:45.858+0000] {spark_submit.py:492} INFO - }, {
[2026-02-12T20:34:45.859+0000] {spark_submit.py:492} INFO - "name" : "retweets",
[2026-02-12T20:34:45.859+0000] {spark_submit.py:492} INFO - "type" : "long",
[2026-02-12T20:34:45.859+0000] {spark_submit.py:492} INFO - "nullable" : true,
[2026-02-12T20:34:45.859+0000] {spark_submit.py:492} INFO - "metadata" : { }
[2026-02-12T20:34:45.859+0000] {spark_submit.py:492} INFO - }, {
[2026-02-12T20:34:45.859+0000] {spark_submit.py:492} INFO - "name" : "processing_date",
[2026-02-12T20:34:45.860+0000] {spark_submit.py:492} INFO - "type" : "date",
[2026-02-12T20:34:45.860+0000] {spark_submit.py:492} INFO - "nullable" : false,
[2026-02-12T20:34:45.860+0000] {spark_submit.py:492} INFO - "metadata" : { }
[2026-02-12T20:34:45.860+0000] {spark_submit.py:492} INFO - } ]
[2026-02-12T20:34:45.860+0000] {spark_submit.py:492} INFO - }
[2026-02-12T20:34:45.860+0000] {spark_submit.py:492} INFO - and corresponding Parquet message type:
[2026-02-12T20:34:45.860+0000] {spark_submit.py:492} INFO - message spark_schema {
[2026-02-12T20:34:45.860+0000] {spark_submit.py:492} INFO - optional binary user_id (STRING);
[2026-02-12T20:34:45.860+0000] {spark_submit.py:492} INFO - optional binary thread_id (STRING);
[2026-02-12T20:34:45.860+0000] {spark_submit.py:492} INFO - optional binary created_at (STRING);
[2026-02-12T20:34:45.860+0000] {spark_submit.py:492} INFO - optional group edit_versions_ids (LIST) {
[2026-02-12T20:34:45.860+0000] {spark_submit.py:492} INFO - repeated group list {
[2026-02-12T20:34:45.861+0000] {spark_submit.py:492} INFO - optional int64 element;
[2026-02-12T20:34:45.861+0000] {spark_submit.py:492} INFO - }
[2026-02-12T20:34:45.861+0000] {spark_submit.py:492} INFO - }
[2026-02-12T20:34:45.861+0000] {spark_submit.py:492} INFO - optional binary tweet_id (STRING);
[2026-02-12T20:34:45.861+0000] {spark_submit.py:492} INFO - optional binary reply_to_user_id (STRING);
[2026-02-12T20:34:45.861+0000] {spark_submit.py:492} INFO - optional binary language (STRING);
[2026-02-12T20:34:45.861+0000] {spark_submit.py:492} INFO - optional binary tweet_text (STRING);
[2026-02-12T20:34:45.861+0000] {spark_submit.py:492} INFO - optional int64 likes;
[2026-02-12T20:34:45.861+0000] {spark_submit.py:492} INFO - optional int64 quotes;
[2026-02-12T20:34:45.862+0000] {spark_submit.py:492} INFO - optional int64 replies;
[2026-02-12T20:34:45.862+0000] {spark_submit.py:492} INFO - optional int64 retweets;
[2026-02-12T20:34:45.862+0000] {spark_submit.py:492} INFO - required int32 processing_date (DATE);
[2026-02-12T20:34:45.862+0000] {spark_submit.py:492} INFO - }
[2026-02-12T20:34:45.862+0000] {spark_submit.py:492} INFO - 
[2026-02-12T20:34:45.862+0000] {spark_submit.py:492} INFO - 
[2026-02-12T20:34:45.892+0000] {spark_submit.py:492} INFO - 26/02/12 20:34:45 INFO CodecConfig: Compression: SNAPPY
[2026-02-12T20:34:45.892+0000] {spark_submit.py:492} INFO - 26/02/12 20:34:45 INFO CodecConfig: Compression: SNAPPY
[2026-02-12T20:34:45.893+0000] {spark_submit.py:492} INFO - 26/02/12 20:34:45 INFO ParquetOutputFormat: ParquetRecordWriter [block size: 134217728b, row group padding size: 8388608b, validating: false]
[2026-02-12T20:34:45.896+0000] {spark_submit.py:492} INFO - 26/02/12 20:34:45 INFO ParquetWriteSupport: Initialized Parquet WriteSupport with Catalyst schema:
[2026-02-12T20:34:45.897+0000] {spark_submit.py:492} INFO - {
[2026-02-12T20:34:45.897+0000] {spark_submit.py:492} INFO - "type" : "struct",
[2026-02-12T20:34:45.897+0000] {spark_submit.py:492} INFO - "fields" : [ {
[2026-02-12T20:34:45.897+0000] {spark_submit.py:492} INFO - "name" : "user_id",
[2026-02-12T20:34:45.897+0000] {spark_submit.py:492} INFO - "type" : "string",
[2026-02-12T20:34:45.897+0000] {spark_submit.py:492} INFO - "nullable" : true,
[2026-02-12T20:34:45.897+0000] {spark_submit.py:492} INFO - "metadata" : { }
[2026-02-12T20:34:45.898+0000] {spark_submit.py:492} INFO - }, {
[2026-02-12T20:34:45.898+0000] {spark_submit.py:492} INFO - "name" : "thread_id",
[2026-02-12T20:34:45.898+0000] {spark_submit.py:492} INFO - "type" : "string",
[2026-02-12T20:34:45.898+0000] {spark_submit.py:492} INFO - "nullable" : true,
[2026-02-12T20:34:45.898+0000] {spark_submit.py:492} INFO - "metadata" : { }
[2026-02-12T20:34:45.898+0000] {spark_submit.py:492} INFO - }, {
[2026-02-12T20:34:45.898+0000] {spark_submit.py:492} INFO - "name" : "created_at",
[2026-02-12T20:34:45.898+0000] {spark_submit.py:492} INFO - "type" : "string",
[2026-02-12T20:34:45.899+0000] {spark_submit.py:492} INFO - "nullable" : true,
[2026-02-12T20:34:45.899+0000] {spark_submit.py:492} INFO - "metadata" : { }
[2026-02-12T20:34:45.899+0000] {spark_submit.py:492} INFO - }, {
[2026-02-12T20:34:45.899+0000] {spark_submit.py:492} INFO - "name" : "edit_versions_ids",
[2026-02-12T20:34:45.899+0000] {spark_submit.py:492} INFO - "type" : {
[2026-02-12T20:34:45.899+0000] {spark_submit.py:492} INFO - "type" : "array",
[2026-02-12T20:34:45.899+0000] {spark_submit.py:492} INFO - "elementType" : "long",
[2026-02-12T20:34:45.900+0000] {spark_submit.py:492} INFO - "containsNull" : true
[2026-02-12T20:34:45.900+0000] {spark_submit.py:492} INFO - },
[2026-02-12T20:34:45.900+0000] {spark_submit.py:492} INFO - "nullable" : true,
[2026-02-12T20:34:45.900+0000] {spark_submit.py:492} INFO - "metadata" : { }
[2026-02-12T20:34:45.900+0000] {spark_submit.py:492} INFO - }, {
[2026-02-12T20:34:45.900+0000] {spark_submit.py:492} INFO - "name" : "tweet_id",
[2026-02-12T20:34:45.900+0000] {spark_submit.py:492} INFO - "type" : "string",
[2026-02-12T20:34:45.900+0000] {spark_submit.py:492} INFO - "nullable" : true,
[2026-02-12T20:34:45.901+0000] {spark_submit.py:492} INFO - "metadata" : { }
[2026-02-12T20:34:45.901+0000] {spark_submit.py:492} INFO - }, {
[2026-02-12T20:34:45.901+0000] {spark_submit.py:492} INFO - "name" : "reply_to_user_id",
[2026-02-12T20:34:45.901+0000] {spark_submit.py:492} INFO - "type" : "string",
[2026-02-12T20:34:45.901+0000] {spark_submit.py:492} INFO - "nullable" : true,
[2026-02-12T20:34:45.901+0000] {spark_submit.py:492} INFO - "metadata" : { }
[2026-02-12T20:34:45.901+0000] {spark_submit.py:492} INFO - }, {
[2026-02-12T20:34:45.901+0000] {spark_submit.py:492} INFO - "name" : "language",
[2026-02-12T20:34:45.901+0000] {spark_submit.py:492} INFO - "type" : "string",
[2026-02-12T20:34:45.901+0000] {spark_submit.py:492} INFO - "nullable" : true,
[2026-02-12T20:34:45.902+0000] {spark_submit.py:492} INFO - "metadata" : { }
[2026-02-12T20:34:45.902+0000] {spark_submit.py:492} INFO - }, {
[2026-02-12T20:34:45.902+0000] {spark_submit.py:492} INFO - "name" : "tweet_text",
[2026-02-12T20:34:45.902+0000] {spark_submit.py:492} INFO - "type" : "string",
[2026-02-12T20:34:45.902+0000] {spark_submit.py:492} INFO - "nullable" : true,
[2026-02-12T20:34:45.902+0000] {spark_submit.py:492} INFO - "metadata" : { }
[2026-02-12T20:34:45.902+0000] {spark_submit.py:492} INFO - }, {
[2026-02-12T20:34:45.902+0000] {spark_submit.py:492} INFO - "name" : "likes",
[2026-02-12T20:34:45.902+0000] {spark_submit.py:492} INFO - "type" : "long",
[2026-02-12T20:34:45.903+0000] {spark_submit.py:492} INFO - "nullable" : true,
[2026-02-12T20:34:45.903+0000] {spark_submit.py:492} INFO - "metadata" : { }
[2026-02-12T20:34:45.903+0000] {spark_submit.py:492} INFO - }, {
[2026-02-12T20:34:45.903+0000] {spark_submit.py:492} INFO - "name" : "quotes",
[2026-02-12T20:34:45.903+0000] {spark_submit.py:492} INFO - "type" : "long",
[2026-02-12T20:34:45.903+0000] {spark_submit.py:492} INFO - "nullable" : true,
[2026-02-12T20:34:45.903+0000] {spark_submit.py:492} INFO - "metadata" : { }
[2026-02-12T20:34:45.903+0000] {spark_submit.py:492} INFO - }, {
[2026-02-12T20:34:45.903+0000] {spark_submit.py:492} INFO - "name" : "replies",
[2026-02-12T20:34:45.903+0000] {spark_submit.py:492} INFO - "type" : "long",
[2026-02-12T20:34:45.904+0000] {spark_submit.py:492} INFO - "nullable" : true,
[2026-02-12T20:34:45.904+0000] {spark_submit.py:492} INFO - "metadata" : { }
[2026-02-12T20:34:45.904+0000] {spark_submit.py:492} INFO - }, {
[2026-02-12T20:34:45.904+0000] {spark_submit.py:492} INFO - "name" : "retweets",
[2026-02-12T20:34:45.904+0000] {spark_submit.py:492} INFO - "type" : "long",
[2026-02-12T20:34:45.904+0000] {spark_submit.py:492} INFO - "nullable" : true,
[2026-02-12T20:34:45.904+0000] {spark_submit.py:492} INFO - "metadata" : { }
[2026-02-12T20:34:45.904+0000] {spark_submit.py:492} INFO - }, {
[2026-02-12T20:34:45.905+0000] {spark_submit.py:492} INFO - "name" : "processing_date",
[2026-02-12T20:34:45.905+0000] {spark_submit.py:492} INFO - "type" : "date",
[2026-02-12T20:34:45.905+0000] {spark_submit.py:492} INFO - "nullable" : false,
[2026-02-12T20:34:45.905+0000] {spark_submit.py:492} INFO - "metadata" : { }
[2026-02-12T20:34:45.905+0000] {spark_submit.py:492} INFO - } ]
[2026-02-12T20:34:45.905+0000] {spark_submit.py:492} INFO - }
[2026-02-12T20:34:45.905+0000] {spark_submit.py:492} INFO - and corresponding Parquet message type:
[2026-02-12T20:34:45.905+0000] {spark_submit.py:492} INFO - message spark_schema {
[2026-02-12T20:34:45.905+0000] {spark_submit.py:492} INFO - optional binary user_id (STRING);
[2026-02-12T20:34:45.906+0000] {spark_submit.py:492} INFO - optional binary thread_id (STRING);
[2026-02-12T20:34:45.906+0000] {spark_submit.py:492} INFO - optional binary created_at (STRING);
[2026-02-12T20:34:45.906+0000] {spark_submit.py:492} INFO - optional group edit_versions_ids (LIST) {
[2026-02-12T20:34:45.906+0000] {spark_submit.py:492} INFO - repeated group list {
[2026-02-12T20:34:45.906+0000] {spark_submit.py:492} INFO - optional int64 element;
[2026-02-12T20:34:45.906+0000] {spark_submit.py:492} INFO - }
[2026-02-12T20:34:45.906+0000] {spark_submit.py:492} INFO - }
[2026-02-12T20:34:45.907+0000] {spark_submit.py:492} INFO - optional binary tweet_id (STRING);
[2026-02-12T20:34:45.907+0000] {spark_submit.py:492} INFO - optional binary reply_to_user_id (STRING);
[2026-02-12T20:34:45.907+0000] {spark_submit.py:492} INFO - optional binary language (STRING);
[2026-02-12T20:34:45.907+0000] {spark_submit.py:492} INFO - optional binary tweet_text (STRING);
[2026-02-12T20:34:45.907+0000] {spark_submit.py:492} INFO - optional int64 likes;
[2026-02-12T20:34:45.907+0000] {spark_submit.py:492} INFO - optional int64 quotes;
[2026-02-12T20:34:45.907+0000] {spark_submit.py:492} INFO - optional int64 replies;
[2026-02-12T20:34:45.907+0000] {spark_submit.py:492} INFO - optional int64 retweets;
[2026-02-12T20:34:45.907+0000] {spark_submit.py:492} INFO - required int32 processing_date (DATE);
[2026-02-12T20:34:45.907+0000] {spark_submit.py:492} INFO - }
[2026-02-12T20:34:45.908+0000] {spark_submit.py:492} INFO - 
[2026-02-12T20:34:45.908+0000] {spark_submit.py:492} INFO - 
[2026-02-12T20:34:45.923+0000] {spark_submit.py:492} INFO - 26/02/12 20:34:45 INFO CodecConfig: Compression: SNAPPY
[2026-02-12T20:34:45.923+0000] {spark_submit.py:492} INFO - 26/02/12 20:34:45 INFO CodecConfig: Compression: SNAPPY
[2026-02-12T20:34:45.924+0000] {spark_submit.py:492} INFO - 26/02/12 20:34:45 INFO ParquetOutputFormat: ParquetRecordWriter [block size: 134217728b, row group padding size: 8388608b, validating: false]
[2026-02-12T20:34:45.926+0000] {spark_submit.py:492} INFO - 26/02/12 20:34:45 INFO ParquetWriteSupport: Initialized Parquet WriteSupport with Catalyst schema:
[2026-02-12T20:34:45.926+0000] {spark_submit.py:492} INFO - {
[2026-02-12T20:34:45.926+0000] {spark_submit.py:492} INFO - "type" : "struct",
[2026-02-12T20:34:45.926+0000] {spark_submit.py:492} INFO - "fields" : [ {
[2026-02-12T20:34:45.926+0000] {spark_submit.py:492} INFO - "name" : "user_id",
[2026-02-12T20:34:45.926+0000] {spark_submit.py:492} INFO - "type" : "string",
[2026-02-12T20:34:45.926+0000] {spark_submit.py:492} INFO - "nullable" : true,
[2026-02-12T20:34:45.926+0000] {spark_submit.py:492} INFO - "metadata" : { }
[2026-02-12T20:34:45.927+0000] {spark_submit.py:492} INFO - }, {
[2026-02-12T20:34:45.927+0000] {spark_submit.py:492} INFO - "name" : "thread_id",
[2026-02-12T20:34:45.927+0000] {spark_submit.py:492} INFO - "type" : "string",
[2026-02-12T20:34:45.927+0000] {spark_submit.py:492} INFO - "nullable" : true,
[2026-02-12T20:34:45.927+0000] {spark_submit.py:492} INFO - "metadata" : { }
[2026-02-12T20:34:45.927+0000] {spark_submit.py:492} INFO - }, {
[2026-02-12T20:34:45.927+0000] {spark_submit.py:492} INFO - "name" : "created_at",
[2026-02-12T20:34:45.927+0000] {spark_submit.py:492} INFO - "type" : "string",
[2026-02-12T20:34:45.927+0000] {spark_submit.py:492} INFO - "nullable" : true,
[2026-02-12T20:34:45.927+0000] {spark_submit.py:492} INFO - "metadata" : { }
[2026-02-12T20:34:45.927+0000] {spark_submit.py:492} INFO - }, {
[2026-02-12T20:34:45.927+0000] {spark_submit.py:492} INFO - "name" : "edit_versions_ids",
[2026-02-12T20:34:45.928+0000] {spark_submit.py:492} INFO - "type" : {
[2026-02-12T20:34:45.928+0000] {spark_submit.py:492} INFO - "type" : "array",
[2026-02-12T20:34:45.928+0000] {spark_submit.py:492} INFO - "elementType" : "long",
[2026-02-12T20:34:45.928+0000] {spark_submit.py:492} INFO - "containsNull" : true
[2026-02-12T20:34:45.928+0000] {spark_submit.py:492} INFO - },
[2026-02-12T20:34:45.928+0000] {spark_submit.py:492} INFO - "nullable" : true,
[2026-02-12T20:34:45.928+0000] {spark_submit.py:492} INFO - "metadata" : { }
[2026-02-12T20:34:45.928+0000] {spark_submit.py:492} INFO - }, {
[2026-02-12T20:34:45.929+0000] {spark_submit.py:492} INFO - "name" : "tweet_id",
[2026-02-12T20:34:45.929+0000] {spark_submit.py:492} INFO - "type" : "string",
[2026-02-12T20:34:45.929+0000] {spark_submit.py:492} INFO - "nullable" : true,
[2026-02-12T20:34:45.929+0000] {spark_submit.py:492} INFO - "metadata" : { }
[2026-02-12T20:34:45.929+0000] {spark_submit.py:492} INFO - }, {
[2026-02-12T20:34:45.929+0000] {spark_submit.py:492} INFO - "name" : "reply_to_user_id",
[2026-02-12T20:34:45.930+0000] {spark_submit.py:492} INFO - "type" : "string",
[2026-02-12T20:34:45.930+0000] {spark_submit.py:492} INFO - "nullable" : true,
[2026-02-12T20:34:45.930+0000] {spark_submit.py:492} INFO - "metadata" : { }
[2026-02-12T20:34:45.930+0000] {spark_submit.py:492} INFO - }, {
[2026-02-12T20:34:45.930+0000] {spark_submit.py:492} INFO - "name" : "language",
[2026-02-12T20:34:45.930+0000] {spark_submit.py:492} INFO - "type" : "string",
[2026-02-12T20:34:45.930+0000] {spark_submit.py:492} INFO - "nullable" : true,
[2026-02-12T20:34:45.930+0000] {spark_submit.py:492} INFO - "metadata" : { }
[2026-02-12T20:34:45.931+0000] {spark_submit.py:492} INFO - }, {
[2026-02-12T20:34:45.931+0000] {spark_submit.py:492} INFO - "name" : "tweet_text",
[2026-02-12T20:34:45.931+0000] {spark_submit.py:492} INFO - "type" : "string",
[2026-02-12T20:34:45.931+0000] {spark_submit.py:492} INFO - "nullable" : true,
[2026-02-12T20:34:45.931+0000] {spark_submit.py:492} INFO - "metadata" : { }
[2026-02-12T20:34:45.931+0000] {spark_submit.py:492} INFO - }, {
[2026-02-12T20:34:45.931+0000] {spark_submit.py:492} INFO - "name" : "likes",
[2026-02-12T20:34:45.931+0000] {spark_submit.py:492} INFO - "type" : "long",
[2026-02-12T20:34:45.931+0000] {spark_submit.py:492} INFO - "nullable" : true,
[2026-02-12T20:34:45.932+0000] {spark_submit.py:492} INFO - "metadata" : { }
[2026-02-12T20:34:45.932+0000] {spark_submit.py:492} INFO - }, {
[2026-02-12T20:34:45.932+0000] {spark_submit.py:492} INFO - "name" : "quotes",
[2026-02-12T20:34:45.932+0000] {spark_submit.py:492} INFO - "type" : "long",
[2026-02-12T20:34:45.932+0000] {spark_submit.py:492} INFO - "nullable" : true,
[2026-02-12T20:34:45.932+0000] {spark_submit.py:492} INFO - "metadata" : { }
[2026-02-12T20:34:45.932+0000] {spark_submit.py:492} INFO - }, {
[2026-02-12T20:34:45.932+0000] {spark_submit.py:492} INFO - "name" : "replies",
[2026-02-12T20:34:45.932+0000] {spark_submit.py:492} INFO - "type" : "long",
[2026-02-12T20:34:45.933+0000] {spark_submit.py:492} INFO - "nullable" : true,
[2026-02-12T20:34:45.933+0000] {spark_submit.py:492} INFO - "metadata" : { }
[2026-02-12T20:34:45.933+0000] {spark_submit.py:492} INFO - }, {
[2026-02-12T20:34:45.933+0000] {spark_submit.py:492} INFO - "name" : "retweets",
[2026-02-12T20:34:45.933+0000] {spark_submit.py:492} INFO - "type" : "long",
[2026-02-12T20:34:45.933+0000] {spark_submit.py:492} INFO - "nullable" : true,
[2026-02-12T20:34:45.933+0000] {spark_submit.py:492} INFO - "metadata" : { }
[2026-02-12T20:34:45.933+0000] {spark_submit.py:492} INFO - }, {
[2026-02-12T20:34:45.933+0000] {spark_submit.py:492} INFO - "name" : "processing_date",
[2026-02-12T20:34:45.933+0000] {spark_submit.py:492} INFO - "type" : "date",
[2026-02-12T20:34:45.933+0000] {spark_submit.py:492} INFO - "nullable" : false,
[2026-02-12T20:34:45.933+0000] {spark_submit.py:492} INFO - "metadata" : { }
[2026-02-12T20:34:45.933+0000] {spark_submit.py:492} INFO - } ]
[2026-02-12T20:34:45.934+0000] {spark_submit.py:492} INFO - }
[2026-02-12T20:34:45.934+0000] {spark_submit.py:492} INFO - and corresponding Parquet message type:
[2026-02-12T20:34:45.934+0000] {spark_submit.py:492} INFO - message spark_schema {
[2026-02-12T20:34:45.934+0000] {spark_submit.py:492} INFO - optional binary user_id (STRING);
[2026-02-12T20:34:45.934+0000] {spark_submit.py:492} INFO - optional binary thread_id (STRING);
[2026-02-12T20:34:45.934+0000] {spark_submit.py:492} INFO - optional binary created_at (STRING);
[2026-02-12T20:34:45.934+0000] {spark_submit.py:492} INFO - optional group edit_versions_ids (LIST) {
[2026-02-12T20:34:45.934+0000] {spark_submit.py:492} INFO - repeated group list {
[2026-02-12T20:34:45.934+0000] {spark_submit.py:492} INFO - optional int64 element;
[2026-02-12T20:34:45.934+0000] {spark_submit.py:492} INFO - }
[2026-02-12T20:34:45.935+0000] {spark_submit.py:492} INFO - }
[2026-02-12T20:34:45.935+0000] {spark_submit.py:492} INFO - optional binary tweet_id (STRING);
[2026-02-12T20:34:45.935+0000] {spark_submit.py:492} INFO - optional binary reply_to_user_id (STRING);
[2026-02-12T20:34:45.935+0000] {spark_submit.py:492} INFO - optional binary language (STRING);
[2026-02-12T20:34:45.935+0000] {spark_submit.py:492} INFO - optional binary tweet_text (STRING);
[2026-02-12T20:34:45.935+0000] {spark_submit.py:492} INFO - optional int64 likes;
[2026-02-12T20:34:45.935+0000] {spark_submit.py:492} INFO - optional int64 quotes;
[2026-02-12T20:34:45.935+0000] {spark_submit.py:492} INFO - optional int64 replies;
[2026-02-12T20:34:45.935+0000] {spark_submit.py:492} INFO - optional int64 retweets;
[2026-02-12T20:34:45.935+0000] {spark_submit.py:492} INFO - required int32 processing_date (DATE);
[2026-02-12T20:34:45.935+0000] {spark_submit.py:492} INFO - }
[2026-02-12T20:34:45.936+0000] {spark_submit.py:492} INFO - 
[2026-02-12T20:34:45.936+0000] {spark_submit.py:492} INFO - 
[2026-02-12T20:34:45.954+0000] {spark_submit.py:492} INFO - 26/02/12 20:34:45 INFO CodecConfig: Compression: SNAPPY
[2026-02-12T20:34:45.955+0000] {spark_submit.py:492} INFO - 26/02/12 20:34:45 INFO CodecConfig: Compression: SNAPPY
[2026-02-12T20:34:45.956+0000] {spark_submit.py:492} INFO - 26/02/12 20:34:45 INFO ParquetOutputFormat: ParquetRecordWriter [block size: 134217728b, row group padding size: 8388608b, validating: false]
[2026-02-12T20:34:45.958+0000] {spark_submit.py:492} INFO - 26/02/12 20:34:45 INFO ParquetWriteSupport: Initialized Parquet WriteSupport with Catalyst schema:
[2026-02-12T20:34:45.958+0000] {spark_submit.py:492} INFO - {
[2026-02-12T20:34:45.958+0000] {spark_submit.py:492} INFO - "type" : "struct",
[2026-02-12T20:34:45.958+0000] {spark_submit.py:492} INFO - "fields" : [ {
[2026-02-12T20:34:45.958+0000] {spark_submit.py:492} INFO - "name" : "user_id",
[2026-02-12T20:34:45.958+0000] {spark_submit.py:492} INFO - "type" : "string",
[2026-02-12T20:34:45.958+0000] {spark_submit.py:492} INFO - "nullable" : true,
[2026-02-12T20:34:45.959+0000] {spark_submit.py:492} INFO - "metadata" : { }
[2026-02-12T20:34:45.959+0000] {spark_submit.py:492} INFO - }, {
[2026-02-12T20:34:45.959+0000] {spark_submit.py:492} INFO - "name" : "thread_id",
[2026-02-12T20:34:45.959+0000] {spark_submit.py:492} INFO - "type" : "string",
[2026-02-12T20:34:45.959+0000] {spark_submit.py:492} INFO - "nullable" : true,
[2026-02-12T20:34:45.959+0000] {spark_submit.py:492} INFO - "metadata" : { }
[2026-02-12T20:34:45.959+0000] {spark_submit.py:492} INFO - }, {
[2026-02-12T20:34:45.959+0000] {spark_submit.py:492} INFO - "name" : "created_at",
[2026-02-12T20:34:45.960+0000] {spark_submit.py:492} INFO - "type" : "string",
[2026-02-12T20:34:45.960+0000] {spark_submit.py:492} INFO - "nullable" : true,
[2026-02-12T20:34:45.960+0000] {spark_submit.py:492} INFO - "metadata" : { }
[2026-02-12T20:34:45.960+0000] {spark_submit.py:492} INFO - }, {
[2026-02-12T20:34:45.960+0000] {spark_submit.py:492} INFO - "name" : "edit_versions_ids",
[2026-02-12T20:34:45.960+0000] {spark_submit.py:492} INFO - "type" : {
[2026-02-12T20:34:45.960+0000] {spark_submit.py:492} INFO - "type" : "array",
[2026-02-12T20:34:45.960+0000] {spark_submit.py:492} INFO - "elementType" : "long",
[2026-02-12T20:34:45.960+0000] {spark_submit.py:492} INFO - "containsNull" : true
[2026-02-12T20:34:45.961+0000] {spark_submit.py:492} INFO - },
[2026-02-12T20:34:45.961+0000] {spark_submit.py:492} INFO - "nullable" : true,
[2026-02-12T20:34:45.961+0000] {spark_submit.py:492} INFO - "metadata" : { }
[2026-02-12T20:34:45.961+0000] {spark_submit.py:492} INFO - }, {
[2026-02-12T20:34:45.961+0000] {spark_submit.py:492} INFO - "name" : "tweet_id",
[2026-02-12T20:34:45.961+0000] {spark_submit.py:492} INFO - "type" : "string",
[2026-02-12T20:34:45.961+0000] {spark_submit.py:492} INFO - "nullable" : true,
[2026-02-12T20:34:45.961+0000] {spark_submit.py:492} INFO - "metadata" : { }
[2026-02-12T20:34:45.961+0000] {spark_submit.py:492} INFO - }, {
[2026-02-12T20:34:45.961+0000] {spark_submit.py:492} INFO - "name" : "reply_to_user_id",
[2026-02-12T20:34:45.962+0000] {spark_submit.py:492} INFO - "type" : "string",
[2026-02-12T20:34:45.962+0000] {spark_submit.py:492} INFO - "nullable" : true,
[2026-02-12T20:34:45.962+0000] {spark_submit.py:492} INFO - "metadata" : { }
[2026-02-12T20:34:45.962+0000] {spark_submit.py:492} INFO - }, {
[2026-02-12T20:34:45.962+0000] {spark_submit.py:492} INFO - "name" : "language",
[2026-02-12T20:34:45.962+0000] {spark_submit.py:492} INFO - "type" : "string",
[2026-02-12T20:34:45.962+0000] {spark_submit.py:492} INFO - "nullable" : true,
[2026-02-12T20:34:45.962+0000] {spark_submit.py:492} INFO - "metadata" : { }
[2026-02-12T20:34:45.962+0000] {spark_submit.py:492} INFO - }, {
[2026-02-12T20:34:45.963+0000] {spark_submit.py:492} INFO - "name" : "tweet_text",
[2026-02-12T20:34:45.963+0000] {spark_submit.py:492} INFO - "type" : "string",
[2026-02-12T20:34:45.963+0000] {spark_submit.py:492} INFO - "nullable" : true,
[2026-02-12T20:34:45.963+0000] {spark_submit.py:492} INFO - "metadata" : { }
[2026-02-12T20:34:45.963+0000] {spark_submit.py:492} INFO - }, {
[2026-02-12T20:34:45.963+0000] {spark_submit.py:492} INFO - "name" : "likes",
[2026-02-12T20:34:45.964+0000] {spark_submit.py:492} INFO - "type" : "long",
[2026-02-12T20:34:45.964+0000] {spark_submit.py:492} INFO - "nullable" : true,
[2026-02-12T20:34:45.964+0000] {spark_submit.py:492} INFO - "metadata" : { }
[2026-02-12T20:34:45.964+0000] {spark_submit.py:492} INFO - }, {
[2026-02-12T20:34:45.964+0000] {spark_submit.py:492} INFO - "name" : "quotes",
[2026-02-12T20:34:45.964+0000] {spark_submit.py:492} INFO - "type" : "long",
[2026-02-12T20:34:45.964+0000] {spark_submit.py:492} INFO - "nullable" : true,
[2026-02-12T20:34:45.965+0000] {spark_submit.py:492} INFO - "metadata" : { }
[2026-02-12T20:34:45.965+0000] {spark_submit.py:492} INFO - }, {
[2026-02-12T20:34:45.965+0000] {spark_submit.py:492} INFO - "name" : "replies",
[2026-02-12T20:34:45.965+0000] {spark_submit.py:492} INFO - "type" : "long",
[2026-02-12T20:34:45.965+0000] {spark_submit.py:492} INFO - "nullable" : true,
[2026-02-12T20:34:45.965+0000] {spark_submit.py:492} INFO - "metadata" : { }
[2026-02-12T20:34:45.966+0000] {spark_submit.py:492} INFO - }, {
[2026-02-12T20:34:45.966+0000] {spark_submit.py:492} INFO - "name" : "retweets",
[2026-02-12T20:34:45.966+0000] {spark_submit.py:492} INFO - "type" : "long",
[2026-02-12T20:34:45.966+0000] {spark_submit.py:492} INFO - "nullable" : true,
[2026-02-12T20:34:45.966+0000] {spark_submit.py:492} INFO - "metadata" : { }
[2026-02-12T20:34:45.966+0000] {spark_submit.py:492} INFO - }, {
[2026-02-12T20:34:45.966+0000] {spark_submit.py:492} INFO - "name" : "processing_date",
[2026-02-12T20:34:45.967+0000] {spark_submit.py:492} INFO - "type" : "date",
[2026-02-12T20:34:45.967+0000] {spark_submit.py:492} INFO - "nullable" : false,
[2026-02-12T20:34:45.967+0000] {spark_submit.py:492} INFO - "metadata" : { }
[2026-02-12T20:34:45.967+0000] {spark_submit.py:492} INFO - } ]
[2026-02-12T20:34:45.967+0000] {spark_submit.py:492} INFO - }
[2026-02-12T20:34:45.967+0000] {spark_submit.py:492} INFO - and corresponding Parquet message type:
[2026-02-12T20:34:45.967+0000] {spark_submit.py:492} INFO - message spark_schema {
[2026-02-12T20:34:45.968+0000] {spark_submit.py:492} INFO - optional binary user_id (STRING);
[2026-02-12T20:34:45.968+0000] {spark_submit.py:492} INFO - optional binary thread_id (STRING);
[2026-02-12T20:34:45.968+0000] {spark_submit.py:492} INFO - optional binary created_at (STRING);
[2026-02-12T20:34:45.968+0000] {spark_submit.py:492} INFO - optional group edit_versions_ids (LIST) {
[2026-02-12T20:34:45.968+0000] {spark_submit.py:492} INFO - repeated group list {
[2026-02-12T20:34:45.968+0000] {spark_submit.py:492} INFO - optional int64 element;
[2026-02-12T20:34:45.969+0000] {spark_submit.py:492} INFO - }
[2026-02-12T20:34:45.969+0000] {spark_submit.py:492} INFO - }
[2026-02-12T20:34:45.969+0000] {spark_submit.py:492} INFO - optional binary tweet_id (STRING);
[2026-02-12T20:34:45.969+0000] {spark_submit.py:492} INFO - optional binary reply_to_user_id (STRING);
[2026-02-12T20:34:45.969+0000] {spark_submit.py:492} INFO - optional binary language (STRING);
[2026-02-12T20:34:45.969+0000] {spark_submit.py:492} INFO - optional binary tweet_text (STRING);
[2026-02-12T20:34:45.969+0000] {spark_submit.py:492} INFO - optional int64 likes;
[2026-02-12T20:34:45.969+0000] {spark_submit.py:492} INFO - optional int64 quotes;
[2026-02-12T20:34:45.969+0000] {spark_submit.py:492} INFO - optional int64 replies;
[2026-02-12T20:34:45.970+0000] {spark_submit.py:492} INFO - optional int64 retweets;
[2026-02-12T20:34:45.970+0000] {spark_submit.py:492} INFO - required int32 processing_date (DATE);
[2026-02-12T20:34:45.970+0000] {spark_submit.py:492} INFO - }
[2026-02-12T20:34:45.970+0000] {spark_submit.py:492} INFO - 
[2026-02-12T20:34:45.970+0000] {spark_submit.py:492} INFO - 
[2026-02-12T20:34:45.984+0000] {spark_submit.py:492} INFO - 26/02/12 20:34:45 INFO CodecConfig: Compression: SNAPPY
[2026-02-12T20:34:45.984+0000] {spark_submit.py:492} INFO - 26/02/12 20:34:45 INFO CodecConfig: Compression: SNAPPY
[2026-02-12T20:34:45.986+0000] {spark_submit.py:492} INFO - 26/02/12 20:34:45 INFO ParquetOutputFormat: ParquetRecordWriter [block size: 134217728b, row group padding size: 8388608b, validating: false]
[2026-02-12T20:34:45.987+0000] {spark_submit.py:492} INFO - 26/02/12 20:34:45 INFO ParquetWriteSupport: Initialized Parquet WriteSupport with Catalyst schema:
[2026-02-12T20:34:45.987+0000] {spark_submit.py:492} INFO - {
[2026-02-12T20:34:45.987+0000] {spark_submit.py:492} INFO - "type" : "struct",
[2026-02-12T20:34:45.987+0000] {spark_submit.py:492} INFO - "fields" : [ {
[2026-02-12T20:34:45.987+0000] {spark_submit.py:492} INFO - "name" : "user_id",
[2026-02-12T20:34:45.988+0000] {spark_submit.py:492} INFO - "type" : "string",
[2026-02-12T20:34:45.988+0000] {spark_submit.py:492} INFO - "nullable" : true,
[2026-02-12T20:34:45.988+0000] {spark_submit.py:492} INFO - "metadata" : { }
[2026-02-12T20:34:45.988+0000] {spark_submit.py:492} INFO - }, {
[2026-02-12T20:34:45.988+0000] {spark_submit.py:492} INFO - "name" : "thread_id",
[2026-02-12T20:34:45.988+0000] {spark_submit.py:492} INFO - "type" : "string",
[2026-02-12T20:34:45.988+0000] {spark_submit.py:492} INFO - "nullable" : true,
[2026-02-12T20:34:45.988+0000] {spark_submit.py:492} INFO - "metadata" : { }
[2026-02-12T20:34:45.989+0000] {spark_submit.py:492} INFO - }, {
[2026-02-12T20:34:45.989+0000] {spark_submit.py:492} INFO - "name" : "created_at",
[2026-02-12T20:34:45.989+0000] {spark_submit.py:492} INFO - "type" : "string",
[2026-02-12T20:34:45.989+0000] {spark_submit.py:492} INFO - "nullable" : true,
[2026-02-12T20:34:45.989+0000] {spark_submit.py:492} INFO - "metadata" : { }
[2026-02-12T20:34:45.989+0000] {spark_submit.py:492} INFO - }, {
[2026-02-12T20:34:45.989+0000] {spark_submit.py:492} INFO - "name" : "edit_versions_ids",
[2026-02-12T20:34:45.989+0000] {spark_submit.py:492} INFO - "type" : {
[2026-02-12T20:34:45.989+0000] {spark_submit.py:492} INFO - "type" : "array",
[2026-02-12T20:34:45.990+0000] {spark_submit.py:492} INFO - "elementType" : "long",
[2026-02-12T20:34:45.990+0000] {spark_submit.py:492} INFO - "containsNull" : true
[2026-02-12T20:34:45.990+0000] {spark_submit.py:492} INFO - },
[2026-02-12T20:34:45.990+0000] {spark_submit.py:492} INFO - "nullable" : true,
[2026-02-12T20:34:45.990+0000] {spark_submit.py:492} INFO - "metadata" : { }
[2026-02-12T20:34:45.990+0000] {spark_submit.py:492} INFO - }, {
[2026-02-12T20:34:45.990+0000] {spark_submit.py:492} INFO - "name" : "tweet_id",
[2026-02-12T20:34:45.990+0000] {spark_submit.py:492} INFO - "type" : "string",
[2026-02-12T20:34:45.990+0000] {spark_submit.py:492} INFO - "nullable" : true,
[2026-02-12T20:34:45.991+0000] {spark_submit.py:492} INFO - "metadata" : { }
[2026-02-12T20:34:45.991+0000] {spark_submit.py:492} INFO - }, {
[2026-02-12T20:34:45.991+0000] {spark_submit.py:492} INFO - "name" : "reply_to_user_id",
[2026-02-12T20:34:45.991+0000] {spark_submit.py:492} INFO - "type" : "string",
[2026-02-12T20:34:45.991+0000] {spark_submit.py:492} INFO - "nullable" : true,
[2026-02-12T20:34:45.991+0000] {spark_submit.py:492} INFO - "metadata" : { }
[2026-02-12T20:34:45.991+0000] {spark_submit.py:492} INFO - }, {
[2026-02-12T20:34:45.991+0000] {spark_submit.py:492} INFO - "name" : "language",
[2026-02-12T20:34:45.991+0000] {spark_submit.py:492} INFO - "type" : "string",
[2026-02-12T20:34:45.992+0000] {spark_submit.py:492} INFO - "nullable" : true,
[2026-02-12T20:34:45.992+0000] {spark_submit.py:492} INFO - "metadata" : { }
[2026-02-12T20:34:45.992+0000] {spark_submit.py:492} INFO - }, {
[2026-02-12T20:34:45.992+0000] {spark_submit.py:492} INFO - "name" : "tweet_text",
[2026-02-12T20:34:45.992+0000] {spark_submit.py:492} INFO - "type" : "string",
[2026-02-12T20:34:45.992+0000] {spark_submit.py:492} INFO - "nullable" : true,
[2026-02-12T20:34:45.992+0000] {spark_submit.py:492} INFO - "metadata" : { }
[2026-02-12T20:34:45.992+0000] {spark_submit.py:492} INFO - }, {
[2026-02-12T20:34:45.992+0000] {spark_submit.py:492} INFO - "name" : "likes",
[2026-02-12T20:34:45.992+0000] {spark_submit.py:492} INFO - "type" : "long",
[2026-02-12T20:34:45.993+0000] {spark_submit.py:492} INFO - "nullable" : true,
[2026-02-12T20:34:45.993+0000] {spark_submit.py:492} INFO - "metadata" : { }
[2026-02-12T20:34:45.993+0000] {spark_submit.py:492} INFO - }, {
[2026-02-12T20:34:45.993+0000] {spark_submit.py:492} INFO - "name" : "quotes",
[2026-02-12T20:34:45.993+0000] {spark_submit.py:492} INFO - "type" : "long",
[2026-02-12T20:34:45.993+0000] {spark_submit.py:492} INFO - "nullable" : true,
[2026-02-12T20:34:45.993+0000] {spark_submit.py:492} INFO - "metadata" : { }
[2026-02-12T20:34:45.993+0000] {spark_submit.py:492} INFO - }, {
[2026-02-12T20:34:45.994+0000] {spark_submit.py:492} INFO - "name" : "replies",
[2026-02-12T20:34:45.994+0000] {spark_submit.py:492} INFO - "type" : "long",
[2026-02-12T20:34:45.994+0000] {spark_submit.py:492} INFO - "nullable" : true,
[2026-02-12T20:34:45.994+0000] {spark_submit.py:492} INFO - "metadata" : { }
[2026-02-12T20:34:45.994+0000] {spark_submit.py:492} INFO - }, {
[2026-02-12T20:34:45.994+0000] {spark_submit.py:492} INFO - "name" : "retweets",
[2026-02-12T20:34:45.994+0000] {spark_submit.py:492} INFO - "type" : "long",
[2026-02-12T20:34:45.994+0000] {spark_submit.py:492} INFO - "nullable" : true,
[2026-02-12T20:34:45.994+0000] {spark_submit.py:492} INFO - "metadata" : { }
[2026-02-12T20:34:45.994+0000] {spark_submit.py:492} INFO - }, {
[2026-02-12T20:34:45.994+0000] {spark_submit.py:492} INFO - "name" : "processing_date",
[2026-02-12T20:34:45.994+0000] {spark_submit.py:492} INFO - "type" : "date",
[2026-02-12T20:34:45.995+0000] {spark_submit.py:492} INFO - "nullable" : false,
[2026-02-12T20:34:45.995+0000] {spark_submit.py:492} INFO - "metadata" : { }
[2026-02-12T20:34:45.995+0000] {spark_submit.py:492} INFO - } ]
[2026-02-12T20:34:45.995+0000] {spark_submit.py:492} INFO - }
[2026-02-12T20:34:45.995+0000] {spark_submit.py:492} INFO - and corresponding Parquet message type:
[2026-02-12T20:34:45.995+0000] {spark_submit.py:492} INFO - message spark_schema {
[2026-02-12T20:34:45.995+0000] {spark_submit.py:492} INFO - optional binary user_id (STRING);
[2026-02-12T20:34:45.995+0000] {spark_submit.py:492} INFO - optional binary thread_id (STRING);
[2026-02-12T20:34:45.995+0000] {spark_submit.py:492} INFO - optional binary created_at (STRING);
[2026-02-12T20:34:45.995+0000] {spark_submit.py:492} INFO - optional group edit_versions_ids (LIST) {
[2026-02-12T20:34:45.995+0000] {spark_submit.py:492} INFO - repeated group list {
[2026-02-12T20:34:45.995+0000] {spark_submit.py:492} INFO - optional int64 element;
[2026-02-12T20:34:45.996+0000] {spark_submit.py:492} INFO - }
[2026-02-12T20:34:45.996+0000] {spark_submit.py:492} INFO - }
[2026-02-12T20:34:45.996+0000] {spark_submit.py:492} INFO - optional binary tweet_id (STRING);
[2026-02-12T20:34:45.996+0000] {spark_submit.py:492} INFO - optional binary reply_to_user_id (STRING);
[2026-02-12T20:34:45.996+0000] {spark_submit.py:492} INFO - optional binary language (STRING);
[2026-02-12T20:34:45.996+0000] {spark_submit.py:492} INFO - optional binary tweet_text (STRING);
[2026-02-12T20:34:45.996+0000] {spark_submit.py:492} INFO - optional int64 likes;
[2026-02-12T20:34:45.996+0000] {spark_submit.py:492} INFO - optional int64 quotes;
[2026-02-12T20:34:45.997+0000] {spark_submit.py:492} INFO - optional int64 replies;
[2026-02-12T20:34:45.997+0000] {spark_submit.py:492} INFO - optional int64 retweets;
[2026-02-12T20:34:45.997+0000] {spark_submit.py:492} INFO - required int32 processing_date (DATE);
[2026-02-12T20:34:45.997+0000] {spark_submit.py:492} INFO - }
[2026-02-12T20:34:45.997+0000] {spark_submit.py:492} INFO - 
[2026-02-12T20:34:45.997+0000] {spark_submit.py:492} INFO - 
[2026-02-12T20:34:46.017+0000] {spark_submit.py:492} INFO - 26/02/12 20:34:46 INFO CodecConfig: Compression: SNAPPY
[2026-02-12T20:34:46.017+0000] {spark_submit.py:492} INFO - 26/02/12 20:34:46 INFO CodecConfig: Compression: SNAPPY
[2026-02-12T20:34:46.018+0000] {spark_submit.py:492} INFO - 26/02/12 20:34:46 INFO ParquetOutputFormat: ParquetRecordWriter [block size: 134217728b, row group padding size: 8388608b, validating: false]
[2026-02-12T20:34:46.020+0000] {spark_submit.py:492} INFO - 26/02/12 20:34:46 INFO ParquetWriteSupport: Initialized Parquet WriteSupport with Catalyst schema:
[2026-02-12T20:34:46.020+0000] {spark_submit.py:492} INFO - {
[2026-02-12T20:34:46.020+0000] {spark_submit.py:492} INFO - "type" : "struct",
[2026-02-12T20:34:46.020+0000] {spark_submit.py:492} INFO - "fields" : [ {
[2026-02-12T20:34:46.020+0000] {spark_submit.py:492} INFO - "name" : "user_id",
[2026-02-12T20:34:46.020+0000] {spark_submit.py:492} INFO - "type" : "string",
[2026-02-12T20:34:46.020+0000] {spark_submit.py:492} INFO - "nullable" : true,
[2026-02-12T20:34:46.020+0000] {spark_submit.py:492} INFO - "metadata" : { }
[2026-02-12T20:34:46.021+0000] {spark_submit.py:492} INFO - }, {
[2026-02-12T20:34:46.021+0000] {spark_submit.py:492} INFO - "name" : "thread_id",
[2026-02-12T20:34:46.021+0000] {spark_submit.py:492} INFO - "type" : "string",
[2026-02-12T20:34:46.021+0000] {spark_submit.py:492} INFO - "nullable" : true,
[2026-02-12T20:34:46.021+0000] {spark_submit.py:492} INFO - "metadata" : { }
[2026-02-12T20:34:46.021+0000] {spark_submit.py:492} INFO - }, {
[2026-02-12T20:34:46.021+0000] {spark_submit.py:492} INFO - "name" : "created_at",
[2026-02-12T20:34:46.021+0000] {spark_submit.py:492} INFO - "type" : "string",
[2026-02-12T20:34:46.021+0000] {spark_submit.py:492} INFO - "nullable" : true,
[2026-02-12T20:34:46.021+0000] {spark_submit.py:492} INFO - "metadata" : { }
[2026-02-12T20:34:46.021+0000] {spark_submit.py:492} INFO - }, {
[2026-02-12T20:34:46.021+0000] {spark_submit.py:492} INFO - "name" : "edit_versions_ids",
[2026-02-12T20:34:46.022+0000] {spark_submit.py:492} INFO - "type" : {
[2026-02-12T20:34:46.022+0000] {spark_submit.py:492} INFO - "type" : "array",
[2026-02-12T20:34:46.022+0000] {spark_submit.py:492} INFO - "elementType" : "long",
[2026-02-12T20:34:46.022+0000] {spark_submit.py:492} INFO - "containsNull" : true
[2026-02-12T20:34:46.022+0000] {spark_submit.py:492} INFO - },
[2026-02-12T20:34:46.022+0000] {spark_submit.py:492} INFO - "nullable" : true,
[2026-02-12T20:34:46.022+0000] {spark_submit.py:492} INFO - "metadata" : { }
[2026-02-12T20:34:46.023+0000] {spark_submit.py:492} INFO - }, {
[2026-02-12T20:34:46.023+0000] {spark_submit.py:492} INFO - "name" : "tweet_id",
[2026-02-12T20:34:46.023+0000] {spark_submit.py:492} INFO - "type" : "string",
[2026-02-12T20:34:46.023+0000] {spark_submit.py:492} INFO - "nullable" : true,
[2026-02-12T20:34:46.023+0000] {spark_submit.py:492} INFO - "metadata" : { }
[2026-02-12T20:34:46.023+0000] {spark_submit.py:492} INFO - }, {
[2026-02-12T20:34:46.023+0000] {spark_submit.py:492} INFO - "name" : "reply_to_user_id",
[2026-02-12T20:34:46.024+0000] {spark_submit.py:492} INFO - "type" : "string",
[2026-02-12T20:34:46.024+0000] {spark_submit.py:492} INFO - "nullable" : true,
[2026-02-12T20:34:46.024+0000] {spark_submit.py:492} INFO - "metadata" : { }
[2026-02-12T20:34:46.024+0000] {spark_submit.py:492} INFO - }, {
[2026-02-12T20:34:46.024+0000] {spark_submit.py:492} INFO - "name" : "language",
[2026-02-12T20:34:46.024+0000] {spark_submit.py:492} INFO - "type" : "string",
[2026-02-12T20:34:46.024+0000] {spark_submit.py:492} INFO - "nullable" : true,
[2026-02-12T20:34:46.024+0000] {spark_submit.py:492} INFO - "metadata" : { }
[2026-02-12T20:34:46.024+0000] {spark_submit.py:492} INFO - }, {
[2026-02-12T20:34:46.024+0000] {spark_submit.py:492} INFO - "name" : "tweet_text",
[2026-02-12T20:34:46.025+0000] {spark_submit.py:492} INFO - "type" : "string",
[2026-02-12T20:34:46.025+0000] {spark_submit.py:492} INFO - "nullable" : true,
[2026-02-12T20:34:46.025+0000] {spark_submit.py:492} INFO - "metadata" : { }
[2026-02-12T20:34:46.025+0000] {spark_submit.py:492} INFO - }, {
[2026-02-12T20:34:46.025+0000] {spark_submit.py:492} INFO - "name" : "likes",
[2026-02-12T20:34:46.025+0000] {spark_submit.py:492} INFO - "type" : "long",
[2026-02-12T20:34:46.025+0000] {spark_submit.py:492} INFO - "nullable" : true,
[2026-02-12T20:34:46.025+0000] {spark_submit.py:492} INFO - "metadata" : { }
[2026-02-12T20:34:46.025+0000] {spark_submit.py:492} INFO - }, {
[2026-02-12T20:34:46.025+0000] {spark_submit.py:492} INFO - "name" : "quotes",
[2026-02-12T20:34:46.026+0000] {spark_submit.py:492} INFO - "type" : "long",
[2026-02-12T20:34:46.026+0000] {spark_submit.py:492} INFO - "nullable" : true,
[2026-02-12T20:34:46.026+0000] {spark_submit.py:492} INFO - "metadata" : { }
[2026-02-12T20:34:46.026+0000] {spark_submit.py:492} INFO - }, {
[2026-02-12T20:34:46.026+0000] {spark_submit.py:492} INFO - "name" : "replies",
[2026-02-12T20:34:46.026+0000] {spark_submit.py:492} INFO - "type" : "long",
[2026-02-12T20:34:46.026+0000] {spark_submit.py:492} INFO - "nullable" : true,
[2026-02-12T20:34:46.026+0000] {spark_submit.py:492} INFO - "metadata" : { }
[2026-02-12T20:34:46.026+0000] {spark_submit.py:492} INFO - }, {
[2026-02-12T20:34:46.026+0000] {spark_submit.py:492} INFO - "name" : "retweets",
[2026-02-12T20:34:46.026+0000] {spark_submit.py:492} INFO - "type" : "long",
[2026-02-12T20:34:46.026+0000] {spark_submit.py:492} INFO - "nullable" : true,
[2026-02-12T20:34:46.027+0000] {spark_submit.py:492} INFO - "metadata" : { }
[2026-02-12T20:34:46.027+0000] {spark_submit.py:492} INFO - }, {
[2026-02-12T20:34:46.027+0000] {spark_submit.py:492} INFO - "name" : "processing_date",
[2026-02-12T20:34:46.027+0000] {spark_submit.py:492} INFO - "type" : "date",
[2026-02-12T20:34:46.027+0000] {spark_submit.py:492} INFO - "nullable" : false,
[2026-02-12T20:34:46.027+0000] {spark_submit.py:492} INFO - "metadata" : { }
[2026-02-12T20:34:46.027+0000] {spark_submit.py:492} INFO - } ]
[2026-02-12T20:34:46.027+0000] {spark_submit.py:492} INFO - }
[2026-02-12T20:34:46.028+0000] {spark_submit.py:492} INFO - and corresponding Parquet message type:
[2026-02-12T20:34:46.028+0000] {spark_submit.py:492} INFO - message spark_schema {
[2026-02-12T20:34:46.028+0000] {spark_submit.py:492} INFO - optional binary user_id (STRING);
[2026-02-12T20:34:46.028+0000] {spark_submit.py:492} INFO - optional binary thread_id (STRING);
[2026-02-12T20:34:46.028+0000] {spark_submit.py:492} INFO - optional binary created_at (STRING);
[2026-02-12T20:34:46.028+0000] {spark_submit.py:492} INFO - optional group edit_versions_ids (LIST) {
[2026-02-12T20:34:46.028+0000] {spark_submit.py:492} INFO - repeated group list {
[2026-02-12T20:34:46.028+0000] {spark_submit.py:492} INFO - optional int64 element;
[2026-02-12T20:34:46.028+0000] {spark_submit.py:492} INFO - }
[2026-02-12T20:34:46.029+0000] {spark_submit.py:492} INFO - }
[2026-02-12T20:34:46.029+0000] {spark_submit.py:492} INFO - optional binary tweet_id (STRING);
[2026-02-12T20:34:46.029+0000] {spark_submit.py:492} INFO - optional binary reply_to_user_id (STRING);
[2026-02-12T20:34:46.029+0000] {spark_submit.py:492} INFO - optional binary language (STRING);
[2026-02-12T20:34:46.029+0000] {spark_submit.py:492} INFO - optional binary tweet_text (STRING);
[2026-02-12T20:34:46.029+0000] {spark_submit.py:492} INFO - optional int64 likes;
[2026-02-12T20:34:46.029+0000] {spark_submit.py:492} INFO - optional int64 quotes;
[2026-02-12T20:34:46.029+0000] {spark_submit.py:492} INFO - optional int64 replies;
[2026-02-12T20:34:46.030+0000] {spark_submit.py:492} INFO - optional int64 retweets;
[2026-02-12T20:34:46.030+0000] {spark_submit.py:492} INFO - required int32 processing_date (DATE);
[2026-02-12T20:34:46.030+0000] {spark_submit.py:492} INFO - }
[2026-02-12T20:34:46.030+0000] {spark_submit.py:492} INFO - 
[2026-02-12T20:34:46.030+0000] {spark_submit.py:492} INFO - 
[2026-02-12T20:34:46.048+0000] {spark_submit.py:492} INFO - 26/02/12 20:34:46 INFO CodecConfig: Compression: SNAPPY
[2026-02-12T20:34:46.049+0000] {spark_submit.py:492} INFO - 26/02/12 20:34:46 INFO CodecConfig: Compression: SNAPPY
[2026-02-12T20:34:46.049+0000] {spark_submit.py:492} INFO - 26/02/12 20:34:46 INFO ParquetOutputFormat: ParquetRecordWriter [block size: 134217728b, row group padding size: 8388608b, validating: false]
[2026-02-12T20:34:46.052+0000] {spark_submit.py:492} INFO - 26/02/12 20:34:46 INFO ParquetWriteSupport: Initialized Parquet WriteSupport with Catalyst schema:
[2026-02-12T20:34:46.052+0000] {spark_submit.py:492} INFO - {
[2026-02-12T20:34:46.052+0000] {spark_submit.py:492} INFO - "type" : "struct",
[2026-02-12T20:34:46.052+0000] {spark_submit.py:492} INFO - "fields" : [ {
[2026-02-12T20:34:46.052+0000] {spark_submit.py:492} INFO - "name" : "user_id",
[2026-02-12T20:34:46.052+0000] {spark_submit.py:492} INFO - "type" : "string",
[2026-02-12T20:34:46.052+0000] {spark_submit.py:492} INFO - "nullable" : true,
[2026-02-12T20:34:46.053+0000] {spark_submit.py:492} INFO - "metadata" : { }
[2026-02-12T20:34:46.053+0000] {spark_submit.py:492} INFO - }, {
[2026-02-12T20:34:46.053+0000] {spark_submit.py:492} INFO - "name" : "thread_id",
[2026-02-12T20:34:46.053+0000] {spark_submit.py:492} INFO - "type" : "string",
[2026-02-12T20:34:46.053+0000] {spark_submit.py:492} INFO - "nullable" : true,
[2026-02-12T20:34:46.053+0000] {spark_submit.py:492} INFO - "metadata" : { }
[2026-02-12T20:34:46.053+0000] {spark_submit.py:492} INFO - }, {
[2026-02-12T20:34:46.053+0000] {spark_submit.py:492} INFO - "name" : "created_at",
[2026-02-12T20:34:46.053+0000] {spark_submit.py:492} INFO - "type" : "string",
[2026-02-12T20:34:46.053+0000] {spark_submit.py:492} INFO - "nullable" : true,
[2026-02-12T20:34:46.053+0000] {spark_submit.py:492} INFO - "metadata" : { }
[2026-02-12T20:34:46.053+0000] {spark_submit.py:492} INFO - }, {
[2026-02-12T20:34:46.054+0000] {spark_submit.py:492} INFO - "name" : "edit_versions_ids",
[2026-02-12T20:34:46.054+0000] {spark_submit.py:492} INFO - "type" : {
[2026-02-12T20:34:46.054+0000] {spark_submit.py:492} INFO - "type" : "array",
[2026-02-12T20:34:46.054+0000] {spark_submit.py:492} INFO - "elementType" : "long",
[2026-02-12T20:34:46.054+0000] {spark_submit.py:492} INFO - "containsNull" : true
[2026-02-12T20:34:46.054+0000] {spark_submit.py:492} INFO - },
[2026-02-12T20:34:46.054+0000] {spark_submit.py:492} INFO - "nullable" : true,
[2026-02-12T20:34:46.054+0000] {spark_submit.py:492} INFO - "metadata" : { }
[2026-02-12T20:34:46.054+0000] {spark_submit.py:492} INFO - }, {
[2026-02-12T20:34:46.054+0000] {spark_submit.py:492} INFO - "name" : "tweet_id",
[2026-02-12T20:34:46.054+0000] {spark_submit.py:492} INFO - "type" : "string",
[2026-02-12T20:34:46.054+0000] {spark_submit.py:492} INFO - "nullable" : true,
[2026-02-12T20:34:46.054+0000] {spark_submit.py:492} INFO - "metadata" : { }
[2026-02-12T20:34:46.055+0000] {spark_submit.py:492} INFO - }, {
[2026-02-12T20:34:46.055+0000] {spark_submit.py:492} INFO - "name" : "reply_to_user_id",
[2026-02-12T20:34:46.055+0000] {spark_submit.py:492} INFO - "type" : "string",
[2026-02-12T20:34:46.055+0000] {spark_submit.py:492} INFO - "nullable" : true,
[2026-02-12T20:34:46.055+0000] {spark_submit.py:492} INFO - "metadata" : { }
[2026-02-12T20:34:46.055+0000] {spark_submit.py:492} INFO - }, {
[2026-02-12T20:34:46.055+0000] {spark_submit.py:492} INFO - "name" : "language",
[2026-02-12T20:34:46.055+0000] {spark_submit.py:492} INFO - "type" : "string",
[2026-02-12T20:34:46.055+0000] {spark_submit.py:492} INFO - "nullable" : true,
[2026-02-12T20:34:46.055+0000] {spark_submit.py:492} INFO - "metadata" : { }
[2026-02-12T20:34:46.056+0000] {spark_submit.py:492} INFO - }, {
[2026-02-12T20:34:46.056+0000] {spark_submit.py:492} INFO - "name" : "tweet_text",
[2026-02-12T20:34:46.056+0000] {spark_submit.py:492} INFO - "type" : "string",
[2026-02-12T20:34:46.056+0000] {spark_submit.py:492} INFO - "nullable" : true,
[2026-02-12T20:34:46.056+0000] {spark_submit.py:492} INFO - "metadata" : { }
[2026-02-12T20:34:46.056+0000] {spark_submit.py:492} INFO - }, {
[2026-02-12T20:34:46.056+0000] {spark_submit.py:492} INFO - "name" : "likes",
[2026-02-12T20:34:46.056+0000] {spark_submit.py:492} INFO - "type" : "long",
[2026-02-12T20:34:46.057+0000] {spark_submit.py:492} INFO - "nullable" : true,
[2026-02-12T20:34:46.057+0000] {spark_submit.py:492} INFO - "metadata" : { }
[2026-02-12T20:34:46.057+0000] {spark_submit.py:492} INFO - }, {
[2026-02-12T20:34:46.057+0000] {spark_submit.py:492} INFO - "name" : "quotes",
[2026-02-12T20:34:46.057+0000] {spark_submit.py:492} INFO - "type" : "long",
[2026-02-12T20:34:46.057+0000] {spark_submit.py:492} INFO - "nullable" : true,
[2026-02-12T20:34:46.057+0000] {spark_submit.py:492} INFO - "metadata" : { }
[2026-02-12T20:34:46.057+0000] {spark_submit.py:492} INFO - }, {
[2026-02-12T20:34:46.057+0000] {spark_submit.py:492} INFO - "name" : "replies",
[2026-02-12T20:34:46.057+0000] {spark_submit.py:492} INFO - "type" : "long",
[2026-02-12T20:34:46.057+0000] {spark_submit.py:492} INFO - "nullable" : true,
[2026-02-12T20:34:46.058+0000] {spark_submit.py:492} INFO - "metadata" : { }
[2026-02-12T20:34:46.058+0000] {spark_submit.py:492} INFO - }, {
[2026-02-12T20:34:46.058+0000] {spark_submit.py:492} INFO - "name" : "retweets",
[2026-02-12T20:34:46.058+0000] {spark_submit.py:492} INFO - "type" : "long",
[2026-02-12T20:34:46.058+0000] {spark_submit.py:492} INFO - "nullable" : true,
[2026-02-12T20:34:46.058+0000] {spark_submit.py:492} INFO - "metadata" : { }
[2026-02-12T20:34:46.058+0000] {spark_submit.py:492} INFO - }, {
[2026-02-12T20:34:46.058+0000] {spark_submit.py:492} INFO - "name" : "processing_date",
[2026-02-12T20:34:46.058+0000] {spark_submit.py:492} INFO - "type" : "date",
[2026-02-12T20:34:46.058+0000] {spark_submit.py:492} INFO - "nullable" : false,
[2026-02-12T20:34:46.058+0000] {spark_submit.py:492} INFO - "metadata" : { }
[2026-02-12T20:34:46.058+0000] {spark_submit.py:492} INFO - } ]
[2026-02-12T20:34:46.058+0000] {spark_submit.py:492} INFO - }
[2026-02-12T20:34:46.059+0000] {spark_submit.py:492} INFO - and corresponding Parquet message type:
[2026-02-12T20:34:46.059+0000] {spark_submit.py:492} INFO - message spark_schema {
[2026-02-12T20:34:46.059+0000] {spark_submit.py:492} INFO - optional binary user_id (STRING);
[2026-02-12T20:34:46.059+0000] {spark_submit.py:492} INFO - optional binary thread_id (STRING);
[2026-02-12T20:34:46.059+0000] {spark_submit.py:492} INFO - optional binary created_at (STRING);
[2026-02-12T20:34:46.059+0000] {spark_submit.py:492} INFO - optional group edit_versions_ids (LIST) {
[2026-02-12T20:34:46.059+0000] {spark_submit.py:492} INFO - repeated group list {
[2026-02-12T20:34:46.059+0000] {spark_submit.py:492} INFO - optional int64 element;
[2026-02-12T20:34:46.059+0000] {spark_submit.py:492} INFO - }
[2026-02-12T20:34:46.059+0000] {spark_submit.py:492} INFO - }
[2026-02-12T20:34:46.060+0000] {spark_submit.py:492} INFO - optional binary tweet_id (STRING);
[2026-02-12T20:34:46.060+0000] {spark_submit.py:492} INFO - optional binary reply_to_user_id (STRING);
[2026-02-12T20:34:46.060+0000] {spark_submit.py:492} INFO - optional binary language (STRING);
[2026-02-12T20:34:46.060+0000] {spark_submit.py:492} INFO - optional binary tweet_text (STRING);
[2026-02-12T20:34:46.060+0000] {spark_submit.py:492} INFO - optional int64 likes;
[2026-02-12T20:34:46.060+0000] {spark_submit.py:492} INFO - optional int64 quotes;
[2026-02-12T20:34:46.060+0000] {spark_submit.py:492} INFO - optional int64 replies;
[2026-02-12T20:34:46.060+0000] {spark_submit.py:492} INFO - optional int64 retweets;
[2026-02-12T20:34:46.061+0000] {spark_submit.py:492} INFO - required int32 processing_date (DATE);
[2026-02-12T20:34:46.061+0000] {spark_submit.py:492} INFO - }
[2026-02-12T20:34:46.061+0000] {spark_submit.py:492} INFO - 
[2026-02-12T20:34:46.061+0000] {spark_submit.py:492} INFO - 
[2026-02-12T20:34:46.076+0000] {spark_submit.py:492} INFO - 26/02/12 20:34:46 INFO CodecConfig: Compression: SNAPPY
[2026-02-12T20:34:46.076+0000] {spark_submit.py:492} INFO - 26/02/12 20:34:46 INFO CodecConfig: Compression: SNAPPY
[2026-02-12T20:34:46.077+0000] {spark_submit.py:492} INFO - 26/02/12 20:34:46 INFO ParquetOutputFormat: ParquetRecordWriter [block size: 134217728b, row group padding size: 8388608b, validating: false]
[2026-02-12T20:34:46.079+0000] {spark_submit.py:492} INFO - 26/02/12 20:34:46 INFO ParquetWriteSupport: Initialized Parquet WriteSupport with Catalyst schema:
[2026-02-12T20:34:46.079+0000] {spark_submit.py:492} INFO - {
[2026-02-12T20:34:46.079+0000] {spark_submit.py:492} INFO - "type" : "struct",
[2026-02-12T20:34:46.079+0000] {spark_submit.py:492} INFO - "fields" : [ {
[2026-02-12T20:34:46.079+0000] {spark_submit.py:492} INFO - "name" : "user_id",
[2026-02-12T20:34:46.079+0000] {spark_submit.py:492} INFO - "type" : "string",
[2026-02-12T20:34:46.080+0000] {spark_submit.py:492} INFO - "nullable" : true,
[2026-02-12T20:34:46.080+0000] {spark_submit.py:492} INFO - "metadata" : { }
[2026-02-12T20:34:46.080+0000] {spark_submit.py:492} INFO - }, {
[2026-02-12T20:34:46.080+0000] {spark_submit.py:492} INFO - "name" : "thread_id",
[2026-02-12T20:34:46.080+0000] {spark_submit.py:492} INFO - "type" : "string",
[2026-02-12T20:34:46.080+0000] {spark_submit.py:492} INFO - "nullable" : true,
[2026-02-12T20:34:46.080+0000] {spark_submit.py:492} INFO - "metadata" : { }
[2026-02-12T20:34:46.081+0000] {spark_submit.py:492} INFO - }, {
[2026-02-12T20:34:46.081+0000] {spark_submit.py:492} INFO - "name" : "created_at",
[2026-02-12T20:34:46.081+0000] {spark_submit.py:492} INFO - "type" : "string",
[2026-02-12T20:34:46.081+0000] {spark_submit.py:492} INFO - "nullable" : true,
[2026-02-12T20:34:46.081+0000] {spark_submit.py:492} INFO - "metadata" : { }
[2026-02-12T20:34:46.081+0000] {spark_submit.py:492} INFO - }, {
[2026-02-12T20:34:46.081+0000] {spark_submit.py:492} INFO - "name" : "edit_versions_ids",
[2026-02-12T20:34:46.081+0000] {spark_submit.py:492} INFO - "type" : {
[2026-02-12T20:34:46.081+0000] {spark_submit.py:492} INFO - "type" : "array",
[2026-02-12T20:34:46.082+0000] {spark_submit.py:492} INFO - "elementType" : "long",
[2026-02-12T20:34:46.082+0000] {spark_submit.py:492} INFO - "containsNull" : true
[2026-02-12T20:34:46.082+0000] {spark_submit.py:492} INFO - },
[2026-02-12T20:34:46.082+0000] {spark_submit.py:492} INFO - "nullable" : true,
[2026-02-12T20:34:46.082+0000] {spark_submit.py:492} INFO - "metadata" : { }
[2026-02-12T20:34:46.082+0000] {spark_submit.py:492} INFO - }, {
[2026-02-12T20:34:46.082+0000] {spark_submit.py:492} INFO - "name" : "tweet_id",
[2026-02-12T20:34:46.082+0000] {spark_submit.py:492} INFO - "type" : "string",
[2026-02-12T20:34:46.082+0000] {spark_submit.py:492} INFO - "nullable" : true,
[2026-02-12T20:34:46.082+0000] {spark_submit.py:492} INFO - "metadata" : { }
[2026-02-12T20:34:46.082+0000] {spark_submit.py:492} INFO - }, {
[2026-02-12T20:34:46.082+0000] {spark_submit.py:492} INFO - "name" : "reply_to_user_id",
[2026-02-12T20:34:46.083+0000] {spark_submit.py:492} INFO - "type" : "string",
[2026-02-12T20:34:46.083+0000] {spark_submit.py:492} INFO - "nullable" : true,
[2026-02-12T20:34:46.083+0000] {spark_submit.py:492} INFO - "metadata" : { }
[2026-02-12T20:34:46.083+0000] {spark_submit.py:492} INFO - }, {
[2026-02-12T20:34:46.083+0000] {spark_submit.py:492} INFO - "name" : "language",
[2026-02-12T20:34:46.083+0000] {spark_submit.py:492} INFO - "type" : "string",
[2026-02-12T20:34:46.083+0000] {spark_submit.py:492} INFO - "nullable" : true,
[2026-02-12T20:34:46.083+0000] {spark_submit.py:492} INFO - "metadata" : { }
[2026-02-12T20:34:46.083+0000] {spark_submit.py:492} INFO - }, {
[2026-02-12T20:34:46.083+0000] {spark_submit.py:492} INFO - "name" : "tweet_text",
[2026-02-12T20:34:46.083+0000] {spark_submit.py:492} INFO - "type" : "string",
[2026-02-12T20:34:46.083+0000] {spark_submit.py:492} INFO - "nullable" : true,
[2026-02-12T20:34:46.083+0000] {spark_submit.py:492} INFO - "metadata" : { }
[2026-02-12T20:34:46.084+0000] {spark_submit.py:492} INFO - }, {
[2026-02-12T20:34:46.084+0000] {spark_submit.py:492} INFO - "name" : "likes",
[2026-02-12T20:34:46.084+0000] {spark_submit.py:492} INFO - "type" : "long",
[2026-02-12T20:34:46.084+0000] {spark_submit.py:492} INFO - "nullable" : true,
[2026-02-12T20:34:46.084+0000] {spark_submit.py:492} INFO - "metadata" : { }
[2026-02-12T20:34:46.084+0000] {spark_submit.py:492} INFO - }, {
[2026-02-12T20:34:46.084+0000] {spark_submit.py:492} INFO - "name" : "quotes",
[2026-02-12T20:34:46.084+0000] {spark_submit.py:492} INFO - "type" : "long",
[2026-02-12T20:34:46.084+0000] {spark_submit.py:492} INFO - "nullable" : true,
[2026-02-12T20:34:46.084+0000] {spark_submit.py:492} INFO - "metadata" : { }
[2026-02-12T20:34:46.084+0000] {spark_submit.py:492} INFO - }, {
[2026-02-12T20:34:46.085+0000] {spark_submit.py:492} INFO - "name" : "replies",
[2026-02-12T20:34:46.085+0000] {spark_submit.py:492} INFO - "type" : "long",
[2026-02-12T20:34:46.085+0000] {spark_submit.py:492} INFO - "nullable" : true,
[2026-02-12T20:34:46.085+0000] {spark_submit.py:492} INFO - "metadata" : { }
[2026-02-12T20:34:46.085+0000] {spark_submit.py:492} INFO - }, {
[2026-02-12T20:34:46.085+0000] {spark_submit.py:492} INFO - "name" : "retweets",
[2026-02-12T20:34:46.085+0000] {spark_submit.py:492} INFO - "type" : "long",
[2026-02-12T20:34:46.085+0000] {spark_submit.py:492} INFO - "nullable" : true,
[2026-02-12T20:34:46.085+0000] {spark_submit.py:492} INFO - "metadata" : { }
[2026-02-12T20:34:46.085+0000] {spark_submit.py:492} INFO - }, {
[2026-02-12T20:34:46.085+0000] {spark_submit.py:492} INFO - "name" : "processing_date",
[2026-02-12T20:34:46.085+0000] {spark_submit.py:492} INFO - "type" : "date",
[2026-02-12T20:34:46.086+0000] {spark_submit.py:492} INFO - "nullable" : false,
[2026-02-12T20:34:46.086+0000] {spark_submit.py:492} INFO - "metadata" : { }
[2026-02-12T20:34:46.086+0000] {spark_submit.py:492} INFO - } ]
[2026-02-12T20:34:46.086+0000] {spark_submit.py:492} INFO - }
[2026-02-12T20:34:46.086+0000] {spark_submit.py:492} INFO - and corresponding Parquet message type:
[2026-02-12T20:34:46.086+0000] {spark_submit.py:492} INFO - message spark_schema {
[2026-02-12T20:34:46.086+0000] {spark_submit.py:492} INFO - optional binary user_id (STRING);
[2026-02-12T20:34:46.086+0000] {spark_submit.py:492} INFO - optional binary thread_id (STRING);
[2026-02-12T20:34:46.087+0000] {spark_submit.py:492} INFO - optional binary created_at (STRING);
[2026-02-12T20:34:46.087+0000] {spark_submit.py:492} INFO - optional group edit_versions_ids (LIST) {
[2026-02-12T20:34:46.087+0000] {spark_submit.py:492} INFO - repeated group list {
[2026-02-12T20:34:46.087+0000] {spark_submit.py:492} INFO - optional int64 element;
[2026-02-12T20:34:46.087+0000] {spark_submit.py:492} INFO - }
[2026-02-12T20:34:46.087+0000] {spark_submit.py:492} INFO - }
[2026-02-12T20:34:46.087+0000] {spark_submit.py:492} INFO - optional binary tweet_id (STRING);
[2026-02-12T20:34:46.087+0000] {spark_submit.py:492} INFO - optional binary reply_to_user_id (STRING);
[2026-02-12T20:34:46.087+0000] {spark_submit.py:492} INFO - optional binary language (STRING);
[2026-02-12T20:34:46.087+0000] {spark_submit.py:492} INFO - optional binary tweet_text (STRING);
[2026-02-12T20:34:46.088+0000] {spark_submit.py:492} INFO - optional int64 likes;
[2026-02-12T20:34:46.088+0000] {spark_submit.py:492} INFO - optional int64 quotes;
[2026-02-12T20:34:46.088+0000] {spark_submit.py:492} INFO - optional int64 replies;
[2026-02-12T20:34:46.088+0000] {spark_submit.py:492} INFO - optional int64 retweets;
[2026-02-12T20:34:46.088+0000] {spark_submit.py:492} INFO - required int32 processing_date (DATE);
[2026-02-12T20:34:46.088+0000] {spark_submit.py:492} INFO - }
[2026-02-12T20:34:46.088+0000] {spark_submit.py:492} INFO - 
[2026-02-12T20:34:46.088+0000] {spark_submit.py:492} INFO - 
[2026-02-12T20:34:46.101+0000] {spark_submit.py:492} INFO - 26/02/12 20:34:46 INFO CodecConfig: Compression: SNAPPY
[2026-02-12T20:34:46.102+0000] {spark_submit.py:492} INFO - 26/02/12 20:34:46 INFO CodecConfig: Compression: SNAPPY
[2026-02-12T20:34:46.103+0000] {spark_submit.py:492} INFO - 26/02/12 20:34:46 INFO ParquetOutputFormat: ParquetRecordWriter [block size: 134217728b, row group padding size: 8388608b, validating: false]
[2026-02-12T20:34:46.104+0000] {spark_submit.py:492} INFO - 26/02/12 20:34:46 INFO ParquetWriteSupport: Initialized Parquet WriteSupport with Catalyst schema:
[2026-02-12T20:34:46.104+0000] {spark_submit.py:492} INFO - {
[2026-02-12T20:34:46.105+0000] {spark_submit.py:492} INFO - "type" : "struct",
[2026-02-12T20:34:46.105+0000] {spark_submit.py:492} INFO - "fields" : [ {
[2026-02-12T20:34:46.105+0000] {spark_submit.py:492} INFO - "name" : "user_id",
[2026-02-12T20:34:46.105+0000] {spark_submit.py:492} INFO - "type" : "string",
[2026-02-12T20:34:46.105+0000] {spark_submit.py:492} INFO - "nullable" : true,
[2026-02-12T20:34:46.105+0000] {spark_submit.py:492} INFO - "metadata" : { }
[2026-02-12T20:34:46.105+0000] {spark_submit.py:492} INFO - }, {
[2026-02-12T20:34:46.105+0000] {spark_submit.py:492} INFO - "name" : "thread_id",
[2026-02-12T20:34:46.105+0000] {spark_submit.py:492} INFO - "type" : "string",
[2026-02-12T20:34:46.105+0000] {spark_submit.py:492} INFO - "nullable" : true,
[2026-02-12T20:34:46.105+0000] {spark_submit.py:492} INFO - "metadata" : { }
[2026-02-12T20:34:46.105+0000] {spark_submit.py:492} INFO - }, {
[2026-02-12T20:34:46.106+0000] {spark_submit.py:492} INFO - "name" : "created_at",
[2026-02-12T20:34:46.106+0000] {spark_submit.py:492} INFO - "type" : "string",
[2026-02-12T20:34:46.106+0000] {spark_submit.py:492} INFO - "nullable" : true,
[2026-02-12T20:34:46.106+0000] {spark_submit.py:492} INFO - "metadata" : { }
[2026-02-12T20:34:46.106+0000] {spark_submit.py:492} INFO - }, {
[2026-02-12T20:34:46.106+0000] {spark_submit.py:492} INFO - "name" : "edit_versions_ids",
[2026-02-12T20:34:46.106+0000] {spark_submit.py:492} INFO - "type" : {
[2026-02-12T20:34:46.106+0000] {spark_submit.py:492} INFO - "type" : "array",
[2026-02-12T20:34:46.106+0000] {spark_submit.py:492} INFO - "elementType" : "long",
[2026-02-12T20:34:46.106+0000] {spark_submit.py:492} INFO - "containsNull" : true
[2026-02-12T20:34:46.106+0000] {spark_submit.py:492} INFO - },
[2026-02-12T20:34:46.107+0000] {spark_submit.py:492} INFO - "nullable" : true,
[2026-02-12T20:34:46.107+0000] {spark_submit.py:492} INFO - "metadata" : { }
[2026-02-12T20:34:46.107+0000] {spark_submit.py:492} INFO - }, {
[2026-02-12T20:34:46.107+0000] {spark_submit.py:492} INFO - "name" : "tweet_id",
[2026-02-12T20:34:46.107+0000] {spark_submit.py:492} INFO - "type" : "string",
[2026-02-12T20:34:46.107+0000] {spark_submit.py:492} INFO - "nullable" : true,
[2026-02-12T20:34:46.107+0000] {spark_submit.py:492} INFO - "metadata" : { }
[2026-02-12T20:34:46.107+0000] {spark_submit.py:492} INFO - }, {
[2026-02-12T20:34:46.107+0000] {spark_submit.py:492} INFO - "name" : "reply_to_user_id",
[2026-02-12T20:34:46.107+0000] {spark_submit.py:492} INFO - "type" : "string",
[2026-02-12T20:34:46.107+0000] {spark_submit.py:492} INFO - "nullable" : true,
[2026-02-12T20:34:46.107+0000] {spark_submit.py:492} INFO - "metadata" : { }
[2026-02-12T20:34:46.107+0000] {spark_submit.py:492} INFO - }, {
[2026-02-12T20:34:46.108+0000] {spark_submit.py:492} INFO - "name" : "language",
[2026-02-12T20:34:46.108+0000] {spark_submit.py:492} INFO - "type" : "string",
[2026-02-12T20:34:46.108+0000] {spark_submit.py:492} INFO - "nullable" : true,
[2026-02-12T20:34:46.108+0000] {spark_submit.py:492} INFO - "metadata" : { }
[2026-02-12T20:34:46.108+0000] {spark_submit.py:492} INFO - }, {
[2026-02-12T20:34:46.108+0000] {spark_submit.py:492} INFO - "name" : "tweet_text",
[2026-02-12T20:34:46.108+0000] {spark_submit.py:492} INFO - "type" : "string",
[2026-02-12T20:34:46.108+0000] {spark_submit.py:492} INFO - "nullable" : true,
[2026-02-12T20:34:46.108+0000] {spark_submit.py:492} INFO - "metadata" : { }
[2026-02-12T20:34:46.108+0000] {spark_submit.py:492} INFO - }, {
[2026-02-12T20:34:46.108+0000] {spark_submit.py:492} INFO - "name" : "likes",
[2026-02-12T20:34:46.108+0000] {spark_submit.py:492} INFO - "type" : "long",
[2026-02-12T20:34:46.108+0000] {spark_submit.py:492} INFO - "nullable" : true,
[2026-02-12T20:34:46.109+0000] {spark_submit.py:492} INFO - "metadata" : { }
[2026-02-12T20:34:46.109+0000] {spark_submit.py:492} INFO - }, {
[2026-02-12T20:34:46.109+0000] {spark_submit.py:492} INFO - "name" : "quotes",
[2026-02-12T20:34:46.109+0000] {spark_submit.py:492} INFO - "type" : "long",
[2026-02-12T20:34:46.109+0000] {spark_submit.py:492} INFO - "nullable" : true,
[2026-02-12T20:34:46.109+0000] {spark_submit.py:492} INFO - "metadata" : { }
[2026-02-12T20:34:46.109+0000] {spark_submit.py:492} INFO - }, {
[2026-02-12T20:34:46.109+0000] {spark_submit.py:492} INFO - "name" : "replies",
[2026-02-12T20:34:46.109+0000] {spark_submit.py:492} INFO - "type" : "long",
[2026-02-12T20:34:46.109+0000] {spark_submit.py:492} INFO - "nullable" : true,
[2026-02-12T20:34:46.109+0000] {spark_submit.py:492} INFO - "metadata" : { }
[2026-02-12T20:34:46.109+0000] {spark_submit.py:492} INFO - }, {
[2026-02-12T20:34:46.109+0000] {spark_submit.py:492} INFO - "name" : "retweets",
[2026-02-12T20:34:46.109+0000] {spark_submit.py:492} INFO - "type" : "long",
[2026-02-12T20:34:46.109+0000] {spark_submit.py:492} INFO - "nullable" : true,
[2026-02-12T20:34:46.110+0000] {spark_submit.py:492} INFO - "metadata" : { }
[2026-02-12T20:34:46.110+0000] {spark_submit.py:492} INFO - }, {
[2026-02-12T20:34:46.110+0000] {spark_submit.py:492} INFO - "name" : "processing_date",
[2026-02-12T20:34:46.110+0000] {spark_submit.py:492} INFO - "type" : "date",
[2026-02-12T20:34:46.110+0000] {spark_submit.py:492} INFO - "nullable" : false,
[2026-02-12T20:34:46.110+0000] {spark_submit.py:492} INFO - "metadata" : { }
[2026-02-12T20:34:46.110+0000] {spark_submit.py:492} INFO - } ]
[2026-02-12T20:34:46.110+0000] {spark_submit.py:492} INFO - }
[2026-02-12T20:34:46.110+0000] {spark_submit.py:492} INFO - and corresponding Parquet message type:
[2026-02-12T20:34:46.111+0000] {spark_submit.py:492} INFO - message spark_schema {
[2026-02-12T20:34:46.111+0000] {spark_submit.py:492} INFO - optional binary user_id (STRING);
[2026-02-12T20:34:46.111+0000] {spark_submit.py:492} INFO - optional binary thread_id (STRING);
[2026-02-12T20:34:46.111+0000] {spark_submit.py:492} INFO - optional binary created_at (STRING);
[2026-02-12T20:34:46.111+0000] {spark_submit.py:492} INFO - optional group edit_versions_ids (LIST) {
[2026-02-12T20:34:46.111+0000] {spark_submit.py:492} INFO - repeated group list {
[2026-02-12T20:34:46.111+0000] {spark_submit.py:492} INFO - optional int64 element;
[2026-02-12T20:34:46.111+0000] {spark_submit.py:492} INFO - }
[2026-02-12T20:34:46.111+0000] {spark_submit.py:492} INFO - }
[2026-02-12T20:34:46.111+0000] {spark_submit.py:492} INFO - optional binary tweet_id (STRING);
[2026-02-12T20:34:46.111+0000] {spark_submit.py:492} INFO - optional binary reply_to_user_id (STRING);
[2026-02-12T20:34:46.111+0000] {spark_submit.py:492} INFO - optional binary language (STRING);
[2026-02-12T20:34:46.112+0000] {spark_submit.py:492} INFO - optional binary tweet_text (STRING);
[2026-02-12T20:34:46.112+0000] {spark_submit.py:492} INFO - optional int64 likes;
[2026-02-12T20:34:46.112+0000] {spark_submit.py:492} INFO - optional int64 quotes;
[2026-02-12T20:34:46.112+0000] {spark_submit.py:492} INFO - optional int64 replies;
[2026-02-12T20:34:46.112+0000] {spark_submit.py:492} INFO - optional int64 retweets;
[2026-02-12T20:34:46.112+0000] {spark_submit.py:492} INFO - required int32 processing_date (DATE);
[2026-02-12T20:34:46.112+0000] {spark_submit.py:492} INFO - }
[2026-02-12T20:34:46.112+0000] {spark_submit.py:492} INFO - 
[2026-02-12T20:34:46.112+0000] {spark_submit.py:492} INFO - 
[2026-02-12T20:34:46.131+0000] {spark_submit.py:492} INFO - 26/02/12 20:34:46 INFO CodecConfig: Compression: SNAPPY
[2026-02-12T20:34:46.132+0000] {spark_submit.py:492} INFO - 26/02/12 20:34:46 INFO CodecConfig: Compression: SNAPPY
[2026-02-12T20:34:46.133+0000] {spark_submit.py:492} INFO - 26/02/12 20:34:46 INFO ParquetOutputFormat: ParquetRecordWriter [block size: 134217728b, row group padding size: 8388608b, validating: false]
[2026-02-12T20:34:46.134+0000] {spark_submit.py:492} INFO - 26/02/12 20:34:46 INFO ParquetWriteSupport: Initialized Parquet WriteSupport with Catalyst schema:
[2026-02-12T20:34:46.134+0000] {spark_submit.py:492} INFO - {
[2026-02-12T20:34:46.135+0000] {spark_submit.py:492} INFO - "type" : "struct",
[2026-02-12T20:34:46.135+0000] {spark_submit.py:492} INFO - "fields" : [ {
[2026-02-12T20:34:46.135+0000] {spark_submit.py:492} INFO - "name" : "user_id",
[2026-02-12T20:34:46.135+0000] {spark_submit.py:492} INFO - "type" : "string",
[2026-02-12T20:34:46.135+0000] {spark_submit.py:492} INFO - "nullable" : true,
[2026-02-12T20:34:46.135+0000] {spark_submit.py:492} INFO - "metadata" : { }
[2026-02-12T20:34:46.135+0000] {spark_submit.py:492} INFO - }, {
[2026-02-12T20:34:46.135+0000] {spark_submit.py:492} INFO - "name" : "thread_id",
[2026-02-12T20:34:46.135+0000] {spark_submit.py:492} INFO - "type" : "string",
[2026-02-12T20:34:46.135+0000] {spark_submit.py:492} INFO - "nullable" : true,
[2026-02-12T20:34:46.135+0000] {spark_submit.py:492} INFO - "metadata" : { }
[2026-02-12T20:34:46.135+0000] {spark_submit.py:492} INFO - }, {
[2026-02-12T20:34:46.136+0000] {spark_submit.py:492} INFO - "name" : "created_at",
[2026-02-12T20:34:46.136+0000] {spark_submit.py:492} INFO - "type" : "string",
[2026-02-12T20:34:46.136+0000] {spark_submit.py:492} INFO - "nullable" : true,
[2026-02-12T20:34:46.136+0000] {spark_submit.py:492} INFO - "metadata" : { }
[2026-02-12T20:34:46.136+0000] {spark_submit.py:492} INFO - }, {
[2026-02-12T20:34:46.136+0000] {spark_submit.py:492} INFO - "name" : "edit_versions_ids",
[2026-02-12T20:34:46.136+0000] {spark_submit.py:492} INFO - "type" : {
[2026-02-12T20:34:46.136+0000] {spark_submit.py:492} INFO - "type" : "array",
[2026-02-12T20:34:46.136+0000] {spark_submit.py:492} INFO - "elementType" : "long",
[2026-02-12T20:34:46.136+0000] {spark_submit.py:492} INFO - "containsNull" : true
[2026-02-12T20:34:46.137+0000] {spark_submit.py:492} INFO - },
[2026-02-12T20:34:46.137+0000] {spark_submit.py:492} INFO - "nullable" : true,
[2026-02-12T20:34:46.137+0000] {spark_submit.py:492} INFO - "metadata" : { }
[2026-02-12T20:34:46.137+0000] {spark_submit.py:492} INFO - }, {
[2026-02-12T20:34:46.137+0000] {spark_submit.py:492} INFO - "name" : "tweet_id",
[2026-02-12T20:34:46.137+0000] {spark_submit.py:492} INFO - "type" : "string",
[2026-02-12T20:34:46.137+0000] {spark_submit.py:492} INFO - "nullable" : true,
[2026-02-12T20:34:46.137+0000] {spark_submit.py:492} INFO - "metadata" : { }
[2026-02-12T20:34:46.137+0000] {spark_submit.py:492} INFO - }, {
[2026-02-12T20:34:46.137+0000] {spark_submit.py:492} INFO - "name" : "reply_to_user_id",
[2026-02-12T20:34:46.137+0000] {spark_submit.py:492} INFO - "type" : "string",
[2026-02-12T20:34:46.137+0000] {spark_submit.py:492} INFO - "nullable" : true,
[2026-02-12T20:34:46.137+0000] {spark_submit.py:492} INFO - "metadata" : { }
[2026-02-12T20:34:46.138+0000] {spark_submit.py:492} INFO - }, {
[2026-02-12T20:34:46.138+0000] {spark_submit.py:492} INFO - "name" : "language",
[2026-02-12T20:34:46.138+0000] {spark_submit.py:492} INFO - "type" : "string",
[2026-02-12T20:34:46.138+0000] {spark_submit.py:492} INFO - "nullable" : true,
[2026-02-12T20:34:46.138+0000] {spark_submit.py:492} INFO - "metadata" : { }
[2026-02-12T20:34:46.138+0000] {spark_submit.py:492} INFO - }, {
[2026-02-12T20:34:46.138+0000] {spark_submit.py:492} INFO - "name" : "tweet_text",
[2026-02-12T20:34:46.138+0000] {spark_submit.py:492} INFO - "type" : "string",
[2026-02-12T20:34:46.138+0000] {spark_submit.py:492} INFO - "nullable" : true,
[2026-02-12T20:34:46.139+0000] {spark_submit.py:492} INFO - "metadata" : { }
[2026-02-12T20:34:46.139+0000] {spark_submit.py:492} INFO - }, {
[2026-02-12T20:34:46.139+0000] {spark_submit.py:492} INFO - "name" : "likes",
[2026-02-12T20:34:46.139+0000] {spark_submit.py:492} INFO - "type" : "long",
[2026-02-12T20:34:46.139+0000] {spark_submit.py:492} INFO - "nullable" : true,
[2026-02-12T20:34:46.139+0000] {spark_submit.py:492} INFO - "metadata" : { }
[2026-02-12T20:34:46.139+0000] {spark_submit.py:492} INFO - }, {
[2026-02-12T20:34:46.139+0000] {spark_submit.py:492} INFO - "name" : "quotes",
[2026-02-12T20:34:46.140+0000] {spark_submit.py:492} INFO - "type" : "long",
[2026-02-12T20:34:46.140+0000] {spark_submit.py:492} INFO - "nullable" : true,
[2026-02-12T20:34:46.140+0000] {spark_submit.py:492} INFO - "metadata" : { }
[2026-02-12T20:34:46.140+0000] {spark_submit.py:492} INFO - }, {
[2026-02-12T20:34:46.140+0000] {spark_submit.py:492} INFO - "name" : "replies",
[2026-02-12T20:34:46.140+0000] {spark_submit.py:492} INFO - "type" : "long",
[2026-02-12T20:34:46.140+0000] {spark_submit.py:492} INFO - "nullable" : true,
[2026-02-12T20:34:46.140+0000] {spark_submit.py:492} INFO - "metadata" : { }
[2026-02-12T20:34:46.140+0000] {spark_submit.py:492} INFO - }, {
[2026-02-12T20:34:46.140+0000] {spark_submit.py:492} INFO - "name" : "retweets",
[2026-02-12T20:34:46.140+0000] {spark_submit.py:492} INFO - "type" : "long",
[2026-02-12T20:34:46.141+0000] {spark_submit.py:492} INFO - "nullable" : true,
[2026-02-12T20:34:46.141+0000] {spark_submit.py:492} INFO - "metadata" : { }
[2026-02-12T20:34:46.141+0000] {spark_submit.py:492} INFO - }, {
[2026-02-12T20:34:46.141+0000] {spark_submit.py:492} INFO - "name" : "processing_date",
[2026-02-12T20:34:46.141+0000] {spark_submit.py:492} INFO - "type" : "date",
[2026-02-12T20:34:46.141+0000] {spark_submit.py:492} INFO - "nullable" : false,
[2026-02-12T20:34:46.141+0000] {spark_submit.py:492} INFO - "metadata" : { }
[2026-02-12T20:34:46.141+0000] {spark_submit.py:492} INFO - } ]
[2026-02-12T20:34:46.141+0000] {spark_submit.py:492} INFO - }
[2026-02-12T20:34:46.142+0000] {spark_submit.py:492} INFO - and corresponding Parquet message type:
[2026-02-12T20:34:46.142+0000] {spark_submit.py:492} INFO - message spark_schema {
[2026-02-12T20:34:46.142+0000] {spark_submit.py:492} INFO - optional binary user_id (STRING);
[2026-02-12T20:34:46.142+0000] {spark_submit.py:492} INFO - optional binary thread_id (STRING);
[2026-02-12T20:34:46.142+0000] {spark_submit.py:492} INFO - optional binary created_at (STRING);
[2026-02-12T20:34:46.142+0000] {spark_submit.py:492} INFO - optional group edit_versions_ids (LIST) {
[2026-02-12T20:34:46.142+0000] {spark_submit.py:492} INFO - repeated group list {
[2026-02-12T20:34:46.142+0000] {spark_submit.py:492} INFO - optional int64 element;
[2026-02-12T20:34:46.142+0000] {spark_submit.py:492} INFO - }
[2026-02-12T20:34:46.142+0000] {spark_submit.py:492} INFO - }
[2026-02-12T20:34:46.143+0000] {spark_submit.py:492} INFO - optional binary tweet_id (STRING);
[2026-02-12T20:34:46.143+0000] {spark_submit.py:492} INFO - optional binary reply_to_user_id (STRING);
[2026-02-12T20:34:46.143+0000] {spark_submit.py:492} INFO - optional binary language (STRING);
[2026-02-12T20:34:46.143+0000] {spark_submit.py:492} INFO - optional binary tweet_text (STRING);
[2026-02-12T20:34:46.143+0000] {spark_submit.py:492} INFO - optional int64 likes;
[2026-02-12T20:34:46.143+0000] {spark_submit.py:492} INFO - optional int64 quotes;
[2026-02-12T20:34:46.143+0000] {spark_submit.py:492} INFO - optional int64 replies;
[2026-02-12T20:34:46.143+0000] {spark_submit.py:492} INFO - optional int64 retweets;
[2026-02-12T20:34:46.143+0000] {spark_submit.py:492} INFO - required int32 processing_date (DATE);
[2026-02-12T20:34:46.143+0000] {spark_submit.py:492} INFO - }
[2026-02-12T20:34:46.143+0000] {spark_submit.py:492} INFO - 
[2026-02-12T20:34:46.143+0000] {spark_submit.py:492} INFO - 
[2026-02-12T20:34:46.166+0000] {spark_submit.py:492} INFO - 26/02/12 20:34:46 INFO FileOutputCommitter: Saved output of task 'attempt_202602122034451137066041837852428_0001_m_000000_1' to file:/opt/airflow/data/silver/_temporary/0/task_202602122034451137066041837852428_0001_m_000000
[2026-02-12T20:34:46.166+0000] {spark_submit.py:492} INFO - 26/02/12 20:34:46 INFO SparkHadoopMapRedUtil: attempt_202602122034451137066041837852428_0001_m_000000_1: Committed. Elapsed time: 0 ms.
[2026-02-12T20:34:46.180+0000] {spark_submit.py:492} INFO - 26/02/12 20:34:46 INFO Executor: Finished task 0.0 in stage 1.0 (TID 1). 3930 bytes result sent to driver
[2026-02-12T20:34:46.183+0000] {spark_submit.py:492} INFO - 26/02/12 20:34:46 INFO TaskSetManager: Finished task 0.0 in stage 1.0 (TID 1) in 987 ms on 649004db3ede (executor driver) (1/1)
[2026-02-12T20:34:46.184+0000] {spark_submit.py:492} INFO - 26/02/12 20:34:46 INFO TaskSchedulerImpl: Removed TaskSet 1.0, whose tasks have all completed, from pool
[2026-02-12T20:34:46.185+0000] {spark_submit.py:492} INFO - 26/02/12 20:34:46 INFO DAGScheduler: ResultStage 1 (parquet at NativeMethodAccessorImpl.java:0) finished in 1.010 s
[2026-02-12T20:34:46.185+0000] {spark_submit.py:492} INFO - 26/02/12 20:34:46 INFO DAGScheduler: Job 1 is finished. Cancelling potential speculative or zombie tasks for this job
[2026-02-12T20:34:46.185+0000] {spark_submit.py:492} INFO - 26/02/12 20:34:46 INFO TaskSchedulerImpl: Killing all running tasks in stage 1: Stage finished
[2026-02-12T20:34:46.186+0000] {spark_submit.py:492} INFO - 26/02/12 20:34:46 INFO DAGScheduler: Job 1 finished: parquet at NativeMethodAccessorImpl.java:0, took 1.013414 s
[2026-02-12T20:34:46.187+0000] {spark_submit.py:492} INFO - 26/02/12 20:34:46 INFO FileFormatWriter: Start to commit write Job bd982a97-40bb-4625-a129-2f39456ff430.
[2026-02-12T20:34:46.204+0000] {spark_submit.py:492} INFO - 26/02/12 20:34:46 INFO FileFormatWriter: Write Job bd982a97-40bb-4625-a129-2f39456ff430 committed. Elapsed time: 16 ms.
[2026-02-12T20:34:46.206+0000] {spark_submit.py:492} INFO - 26/02/12 20:34:46 INFO FileFormatWriter: Finished processing stats for write job bd982a97-40bb-4625-a129-2f39456ff430.
[2026-02-12T20:34:46.244+0000] {spark_submit.py:492} INFO - 26/02/12 20:34:46 INFO SparkContext: Invoking stop() from shutdown hook
[2026-02-12T20:34:46.244+0000] {spark_submit.py:492} INFO - 26/02/12 20:34:46 INFO SparkContext: SparkContext is stopping with exitCode 0.
[2026-02-12T20:34:46.252+0000] {spark_submit.py:492} INFO - 26/02/12 20:34:46 INFO SparkUI: Stopped Spark web UI at http://649004db3ede:4040
[2026-02-12T20:34:46.260+0000] {spark_submit.py:492} INFO - 26/02/12 20:34:46 INFO MapOutputTrackerMasterEndpoint: MapOutputTrackerMasterEndpoint stopped!
[2026-02-12T20:34:46.270+0000] {spark_submit.py:492} INFO - 26/02/12 20:34:46 INFO MemoryStore: MemoryStore cleared
[2026-02-12T20:34:46.270+0000] {spark_submit.py:492} INFO - 26/02/12 20:34:46 INFO BlockManager: BlockManager stopped
[2026-02-12T20:34:46.272+0000] {spark_submit.py:492} INFO - 26/02/12 20:34:46 INFO BlockManagerMaster: BlockManagerMaster stopped
[2026-02-12T20:34:46.274+0000] {spark_submit.py:492} INFO - 26/02/12 20:34:46 INFO OutputCommitCoordinator$OutputCommitCoordinatorEndpoint: OutputCommitCoordinator stopped!
[2026-02-12T20:34:46.280+0000] {spark_submit.py:492} INFO - 26/02/12 20:34:46 INFO SparkContext: Successfully stopped SparkContext
[2026-02-12T20:34:46.281+0000] {spark_submit.py:492} INFO - 26/02/12 20:34:46 INFO ShutdownHookManager: Shutdown hook called
[2026-02-12T20:34:46.281+0000] {spark_submit.py:492} INFO - 26/02/12 20:34:46 INFO ShutdownHookManager: Deleting directory /tmp/spark-4fa65cc4-05f3-40cd-8fd7-4b01e643d0e7/pyspark-bc8151b1-6fe3-403f-b551-a0cb627f599e
[2026-02-12T20:34:46.286+0000] {spark_submit.py:492} INFO - 26/02/12 20:34:46 INFO ShutdownHookManager: Deleting directory /tmp/spark-4fa65cc4-05f3-40cd-8fd7-4b01e643d0e7
[2026-02-12T20:34:46.291+0000] {spark_submit.py:492} INFO - 26/02/12 20:34:46 INFO ShutdownHookManager: Deleting directory /tmp/spark-ee81eabd-e28b-4eff-a624-19880bcf2b2e
[2026-02-12T20:34:46.378+0000] {taskinstance.py:441} INFO - ::group::Post task execution logs
[2026-02-12T20:34:46.387+0000] {taskinstance.py:1206} INFO - Marking task as SUCCESS. dag_id=twitter_pipeline_2, task_id=transform_twitter_datascience, run_id=scheduled__2026-02-10T00:00:00+00:00, execution_date=20260210T000000, start_date=20260212T203439, end_date=20260212T203446
[2026-02-12T20:34:46.419+0000] {local_task_job_runner.py:243} INFO - Task exited with return code 0
[2026-02-12T20:34:46.432+0000] {taskinstance.py:3503} INFO - 0 downstream tasks scheduled from follow-on schedule check
[2026-02-12T20:34:46.434+0000] {local_task_job_runner.py:222} INFO - ::endgroup::
