[2026-02-12T20:33:22.610+0000] {local_task_job_runner.py:120} INFO - ::group::Pre task execution logs
[2026-02-12T20:33:22.624+0000] {taskinstance.py:2076} INFO - Dependencies all met for dep_context=non-requeueable deps ti=<TaskInstance: twitter_pipeline_2.transform_twitter_datascience scheduled__2026-02-03T00:00:00+00:00 [queued]>
[2026-02-12T20:33:22.630+0000] {taskinstance.py:2076} INFO - Dependencies all met for dep_context=requeueable deps ti=<TaskInstance: twitter_pipeline_2.transform_twitter_datascience scheduled__2026-02-03T00:00:00+00:00 [queued]>
[2026-02-12T20:33:22.630+0000] {taskinstance.py:2306} INFO - Starting attempt 1 of 1
[2026-02-12T20:33:22.639+0000] {taskinstance.py:2330} INFO - Executing <Task(SparkSubmitOperator): transform_twitter_datascience> on 2026-02-03 00:00:00+00:00
[2026-02-12T20:33:22.644+0000] {standard_task_runner.py:64} INFO - Started process 1194 to run task
[2026-02-12T20:33:22.647+0000] {standard_task_runner.py:90} INFO - Running: ['airflow', 'tasks', 'run', 'twitter_pipeline_2', 'transform_twitter_datascience', 'scheduled__2026-02-03T00:00:00+00:00', '--job-id', '76', '--raw', '--subdir', 'DAGS_FOLDER/dag2.py', '--cfg-path', '/tmp/tmpgtshyn_i']
[2026-02-12T20:33:22.648+0000] {standard_task_runner.py:91} INFO - Job 76: Subtask transform_twitter_datascience
[2026-02-12T20:33:22.696+0000] {task_command.py:426} INFO - Running <TaskInstance: twitter_pipeline_2.transform_twitter_datascience scheduled__2026-02-03T00:00:00+00:00 [running]> on host 649004db3ede
[2026-02-12T20:33:22.772+0000] {taskinstance.py:2648} INFO - Exporting env vars: AIRFLOW_CTX_DAG_OWNER='airflow' AIRFLOW_CTX_DAG_ID='twitter_pipeline_2' AIRFLOW_CTX_TASK_ID='transform_twitter_datascience' AIRFLOW_CTX_EXECUTION_DATE='2026-02-03T00:00:00+00:00' AIRFLOW_CTX_TRY_NUMBER='1' AIRFLOW_CTX_DAG_RUN_ID='scheduled__2026-02-03T00:00:00+00:00'
[2026-02-12T20:33:22.772+0000] {taskinstance.py:430} INFO - ::endgroup::
[2026-02-12T20:33:22.780+0000] {base.py:84} INFO - Using connection ID 'spark_default' for task execution.
[2026-02-12T20:33:22.781+0000] {spark_submit.py:341} INFO - Spark-Submit cmd: spark-submit --master local --name twitter_transformation --queue root.default /opt/airflow/src/spark/transformation.py --src /opt/data_lake/twitter_posts_raw --dest /opt/airflow/data/silver
[2026-02-12T20:33:24.713+0000] {spark_submit.py:492} INFO - 26/02/12 20:33:24 INFO SparkContext: Running Spark version 3.4.1
[2026-02-12T20:33:24.751+0000] {spark_submit.py:492} INFO - 26/02/12 20:33:24 WARN NativeCodeLoader: Unable to load native-hadoop library for your platform... using builtin-java classes where applicable
[2026-02-12T20:33:24.809+0000] {spark_submit.py:492} INFO - 26/02/12 20:33:24 INFO ResourceUtils: ==============================================================
[2026-02-12T20:33:24.809+0000] {spark_submit.py:492} INFO - 26/02/12 20:33:24 INFO ResourceUtils: No custom resources configured for spark.driver.
[2026-02-12T20:33:24.809+0000] {spark_submit.py:492} INFO - 26/02/12 20:33:24 INFO ResourceUtils: ==============================================================
[2026-02-12T20:33:24.810+0000] {spark_submit.py:492} INFO - 26/02/12 20:33:24 INFO SparkContext: Submitted application: twitter_transformation
[2026-02-12T20:33:24.822+0000] {spark_submit.py:492} INFO - 26/02/12 20:33:24 INFO ResourceProfile: Default ResourceProfile created, executor resources: Map(cores -> name: cores, amount: 1, script: , vendor: , memory -> name: memory, amount: 1024, script: , vendor: , offHeap -> name: offHeap, amount: 0, script: , vendor: ), task resources: Map(cpus -> name: cpus, amount: 1.0)
[2026-02-12T20:33:24.826+0000] {spark_submit.py:492} INFO - 26/02/12 20:33:24 INFO ResourceProfile: Limiting resource is cpu
[2026-02-12T20:33:24.827+0000] {spark_submit.py:492} INFO - 26/02/12 20:33:24 INFO ResourceProfileManager: Added ResourceProfile id: 0
[2026-02-12T20:33:24.858+0000] {spark_submit.py:492} INFO - 26/02/12 20:33:24 INFO SecurityManager: Changing view acls to: default
[2026-02-12T20:33:24.858+0000] {spark_submit.py:492} INFO - 26/02/12 20:33:24 INFO SecurityManager: Changing modify acls to: default
[2026-02-12T20:33:24.859+0000] {spark_submit.py:492} INFO - 26/02/12 20:33:24 INFO SecurityManager: Changing view acls groups to:
[2026-02-12T20:33:24.859+0000] {spark_submit.py:492} INFO - 26/02/12 20:33:24 INFO SecurityManager: Changing modify acls groups to:
[2026-02-12T20:33:24.860+0000] {spark_submit.py:492} INFO - 26/02/12 20:33:24 INFO SecurityManager: SecurityManager: authentication disabled; ui acls disabled; users with view permissions: default; groups with view permissions: EMPTY; users with modify permissions: default; groups with modify permissions: EMPTY
[2026-02-12T20:33:25.040+0000] {spark_submit.py:492} INFO - 26/02/12 20:33:25 INFO Utils: Successfully started service 'sparkDriver' on port 38425.
[2026-02-12T20:33:25.062+0000] {spark_submit.py:492} INFO - 26/02/12 20:33:25 INFO SparkEnv: Registering MapOutputTracker
[2026-02-12T20:33:25.091+0000] {spark_submit.py:492} INFO - 26/02/12 20:33:25 INFO SparkEnv: Registering BlockManagerMaster
[2026-02-12T20:33:25.113+0000] {spark_submit.py:492} INFO - 26/02/12 20:33:25 INFO BlockManagerMasterEndpoint: Using org.apache.spark.storage.DefaultTopologyMapper for getting topology information
[2026-02-12T20:33:25.113+0000] {spark_submit.py:492} INFO - 26/02/12 20:33:25 INFO BlockManagerMasterEndpoint: BlockManagerMasterEndpoint up
[2026-02-12T20:33:25.117+0000] {spark_submit.py:492} INFO - 26/02/12 20:33:25 INFO SparkEnv: Registering BlockManagerMasterHeartbeat
[2026-02-12T20:33:25.139+0000] {spark_submit.py:492} INFO - 26/02/12 20:33:25 INFO DiskBlockManager: Created local directory at /tmp/blockmgr-61a94ed4-50f2-4e84-bed4-8a93620e91b4
[2026-02-12T20:33:25.153+0000] {spark_submit.py:492} INFO - 26/02/12 20:33:25 INFO MemoryStore: MemoryStore started with capacity 434.4 MiB
[2026-02-12T20:33:25.166+0000] {spark_submit.py:492} INFO - 26/02/12 20:33:25 INFO SparkEnv: Registering OutputCommitCoordinator
[2026-02-12T20:33:25.253+0000] {spark_submit.py:492} INFO - 26/02/12 20:33:25 INFO JettyUtils: Start Jetty 0.0.0.0:4040 for SparkUI
[2026-02-12T20:33:25.289+0000] {spark_submit.py:492} INFO - 26/02/12 20:33:25 INFO Utils: Successfully started service 'SparkUI' on port 4040.
[2026-02-12T20:33:25.357+0000] {spark_submit.py:492} INFO - 26/02/12 20:33:25 INFO Executor: Starting executor ID driver on host 649004db3ede
[2026-02-12T20:33:25.361+0000] {spark_submit.py:492} INFO - 26/02/12 20:33:25 INFO Executor: Starting executor with user classpath (userClassPathFirst = false): ''
[2026-02-12T20:33:25.374+0000] {spark_submit.py:492} INFO - 26/02/12 20:33:25 INFO Utils: Successfully started service 'org.apache.spark.network.netty.NettyBlockTransferService' on port 46213.
[2026-02-12T20:33:25.375+0000] {spark_submit.py:492} INFO - 26/02/12 20:33:25 INFO NettyBlockTransferService: Server created on 649004db3ede:46213
[2026-02-12T20:33:25.376+0000] {spark_submit.py:492} INFO - 26/02/12 20:33:25 INFO BlockManager: Using org.apache.spark.storage.RandomBlockReplicationPolicy for block replication policy
[2026-02-12T20:33:25.380+0000] {spark_submit.py:492} INFO - 26/02/12 20:33:25 INFO BlockManagerMaster: Registering BlockManager BlockManagerId(driver, 649004db3ede, 46213, None)
[2026-02-12T20:33:25.382+0000] {spark_submit.py:492} INFO - 26/02/12 20:33:25 INFO BlockManagerMasterEndpoint: Registering block manager 649004db3ede:46213 with 434.4 MiB RAM, BlockManagerId(driver, 649004db3ede, 46213, None)
[2026-02-12T20:33:25.383+0000] {spark_submit.py:492} INFO - 26/02/12 20:33:25 INFO BlockManagerMaster: Registered BlockManager BlockManagerId(driver, 649004db3ede, 46213, None)
[2026-02-12T20:33:25.384+0000] {spark_submit.py:492} INFO - 26/02/12 20:33:25 INFO BlockManager: Initialized BlockManager: BlockManagerId(driver, 649004db3ede, 46213, None)
[2026-02-12T20:33:25.663+0000] {spark_submit.py:492} INFO - 26/02/12 20:33:25 INFO SharedState: Setting hive.metastore.warehouse.dir ('null') to the value of spark.sql.warehouse.dir.
[2026-02-12T20:33:25.668+0000] {spark_submit.py:492} INFO - 26/02/12 20:33:25 INFO SharedState: Warehouse path is 'file:/opt/airflow/spark-warehouse'.
[2026-02-12T20:33:28.723+0000] {spark_submit.py:492} INFO - 26/02/12 20:33:28 INFO InMemoryFileIndex: It took 34 ms to list leaf files for 1 paths.
[2026-02-12T20:33:28.775+0000] {spark_submit.py:492} INFO - 26/02/12 20:33:28 INFO InMemoryFileIndex: It took 7 ms to list leaf files for 12 paths.
[2026-02-12T20:33:29.977+0000] {spark_submit.py:492} INFO - 26/02/12 20:33:29 INFO FileSourceStrategy: Pushed Filters:
[2026-02-12T20:33:29.983+0000] {spark_submit.py:492} INFO - 26/02/12 20:33:29 INFO FileSourceStrategy: Post-Scan Filters:
[2026-02-12T20:33:30.113+0000] {spark_submit.py:492} INFO - 26/02/12 20:33:30 INFO MemoryStore: Block broadcast_0 stored as values in memory (estimated size 199.2 KiB, free 434.2 MiB)
[2026-02-12T20:33:30.153+0000] {spark_submit.py:492} INFO - 26/02/12 20:33:30 INFO MemoryStore: Block broadcast_0_piece0 stored as bytes in memory (estimated size 34.2 KiB, free 434.2 MiB)
[2026-02-12T20:33:30.156+0000] {spark_submit.py:492} INFO - 26/02/12 20:33:30 INFO BlockManagerInfo: Added broadcast_0_piece0 in memory on 649004db3ede:46213 (size: 34.2 KiB, free: 434.4 MiB)
[2026-02-12T20:33:30.159+0000] {spark_submit.py:492} INFO - 26/02/12 20:33:30 INFO SparkContext: Created broadcast 0 from json at NativeMethodAccessorImpl.java:0
[2026-02-12T20:33:30.165+0000] {spark_submit.py:492} INFO - 26/02/12 20:33:30 INFO FileSourceScanExec: Planning scan with bin packing, max size: 50419654 bytes, open cost is considered as scanning 4194304 bytes.
[2026-02-12T20:33:30.273+0000] {spark_submit.py:492} INFO - 26/02/12 20:33:30 INFO SparkContext: Starting job: json at NativeMethodAccessorImpl.java:0
[2026-02-12T20:33:30.281+0000] {spark_submit.py:492} INFO - 26/02/12 20:33:30 INFO DAGScheduler: Got job 0 (json at NativeMethodAccessorImpl.java:0) with 1 output partitions
[2026-02-12T20:33:30.281+0000] {spark_submit.py:492} INFO - 26/02/12 20:33:30 INFO DAGScheduler: Final stage: ResultStage 0 (json at NativeMethodAccessorImpl.java:0)
[2026-02-12T20:33:30.282+0000] {spark_submit.py:492} INFO - 26/02/12 20:33:30 INFO DAGScheduler: Parents of final stage: List()
[2026-02-12T20:33:30.282+0000] {spark_submit.py:492} INFO - 26/02/12 20:33:30 INFO DAGScheduler: Missing parents: List()
[2026-02-12T20:33:30.285+0000] {spark_submit.py:492} INFO - 26/02/12 20:33:30 INFO DAGScheduler: Submitting ResultStage 0 (MapPartitionsRDD[3] at json at NativeMethodAccessorImpl.java:0), which has no missing parents
[2026-02-12T20:33:30.335+0000] {spark_submit.py:492} INFO - 26/02/12 20:33:30 INFO MemoryStore: Block broadcast_1 stored as values in memory (estimated size 15.0 KiB, free 434.2 MiB)
[2026-02-12T20:33:30.341+0000] {spark_submit.py:492} INFO - 26/02/12 20:33:30 INFO MemoryStore: Block broadcast_1_piece0 stored as bytes in memory (estimated size 7.2 KiB, free 434.2 MiB)
[2026-02-12T20:33:30.342+0000] {spark_submit.py:492} INFO - 26/02/12 20:33:30 INFO BlockManagerInfo: Added broadcast_1_piece0 in memory on 649004db3ede:46213 (size: 7.2 KiB, free: 434.4 MiB)
[2026-02-12T20:33:30.343+0000] {spark_submit.py:492} INFO - 26/02/12 20:33:30 INFO SparkContext: Created broadcast 1 from broadcast at DAGScheduler.scala:1535
[2026-02-12T20:33:30.351+0000] {spark_submit.py:492} INFO - 26/02/12 20:33:30 INFO DAGScheduler: Submitting 1 missing tasks from ResultStage 0 (MapPartitionsRDD[3] at json at NativeMethodAccessorImpl.java:0) (first 15 tasks are for partitions Vector(0))
[2026-02-12T20:33:30.352+0000] {spark_submit.py:492} INFO - 26/02/12 20:33:30 INFO TaskSchedulerImpl: Adding task set 0.0 with 1 tasks resource profile 0
[2026-02-12T20:33:30.381+0000] {spark_submit.py:492} INFO - 26/02/12 20:33:30 INFO TaskSetManager: Starting task 0.0 in stage 0.0 (TID 0) (649004db3ede, executor driver, partition 0, PROCESS_LOCAL, 9196 bytes)
[2026-02-12T20:33:30.389+0000] {spark_submit.py:492} INFO - 26/02/12 20:33:30 INFO Executor: Running task 0.0 in stage 0.0 (TID 0)
[2026-02-12T20:33:30.450+0000] {spark_submit.py:492} INFO - 26/02/12 20:33:30 INFO FileScanRDD: Reading File path: file:///opt/data_lake/twitter_posts_raw/tweets_2026-02-02.json, range: 0-31150, partition values: [empty row]
[2026-02-12T20:33:30.586+0000] {spark_submit.py:492} INFO - 26/02/12 20:33:30 INFO CodeGenerator: Code generated in 114.377002 ms
[2026-02-12T20:33:30.625+0000] {spark_submit.py:492} INFO - 26/02/12 20:33:30 INFO FileScanRDD: Reading File path: file:///opt/data_lake/twitter_posts_raw/tweets_2026-02-03.json, range: 0-7059, partition values: [empty row]
[2026-02-12T20:33:30.631+0000] {spark_submit.py:492} INFO - 26/02/12 20:33:30 INFO FileScanRDD: Reading File path: file:///opt/data_lake/twitter_posts_raw/tweets_2026-02-11.json, range: 0-5524, partition values: [empty row]
[2026-02-12T20:33:30.635+0000] {spark_submit.py:492} INFO - 26/02/12 20:33:30 INFO FileScanRDD: Reading File path: file:///opt/data_lake/twitter_posts_raw/tweets_2026-02-08.json, range: 0-5455, partition values: [empty row]
[2026-02-12T20:33:30.638+0000] {spark_submit.py:492} INFO - 26/02/12 20:33:30 INFO FileScanRDD: Reading File path: file:///opt/data_lake/twitter_posts_raw/tweets_2026-02-10.json, range: 0-5426, partition values: [empty row]
[2026-02-12T20:33:30.641+0000] {spark_submit.py:492} INFO - 26/02/12 20:33:30 INFO FileScanRDD: Reading File path: file:///opt/data_lake/twitter_posts_raw/tweets_2026-02-07.json, range: 0-5394, partition values: [empty row]
[2026-02-12T20:33:30.643+0000] {spark_submit.py:492} INFO - 26/02/12 20:33:30 INFO FileScanRDD: Reading File path: file:///opt/data_lake/twitter_posts_raw/tweets_2026-02-09.json, range: 0-5376, partition values: [empty row]
[2026-02-12T20:33:30.645+0000] {spark_submit.py:492} INFO - 26/02/12 20:33:30 INFO FileScanRDD: Reading File path: file:///opt/data_lake/twitter_posts_raw/tweets_2026-02-05.json, range: 0-5311, partition values: [empty row]
[2026-02-12T20:33:30.648+0000] {spark_submit.py:492} INFO - 26/02/12 20:33:30 INFO FileScanRDD: Reading File path: file:///opt/data_lake/twitter_posts_raw/tweets_2026-02-04.json, range: 0-5302, partition values: [empty row]
[2026-02-12T20:33:30.650+0000] {spark_submit.py:492} INFO - 26/02/12 20:33:30 INFO FileScanRDD: Reading File path: file:///opt/data_lake/twitter_posts_raw/tweets_2026-02-06.json, range: 0-5026, partition values: [empty row]
[2026-02-12T20:33:30.653+0000] {spark_submit.py:492} INFO - 26/02/12 20:33:30 INFO FileScanRDD: Reading File path: file:///opt/data_lake/twitter_posts_raw/tweets_2026-02-01.json, range: 0-3511, partition values: [empty row]
[2026-02-12T20:33:30.655+0000] {spark_submit.py:492} INFO - 26/02/12 20:33:30 INFO FileScanRDD: Reading File path: file:///opt/data_lake/twitter_posts_raw/tweets_2026-02-12.json, range: 0-3472, partition values: [empty row]
[2026-02-12T20:33:30.671+0000] {spark_submit.py:492} INFO - 26/02/12 20:33:30 INFO Executor: Finished task 0.0 in stage 0.0 (TID 0). 2606 bytes result sent to driver
[2026-02-12T20:33:30.678+0000] {spark_submit.py:492} INFO - 26/02/12 20:33:30 INFO TaskSetManager: Finished task 0.0 in stage 0.0 (TID 0) in 304 ms on 649004db3ede (executor driver) (1/1)
[2026-02-12T20:33:30.679+0000] {spark_submit.py:492} INFO - 26/02/12 20:33:30 INFO TaskSchedulerImpl: Removed TaskSet 0.0, whose tasks have all completed, from pool
[2026-02-12T20:33:30.683+0000] {spark_submit.py:492} INFO - 26/02/12 20:33:30 INFO DAGScheduler: ResultStage 0 (json at NativeMethodAccessorImpl.java:0) finished in 0.389 s
[2026-02-12T20:33:30.685+0000] {spark_submit.py:492} INFO - 26/02/12 20:33:30 INFO DAGScheduler: Job 0 is finished. Cancelling potential speculative or zombie tasks for this job
[2026-02-12T20:33:30.685+0000] {spark_submit.py:492} INFO - 26/02/12 20:33:30 INFO TaskSchedulerImpl: Killing all running tasks in stage 0: Stage finished
[2026-02-12T20:33:30.687+0000] {spark_submit.py:492} INFO - 26/02/12 20:33:30 INFO DAGScheduler: Job 0 finished: json at NativeMethodAccessorImpl.java:0, took 0.413835 s
[2026-02-12T20:33:30.948+0000] {spark_submit.py:492} INFO - 26/02/12 20:33:30 INFO FileSourceStrategy: Pushed Filters:
[2026-02-12T20:33:30.948+0000] {spark_submit.py:492} INFO - 26/02/12 20:33:30 INFO FileSourceStrategy: Post-Scan Filters:
[2026-02-12T20:33:30.995+0000] {spark_submit.py:492} INFO - 26/02/12 20:33:30 INFO ParquetUtils: Using default output committer for Parquet: org.apache.parquet.hadoop.ParquetOutputCommitter
[2026-02-12T20:33:31.007+0000] {spark_submit.py:492} INFO - 26/02/12 20:33:31 INFO FileOutputCommitter: File Output Committer Algorithm version is 1
[2026-02-12T20:33:31.008+0000] {spark_submit.py:492} INFO - 26/02/12 20:33:31 INFO FileOutputCommitter: FileOutputCommitter skip cleanup _temporary folders under output directory:false, ignore cleanup failures: false
[2026-02-12T20:33:31.008+0000] {spark_submit.py:492} INFO - 26/02/12 20:33:31 INFO SQLHadoopMapReduceCommitProtocol: Using user defined output committer class org.apache.parquet.hadoop.ParquetOutputCommitter
[2026-02-12T20:33:31.008+0000] {spark_submit.py:492} INFO - 26/02/12 20:33:31 INFO FileOutputCommitter: File Output Committer Algorithm version is 1
[2026-02-12T20:33:31.008+0000] {spark_submit.py:492} INFO - 26/02/12 20:33:31 INFO FileOutputCommitter: FileOutputCommitter skip cleanup _temporary folders under output directory:false, ignore cleanup failures: false
[2026-02-12T20:33:31.009+0000] {spark_submit.py:492} INFO - 26/02/12 20:33:31 INFO SQLHadoopMapReduceCommitProtocol: Using output committer class org.apache.parquet.hadoop.ParquetOutputCommitter
[2026-02-12T20:33:31.086+0000] {spark_submit.py:492} INFO - 26/02/12 20:33:31 INFO CodeGenerator: Code generated in 31.755897 ms
[2026-02-12T20:33:31.089+0000] {spark_submit.py:492} INFO - 26/02/12 20:33:31 INFO MemoryStore: Block broadcast_2 stored as values in memory (estimated size 199.1 KiB, free 434.0 MiB)
[2026-02-12T20:33:31.096+0000] {spark_submit.py:492} INFO - 26/02/12 20:33:31 INFO MemoryStore: Block broadcast_2_piece0 stored as bytes in memory (estimated size 34.1 KiB, free 433.9 MiB)
[2026-02-12T20:33:31.097+0000] {spark_submit.py:492} INFO - 26/02/12 20:33:31 INFO BlockManagerInfo: Added broadcast_2_piece0 in memory on 649004db3ede:46213 (size: 34.1 KiB, free: 434.3 MiB)
[2026-02-12T20:33:31.098+0000] {spark_submit.py:492} INFO - 26/02/12 20:33:31 INFO SparkContext: Created broadcast 2 from parquet at NativeMethodAccessorImpl.java:0
[2026-02-12T20:33:31.101+0000] {spark_submit.py:492} INFO - 26/02/12 20:33:31 INFO FileSourceScanExec: Planning scan with bin packing, max size: 50419654 bytes, open cost is considered as scanning 4194304 bytes.
[2026-02-12T20:33:31.140+0000] {spark_submit.py:492} INFO - 26/02/12 20:33:31 INFO SparkContext: Starting job: parquet at NativeMethodAccessorImpl.java:0
[2026-02-12T20:33:31.142+0000] {spark_submit.py:492} INFO - 26/02/12 20:33:31 INFO DAGScheduler: Got job 1 (parquet at NativeMethodAccessorImpl.java:0) with 1 output partitions
[2026-02-12T20:33:31.142+0000] {spark_submit.py:492} INFO - 26/02/12 20:33:31 INFO DAGScheduler: Final stage: ResultStage 1 (parquet at NativeMethodAccessorImpl.java:0)
[2026-02-12T20:33:31.142+0000] {spark_submit.py:492} INFO - 26/02/12 20:33:31 INFO DAGScheduler: Parents of final stage: List()
[2026-02-12T20:33:31.142+0000] {spark_submit.py:492} INFO - 26/02/12 20:33:31 INFO DAGScheduler: Missing parents: List()
[2026-02-12T20:33:31.142+0000] {spark_submit.py:492} INFO - 26/02/12 20:33:31 INFO DAGScheduler: Submitting ResultStage 1 (MapPartitionsRDD[7] at parquet at NativeMethodAccessorImpl.java:0), which has no missing parents
[2026-02-12T20:33:31.154+0000] {spark_submit.py:492} INFO - 26/02/12 20:33:31 INFO BlockManagerInfo: Removed broadcast_1_piece0 on 649004db3ede:46213 in memory (size: 7.2 KiB, free: 434.3 MiB)
[2026-02-12T20:33:31.159+0000] {spark_submit.py:492} INFO - 26/02/12 20:33:31 INFO BlockManagerInfo: Removed broadcast_0_piece0 on 649004db3ede:46213 in memory (size: 34.2 KiB, free: 434.4 MiB)
[2026-02-12T20:33:31.165+0000] {spark_submit.py:492} INFO - 26/02/12 20:33:31 INFO MemoryStore: Block broadcast_3 stored as values in memory (estimated size 236.4 KiB, free 433.9 MiB)
[2026-02-12T20:33:31.167+0000] {spark_submit.py:492} INFO - 26/02/12 20:33:31 INFO MemoryStore: Block broadcast_3_piece0 stored as bytes in memory (estimated size 86.3 KiB, free 433.9 MiB)
[2026-02-12T20:33:31.168+0000] {spark_submit.py:492} INFO - 26/02/12 20:33:31 INFO BlockManagerInfo: Added broadcast_3_piece0 in memory on 649004db3ede:46213 (size: 86.3 KiB, free: 434.3 MiB)
[2026-02-12T20:33:31.168+0000] {spark_submit.py:492} INFO - 26/02/12 20:33:31 INFO SparkContext: Created broadcast 3 from broadcast at DAGScheduler.scala:1535
[2026-02-12T20:33:31.169+0000] {spark_submit.py:492} INFO - 26/02/12 20:33:31 INFO DAGScheduler: Submitting 1 missing tasks from ResultStage 1 (MapPartitionsRDD[7] at parquet at NativeMethodAccessorImpl.java:0) (first 15 tasks are for partitions Vector(0))
[2026-02-12T20:33:31.169+0000] {spark_submit.py:492} INFO - 26/02/12 20:33:31 INFO TaskSchedulerImpl: Adding task set 1.0 with 1 tasks resource profile 0
[2026-02-12T20:33:31.170+0000] {spark_submit.py:492} INFO - 26/02/12 20:33:31 INFO TaskSetManager: Starting task 0.0 in stage 1.0 (TID 1) (649004db3ede, executor driver, partition 0, PROCESS_LOCAL, 9196 bytes)
[2026-02-12T20:33:31.170+0000] {spark_submit.py:492} INFO - 26/02/12 20:33:31 INFO Executor: Running task 0.0 in stage 1.0 (TID 1)
[2026-02-12T20:33:31.212+0000] {spark_submit.py:492} INFO - 26/02/12 20:33:31 INFO CodeGenerator: Code generated in 9.825962 ms
[2026-02-12T20:33:31.226+0000] {spark_submit.py:492} INFO - 26/02/12 20:33:31 INFO CodeGenerator: Code generated in 6.871875 ms
[2026-02-12T20:33:31.234+0000] {spark_submit.py:492} INFO - 26/02/12 20:33:31 INFO FileOutputCommitter: File Output Committer Algorithm version is 1
[2026-02-12T20:33:31.234+0000] {spark_submit.py:492} INFO - 26/02/12 20:33:31 INFO FileOutputCommitter: FileOutputCommitter skip cleanup _temporary folders under output directory:false, ignore cleanup failures: false
[2026-02-12T20:33:31.234+0000] {spark_submit.py:492} INFO - 26/02/12 20:33:31 INFO SQLHadoopMapReduceCommitProtocol: Using user defined output committer class org.apache.parquet.hadoop.ParquetOutputCommitter
[2026-02-12T20:33:31.235+0000] {spark_submit.py:492} INFO - 26/02/12 20:33:31 INFO FileOutputCommitter: File Output Committer Algorithm version is 1
[2026-02-12T20:33:31.235+0000] {spark_submit.py:492} INFO - 26/02/12 20:33:31 INFO FileOutputCommitter: FileOutputCommitter skip cleanup _temporary folders under output directory:false, ignore cleanup failures: false
[2026-02-12T20:33:31.235+0000] {spark_submit.py:492} INFO - 26/02/12 20:33:31 INFO SQLHadoopMapReduceCommitProtocol: Using output committer class org.apache.parquet.hadoop.ParquetOutputCommitter
[2026-02-12T20:33:31.257+0000] {spark_submit.py:492} INFO - 26/02/12 20:33:31 INFO CodeGenerator: Code generated in 13.386622 ms
[2026-02-12T20:33:31.258+0000] {spark_submit.py:492} INFO - 26/02/12 20:33:31 INFO FileScanRDD: Reading File path: file:///opt/data_lake/twitter_posts_raw/tweets_2026-02-02.json, range: 0-31150, partition values: [empty row]
[2026-02-12T20:33:31.280+0000] {spark_submit.py:492} INFO - 26/02/12 20:33:31 INFO CodeGenerator: Code generated in 14.964224 ms
[2026-02-12T20:33:31.322+0000] {spark_submit.py:492} INFO - 26/02/12 20:33:31 INFO FileScanRDD: Reading File path: file:///opt/data_lake/twitter_posts_raw/tweets_2026-02-03.json, range: 0-7059, partition values: [empty row]
[2026-02-12T20:33:31.327+0000] {spark_submit.py:492} INFO - 26/02/12 20:33:31 INFO FileScanRDD: Reading File path: file:///opt/data_lake/twitter_posts_raw/tweets_2026-02-11.json, range: 0-5524, partition values: [empty row]
[2026-02-12T20:33:31.330+0000] {spark_submit.py:492} INFO - 26/02/12 20:33:31 INFO FileScanRDD: Reading File path: file:///opt/data_lake/twitter_posts_raw/tweets_2026-02-08.json, range: 0-5455, partition values: [empty row]
[2026-02-12T20:33:31.335+0000] {spark_submit.py:492} INFO - 26/02/12 20:33:31 INFO FileScanRDD: Reading File path: file:///opt/data_lake/twitter_posts_raw/tweets_2026-02-10.json, range: 0-5426, partition values: [empty row]
[2026-02-12T20:33:31.338+0000] {spark_submit.py:492} INFO - 26/02/12 20:33:31 INFO FileScanRDD: Reading File path: file:///opt/data_lake/twitter_posts_raw/tweets_2026-02-07.json, range: 0-5394, partition values: [empty row]
[2026-02-12T20:33:31.341+0000] {spark_submit.py:492} INFO - 26/02/12 20:33:31 INFO FileScanRDD: Reading File path: file:///opt/data_lake/twitter_posts_raw/tweets_2026-02-09.json, range: 0-5376, partition values: [empty row]
[2026-02-12T20:33:31.345+0000] {spark_submit.py:492} INFO - 26/02/12 20:33:31 INFO FileScanRDD: Reading File path: file:///opt/data_lake/twitter_posts_raw/tweets_2026-02-05.json, range: 0-5311, partition values: [empty row]
[2026-02-12T20:33:31.349+0000] {spark_submit.py:492} INFO - 26/02/12 20:33:31 INFO FileScanRDD: Reading File path: file:///opt/data_lake/twitter_posts_raw/tweets_2026-02-04.json, range: 0-5302, partition values: [empty row]
[2026-02-12T20:33:31.353+0000] {spark_submit.py:492} INFO - 26/02/12 20:33:31 INFO FileScanRDD: Reading File path: file:///opt/data_lake/twitter_posts_raw/tweets_2026-02-06.json, range: 0-5026, partition values: [empty row]
[2026-02-12T20:33:31.356+0000] {spark_submit.py:492} INFO - 26/02/12 20:33:31 INFO FileScanRDD: Reading File path: file:///opt/data_lake/twitter_posts_raw/tweets_2026-02-01.json, range: 0-3511, partition values: [empty row]
[2026-02-12T20:33:31.358+0000] {spark_submit.py:492} INFO - 26/02/12 20:33:31 INFO FileScanRDD: Reading File path: file:///opt/data_lake/twitter_posts_raw/tweets_2026-02-12.json, range: 0-3472, partition values: [empty row]
[2026-02-12T20:33:31.372+0000] {spark_submit.py:492} INFO - 26/02/12 20:33:31 INFO CodeGenerator: Code generated in 6.651037 ms
[2026-02-12T20:33:31.402+0000] {spark_submit.py:492} INFO - 26/02/12 20:33:31 INFO CodeGenerator: Code generated in 17.029447 ms
[2026-02-12T20:33:31.409+0000] {spark_submit.py:492} INFO - 26/02/12 20:33:31 INFO CodecConfig: Compression: SNAPPY
[2026-02-12T20:33:31.411+0000] {spark_submit.py:492} INFO - 26/02/12 20:33:31 INFO CodecConfig: Compression: SNAPPY
[2026-02-12T20:33:31.422+0000] {spark_submit.py:492} INFO - 26/02/12 20:33:31 INFO ParquetOutputFormat: ParquetRecordWriter [block size: 134217728b, row group padding size: 8388608b, validating: false]
[2026-02-12T20:33:31.443+0000] {spark_submit.py:492} INFO - 26/02/12 20:33:31 INFO ParquetWriteSupport: Initialized Parquet WriteSupport with Catalyst schema:
[2026-02-12T20:33:31.443+0000] {spark_submit.py:492} INFO - {
[2026-02-12T20:33:31.444+0000] {spark_submit.py:492} INFO - "type" : "struct",
[2026-02-12T20:33:31.444+0000] {spark_submit.py:492} INFO - "fields" : [ {
[2026-02-12T20:33:31.444+0000] {spark_submit.py:492} INFO - "name" : "user_id",
[2026-02-12T20:33:31.444+0000] {spark_submit.py:492} INFO - "type" : "string",
[2026-02-12T20:33:31.444+0000] {spark_submit.py:492} INFO - "nullable" : true,
[2026-02-12T20:33:31.444+0000] {spark_submit.py:492} INFO - "metadata" : { }
[2026-02-12T20:33:31.444+0000] {spark_submit.py:492} INFO - }, {
[2026-02-12T20:33:31.444+0000] {spark_submit.py:492} INFO - "name" : "thread_id",
[2026-02-12T20:33:31.444+0000] {spark_submit.py:492} INFO - "type" : "string",
[2026-02-12T20:33:31.444+0000] {spark_submit.py:492} INFO - "nullable" : true,
[2026-02-12T20:33:31.445+0000] {spark_submit.py:492} INFO - "metadata" : { }
[2026-02-12T20:33:31.445+0000] {spark_submit.py:492} INFO - }, {
[2026-02-12T20:33:31.445+0000] {spark_submit.py:492} INFO - "name" : "created_at",
[2026-02-12T20:33:31.445+0000] {spark_submit.py:492} INFO - "type" : "string",
[2026-02-12T20:33:31.445+0000] {spark_submit.py:492} INFO - "nullable" : true,
[2026-02-12T20:33:31.445+0000] {spark_submit.py:492} INFO - "metadata" : { }
[2026-02-12T20:33:31.445+0000] {spark_submit.py:492} INFO - }, {
[2026-02-12T20:33:31.445+0000] {spark_submit.py:492} INFO - "name" : "edit_versions_ids",
[2026-02-12T20:33:31.445+0000] {spark_submit.py:492} INFO - "type" : {
[2026-02-12T20:33:31.445+0000] {spark_submit.py:492} INFO - "type" : "array",
[2026-02-12T20:33:31.445+0000] {spark_submit.py:492} INFO - "elementType" : "long",
[2026-02-12T20:33:31.445+0000] {spark_submit.py:492} INFO - "containsNull" : true
[2026-02-12T20:33:31.445+0000] {spark_submit.py:492} INFO - },
[2026-02-12T20:33:31.445+0000] {spark_submit.py:492} INFO - "nullable" : true,
[2026-02-12T20:33:31.446+0000] {spark_submit.py:492} INFO - "metadata" : { }
[2026-02-12T20:33:31.446+0000] {spark_submit.py:492} INFO - }, {
[2026-02-12T20:33:31.446+0000] {spark_submit.py:492} INFO - "name" : "tweet_id",
[2026-02-12T20:33:31.446+0000] {spark_submit.py:492} INFO - "type" : "string",
[2026-02-12T20:33:31.446+0000] {spark_submit.py:492} INFO - "nullable" : true,
[2026-02-12T20:33:31.446+0000] {spark_submit.py:492} INFO - "metadata" : { }
[2026-02-12T20:33:31.446+0000] {spark_submit.py:492} INFO - }, {
[2026-02-12T20:33:31.446+0000] {spark_submit.py:492} INFO - "name" : "reply_to_user_id",
[2026-02-12T20:33:31.446+0000] {spark_submit.py:492} INFO - "type" : "string",
[2026-02-12T20:33:31.447+0000] {spark_submit.py:492} INFO - "nullable" : true,
[2026-02-12T20:33:31.447+0000] {spark_submit.py:492} INFO - "metadata" : { }
[2026-02-12T20:33:31.447+0000] {spark_submit.py:492} INFO - }, {
[2026-02-12T20:33:31.447+0000] {spark_submit.py:492} INFO - "name" : "language",
[2026-02-12T20:33:31.447+0000] {spark_submit.py:492} INFO - "type" : "string",
[2026-02-12T20:33:31.447+0000] {spark_submit.py:492} INFO - "nullable" : true,
[2026-02-12T20:33:31.447+0000] {spark_submit.py:492} INFO - "metadata" : { }
[2026-02-12T20:33:31.447+0000] {spark_submit.py:492} INFO - }, {
[2026-02-12T20:33:31.447+0000] {spark_submit.py:492} INFO - "name" : "tweet_text",
[2026-02-12T20:33:31.447+0000] {spark_submit.py:492} INFO - "type" : "string",
[2026-02-12T20:33:31.448+0000] {spark_submit.py:492} INFO - "nullable" : true,
[2026-02-12T20:33:31.448+0000] {spark_submit.py:492} INFO - "metadata" : { }
[2026-02-12T20:33:31.448+0000] {spark_submit.py:492} INFO - }, {
[2026-02-12T20:33:31.448+0000] {spark_submit.py:492} INFO - "name" : "likes",
[2026-02-12T20:33:31.448+0000] {spark_submit.py:492} INFO - "type" : "long",
[2026-02-12T20:33:31.448+0000] {spark_submit.py:492} INFO - "nullable" : true,
[2026-02-12T20:33:31.448+0000] {spark_submit.py:492} INFO - "metadata" : { }
[2026-02-12T20:33:31.448+0000] {spark_submit.py:492} INFO - }, {
[2026-02-12T20:33:31.448+0000] {spark_submit.py:492} INFO - "name" : "quotes",
[2026-02-12T20:33:31.449+0000] {spark_submit.py:492} INFO - "type" : "long",
[2026-02-12T20:33:31.449+0000] {spark_submit.py:492} INFO - "nullable" : true,
[2026-02-12T20:33:31.449+0000] {spark_submit.py:492} INFO - "metadata" : { }
[2026-02-12T20:33:31.449+0000] {spark_submit.py:492} INFO - }, {
[2026-02-12T20:33:31.449+0000] {spark_submit.py:492} INFO - "name" : "replies",
[2026-02-12T20:33:31.449+0000] {spark_submit.py:492} INFO - "type" : "long",
[2026-02-12T20:33:31.449+0000] {spark_submit.py:492} INFO - "nullable" : true,
[2026-02-12T20:33:31.449+0000] {spark_submit.py:492} INFO - "metadata" : { }
[2026-02-12T20:33:31.449+0000] {spark_submit.py:492} INFO - }, {
[2026-02-12T20:33:31.449+0000] {spark_submit.py:492} INFO - "name" : "retweets",
[2026-02-12T20:33:31.449+0000] {spark_submit.py:492} INFO - "type" : "long",
[2026-02-12T20:33:31.450+0000] {spark_submit.py:492} INFO - "nullable" : true,
[2026-02-12T20:33:31.450+0000] {spark_submit.py:492} INFO - "metadata" : { }
[2026-02-12T20:33:31.450+0000] {spark_submit.py:492} INFO - }, {
[2026-02-12T20:33:31.450+0000] {spark_submit.py:492} INFO - "name" : "processing_date",
[2026-02-12T20:33:31.450+0000] {spark_submit.py:492} INFO - "type" : "date",
[2026-02-12T20:33:31.450+0000] {spark_submit.py:492} INFO - "nullable" : false,
[2026-02-12T20:33:31.450+0000] {spark_submit.py:492} INFO - "metadata" : { }
[2026-02-12T20:33:31.450+0000] {spark_submit.py:492} INFO - } ]
[2026-02-12T20:33:31.450+0000] {spark_submit.py:492} INFO - }
[2026-02-12T20:33:31.451+0000] {spark_submit.py:492} INFO - and corresponding Parquet message type:
[2026-02-12T20:33:31.451+0000] {spark_submit.py:492} INFO - message spark_schema {
[2026-02-12T20:33:31.451+0000] {spark_submit.py:492} INFO - optional binary user_id (STRING);
[2026-02-12T20:33:31.451+0000] {spark_submit.py:492} INFO - optional binary thread_id (STRING);
[2026-02-12T20:33:31.451+0000] {spark_submit.py:492} INFO - optional binary created_at (STRING);
[2026-02-12T20:33:31.451+0000] {spark_submit.py:492} INFO - optional group edit_versions_ids (LIST) {
[2026-02-12T20:33:31.451+0000] {spark_submit.py:492} INFO - repeated group list {
[2026-02-12T20:33:31.451+0000] {spark_submit.py:492} INFO - optional int64 element;
[2026-02-12T20:33:31.451+0000] {spark_submit.py:492} INFO - }
[2026-02-12T20:33:31.451+0000] {spark_submit.py:492} INFO - }
[2026-02-12T20:33:31.452+0000] {spark_submit.py:492} INFO - optional binary tweet_id (STRING);
[2026-02-12T20:33:31.452+0000] {spark_submit.py:492} INFO - optional binary reply_to_user_id (STRING);
[2026-02-12T20:33:31.452+0000] {spark_submit.py:492} INFO - optional binary language (STRING);
[2026-02-12T20:33:31.452+0000] {spark_submit.py:492} INFO - optional binary tweet_text (STRING);
[2026-02-12T20:33:31.452+0000] {spark_submit.py:492} INFO - optional int64 likes;
[2026-02-12T20:33:31.452+0000] {spark_submit.py:492} INFO - optional int64 quotes;
[2026-02-12T20:33:31.452+0000] {spark_submit.py:492} INFO - optional int64 replies;
[2026-02-12T20:33:31.452+0000] {spark_submit.py:492} INFO - optional int64 retweets;
[2026-02-12T20:33:31.452+0000] {spark_submit.py:492} INFO - required int32 processing_date (DATE);
[2026-02-12T20:33:31.453+0000] {spark_submit.py:492} INFO - }
[2026-02-12T20:33:31.453+0000] {spark_submit.py:492} INFO - 
[2026-02-12T20:33:31.453+0000] {spark_submit.py:492} INFO - 
[2026-02-12T20:33:31.487+0000] {spark_submit.py:492} INFO - 26/02/12 20:33:31 INFO CodecPool: Got brand-new compressor [.snappy]
[2026-02-12T20:33:31.816+0000] {spark_submit.py:492} INFO - 26/02/12 20:33:31 INFO CodecConfig: Compression: SNAPPY
[2026-02-12T20:33:31.816+0000] {spark_submit.py:492} INFO - 26/02/12 20:33:31 INFO CodecConfig: Compression: SNAPPY
[2026-02-12T20:33:31.817+0000] {spark_submit.py:492} INFO - 26/02/12 20:33:31 INFO ParquetOutputFormat: ParquetRecordWriter [block size: 134217728b, row group padding size: 8388608b, validating: false]
[2026-02-12T20:33:31.819+0000] {spark_submit.py:492} INFO - 26/02/12 20:33:31 INFO ParquetWriteSupport: Initialized Parquet WriteSupport with Catalyst schema:
[2026-02-12T20:33:31.819+0000] {spark_submit.py:492} INFO - {
[2026-02-12T20:33:31.819+0000] {spark_submit.py:492} INFO - "type" : "struct",
[2026-02-12T20:33:31.819+0000] {spark_submit.py:492} INFO - "fields" : [ {
[2026-02-12T20:33:31.819+0000] {spark_submit.py:492} INFO - "name" : "user_id",
[2026-02-12T20:33:31.819+0000] {spark_submit.py:492} INFO - "type" : "string",
[2026-02-12T20:33:31.819+0000] {spark_submit.py:492} INFO - "nullable" : true,
[2026-02-12T20:33:31.819+0000] {spark_submit.py:492} INFO - "metadata" : { }
[2026-02-12T20:33:31.820+0000] {spark_submit.py:492} INFO - }, {
[2026-02-12T20:33:31.820+0000] {spark_submit.py:492} INFO - "name" : "thread_id",
[2026-02-12T20:33:31.820+0000] {spark_submit.py:492} INFO - "type" : "string",
[2026-02-12T20:33:31.820+0000] {spark_submit.py:492} INFO - "nullable" : true,
[2026-02-12T20:33:31.820+0000] {spark_submit.py:492} INFO - "metadata" : { }
[2026-02-12T20:33:31.820+0000] {spark_submit.py:492} INFO - }, {
[2026-02-12T20:33:31.820+0000] {spark_submit.py:492} INFO - "name" : "created_at",
[2026-02-12T20:33:31.820+0000] {spark_submit.py:492} INFO - "type" : "string",
[2026-02-12T20:33:31.821+0000] {spark_submit.py:492} INFO - "nullable" : true,
[2026-02-12T20:33:31.821+0000] {spark_submit.py:492} INFO - "metadata" : { }
[2026-02-12T20:33:31.821+0000] {spark_submit.py:492} INFO - }, {
[2026-02-12T20:33:31.821+0000] {spark_submit.py:492} INFO - "name" : "edit_versions_ids",
[2026-02-12T20:33:31.821+0000] {spark_submit.py:492} INFO - "type" : {
[2026-02-12T20:33:31.821+0000] {spark_submit.py:492} INFO - "type" : "array",
[2026-02-12T20:33:31.821+0000] {spark_submit.py:492} INFO - "elementType" : "long",
[2026-02-12T20:33:31.822+0000] {spark_submit.py:492} INFO - "containsNull" : true
[2026-02-12T20:33:31.822+0000] {spark_submit.py:492} INFO - },
[2026-02-12T20:33:31.822+0000] {spark_submit.py:492} INFO - "nullable" : true,
[2026-02-12T20:33:31.822+0000] {spark_submit.py:492} INFO - "metadata" : { }
[2026-02-12T20:33:31.822+0000] {spark_submit.py:492} INFO - }, {
[2026-02-12T20:33:31.822+0000] {spark_submit.py:492} INFO - "name" : "tweet_id",
[2026-02-12T20:33:31.822+0000] {spark_submit.py:492} INFO - "type" : "string",
[2026-02-12T20:33:31.822+0000] {spark_submit.py:492} INFO - "nullable" : true,
[2026-02-12T20:33:31.823+0000] {spark_submit.py:492} INFO - "metadata" : { }
[2026-02-12T20:33:31.823+0000] {spark_submit.py:492} INFO - }, {
[2026-02-12T20:33:31.823+0000] {spark_submit.py:492} INFO - "name" : "reply_to_user_id",
[2026-02-12T20:33:31.823+0000] {spark_submit.py:492} INFO - "type" : "string",
[2026-02-12T20:33:31.823+0000] {spark_submit.py:492} INFO - "nullable" : true,
[2026-02-12T20:33:31.823+0000] {spark_submit.py:492} INFO - "metadata" : { }
[2026-02-12T20:33:31.823+0000] {spark_submit.py:492} INFO - }, {
[2026-02-12T20:33:31.823+0000] {spark_submit.py:492} INFO - "name" : "language",
[2026-02-12T20:33:31.823+0000] {spark_submit.py:492} INFO - "type" : "string",
[2026-02-12T20:33:31.823+0000] {spark_submit.py:492} INFO - "nullable" : true,
[2026-02-12T20:33:31.823+0000] {spark_submit.py:492} INFO - "metadata" : { }
[2026-02-12T20:33:31.824+0000] {spark_submit.py:492} INFO - }, {
[2026-02-12T20:33:31.824+0000] {spark_submit.py:492} INFO - "name" : "tweet_text",
[2026-02-12T20:33:31.824+0000] {spark_submit.py:492} INFO - "type" : "string",
[2026-02-12T20:33:31.824+0000] {spark_submit.py:492} INFO - "nullable" : true,
[2026-02-12T20:33:31.824+0000] {spark_submit.py:492} INFO - "metadata" : { }
[2026-02-12T20:33:31.824+0000] {spark_submit.py:492} INFO - }, {
[2026-02-12T20:33:31.824+0000] {spark_submit.py:492} INFO - "name" : "likes",
[2026-02-12T20:33:31.824+0000] {spark_submit.py:492} INFO - "type" : "long",
[2026-02-12T20:33:31.825+0000] {spark_submit.py:492} INFO - "nullable" : true,
[2026-02-12T20:33:31.825+0000] {spark_submit.py:492} INFO - "metadata" : { }
[2026-02-12T20:33:31.825+0000] {spark_submit.py:492} INFO - }, {
[2026-02-12T20:33:31.825+0000] {spark_submit.py:492} INFO - "name" : "quotes",
[2026-02-12T20:33:31.825+0000] {spark_submit.py:492} INFO - "type" : "long",
[2026-02-12T20:33:31.825+0000] {spark_submit.py:492} INFO - "nullable" : true,
[2026-02-12T20:33:31.825+0000] {spark_submit.py:492} INFO - "metadata" : { }
[2026-02-12T20:33:31.825+0000] {spark_submit.py:492} INFO - }, {
[2026-02-12T20:33:31.825+0000] {spark_submit.py:492} INFO - "name" : "replies",
[2026-02-12T20:33:31.825+0000] {spark_submit.py:492} INFO - "type" : "long",
[2026-02-12T20:33:31.826+0000] {spark_submit.py:492} INFO - "nullable" : true,
[2026-02-12T20:33:31.826+0000] {spark_submit.py:492} INFO - "metadata" : { }
[2026-02-12T20:33:31.826+0000] {spark_submit.py:492} INFO - }, {
[2026-02-12T20:33:31.826+0000] {spark_submit.py:492} INFO - "name" : "retweets",
[2026-02-12T20:33:31.826+0000] {spark_submit.py:492} INFO - "type" : "long",
[2026-02-12T20:33:31.826+0000] {spark_submit.py:492} INFO - "nullable" : true,
[2026-02-12T20:33:31.826+0000] {spark_submit.py:492} INFO - "metadata" : { }
[2026-02-12T20:33:31.826+0000] {spark_submit.py:492} INFO - }, {
[2026-02-12T20:33:31.826+0000] {spark_submit.py:492} INFO - "name" : "processing_date",
[2026-02-12T20:33:31.827+0000] {spark_submit.py:492} INFO - "type" : "date",
[2026-02-12T20:33:31.827+0000] {spark_submit.py:492} INFO - "nullable" : false,
[2026-02-12T20:33:31.827+0000] {spark_submit.py:492} INFO - "metadata" : { }
[2026-02-12T20:33:31.827+0000] {spark_submit.py:492} INFO - } ]
[2026-02-12T20:33:31.827+0000] {spark_submit.py:492} INFO - }
[2026-02-12T20:33:31.827+0000] {spark_submit.py:492} INFO - and corresponding Parquet message type:
[2026-02-12T20:33:31.827+0000] {spark_submit.py:492} INFO - message spark_schema {
[2026-02-12T20:33:31.827+0000] {spark_submit.py:492} INFO - optional binary user_id (STRING);
[2026-02-12T20:33:31.828+0000] {spark_submit.py:492} INFO - optional binary thread_id (STRING);
[2026-02-12T20:33:31.828+0000] {spark_submit.py:492} INFO - optional binary created_at (STRING);
[2026-02-12T20:33:31.828+0000] {spark_submit.py:492} INFO - optional group edit_versions_ids (LIST) {
[2026-02-12T20:33:31.828+0000] {spark_submit.py:492} INFO - repeated group list {
[2026-02-12T20:33:31.828+0000] {spark_submit.py:492} INFO - optional int64 element;
[2026-02-12T20:33:31.828+0000] {spark_submit.py:492} INFO - }
[2026-02-12T20:33:31.828+0000] {spark_submit.py:492} INFO - }
[2026-02-12T20:33:31.828+0000] {spark_submit.py:492} INFO - optional binary tweet_id (STRING);
[2026-02-12T20:33:31.828+0000] {spark_submit.py:492} INFO - optional binary reply_to_user_id (STRING);
[2026-02-12T20:33:31.829+0000] {spark_submit.py:492} INFO - optional binary language (STRING);
[2026-02-12T20:33:31.829+0000] {spark_submit.py:492} INFO - optional binary tweet_text (STRING);
[2026-02-12T20:33:31.829+0000] {spark_submit.py:492} INFO - optional int64 likes;
[2026-02-12T20:33:31.829+0000] {spark_submit.py:492} INFO - optional int64 quotes;
[2026-02-12T20:33:31.829+0000] {spark_submit.py:492} INFO - optional int64 replies;
[2026-02-12T20:33:31.829+0000] {spark_submit.py:492} INFO - optional int64 retweets;
[2026-02-12T20:33:31.829+0000] {spark_submit.py:492} INFO - required int32 processing_date (DATE);
[2026-02-12T20:33:31.829+0000] {spark_submit.py:492} INFO - }
[2026-02-12T20:33:31.829+0000] {spark_submit.py:492} INFO - 
[2026-02-12T20:33:31.829+0000] {spark_submit.py:492} INFO - 
[2026-02-12T20:33:31.855+0000] {spark_submit.py:492} INFO - 26/02/12 20:33:31 INFO CodecConfig: Compression: SNAPPY
[2026-02-12T20:33:31.855+0000] {spark_submit.py:492} INFO - 26/02/12 20:33:31 INFO CodecConfig: Compression: SNAPPY
[2026-02-12T20:33:31.856+0000] {spark_submit.py:492} INFO - 26/02/12 20:33:31 INFO ParquetOutputFormat: ParquetRecordWriter [block size: 134217728b, row group padding size: 8388608b, validating: false]
[2026-02-12T20:33:31.858+0000] {spark_submit.py:492} INFO - 26/02/12 20:33:31 INFO ParquetWriteSupport: Initialized Parquet WriteSupport with Catalyst schema:
[2026-02-12T20:33:31.858+0000] {spark_submit.py:492} INFO - {
[2026-02-12T20:33:31.858+0000] {spark_submit.py:492} INFO - "type" : "struct",
[2026-02-12T20:33:31.858+0000] {spark_submit.py:492} INFO - "fields" : [ {
[2026-02-12T20:33:31.859+0000] {spark_submit.py:492} INFO - "name" : "user_id",
[2026-02-12T20:33:31.859+0000] {spark_submit.py:492} INFO - "type" : "string",
[2026-02-12T20:33:31.859+0000] {spark_submit.py:492} INFO - "nullable" : true,
[2026-02-12T20:33:31.859+0000] {spark_submit.py:492} INFO - "metadata" : { }
[2026-02-12T20:33:31.859+0000] {spark_submit.py:492} INFO - }, {
[2026-02-12T20:33:31.859+0000] {spark_submit.py:492} INFO - "name" : "thread_id",
[2026-02-12T20:33:31.859+0000] {spark_submit.py:492} INFO - "type" : "string",
[2026-02-12T20:33:31.859+0000] {spark_submit.py:492} INFO - "nullable" : true,
[2026-02-12T20:33:31.859+0000] {spark_submit.py:492} INFO - "metadata" : { }
[2026-02-12T20:33:31.860+0000] {spark_submit.py:492} INFO - }, {
[2026-02-12T20:33:31.860+0000] {spark_submit.py:492} INFO - "name" : "created_at",
[2026-02-12T20:33:31.860+0000] {spark_submit.py:492} INFO - "type" : "string",
[2026-02-12T20:33:31.860+0000] {spark_submit.py:492} INFO - "nullable" : true,
[2026-02-12T20:33:31.860+0000] {spark_submit.py:492} INFO - "metadata" : { }
[2026-02-12T20:33:31.860+0000] {spark_submit.py:492} INFO - }, {
[2026-02-12T20:33:31.860+0000] {spark_submit.py:492} INFO - "name" : "edit_versions_ids",
[2026-02-12T20:33:31.860+0000] {spark_submit.py:492} INFO - "type" : {
[2026-02-12T20:33:31.861+0000] {spark_submit.py:492} INFO - "type" : "array",
[2026-02-12T20:33:31.861+0000] {spark_submit.py:492} INFO - "elementType" : "long",
[2026-02-12T20:33:31.861+0000] {spark_submit.py:492} INFO - "containsNull" : true
[2026-02-12T20:33:31.861+0000] {spark_submit.py:492} INFO - },
[2026-02-12T20:33:31.861+0000] {spark_submit.py:492} INFO - "nullable" : true,
[2026-02-12T20:33:31.861+0000] {spark_submit.py:492} INFO - "metadata" : { }
[2026-02-12T20:33:31.861+0000] {spark_submit.py:492} INFO - }, {
[2026-02-12T20:33:31.861+0000] {spark_submit.py:492} INFO - "name" : "tweet_id",
[2026-02-12T20:33:31.861+0000] {spark_submit.py:492} INFO - "type" : "string",
[2026-02-12T20:33:31.861+0000] {spark_submit.py:492} INFO - "nullable" : true,
[2026-02-12T20:33:31.861+0000] {spark_submit.py:492} INFO - "metadata" : { }
[2026-02-12T20:33:31.861+0000] {spark_submit.py:492} INFO - }, {
[2026-02-12T20:33:31.861+0000] {spark_submit.py:492} INFO - "name" : "reply_to_user_id",
[2026-02-12T20:33:31.861+0000] {spark_submit.py:492} INFO - "type" : "string",
[2026-02-12T20:33:31.862+0000] {spark_submit.py:492} INFO - "nullable" : true,
[2026-02-12T20:33:31.862+0000] {spark_submit.py:492} INFO - "metadata" : { }
[2026-02-12T20:33:31.862+0000] {spark_submit.py:492} INFO - }, {
[2026-02-12T20:33:31.862+0000] {spark_submit.py:492} INFO - "name" : "language",
[2026-02-12T20:33:31.862+0000] {spark_submit.py:492} INFO - "type" : "string",
[2026-02-12T20:33:31.862+0000] {spark_submit.py:492} INFO - "nullable" : true,
[2026-02-12T20:33:31.862+0000] {spark_submit.py:492} INFO - "metadata" : { }
[2026-02-12T20:33:31.862+0000] {spark_submit.py:492} INFO - }, {
[2026-02-12T20:33:31.862+0000] {spark_submit.py:492} INFO - "name" : "tweet_text",
[2026-02-12T20:33:31.862+0000] {spark_submit.py:492} INFO - "type" : "string",
[2026-02-12T20:33:31.863+0000] {spark_submit.py:492} INFO - "nullable" : true,
[2026-02-12T20:33:31.863+0000] {spark_submit.py:492} INFO - "metadata" : { }
[2026-02-12T20:33:31.863+0000] {spark_submit.py:492} INFO - }, {
[2026-02-12T20:33:31.863+0000] {spark_submit.py:492} INFO - "name" : "likes",
[2026-02-12T20:33:31.863+0000] {spark_submit.py:492} INFO - "type" : "long",
[2026-02-12T20:33:31.863+0000] {spark_submit.py:492} INFO - "nullable" : true,
[2026-02-12T20:33:31.863+0000] {spark_submit.py:492} INFO - "metadata" : { }
[2026-02-12T20:33:31.863+0000] {spark_submit.py:492} INFO - }, {
[2026-02-12T20:33:31.863+0000] {spark_submit.py:492} INFO - "name" : "quotes",
[2026-02-12T20:33:31.864+0000] {spark_submit.py:492} INFO - "type" : "long",
[2026-02-12T20:33:31.864+0000] {spark_submit.py:492} INFO - "nullable" : true,
[2026-02-12T20:33:31.864+0000] {spark_submit.py:492} INFO - "metadata" : { }
[2026-02-12T20:33:31.864+0000] {spark_submit.py:492} INFO - }, {
[2026-02-12T20:33:31.864+0000] {spark_submit.py:492} INFO - "name" : "replies",
[2026-02-12T20:33:31.864+0000] {spark_submit.py:492} INFO - "type" : "long",
[2026-02-12T20:33:31.864+0000] {spark_submit.py:492} INFO - "nullable" : true,
[2026-02-12T20:33:31.865+0000] {spark_submit.py:492} INFO - "metadata" : { }
[2026-02-12T20:33:31.865+0000] {spark_submit.py:492} INFO - }, {
[2026-02-12T20:33:31.865+0000] {spark_submit.py:492} INFO - "name" : "retweets",
[2026-02-12T20:33:31.865+0000] {spark_submit.py:492} INFO - "type" : "long",
[2026-02-12T20:33:31.865+0000] {spark_submit.py:492} INFO - "nullable" : true,
[2026-02-12T20:33:31.865+0000] {spark_submit.py:492} INFO - "metadata" : { }
[2026-02-12T20:33:31.865+0000] {spark_submit.py:492} INFO - }, {
[2026-02-12T20:33:31.866+0000] {spark_submit.py:492} INFO - "name" : "processing_date",
[2026-02-12T20:33:31.866+0000] {spark_submit.py:492} INFO - "type" : "date",
[2026-02-12T20:33:31.866+0000] {spark_submit.py:492} INFO - "nullable" : false,
[2026-02-12T20:33:31.866+0000] {spark_submit.py:492} INFO - "metadata" : { }
[2026-02-12T20:33:31.866+0000] {spark_submit.py:492} INFO - } ]
[2026-02-12T20:33:31.866+0000] {spark_submit.py:492} INFO - }
[2026-02-12T20:33:31.866+0000] {spark_submit.py:492} INFO - and corresponding Parquet message type:
[2026-02-12T20:33:31.867+0000] {spark_submit.py:492} INFO - message spark_schema {
[2026-02-12T20:33:31.867+0000] {spark_submit.py:492} INFO - optional binary user_id (STRING);
[2026-02-12T20:33:31.867+0000] {spark_submit.py:492} INFO - optional binary thread_id (STRING);
[2026-02-12T20:33:31.867+0000] {spark_submit.py:492} INFO - optional binary created_at (STRING);
[2026-02-12T20:33:31.867+0000] {spark_submit.py:492} INFO - optional group edit_versions_ids (LIST) {
[2026-02-12T20:33:31.867+0000] {spark_submit.py:492} INFO - repeated group list {
[2026-02-12T20:33:31.867+0000] {spark_submit.py:492} INFO - optional int64 element;
[2026-02-12T20:33:31.867+0000] {spark_submit.py:492} INFO - }
[2026-02-12T20:33:31.868+0000] {spark_submit.py:492} INFO - }
[2026-02-12T20:33:31.868+0000] {spark_submit.py:492} INFO - optional binary tweet_id (STRING);
[2026-02-12T20:33:31.868+0000] {spark_submit.py:492} INFO - optional binary reply_to_user_id (STRING);
[2026-02-12T20:33:31.868+0000] {spark_submit.py:492} INFO - optional binary language (STRING);
[2026-02-12T20:33:31.868+0000] {spark_submit.py:492} INFO - optional binary tweet_text (STRING);
[2026-02-12T20:33:31.868+0000] {spark_submit.py:492} INFO - optional int64 likes;
[2026-02-12T20:33:31.868+0000] {spark_submit.py:492} INFO - optional int64 quotes;
[2026-02-12T20:33:31.868+0000] {spark_submit.py:492} INFO - optional int64 replies;
[2026-02-12T20:33:31.868+0000] {spark_submit.py:492} INFO - optional int64 retweets;
[2026-02-12T20:33:31.868+0000] {spark_submit.py:492} INFO - required int32 processing_date (DATE);
[2026-02-12T20:33:31.868+0000] {spark_submit.py:492} INFO - }
[2026-02-12T20:33:31.868+0000] {spark_submit.py:492} INFO - 
[2026-02-12T20:33:31.869+0000] {spark_submit.py:492} INFO - 
[2026-02-12T20:33:31.886+0000] {spark_submit.py:492} INFO - 26/02/12 20:33:31 INFO CodecConfig: Compression: SNAPPY
[2026-02-12T20:33:31.886+0000] {spark_submit.py:492} INFO - 26/02/12 20:33:31 INFO CodecConfig: Compression: SNAPPY
[2026-02-12T20:33:31.887+0000] {spark_submit.py:492} INFO - 26/02/12 20:33:31 INFO ParquetOutputFormat: ParquetRecordWriter [block size: 134217728b, row group padding size: 8388608b, validating: false]
[2026-02-12T20:33:31.889+0000] {spark_submit.py:492} INFO - 26/02/12 20:33:31 INFO ParquetWriteSupport: Initialized Parquet WriteSupport with Catalyst schema:
[2026-02-12T20:33:31.889+0000] {spark_submit.py:492} INFO - {
[2026-02-12T20:33:31.889+0000] {spark_submit.py:492} INFO - "type" : "struct",
[2026-02-12T20:33:31.889+0000] {spark_submit.py:492} INFO - "fields" : [ {
[2026-02-12T20:33:31.889+0000] {spark_submit.py:492} INFO - "name" : "user_id",
[2026-02-12T20:33:31.890+0000] {spark_submit.py:492} INFO - "type" : "string",
[2026-02-12T20:33:31.890+0000] {spark_submit.py:492} INFO - "nullable" : true,
[2026-02-12T20:33:31.890+0000] {spark_submit.py:492} INFO - "metadata" : { }
[2026-02-12T20:33:31.890+0000] {spark_submit.py:492} INFO - }, {
[2026-02-12T20:33:31.890+0000] {spark_submit.py:492} INFO - "name" : "thread_id",
[2026-02-12T20:33:31.890+0000] {spark_submit.py:492} INFO - "type" : "string",
[2026-02-12T20:33:31.890+0000] {spark_submit.py:492} INFO - "nullable" : true,
[2026-02-12T20:33:31.891+0000] {spark_submit.py:492} INFO - "metadata" : { }
[2026-02-12T20:33:31.891+0000] {spark_submit.py:492} INFO - }, {
[2026-02-12T20:33:31.891+0000] {spark_submit.py:492} INFO - "name" : "created_at",
[2026-02-12T20:33:31.891+0000] {spark_submit.py:492} INFO - "type" : "string",
[2026-02-12T20:33:31.891+0000] {spark_submit.py:492} INFO - "nullable" : true,
[2026-02-12T20:33:31.892+0000] {spark_submit.py:492} INFO - "metadata" : { }
[2026-02-12T20:33:31.892+0000] {spark_submit.py:492} INFO - }, {
[2026-02-12T20:33:31.893+0000] {spark_submit.py:492} INFO - "name" : "edit_versions_ids",
[2026-02-12T20:33:31.893+0000] {spark_submit.py:492} INFO - "type" : {
[2026-02-12T20:33:31.893+0000] {spark_submit.py:492} INFO - "type" : "array",
[2026-02-12T20:33:31.893+0000] {spark_submit.py:492} INFO - "elementType" : "long",
[2026-02-12T20:33:31.893+0000] {spark_submit.py:492} INFO - "containsNull" : true
[2026-02-12T20:33:31.893+0000] {spark_submit.py:492} INFO - },
[2026-02-12T20:33:31.893+0000] {spark_submit.py:492} INFO - "nullable" : true,
[2026-02-12T20:33:31.893+0000] {spark_submit.py:492} INFO - "metadata" : { }
[2026-02-12T20:33:31.893+0000] {spark_submit.py:492} INFO - }, {
[2026-02-12T20:33:31.893+0000] {spark_submit.py:492} INFO - "name" : "tweet_id",
[2026-02-12T20:33:31.894+0000] {spark_submit.py:492} INFO - "type" : "string",
[2026-02-12T20:33:31.894+0000] {spark_submit.py:492} INFO - "nullable" : true,
[2026-02-12T20:33:31.894+0000] {spark_submit.py:492} INFO - "metadata" : { }
[2026-02-12T20:33:31.894+0000] {spark_submit.py:492} INFO - }, {
[2026-02-12T20:33:31.894+0000] {spark_submit.py:492} INFO - "name" : "reply_to_user_id",
[2026-02-12T20:33:31.894+0000] {spark_submit.py:492} INFO - "type" : "string",
[2026-02-12T20:33:31.894+0000] {spark_submit.py:492} INFO - "nullable" : true,
[2026-02-12T20:33:31.894+0000] {spark_submit.py:492} INFO - "metadata" : { }
[2026-02-12T20:33:31.894+0000] {spark_submit.py:492} INFO - }, {
[2026-02-12T20:33:31.894+0000] {spark_submit.py:492} INFO - "name" : "language",
[2026-02-12T20:33:31.895+0000] {spark_submit.py:492} INFO - "type" : "string",
[2026-02-12T20:33:31.895+0000] {spark_submit.py:492} INFO - "nullable" : true,
[2026-02-12T20:33:31.895+0000] {spark_submit.py:492} INFO - "metadata" : { }
[2026-02-12T20:33:31.895+0000] {spark_submit.py:492} INFO - }, {
[2026-02-12T20:33:31.895+0000] {spark_submit.py:492} INFO - "name" : "tweet_text",
[2026-02-12T20:33:31.895+0000] {spark_submit.py:492} INFO - "type" : "string",
[2026-02-12T20:33:31.895+0000] {spark_submit.py:492} INFO - "nullable" : true,
[2026-02-12T20:33:31.896+0000] {spark_submit.py:492} INFO - "metadata" : { }
[2026-02-12T20:33:31.896+0000] {spark_submit.py:492} INFO - }, {
[2026-02-12T20:33:31.896+0000] {spark_submit.py:492} INFO - "name" : "likes",
[2026-02-12T20:33:31.896+0000] {spark_submit.py:492} INFO - "type" : "long",
[2026-02-12T20:33:31.896+0000] {spark_submit.py:492} INFO - "nullable" : true,
[2026-02-12T20:33:31.897+0000] {spark_submit.py:492} INFO - "metadata" : { }
[2026-02-12T20:33:31.897+0000] {spark_submit.py:492} INFO - }, {
[2026-02-12T20:33:31.897+0000] {spark_submit.py:492} INFO - "name" : "quotes",
[2026-02-12T20:33:31.897+0000] {spark_submit.py:492} INFO - "type" : "long",
[2026-02-12T20:33:31.897+0000] {spark_submit.py:492} INFO - "nullable" : true,
[2026-02-12T20:33:31.898+0000] {spark_submit.py:492} INFO - "metadata" : { }
[2026-02-12T20:33:31.898+0000] {spark_submit.py:492} INFO - }, {
[2026-02-12T20:33:31.898+0000] {spark_submit.py:492} INFO - "name" : "replies",
[2026-02-12T20:33:31.898+0000] {spark_submit.py:492} INFO - "type" : "long",
[2026-02-12T20:33:31.898+0000] {spark_submit.py:492} INFO - "nullable" : true,
[2026-02-12T20:33:31.898+0000] {spark_submit.py:492} INFO - "metadata" : { }
[2026-02-12T20:33:31.898+0000] {spark_submit.py:492} INFO - }, {
[2026-02-12T20:33:31.899+0000] {spark_submit.py:492} INFO - "name" : "retweets",
[2026-02-12T20:33:31.899+0000] {spark_submit.py:492} INFO - "type" : "long",
[2026-02-12T20:33:31.899+0000] {spark_submit.py:492} INFO - "nullable" : true,
[2026-02-12T20:33:31.899+0000] {spark_submit.py:492} INFO - "metadata" : { }
[2026-02-12T20:33:31.899+0000] {spark_submit.py:492} INFO - }, {
[2026-02-12T20:33:31.899+0000] {spark_submit.py:492} INFO - "name" : "processing_date",
[2026-02-12T20:33:31.899+0000] {spark_submit.py:492} INFO - "type" : "date",
[2026-02-12T20:33:31.899+0000] {spark_submit.py:492} INFO - "nullable" : false,
[2026-02-12T20:33:31.899+0000] {spark_submit.py:492} INFO - "metadata" : { }
[2026-02-12T20:33:31.899+0000] {spark_submit.py:492} INFO - } ]
[2026-02-12T20:33:31.899+0000] {spark_submit.py:492} INFO - }
[2026-02-12T20:33:31.899+0000] {spark_submit.py:492} INFO - and corresponding Parquet message type:
[2026-02-12T20:33:31.900+0000] {spark_submit.py:492} INFO - message spark_schema {
[2026-02-12T20:33:31.900+0000] {spark_submit.py:492} INFO - optional binary user_id (STRING);
[2026-02-12T20:33:31.900+0000] {spark_submit.py:492} INFO - optional binary thread_id (STRING);
[2026-02-12T20:33:31.900+0000] {spark_submit.py:492} INFO - optional binary created_at (STRING);
[2026-02-12T20:33:31.900+0000] {spark_submit.py:492} INFO - optional group edit_versions_ids (LIST) {
[2026-02-12T20:33:31.900+0000] {spark_submit.py:492} INFO - repeated group list {
[2026-02-12T20:33:31.900+0000] {spark_submit.py:492} INFO - optional int64 element;
[2026-02-12T20:33:31.900+0000] {spark_submit.py:492} INFO - }
[2026-02-12T20:33:31.900+0000] {spark_submit.py:492} INFO - }
[2026-02-12T20:33:31.900+0000] {spark_submit.py:492} INFO - optional binary tweet_id (STRING);
[2026-02-12T20:33:31.900+0000] {spark_submit.py:492} INFO - optional binary reply_to_user_id (STRING);
[2026-02-12T20:33:31.901+0000] {spark_submit.py:492} INFO - optional binary language (STRING);
[2026-02-12T20:33:31.901+0000] {spark_submit.py:492} INFO - optional binary tweet_text (STRING);
[2026-02-12T20:33:31.901+0000] {spark_submit.py:492} INFO - optional int64 likes;
[2026-02-12T20:33:31.901+0000] {spark_submit.py:492} INFO - optional int64 quotes;
[2026-02-12T20:33:31.901+0000] {spark_submit.py:492} INFO - optional int64 replies;
[2026-02-12T20:33:31.901+0000] {spark_submit.py:492} INFO - optional int64 retweets;
[2026-02-12T20:33:31.901+0000] {spark_submit.py:492} INFO - required int32 processing_date (DATE);
[2026-02-12T20:33:31.901+0000] {spark_submit.py:492} INFO - }
[2026-02-12T20:33:31.901+0000] {spark_submit.py:492} INFO - 
[2026-02-12T20:33:31.901+0000] {spark_submit.py:492} INFO - 
[2026-02-12T20:33:31.915+0000] {spark_submit.py:492} INFO - 26/02/12 20:33:31 INFO CodecConfig: Compression: SNAPPY
[2026-02-12T20:33:31.916+0000] {spark_submit.py:492} INFO - 26/02/12 20:33:31 INFO CodecConfig: Compression: SNAPPY
[2026-02-12T20:33:31.917+0000] {spark_submit.py:492} INFO - 26/02/12 20:33:31 INFO ParquetOutputFormat: ParquetRecordWriter [block size: 134217728b, row group padding size: 8388608b, validating: false]
[2026-02-12T20:33:31.918+0000] {spark_submit.py:492} INFO - 26/02/12 20:33:31 INFO ParquetWriteSupport: Initialized Parquet WriteSupport with Catalyst schema:
[2026-02-12T20:33:31.919+0000] {spark_submit.py:492} INFO - {
[2026-02-12T20:33:31.919+0000] {spark_submit.py:492} INFO - "type" : "struct",
[2026-02-12T20:33:31.919+0000] {spark_submit.py:492} INFO - "fields" : [ {
[2026-02-12T20:33:31.919+0000] {spark_submit.py:492} INFO - "name" : "user_id",
[2026-02-12T20:33:31.919+0000] {spark_submit.py:492} INFO - "type" : "string",
[2026-02-12T20:33:31.919+0000] {spark_submit.py:492} INFO - "nullable" : true,
[2026-02-12T20:33:31.919+0000] {spark_submit.py:492} INFO - "metadata" : { }
[2026-02-12T20:33:31.919+0000] {spark_submit.py:492} INFO - }, {
[2026-02-12T20:33:31.919+0000] {spark_submit.py:492} INFO - "name" : "thread_id",
[2026-02-12T20:33:31.919+0000] {spark_submit.py:492} INFO - "type" : "string",
[2026-02-12T20:33:31.920+0000] {spark_submit.py:492} INFO - "nullable" : true,
[2026-02-12T20:33:31.920+0000] {spark_submit.py:492} INFO - "metadata" : { }
[2026-02-12T20:33:31.920+0000] {spark_submit.py:492} INFO - }, {
[2026-02-12T20:33:31.920+0000] {spark_submit.py:492} INFO - "name" : "created_at",
[2026-02-12T20:33:31.920+0000] {spark_submit.py:492} INFO - "type" : "string",
[2026-02-12T20:33:31.920+0000] {spark_submit.py:492} INFO - "nullable" : true,
[2026-02-12T20:33:31.920+0000] {spark_submit.py:492} INFO - "metadata" : { }
[2026-02-12T20:33:31.920+0000] {spark_submit.py:492} INFO - }, {
[2026-02-12T20:33:31.920+0000] {spark_submit.py:492} INFO - "name" : "edit_versions_ids",
[2026-02-12T20:33:31.920+0000] {spark_submit.py:492} INFO - "type" : {
[2026-02-12T20:33:31.920+0000] {spark_submit.py:492} INFO - "type" : "array",
[2026-02-12T20:33:31.920+0000] {spark_submit.py:492} INFO - "elementType" : "long",
[2026-02-12T20:33:31.921+0000] {spark_submit.py:492} INFO - "containsNull" : true
[2026-02-12T20:33:31.921+0000] {spark_submit.py:492} INFO - },
[2026-02-12T20:33:31.921+0000] {spark_submit.py:492} INFO - "nullable" : true,
[2026-02-12T20:33:31.921+0000] {spark_submit.py:492} INFO - "metadata" : { }
[2026-02-12T20:33:31.921+0000] {spark_submit.py:492} INFO - }, {
[2026-02-12T20:33:31.921+0000] {spark_submit.py:492} INFO - "name" : "tweet_id",
[2026-02-12T20:33:31.921+0000] {spark_submit.py:492} INFO - "type" : "string",
[2026-02-12T20:33:31.921+0000] {spark_submit.py:492} INFO - "nullable" : true,
[2026-02-12T20:33:31.921+0000] {spark_submit.py:492} INFO - "metadata" : { }
[2026-02-12T20:33:31.921+0000] {spark_submit.py:492} INFO - }, {
[2026-02-12T20:33:31.922+0000] {spark_submit.py:492} INFO - "name" : "reply_to_user_id",
[2026-02-12T20:33:31.922+0000] {spark_submit.py:492} INFO - "type" : "string",
[2026-02-12T20:33:31.922+0000] {spark_submit.py:492} INFO - "nullable" : true,
[2026-02-12T20:33:31.922+0000] {spark_submit.py:492} INFO - "metadata" : { }
[2026-02-12T20:33:31.922+0000] {spark_submit.py:492} INFO - }, {
[2026-02-12T20:33:31.922+0000] {spark_submit.py:492} INFO - "name" : "language",
[2026-02-12T20:33:31.922+0000] {spark_submit.py:492} INFO - "type" : "string",
[2026-02-12T20:33:31.922+0000] {spark_submit.py:492} INFO - "nullable" : true,
[2026-02-12T20:33:31.922+0000] {spark_submit.py:492} INFO - "metadata" : { }
[2026-02-12T20:33:31.922+0000] {spark_submit.py:492} INFO - }, {
[2026-02-12T20:33:31.923+0000] {spark_submit.py:492} INFO - "name" : "tweet_text",
[2026-02-12T20:33:31.923+0000] {spark_submit.py:492} INFO - "type" : "string",
[2026-02-12T20:33:31.923+0000] {spark_submit.py:492} INFO - "nullable" : true,
[2026-02-12T20:33:31.923+0000] {spark_submit.py:492} INFO - "metadata" : { }
[2026-02-12T20:33:31.923+0000] {spark_submit.py:492} INFO - }, {
[2026-02-12T20:33:31.923+0000] {spark_submit.py:492} INFO - "name" : "likes",
[2026-02-12T20:33:31.923+0000] {spark_submit.py:492} INFO - "type" : "long",
[2026-02-12T20:33:31.923+0000] {spark_submit.py:492} INFO - "nullable" : true,
[2026-02-12T20:33:31.923+0000] {spark_submit.py:492} INFO - "metadata" : { }
[2026-02-12T20:33:31.923+0000] {spark_submit.py:492} INFO - }, {
[2026-02-12T20:33:31.923+0000] {spark_submit.py:492} INFO - "name" : "quotes",
[2026-02-12T20:33:31.923+0000] {spark_submit.py:492} INFO - "type" : "long",
[2026-02-12T20:33:31.924+0000] {spark_submit.py:492} INFO - "nullable" : true,
[2026-02-12T20:33:31.924+0000] {spark_submit.py:492} INFO - "metadata" : { }
[2026-02-12T20:33:31.924+0000] {spark_submit.py:492} INFO - }, {
[2026-02-12T20:33:31.924+0000] {spark_submit.py:492} INFO - "name" : "replies",
[2026-02-12T20:33:31.924+0000] {spark_submit.py:492} INFO - "type" : "long",
[2026-02-12T20:33:31.924+0000] {spark_submit.py:492} INFO - "nullable" : true,
[2026-02-12T20:33:31.924+0000] {spark_submit.py:492} INFO - "metadata" : { }
[2026-02-12T20:33:31.924+0000] {spark_submit.py:492} INFO - }, {
[2026-02-12T20:33:31.924+0000] {spark_submit.py:492} INFO - "name" : "retweets",
[2026-02-12T20:33:31.925+0000] {spark_submit.py:492} INFO - "type" : "long",
[2026-02-12T20:33:31.925+0000] {spark_submit.py:492} INFO - "nullable" : true,
[2026-02-12T20:33:31.925+0000] {spark_submit.py:492} INFO - "metadata" : { }
[2026-02-12T20:33:31.925+0000] {spark_submit.py:492} INFO - }, {
[2026-02-12T20:33:31.925+0000] {spark_submit.py:492} INFO - "name" : "processing_date",
[2026-02-12T20:33:31.925+0000] {spark_submit.py:492} INFO - "type" : "date",
[2026-02-12T20:33:31.925+0000] {spark_submit.py:492} INFO - "nullable" : false,
[2026-02-12T20:33:31.925+0000] {spark_submit.py:492} INFO - "metadata" : { }
[2026-02-12T20:33:31.925+0000] {spark_submit.py:492} INFO - } ]
[2026-02-12T20:33:31.925+0000] {spark_submit.py:492} INFO - }
[2026-02-12T20:33:31.925+0000] {spark_submit.py:492} INFO - and corresponding Parquet message type:
[2026-02-12T20:33:31.925+0000] {spark_submit.py:492} INFO - message spark_schema {
[2026-02-12T20:33:31.925+0000] {spark_submit.py:492} INFO - optional binary user_id (STRING);
[2026-02-12T20:33:31.926+0000] {spark_submit.py:492} INFO - optional binary thread_id (STRING);
[2026-02-12T20:33:31.926+0000] {spark_submit.py:492} INFO - optional binary created_at (STRING);
[2026-02-12T20:33:31.926+0000] {spark_submit.py:492} INFO - optional group edit_versions_ids (LIST) {
[2026-02-12T20:33:31.926+0000] {spark_submit.py:492} INFO - repeated group list {
[2026-02-12T20:33:31.926+0000] {spark_submit.py:492} INFO - optional int64 element;
[2026-02-12T20:33:31.926+0000] {spark_submit.py:492} INFO - }
[2026-02-12T20:33:31.926+0000] {spark_submit.py:492} INFO - }
[2026-02-12T20:33:31.926+0000] {spark_submit.py:492} INFO - optional binary tweet_id (STRING);
[2026-02-12T20:33:31.926+0000] {spark_submit.py:492} INFO - optional binary reply_to_user_id (STRING);
[2026-02-12T20:33:31.926+0000] {spark_submit.py:492} INFO - optional binary language (STRING);
[2026-02-12T20:33:31.926+0000] {spark_submit.py:492} INFO - optional binary tweet_text (STRING);
[2026-02-12T20:33:31.926+0000] {spark_submit.py:492} INFO - optional int64 likes;
[2026-02-12T20:33:31.926+0000] {spark_submit.py:492} INFO - optional int64 quotes;
[2026-02-12T20:33:31.927+0000] {spark_submit.py:492} INFO - optional int64 replies;
[2026-02-12T20:33:31.927+0000] {spark_submit.py:492} INFO - optional int64 retweets;
[2026-02-12T20:33:31.927+0000] {spark_submit.py:492} INFO - required int32 processing_date (DATE);
[2026-02-12T20:33:31.927+0000] {spark_submit.py:492} INFO - }
[2026-02-12T20:33:31.927+0000] {spark_submit.py:492} INFO - 
[2026-02-12T20:33:31.927+0000] {spark_submit.py:492} INFO - 
[2026-02-12T20:33:31.945+0000] {spark_submit.py:492} INFO - 26/02/12 20:33:31 INFO CodecConfig: Compression: SNAPPY
[2026-02-12T20:33:31.945+0000] {spark_submit.py:492} INFO - 26/02/12 20:33:31 INFO CodecConfig: Compression: SNAPPY
[2026-02-12T20:33:31.946+0000] {spark_submit.py:492} INFO - 26/02/12 20:33:31 INFO ParquetOutputFormat: ParquetRecordWriter [block size: 134217728b, row group padding size: 8388608b, validating: false]
[2026-02-12T20:33:31.948+0000] {spark_submit.py:492} INFO - 26/02/12 20:33:31 INFO ParquetWriteSupport: Initialized Parquet WriteSupport with Catalyst schema:
[2026-02-12T20:33:31.948+0000] {spark_submit.py:492} INFO - {
[2026-02-12T20:33:31.948+0000] {spark_submit.py:492} INFO - "type" : "struct",
[2026-02-12T20:33:31.948+0000] {spark_submit.py:492} INFO - "fields" : [ {
[2026-02-12T20:33:31.948+0000] {spark_submit.py:492} INFO - "name" : "user_id",
[2026-02-12T20:33:31.948+0000] {spark_submit.py:492} INFO - "type" : "string",
[2026-02-12T20:33:31.949+0000] {spark_submit.py:492} INFO - "nullable" : true,
[2026-02-12T20:33:31.949+0000] {spark_submit.py:492} INFO - "metadata" : { }
[2026-02-12T20:33:31.949+0000] {spark_submit.py:492} INFO - }, {
[2026-02-12T20:33:31.949+0000] {spark_submit.py:492} INFO - "name" : "thread_id",
[2026-02-12T20:33:31.949+0000] {spark_submit.py:492} INFO - "type" : "string",
[2026-02-12T20:33:31.949+0000] {spark_submit.py:492} INFO - "nullable" : true,
[2026-02-12T20:33:31.949+0000] {spark_submit.py:492} INFO - "metadata" : { }
[2026-02-12T20:33:31.949+0000] {spark_submit.py:492} INFO - }, {
[2026-02-12T20:33:31.949+0000] {spark_submit.py:492} INFO - "name" : "created_at",
[2026-02-12T20:33:31.949+0000] {spark_submit.py:492} INFO - "type" : "string",
[2026-02-12T20:33:31.949+0000] {spark_submit.py:492} INFO - "nullable" : true,
[2026-02-12T20:33:31.950+0000] {spark_submit.py:492} INFO - "metadata" : { }
[2026-02-12T20:33:31.950+0000] {spark_submit.py:492} INFO - }, {
[2026-02-12T20:33:31.950+0000] {spark_submit.py:492} INFO - "name" : "edit_versions_ids",
[2026-02-12T20:33:31.950+0000] {spark_submit.py:492} INFO - "type" : {
[2026-02-12T20:33:31.950+0000] {spark_submit.py:492} INFO - "type" : "array",
[2026-02-12T20:33:31.950+0000] {spark_submit.py:492} INFO - "elementType" : "long",
[2026-02-12T20:33:31.950+0000] {spark_submit.py:492} INFO - "containsNull" : true
[2026-02-12T20:33:31.950+0000] {spark_submit.py:492} INFO - },
[2026-02-12T20:33:31.950+0000] {spark_submit.py:492} INFO - "nullable" : true,
[2026-02-12T20:33:31.950+0000] {spark_submit.py:492} INFO - "metadata" : { }
[2026-02-12T20:33:31.950+0000] {spark_submit.py:492} INFO - }, {
[2026-02-12T20:33:31.950+0000] {spark_submit.py:492} INFO - "name" : "tweet_id",
[2026-02-12T20:33:31.950+0000] {spark_submit.py:492} INFO - "type" : "string",
[2026-02-12T20:33:31.951+0000] {spark_submit.py:492} INFO - "nullable" : true,
[2026-02-12T20:33:31.951+0000] {spark_submit.py:492} INFO - "metadata" : { }
[2026-02-12T20:33:31.951+0000] {spark_submit.py:492} INFO - }, {
[2026-02-12T20:33:31.951+0000] {spark_submit.py:492} INFO - "name" : "reply_to_user_id",
[2026-02-12T20:33:31.951+0000] {spark_submit.py:492} INFO - "type" : "string",
[2026-02-12T20:33:31.951+0000] {spark_submit.py:492} INFO - "nullable" : true,
[2026-02-12T20:33:31.951+0000] {spark_submit.py:492} INFO - "metadata" : { }
[2026-02-12T20:33:31.951+0000] {spark_submit.py:492} INFO - }, {
[2026-02-12T20:33:31.951+0000] {spark_submit.py:492} INFO - "name" : "language",
[2026-02-12T20:33:31.951+0000] {spark_submit.py:492} INFO - "type" : "string",
[2026-02-12T20:33:31.951+0000] {spark_submit.py:492} INFO - "nullable" : true,
[2026-02-12T20:33:31.951+0000] {spark_submit.py:492} INFO - "metadata" : { }
[2026-02-12T20:33:31.951+0000] {spark_submit.py:492} INFO - }, {
[2026-02-12T20:33:31.952+0000] {spark_submit.py:492} INFO - "name" : "tweet_text",
[2026-02-12T20:33:31.952+0000] {spark_submit.py:492} INFO - "type" : "string",
[2026-02-12T20:33:31.952+0000] {spark_submit.py:492} INFO - "nullable" : true,
[2026-02-12T20:33:31.952+0000] {spark_submit.py:492} INFO - "metadata" : { }
[2026-02-12T20:33:31.952+0000] {spark_submit.py:492} INFO - }, {
[2026-02-12T20:33:31.952+0000] {spark_submit.py:492} INFO - "name" : "likes",
[2026-02-12T20:33:31.952+0000] {spark_submit.py:492} INFO - "type" : "long",
[2026-02-12T20:33:31.952+0000] {spark_submit.py:492} INFO - "nullable" : true,
[2026-02-12T20:33:31.952+0000] {spark_submit.py:492} INFO - "metadata" : { }
[2026-02-12T20:33:31.952+0000] {spark_submit.py:492} INFO - }, {
[2026-02-12T20:33:31.953+0000] {spark_submit.py:492} INFO - "name" : "quotes",
[2026-02-12T20:33:31.953+0000] {spark_submit.py:492} INFO - "type" : "long",
[2026-02-12T20:33:31.953+0000] {spark_submit.py:492} INFO - "nullable" : true,
[2026-02-12T20:33:31.953+0000] {spark_submit.py:492} INFO - "metadata" : { }
[2026-02-12T20:33:31.953+0000] {spark_submit.py:492} INFO - }, {
[2026-02-12T20:33:31.953+0000] {spark_submit.py:492} INFO - "name" : "replies",
[2026-02-12T20:33:31.953+0000] {spark_submit.py:492} INFO - "type" : "long",
[2026-02-12T20:33:31.953+0000] {spark_submit.py:492} INFO - "nullable" : true,
[2026-02-12T20:33:31.954+0000] {spark_submit.py:492} INFO - "metadata" : { }
[2026-02-12T20:33:31.954+0000] {spark_submit.py:492} INFO - }, {
[2026-02-12T20:33:31.954+0000] {spark_submit.py:492} INFO - "name" : "retweets",
[2026-02-12T20:33:31.954+0000] {spark_submit.py:492} INFO - "type" : "long",
[2026-02-12T20:33:31.954+0000] {spark_submit.py:492} INFO - "nullable" : true,
[2026-02-12T20:33:31.954+0000] {spark_submit.py:492} INFO - "metadata" : { }
[2026-02-12T20:33:31.954+0000] {spark_submit.py:492} INFO - }, {
[2026-02-12T20:33:31.955+0000] {spark_submit.py:492} INFO - "name" : "processing_date",
[2026-02-12T20:33:31.955+0000] {spark_submit.py:492} INFO - "type" : "date",
[2026-02-12T20:33:31.955+0000] {spark_submit.py:492} INFO - "nullable" : false,
[2026-02-12T20:33:31.955+0000] {spark_submit.py:492} INFO - "metadata" : { }
[2026-02-12T20:33:31.955+0000] {spark_submit.py:492} INFO - } ]
[2026-02-12T20:33:31.955+0000] {spark_submit.py:492} INFO - }
[2026-02-12T20:33:31.956+0000] {spark_submit.py:492} INFO - and corresponding Parquet message type:
[2026-02-12T20:33:31.956+0000] {spark_submit.py:492} INFO - message spark_schema {
[2026-02-12T20:33:31.956+0000] {spark_submit.py:492} INFO - optional binary user_id (STRING);
[2026-02-12T20:33:31.956+0000] {spark_submit.py:492} INFO - optional binary thread_id (STRING);
[2026-02-12T20:33:31.956+0000] {spark_submit.py:492} INFO - optional binary created_at (STRING);
[2026-02-12T20:33:31.956+0000] {spark_submit.py:492} INFO - optional group edit_versions_ids (LIST) {
[2026-02-12T20:33:31.957+0000] {spark_submit.py:492} INFO - repeated group list {
[2026-02-12T20:33:31.957+0000] {spark_submit.py:492} INFO - optional int64 element;
[2026-02-12T20:33:31.957+0000] {spark_submit.py:492} INFO - }
[2026-02-12T20:33:31.957+0000] {spark_submit.py:492} INFO - }
[2026-02-12T20:33:31.957+0000] {spark_submit.py:492} INFO - optional binary tweet_id (STRING);
[2026-02-12T20:33:31.957+0000] {spark_submit.py:492} INFO - optional binary reply_to_user_id (STRING);
[2026-02-12T20:33:31.957+0000] {spark_submit.py:492} INFO - optional binary language (STRING);
[2026-02-12T20:33:31.958+0000] {spark_submit.py:492} INFO - optional binary tweet_text (STRING);
[2026-02-12T20:33:31.958+0000] {spark_submit.py:492} INFO - optional int64 likes;
[2026-02-12T20:33:31.958+0000] {spark_submit.py:492} INFO - optional int64 quotes;
[2026-02-12T20:33:31.958+0000] {spark_submit.py:492} INFO - optional int64 replies;
[2026-02-12T20:33:31.958+0000] {spark_submit.py:492} INFO - optional int64 retweets;
[2026-02-12T20:33:31.958+0000] {spark_submit.py:492} INFO - required int32 processing_date (DATE);
[2026-02-12T20:33:31.959+0000] {spark_submit.py:492} INFO - }
[2026-02-12T20:33:31.959+0000] {spark_submit.py:492} INFO - 
[2026-02-12T20:33:31.959+0000] {spark_submit.py:492} INFO - 
[2026-02-12T20:33:31.974+0000] {spark_submit.py:492} INFO - 26/02/12 20:33:31 INFO CodecConfig: Compression: SNAPPY
[2026-02-12T20:33:31.974+0000] {spark_submit.py:492} INFO - 26/02/12 20:33:31 INFO CodecConfig: Compression: SNAPPY
[2026-02-12T20:33:31.975+0000] {spark_submit.py:492} INFO - 26/02/12 20:33:31 INFO ParquetOutputFormat: ParquetRecordWriter [block size: 134217728b, row group padding size: 8388608b, validating: false]
[2026-02-12T20:33:31.976+0000] {spark_submit.py:492} INFO - 26/02/12 20:33:31 INFO ParquetWriteSupport: Initialized Parquet WriteSupport with Catalyst schema:
[2026-02-12T20:33:31.976+0000] {spark_submit.py:492} INFO - {
[2026-02-12T20:33:31.976+0000] {spark_submit.py:492} INFO - "type" : "struct",
[2026-02-12T20:33:31.977+0000] {spark_submit.py:492} INFO - "fields" : [ {
[2026-02-12T20:33:31.977+0000] {spark_submit.py:492} INFO - "name" : "user_id",
[2026-02-12T20:33:31.977+0000] {spark_submit.py:492} INFO - "type" : "string",
[2026-02-12T20:33:31.977+0000] {spark_submit.py:492} INFO - "nullable" : true,
[2026-02-12T20:33:31.977+0000] {spark_submit.py:492} INFO - "metadata" : { }
[2026-02-12T20:33:31.977+0000] {spark_submit.py:492} INFO - }, {
[2026-02-12T20:33:31.977+0000] {spark_submit.py:492} INFO - "name" : "thread_id",
[2026-02-12T20:33:31.977+0000] {spark_submit.py:492} INFO - "type" : "string",
[2026-02-12T20:33:31.977+0000] {spark_submit.py:492} INFO - "nullable" : true,
[2026-02-12T20:33:31.977+0000] {spark_submit.py:492} INFO - "metadata" : { }
[2026-02-12T20:33:31.977+0000] {spark_submit.py:492} INFO - }, {
[2026-02-12T20:33:31.977+0000] {spark_submit.py:492} INFO - "name" : "created_at",
[2026-02-12T20:33:31.977+0000] {spark_submit.py:492} INFO - "type" : "string",
[2026-02-12T20:33:31.978+0000] {spark_submit.py:492} INFO - "nullable" : true,
[2026-02-12T20:33:31.978+0000] {spark_submit.py:492} INFO - "metadata" : { }
[2026-02-12T20:33:31.978+0000] {spark_submit.py:492} INFO - }, {
[2026-02-12T20:33:31.978+0000] {spark_submit.py:492} INFO - "name" : "edit_versions_ids",
[2026-02-12T20:33:31.978+0000] {spark_submit.py:492} INFO - "type" : {
[2026-02-12T20:33:31.978+0000] {spark_submit.py:492} INFO - "type" : "array",
[2026-02-12T20:33:31.978+0000] {spark_submit.py:492} INFO - "elementType" : "long",
[2026-02-12T20:33:31.978+0000] {spark_submit.py:492} INFO - "containsNull" : true
[2026-02-12T20:33:31.978+0000] {spark_submit.py:492} INFO - },
[2026-02-12T20:33:31.978+0000] {spark_submit.py:492} INFO - "nullable" : true,
[2026-02-12T20:33:31.979+0000] {spark_submit.py:492} INFO - "metadata" : { }
[2026-02-12T20:33:31.979+0000] {spark_submit.py:492} INFO - }, {
[2026-02-12T20:33:31.979+0000] {spark_submit.py:492} INFO - "name" : "tweet_id",
[2026-02-12T20:33:31.979+0000] {spark_submit.py:492} INFO - "type" : "string",
[2026-02-12T20:33:31.979+0000] {spark_submit.py:492} INFO - "nullable" : true,
[2026-02-12T20:33:31.979+0000] {spark_submit.py:492} INFO - "metadata" : { }
[2026-02-12T20:33:31.979+0000] {spark_submit.py:492} INFO - }, {
[2026-02-12T20:33:31.979+0000] {spark_submit.py:492} INFO - "name" : "reply_to_user_id",
[2026-02-12T20:33:31.980+0000] {spark_submit.py:492} INFO - "type" : "string",
[2026-02-12T20:33:31.980+0000] {spark_submit.py:492} INFO - "nullable" : true,
[2026-02-12T20:33:31.980+0000] {spark_submit.py:492} INFO - "metadata" : { }
[2026-02-12T20:33:31.980+0000] {spark_submit.py:492} INFO - }, {
[2026-02-12T20:33:31.980+0000] {spark_submit.py:492} INFO - "name" : "language",
[2026-02-12T20:33:31.980+0000] {spark_submit.py:492} INFO - "type" : "string",
[2026-02-12T20:33:31.980+0000] {spark_submit.py:492} INFO - "nullable" : true,
[2026-02-12T20:33:31.980+0000] {spark_submit.py:492} INFO - "metadata" : { }
[2026-02-12T20:33:31.980+0000] {spark_submit.py:492} INFO - }, {
[2026-02-12T20:33:31.981+0000] {spark_submit.py:492} INFO - "name" : "tweet_text",
[2026-02-12T20:33:31.981+0000] {spark_submit.py:492} INFO - "type" : "string",
[2026-02-12T20:33:31.981+0000] {spark_submit.py:492} INFO - "nullable" : true,
[2026-02-12T20:33:31.981+0000] {spark_submit.py:492} INFO - "metadata" : { }
[2026-02-12T20:33:31.981+0000] {spark_submit.py:492} INFO - }, {
[2026-02-12T20:33:31.981+0000] {spark_submit.py:492} INFO - "name" : "likes",
[2026-02-12T20:33:31.982+0000] {spark_submit.py:492} INFO - "type" : "long",
[2026-02-12T20:33:31.982+0000] {spark_submit.py:492} INFO - "nullable" : true,
[2026-02-12T20:33:31.982+0000] {spark_submit.py:492} INFO - "metadata" : { }
[2026-02-12T20:33:31.982+0000] {spark_submit.py:492} INFO - }, {
[2026-02-12T20:33:31.982+0000] {spark_submit.py:492} INFO - "name" : "quotes",
[2026-02-12T20:33:31.982+0000] {spark_submit.py:492} INFO - "type" : "long",
[2026-02-12T20:33:31.982+0000] {spark_submit.py:492} INFO - "nullable" : true,
[2026-02-12T20:33:31.982+0000] {spark_submit.py:492} INFO - "metadata" : { }
[2026-02-12T20:33:31.982+0000] {spark_submit.py:492} INFO - }, {
[2026-02-12T20:33:31.982+0000] {spark_submit.py:492} INFO - "name" : "replies",
[2026-02-12T20:33:31.982+0000] {spark_submit.py:492} INFO - "type" : "long",
[2026-02-12T20:33:31.983+0000] {spark_submit.py:492} INFO - "nullable" : true,
[2026-02-12T20:33:31.983+0000] {spark_submit.py:492} INFO - "metadata" : { }
[2026-02-12T20:33:31.983+0000] {spark_submit.py:492} INFO - }, {
[2026-02-12T20:33:31.983+0000] {spark_submit.py:492} INFO - "name" : "retweets",
[2026-02-12T20:33:31.983+0000] {spark_submit.py:492} INFO - "type" : "long",
[2026-02-12T20:33:31.983+0000] {spark_submit.py:492} INFO - "nullable" : true,
[2026-02-12T20:33:31.983+0000] {spark_submit.py:492} INFO - "metadata" : { }
[2026-02-12T20:33:31.983+0000] {spark_submit.py:492} INFO - }, {
[2026-02-12T20:33:31.983+0000] {spark_submit.py:492} INFO - "name" : "processing_date",
[2026-02-12T20:33:31.983+0000] {spark_submit.py:492} INFO - "type" : "date",
[2026-02-12T20:33:31.983+0000] {spark_submit.py:492} INFO - "nullable" : false,
[2026-02-12T20:33:31.983+0000] {spark_submit.py:492} INFO - "metadata" : { }
[2026-02-12T20:33:31.984+0000] {spark_submit.py:492} INFO - } ]
[2026-02-12T20:33:31.984+0000] {spark_submit.py:492} INFO - }
[2026-02-12T20:33:31.984+0000] {spark_submit.py:492} INFO - and corresponding Parquet message type:
[2026-02-12T20:33:31.984+0000] {spark_submit.py:492} INFO - message spark_schema {
[2026-02-12T20:33:31.984+0000] {spark_submit.py:492} INFO - optional binary user_id (STRING);
[2026-02-12T20:33:31.984+0000] {spark_submit.py:492} INFO - optional binary thread_id (STRING);
[2026-02-12T20:33:31.984+0000] {spark_submit.py:492} INFO - optional binary created_at (STRING);
[2026-02-12T20:33:31.984+0000] {spark_submit.py:492} INFO - optional group edit_versions_ids (LIST) {
[2026-02-12T20:33:31.985+0000] {spark_submit.py:492} INFO - repeated group list {
[2026-02-12T20:33:31.985+0000] {spark_submit.py:492} INFO - optional int64 element;
[2026-02-12T20:33:31.985+0000] {spark_submit.py:492} INFO - }
[2026-02-12T20:33:31.985+0000] {spark_submit.py:492} INFO - }
[2026-02-12T20:33:31.985+0000] {spark_submit.py:492} INFO - optional binary tweet_id (STRING);
[2026-02-12T20:33:31.985+0000] {spark_submit.py:492} INFO - optional binary reply_to_user_id (STRING);
[2026-02-12T20:33:31.985+0000] {spark_submit.py:492} INFO - optional binary language (STRING);
[2026-02-12T20:33:31.985+0000] {spark_submit.py:492} INFO - optional binary tweet_text (STRING);
[2026-02-12T20:33:31.985+0000] {spark_submit.py:492} INFO - optional int64 likes;
[2026-02-12T20:33:31.986+0000] {spark_submit.py:492} INFO - optional int64 quotes;
[2026-02-12T20:33:31.986+0000] {spark_submit.py:492} INFO - optional int64 replies;
[2026-02-12T20:33:31.986+0000] {spark_submit.py:492} INFO - optional int64 retweets;
[2026-02-12T20:33:31.986+0000] {spark_submit.py:492} INFO - required int32 processing_date (DATE);
[2026-02-12T20:33:31.986+0000] {spark_submit.py:492} INFO - }
[2026-02-12T20:33:31.986+0000] {spark_submit.py:492} INFO - 
[2026-02-12T20:33:31.986+0000] {spark_submit.py:492} INFO - 
[2026-02-12T20:33:32.002+0000] {spark_submit.py:492} INFO - 26/02/12 20:33:32 INFO CodecConfig: Compression: SNAPPY
[2026-02-12T20:33:32.002+0000] {spark_submit.py:492} INFO - 26/02/12 20:33:32 INFO CodecConfig: Compression: SNAPPY
[2026-02-12T20:33:32.003+0000] {spark_submit.py:492} INFO - 26/02/12 20:33:32 INFO ParquetOutputFormat: ParquetRecordWriter [block size: 134217728b, row group padding size: 8388608b, validating: false]
[2026-02-12T20:33:32.005+0000] {spark_submit.py:492} INFO - 26/02/12 20:33:32 INFO ParquetWriteSupport: Initialized Parquet WriteSupport with Catalyst schema:
[2026-02-12T20:33:32.005+0000] {spark_submit.py:492} INFO - {
[2026-02-12T20:33:32.006+0000] {spark_submit.py:492} INFO - "type" : "struct",
[2026-02-12T20:33:32.006+0000] {spark_submit.py:492} INFO - "fields" : [ {
[2026-02-12T20:33:32.006+0000] {spark_submit.py:492} INFO - "name" : "user_id",
[2026-02-12T20:33:32.006+0000] {spark_submit.py:492} INFO - "type" : "string",
[2026-02-12T20:33:32.006+0000] {spark_submit.py:492} INFO - "nullable" : true,
[2026-02-12T20:33:32.006+0000] {spark_submit.py:492} INFO - "metadata" : { }
[2026-02-12T20:33:32.007+0000] {spark_submit.py:492} INFO - }, {
[2026-02-12T20:33:32.007+0000] {spark_submit.py:492} INFO - "name" : "thread_id",
[2026-02-12T20:33:32.007+0000] {spark_submit.py:492} INFO - "type" : "string",
[2026-02-12T20:33:32.007+0000] {spark_submit.py:492} INFO - "nullable" : true,
[2026-02-12T20:33:32.007+0000] {spark_submit.py:492} INFO - "metadata" : { }
[2026-02-12T20:33:32.007+0000] {spark_submit.py:492} INFO - }, {
[2026-02-12T20:33:32.007+0000] {spark_submit.py:492} INFO - "name" : "created_at",
[2026-02-12T20:33:32.008+0000] {spark_submit.py:492} INFO - "type" : "string",
[2026-02-12T20:33:32.008+0000] {spark_submit.py:492} INFO - "nullable" : true,
[2026-02-12T20:33:32.008+0000] {spark_submit.py:492} INFO - "metadata" : { }
[2026-02-12T20:33:32.008+0000] {spark_submit.py:492} INFO - }, {
[2026-02-12T20:33:32.008+0000] {spark_submit.py:492} INFO - "name" : "edit_versions_ids",
[2026-02-12T20:33:32.008+0000] {spark_submit.py:492} INFO - "type" : {
[2026-02-12T20:33:32.009+0000] {spark_submit.py:492} INFO - "type" : "array",
[2026-02-12T20:33:32.009+0000] {spark_submit.py:492} INFO - "elementType" : "long",
[2026-02-12T20:33:32.009+0000] {spark_submit.py:492} INFO - "containsNull" : true
[2026-02-12T20:33:32.009+0000] {spark_submit.py:492} INFO - },
[2026-02-12T20:33:32.009+0000] {spark_submit.py:492} INFO - "nullable" : true,
[2026-02-12T20:33:32.009+0000] {spark_submit.py:492} INFO - "metadata" : { }
[2026-02-12T20:33:32.010+0000] {spark_submit.py:492} INFO - }, {
[2026-02-12T20:33:32.010+0000] {spark_submit.py:492} INFO - "name" : "tweet_id",
[2026-02-12T20:33:32.010+0000] {spark_submit.py:492} INFO - "type" : "string",
[2026-02-12T20:33:32.010+0000] {spark_submit.py:492} INFO - "nullable" : true,
[2026-02-12T20:33:32.010+0000] {spark_submit.py:492} INFO - "metadata" : { }
[2026-02-12T20:33:32.010+0000] {spark_submit.py:492} INFO - }, {
[2026-02-12T20:33:32.010+0000] {spark_submit.py:492} INFO - "name" : "reply_to_user_id",
[2026-02-12T20:33:32.010+0000] {spark_submit.py:492} INFO - "type" : "string",
[2026-02-12T20:33:32.011+0000] {spark_submit.py:492} INFO - "nullable" : true,
[2026-02-12T20:33:32.011+0000] {spark_submit.py:492} INFO - "metadata" : { }
[2026-02-12T20:33:32.011+0000] {spark_submit.py:492} INFO - }, {
[2026-02-12T20:33:32.011+0000] {spark_submit.py:492} INFO - "name" : "language",
[2026-02-12T20:33:32.011+0000] {spark_submit.py:492} INFO - "type" : "string",
[2026-02-12T20:33:32.011+0000] {spark_submit.py:492} INFO - "nullable" : true,
[2026-02-12T20:33:32.011+0000] {spark_submit.py:492} INFO - "metadata" : { }
[2026-02-12T20:33:32.011+0000] {spark_submit.py:492} INFO - }, {
[2026-02-12T20:33:32.012+0000] {spark_submit.py:492} INFO - "name" : "tweet_text",
[2026-02-12T20:33:32.012+0000] {spark_submit.py:492} INFO - "type" : "string",
[2026-02-12T20:33:32.012+0000] {spark_submit.py:492} INFO - "nullable" : true,
[2026-02-12T20:33:32.012+0000] {spark_submit.py:492} INFO - "metadata" : { }
[2026-02-12T20:33:32.012+0000] {spark_submit.py:492} INFO - }, {
[2026-02-12T20:33:32.012+0000] {spark_submit.py:492} INFO - "name" : "likes",
[2026-02-12T20:33:32.012+0000] {spark_submit.py:492} INFO - "type" : "long",
[2026-02-12T20:33:32.012+0000] {spark_submit.py:492} INFO - "nullable" : true,
[2026-02-12T20:33:32.012+0000] {spark_submit.py:492} INFO - "metadata" : { }
[2026-02-12T20:33:32.012+0000] {spark_submit.py:492} INFO - }, {
[2026-02-12T20:33:32.013+0000] {spark_submit.py:492} INFO - "name" : "quotes",
[2026-02-12T20:33:32.013+0000] {spark_submit.py:492} INFO - "type" : "long",
[2026-02-12T20:33:32.013+0000] {spark_submit.py:492} INFO - "nullable" : true,
[2026-02-12T20:33:32.013+0000] {spark_submit.py:492} INFO - "metadata" : { }
[2026-02-12T20:33:32.013+0000] {spark_submit.py:492} INFO - }, {
[2026-02-12T20:33:32.013+0000] {spark_submit.py:492} INFO - "name" : "replies",
[2026-02-12T20:33:32.013+0000] {spark_submit.py:492} INFO - "type" : "long",
[2026-02-12T20:33:32.013+0000] {spark_submit.py:492} INFO - "nullable" : true,
[2026-02-12T20:33:32.013+0000] {spark_submit.py:492} INFO - "metadata" : { }
[2026-02-12T20:33:32.013+0000] {spark_submit.py:492} INFO - }, {
[2026-02-12T20:33:32.014+0000] {spark_submit.py:492} INFO - "name" : "retweets",
[2026-02-12T20:33:32.014+0000] {spark_submit.py:492} INFO - "type" : "long",
[2026-02-12T20:33:32.014+0000] {spark_submit.py:492} INFO - "nullable" : true,
[2026-02-12T20:33:32.014+0000] {spark_submit.py:492} INFO - "metadata" : { }
[2026-02-12T20:33:32.014+0000] {spark_submit.py:492} INFO - }, {
[2026-02-12T20:33:32.014+0000] {spark_submit.py:492} INFO - "name" : "processing_date",
[2026-02-12T20:33:32.014+0000] {spark_submit.py:492} INFO - "type" : "date",
[2026-02-12T20:33:32.014+0000] {spark_submit.py:492} INFO - "nullable" : false,
[2026-02-12T20:33:32.014+0000] {spark_submit.py:492} INFO - "metadata" : { }
[2026-02-12T20:33:32.014+0000] {spark_submit.py:492} INFO - } ]
[2026-02-12T20:33:32.014+0000] {spark_submit.py:492} INFO - }
[2026-02-12T20:33:32.015+0000] {spark_submit.py:492} INFO - and corresponding Parquet message type:
[2026-02-12T20:33:32.015+0000] {spark_submit.py:492} INFO - message spark_schema {
[2026-02-12T20:33:32.015+0000] {spark_submit.py:492} INFO - optional binary user_id (STRING);
[2026-02-12T20:33:32.015+0000] {spark_submit.py:492} INFO - optional binary thread_id (STRING);
[2026-02-12T20:33:32.015+0000] {spark_submit.py:492} INFO - optional binary created_at (STRING);
[2026-02-12T20:33:32.015+0000] {spark_submit.py:492} INFO - optional group edit_versions_ids (LIST) {
[2026-02-12T20:33:32.015+0000] {spark_submit.py:492} INFO - repeated group list {
[2026-02-12T20:33:32.015+0000] {spark_submit.py:492} INFO - optional int64 element;
[2026-02-12T20:33:32.016+0000] {spark_submit.py:492} INFO - }
[2026-02-12T20:33:32.016+0000] {spark_submit.py:492} INFO - }
[2026-02-12T20:33:32.016+0000] {spark_submit.py:492} INFO - optional binary tweet_id (STRING);
[2026-02-12T20:33:32.016+0000] {spark_submit.py:492} INFO - optional binary reply_to_user_id (STRING);
[2026-02-12T20:33:32.016+0000] {spark_submit.py:492} INFO - optional binary language (STRING);
[2026-02-12T20:33:32.016+0000] {spark_submit.py:492} INFO - optional binary tweet_text (STRING);
[2026-02-12T20:33:32.017+0000] {spark_submit.py:492} INFO - optional int64 likes;
[2026-02-12T20:33:32.017+0000] {spark_submit.py:492} INFO - optional int64 quotes;
[2026-02-12T20:33:32.017+0000] {spark_submit.py:492} INFO - optional int64 replies;
[2026-02-12T20:33:32.017+0000] {spark_submit.py:492} INFO - optional int64 retweets;
[2026-02-12T20:33:32.017+0000] {spark_submit.py:492} INFO - required int32 processing_date (DATE);
[2026-02-12T20:33:32.018+0000] {spark_submit.py:492} INFO - }
[2026-02-12T20:33:32.018+0000] {spark_submit.py:492} INFO - 
[2026-02-12T20:33:32.018+0000] {spark_submit.py:492} INFO - 
[2026-02-12T20:33:32.036+0000] {spark_submit.py:492} INFO - 26/02/12 20:33:32 INFO CodecConfig: Compression: SNAPPY
[2026-02-12T20:33:32.037+0000] {spark_submit.py:492} INFO - 26/02/12 20:33:32 INFO CodecConfig: Compression: SNAPPY
[2026-02-12T20:33:32.038+0000] {spark_submit.py:492} INFO - 26/02/12 20:33:32 INFO ParquetOutputFormat: ParquetRecordWriter [block size: 134217728b, row group padding size: 8388608b, validating: false]
[2026-02-12T20:33:32.039+0000] {spark_submit.py:492} INFO - 26/02/12 20:33:32 INFO ParquetWriteSupport: Initialized Parquet WriteSupport with Catalyst schema:
[2026-02-12T20:33:32.039+0000] {spark_submit.py:492} INFO - {
[2026-02-12T20:33:32.039+0000] {spark_submit.py:492} INFO - "type" : "struct",
[2026-02-12T20:33:32.040+0000] {spark_submit.py:492} INFO - "fields" : [ {
[2026-02-12T20:33:32.040+0000] {spark_submit.py:492} INFO - "name" : "user_id",
[2026-02-12T20:33:32.040+0000] {spark_submit.py:492} INFO - "type" : "string",
[2026-02-12T20:33:32.040+0000] {spark_submit.py:492} INFO - "nullable" : true,
[2026-02-12T20:33:32.040+0000] {spark_submit.py:492} INFO - "metadata" : { }
[2026-02-12T20:33:32.040+0000] {spark_submit.py:492} INFO - }, {
[2026-02-12T20:33:32.040+0000] {spark_submit.py:492} INFO - "name" : "thread_id",
[2026-02-12T20:33:32.040+0000] {spark_submit.py:492} INFO - "type" : "string",
[2026-02-12T20:33:32.040+0000] {spark_submit.py:492} INFO - "nullable" : true,
[2026-02-12T20:33:32.040+0000] {spark_submit.py:492} INFO - "metadata" : { }
[2026-02-12T20:33:32.040+0000] {spark_submit.py:492} INFO - }, {
[2026-02-12T20:33:32.040+0000] {spark_submit.py:492} INFO - "name" : "created_at",
[2026-02-12T20:33:32.041+0000] {spark_submit.py:492} INFO - "type" : "string",
[2026-02-12T20:33:32.041+0000] {spark_submit.py:492} INFO - "nullable" : true,
[2026-02-12T20:33:32.041+0000] {spark_submit.py:492} INFO - "metadata" : { }
[2026-02-12T20:33:32.041+0000] {spark_submit.py:492} INFO - }, {
[2026-02-12T20:33:32.041+0000] {spark_submit.py:492} INFO - "name" : "edit_versions_ids",
[2026-02-12T20:33:32.041+0000] {spark_submit.py:492} INFO - "type" : {
[2026-02-12T20:33:32.041+0000] {spark_submit.py:492} INFO - "type" : "array",
[2026-02-12T20:33:32.042+0000] {spark_submit.py:492} INFO - "elementType" : "long",
[2026-02-12T20:33:32.042+0000] {spark_submit.py:492} INFO - "containsNull" : true
[2026-02-12T20:33:32.042+0000] {spark_submit.py:492} INFO - },
[2026-02-12T20:33:32.042+0000] {spark_submit.py:492} INFO - "nullable" : true,
[2026-02-12T20:33:32.042+0000] {spark_submit.py:492} INFO - "metadata" : { }
[2026-02-12T20:33:32.042+0000] {spark_submit.py:492} INFO - }, {
[2026-02-12T20:33:32.042+0000] {spark_submit.py:492} INFO - "name" : "tweet_id",
[2026-02-12T20:33:32.043+0000] {spark_submit.py:492} INFO - "type" : "string",
[2026-02-12T20:33:32.043+0000] {spark_submit.py:492} INFO - "nullable" : true,
[2026-02-12T20:33:32.043+0000] {spark_submit.py:492} INFO - "metadata" : { }
[2026-02-12T20:33:32.043+0000] {spark_submit.py:492} INFO - }, {
[2026-02-12T20:33:32.043+0000] {spark_submit.py:492} INFO - "name" : "reply_to_user_id",
[2026-02-12T20:33:32.043+0000] {spark_submit.py:492} INFO - "type" : "string",
[2026-02-12T20:33:32.044+0000] {spark_submit.py:492} INFO - "nullable" : true,
[2026-02-12T20:33:32.044+0000] {spark_submit.py:492} INFO - "metadata" : { }
[2026-02-12T20:33:32.044+0000] {spark_submit.py:492} INFO - }, {
[2026-02-12T20:33:32.044+0000] {spark_submit.py:492} INFO - "name" : "language",
[2026-02-12T20:33:32.044+0000] {spark_submit.py:492} INFO - "type" : "string",
[2026-02-12T20:33:32.044+0000] {spark_submit.py:492} INFO - "nullable" : true,
[2026-02-12T20:33:32.044+0000] {spark_submit.py:492} INFO - "metadata" : { }
[2026-02-12T20:33:32.045+0000] {spark_submit.py:492} INFO - }, {
[2026-02-12T20:33:32.045+0000] {spark_submit.py:492} INFO - "name" : "tweet_text",
[2026-02-12T20:33:32.045+0000] {spark_submit.py:492} INFO - "type" : "string",
[2026-02-12T20:33:32.045+0000] {spark_submit.py:492} INFO - "nullable" : true,
[2026-02-12T20:33:32.045+0000] {spark_submit.py:492} INFO - "metadata" : { }
[2026-02-12T20:33:32.045+0000] {spark_submit.py:492} INFO - }, {
[2026-02-12T20:33:32.045+0000] {spark_submit.py:492} INFO - "name" : "likes",
[2026-02-12T20:33:32.045+0000] {spark_submit.py:492} INFO - "type" : "long",
[2026-02-12T20:33:32.046+0000] {spark_submit.py:492} INFO - "nullable" : true,
[2026-02-12T20:33:32.046+0000] {spark_submit.py:492} INFO - "metadata" : { }
[2026-02-12T20:33:32.046+0000] {spark_submit.py:492} INFO - }, {
[2026-02-12T20:33:32.046+0000] {spark_submit.py:492} INFO - "name" : "quotes",
[2026-02-12T20:33:32.046+0000] {spark_submit.py:492} INFO - "type" : "long",
[2026-02-12T20:33:32.046+0000] {spark_submit.py:492} INFO - "nullable" : true,
[2026-02-12T20:33:32.046+0000] {spark_submit.py:492} INFO - "metadata" : { }
[2026-02-12T20:33:32.046+0000] {spark_submit.py:492} INFO - }, {
[2026-02-12T20:33:32.046+0000] {spark_submit.py:492} INFO - "name" : "replies",
[2026-02-12T20:33:32.047+0000] {spark_submit.py:492} INFO - "type" : "long",
[2026-02-12T20:33:32.047+0000] {spark_submit.py:492} INFO - "nullable" : true,
[2026-02-12T20:33:32.047+0000] {spark_submit.py:492} INFO - "metadata" : { }
[2026-02-12T20:33:32.047+0000] {spark_submit.py:492} INFO - }, {
[2026-02-12T20:33:32.047+0000] {spark_submit.py:492} INFO - "name" : "retweets",
[2026-02-12T20:33:32.047+0000] {spark_submit.py:492} INFO - "type" : "long",
[2026-02-12T20:33:32.047+0000] {spark_submit.py:492} INFO - "nullable" : true,
[2026-02-12T20:33:32.048+0000] {spark_submit.py:492} INFO - "metadata" : { }
[2026-02-12T20:33:32.048+0000] {spark_submit.py:492} INFO - }, {
[2026-02-12T20:33:32.048+0000] {spark_submit.py:492} INFO - "name" : "processing_date",
[2026-02-12T20:33:32.048+0000] {spark_submit.py:492} INFO - "type" : "date",
[2026-02-12T20:33:32.048+0000] {spark_submit.py:492} INFO - "nullable" : false,
[2026-02-12T20:33:32.048+0000] {spark_submit.py:492} INFO - "metadata" : { }
[2026-02-12T20:33:32.049+0000] {spark_submit.py:492} INFO - } ]
[2026-02-12T20:33:32.049+0000] {spark_submit.py:492} INFO - }
[2026-02-12T20:33:32.049+0000] {spark_submit.py:492} INFO - and corresponding Parquet message type:
[2026-02-12T20:33:32.049+0000] {spark_submit.py:492} INFO - message spark_schema {
[2026-02-12T20:33:32.049+0000] {spark_submit.py:492} INFO - optional binary user_id (STRING);
[2026-02-12T20:33:32.049+0000] {spark_submit.py:492} INFO - optional binary thread_id (STRING);
[2026-02-12T20:33:32.049+0000] {spark_submit.py:492} INFO - optional binary created_at (STRING);
[2026-02-12T20:33:32.050+0000] {spark_submit.py:492} INFO - optional group edit_versions_ids (LIST) {
[2026-02-12T20:33:32.050+0000] {spark_submit.py:492} INFO - repeated group list {
[2026-02-12T20:33:32.050+0000] {spark_submit.py:492} INFO - optional int64 element;
[2026-02-12T20:33:32.050+0000] {spark_submit.py:492} INFO - }
[2026-02-12T20:33:32.050+0000] {spark_submit.py:492} INFO - }
[2026-02-12T20:33:32.050+0000] {spark_submit.py:492} INFO - optional binary tweet_id (STRING);
[2026-02-12T20:33:32.050+0000] {spark_submit.py:492} INFO - optional binary reply_to_user_id (STRING);
[2026-02-12T20:33:32.050+0000] {spark_submit.py:492} INFO - optional binary language (STRING);
[2026-02-12T20:33:32.051+0000] {spark_submit.py:492} INFO - optional binary tweet_text (STRING);
[2026-02-12T20:33:32.051+0000] {spark_submit.py:492} INFO - optional int64 likes;
[2026-02-12T20:33:32.051+0000] {spark_submit.py:492} INFO - optional int64 quotes;
[2026-02-12T20:33:32.051+0000] {spark_submit.py:492} INFO - optional int64 replies;
[2026-02-12T20:33:32.051+0000] {spark_submit.py:492} INFO - optional int64 retweets;
[2026-02-12T20:33:32.051+0000] {spark_submit.py:492} INFO - required int32 processing_date (DATE);
[2026-02-12T20:33:32.051+0000] {spark_submit.py:492} INFO - }
[2026-02-12T20:33:32.051+0000] {spark_submit.py:492} INFO - 
[2026-02-12T20:33:32.052+0000] {spark_submit.py:492} INFO - 
[2026-02-12T20:33:32.069+0000] {spark_submit.py:492} INFO - 26/02/12 20:33:32 INFO CodecConfig: Compression: SNAPPY
[2026-02-12T20:33:32.069+0000] {spark_submit.py:492} INFO - 26/02/12 20:33:32 INFO CodecConfig: Compression: SNAPPY
[2026-02-12T20:33:32.070+0000] {spark_submit.py:492} INFO - 26/02/12 20:33:32 INFO ParquetOutputFormat: ParquetRecordWriter [block size: 134217728b, row group padding size: 8388608b, validating: false]
[2026-02-12T20:33:32.071+0000] {spark_submit.py:492} INFO - 26/02/12 20:33:32 INFO ParquetWriteSupport: Initialized Parquet WriteSupport with Catalyst schema:
[2026-02-12T20:33:32.072+0000] {spark_submit.py:492} INFO - {
[2026-02-12T20:33:32.072+0000] {spark_submit.py:492} INFO - "type" : "struct",
[2026-02-12T20:33:32.072+0000] {spark_submit.py:492} INFO - "fields" : [ {
[2026-02-12T20:33:32.072+0000] {spark_submit.py:492} INFO - "name" : "user_id",
[2026-02-12T20:33:32.072+0000] {spark_submit.py:492} INFO - "type" : "string",
[2026-02-12T20:33:32.072+0000] {spark_submit.py:492} INFO - "nullable" : true,
[2026-02-12T20:33:32.072+0000] {spark_submit.py:492} INFO - "metadata" : { }
[2026-02-12T20:33:32.072+0000] {spark_submit.py:492} INFO - }, {
[2026-02-12T20:33:32.073+0000] {spark_submit.py:492} INFO - "name" : "thread_id",
[2026-02-12T20:33:32.073+0000] {spark_submit.py:492} INFO - "type" : "string",
[2026-02-12T20:33:32.073+0000] {spark_submit.py:492} INFO - "nullable" : true,
[2026-02-12T20:33:32.073+0000] {spark_submit.py:492} INFO - "metadata" : { }
[2026-02-12T20:33:32.073+0000] {spark_submit.py:492} INFO - }, {
[2026-02-12T20:33:32.073+0000] {spark_submit.py:492} INFO - "name" : "created_at",
[2026-02-12T20:33:32.073+0000] {spark_submit.py:492} INFO - "type" : "string",
[2026-02-12T20:33:32.073+0000] {spark_submit.py:492} INFO - "nullable" : true,
[2026-02-12T20:33:32.073+0000] {spark_submit.py:492} INFO - "metadata" : { }
[2026-02-12T20:33:32.073+0000] {spark_submit.py:492} INFO - }, {
[2026-02-12T20:33:32.074+0000] {spark_submit.py:492} INFO - "name" : "edit_versions_ids",
[2026-02-12T20:33:32.074+0000] {spark_submit.py:492} INFO - "type" : {
[2026-02-12T20:33:32.074+0000] {spark_submit.py:492} INFO - "type" : "array",
[2026-02-12T20:33:32.074+0000] {spark_submit.py:492} INFO - "elementType" : "long",
[2026-02-12T20:33:32.074+0000] {spark_submit.py:492} INFO - "containsNull" : true
[2026-02-12T20:33:32.074+0000] {spark_submit.py:492} INFO - },
[2026-02-12T20:33:32.074+0000] {spark_submit.py:492} INFO - "nullable" : true,
[2026-02-12T20:33:32.074+0000] {spark_submit.py:492} INFO - "metadata" : { }
[2026-02-12T20:33:32.074+0000] {spark_submit.py:492} INFO - }, {
[2026-02-12T20:33:32.074+0000] {spark_submit.py:492} INFO - "name" : "tweet_id",
[2026-02-12T20:33:32.074+0000] {spark_submit.py:492} INFO - "type" : "string",
[2026-02-12T20:33:32.074+0000] {spark_submit.py:492} INFO - "nullable" : true,
[2026-02-12T20:33:32.074+0000] {spark_submit.py:492} INFO - "metadata" : { }
[2026-02-12T20:33:32.074+0000] {spark_submit.py:492} INFO - }, {
[2026-02-12T20:33:32.075+0000] {spark_submit.py:492} INFO - "name" : "reply_to_user_id",
[2026-02-12T20:33:32.075+0000] {spark_submit.py:492} INFO - "type" : "string",
[2026-02-12T20:33:32.075+0000] {spark_submit.py:492} INFO - "nullable" : true,
[2026-02-12T20:33:32.075+0000] {spark_submit.py:492} INFO - "metadata" : { }
[2026-02-12T20:33:32.075+0000] {spark_submit.py:492} INFO - }, {
[2026-02-12T20:33:32.075+0000] {spark_submit.py:492} INFO - "name" : "language",
[2026-02-12T20:33:32.075+0000] {spark_submit.py:492} INFO - "type" : "string",
[2026-02-12T20:33:32.075+0000] {spark_submit.py:492} INFO - "nullable" : true,
[2026-02-12T20:33:32.075+0000] {spark_submit.py:492} INFO - "metadata" : { }
[2026-02-12T20:33:32.076+0000] {spark_submit.py:492} INFO - }, {
[2026-02-12T20:33:32.076+0000] {spark_submit.py:492} INFO - "name" : "tweet_text",
[2026-02-12T20:33:32.076+0000] {spark_submit.py:492} INFO - "type" : "string",
[2026-02-12T20:33:32.076+0000] {spark_submit.py:492} INFO - "nullable" : true,
[2026-02-12T20:33:32.076+0000] {spark_submit.py:492} INFO - "metadata" : { }
[2026-02-12T20:33:32.076+0000] {spark_submit.py:492} INFO - }, {
[2026-02-12T20:33:32.076+0000] {spark_submit.py:492} INFO - "name" : "likes",
[2026-02-12T20:33:32.076+0000] {spark_submit.py:492} INFO - "type" : "long",
[2026-02-12T20:33:32.077+0000] {spark_submit.py:492} INFO - "nullable" : true,
[2026-02-12T20:33:32.077+0000] {spark_submit.py:492} INFO - "metadata" : { }
[2026-02-12T20:33:32.077+0000] {spark_submit.py:492} INFO - }, {
[2026-02-12T20:33:32.077+0000] {spark_submit.py:492} INFO - "name" : "quotes",
[2026-02-12T20:33:32.077+0000] {spark_submit.py:492} INFO - "type" : "long",
[2026-02-12T20:33:32.077+0000] {spark_submit.py:492} INFO - "nullable" : true,
[2026-02-12T20:33:32.077+0000] {spark_submit.py:492} INFO - "metadata" : { }
[2026-02-12T20:33:32.077+0000] {spark_submit.py:492} INFO - }, {
[2026-02-12T20:33:32.077+0000] {spark_submit.py:492} INFO - "name" : "replies",
[2026-02-12T20:33:32.077+0000] {spark_submit.py:492} INFO - "type" : "long",
[2026-02-12T20:33:32.077+0000] {spark_submit.py:492} INFO - "nullable" : true,
[2026-02-12T20:33:32.077+0000] {spark_submit.py:492} INFO - "metadata" : { }
[2026-02-12T20:33:32.077+0000] {spark_submit.py:492} INFO - }, {
[2026-02-12T20:33:32.077+0000] {spark_submit.py:492} INFO - "name" : "retweets",
[2026-02-12T20:33:32.078+0000] {spark_submit.py:492} INFO - "type" : "long",
[2026-02-12T20:33:32.078+0000] {spark_submit.py:492} INFO - "nullable" : true,
[2026-02-12T20:33:32.078+0000] {spark_submit.py:492} INFO - "metadata" : { }
[2026-02-12T20:33:32.078+0000] {spark_submit.py:492} INFO - }, {
[2026-02-12T20:33:32.078+0000] {spark_submit.py:492} INFO - "name" : "processing_date",
[2026-02-12T20:33:32.078+0000] {spark_submit.py:492} INFO - "type" : "date",
[2026-02-12T20:33:32.078+0000] {spark_submit.py:492} INFO - "nullable" : false,
[2026-02-12T20:33:32.078+0000] {spark_submit.py:492} INFO - "metadata" : { }
[2026-02-12T20:33:32.078+0000] {spark_submit.py:492} INFO - } ]
[2026-02-12T20:33:32.078+0000] {spark_submit.py:492} INFO - }
[2026-02-12T20:33:32.078+0000] {spark_submit.py:492} INFO - and corresponding Parquet message type:
[2026-02-12T20:33:32.078+0000] {spark_submit.py:492} INFO - message spark_schema {
[2026-02-12T20:33:32.078+0000] {spark_submit.py:492} INFO - optional binary user_id (STRING);
[2026-02-12T20:33:32.078+0000] {spark_submit.py:492} INFO - optional binary thread_id (STRING);
[2026-02-12T20:33:32.079+0000] {spark_submit.py:492} INFO - optional binary created_at (STRING);
[2026-02-12T20:33:32.079+0000] {spark_submit.py:492} INFO - optional group edit_versions_ids (LIST) {
[2026-02-12T20:33:32.079+0000] {spark_submit.py:492} INFO - repeated group list {
[2026-02-12T20:33:32.079+0000] {spark_submit.py:492} INFO - optional int64 element;
[2026-02-12T20:33:32.079+0000] {spark_submit.py:492} INFO - }
[2026-02-12T20:33:32.079+0000] {spark_submit.py:492} INFO - }
[2026-02-12T20:33:32.079+0000] {spark_submit.py:492} INFO - optional binary tweet_id (STRING);
[2026-02-12T20:33:32.079+0000] {spark_submit.py:492} INFO - optional binary reply_to_user_id (STRING);
[2026-02-12T20:33:32.079+0000] {spark_submit.py:492} INFO - optional binary language (STRING);
[2026-02-12T20:33:32.079+0000] {spark_submit.py:492} INFO - optional binary tweet_text (STRING);
[2026-02-12T20:33:32.079+0000] {spark_submit.py:492} INFO - optional int64 likes;
[2026-02-12T20:33:32.079+0000] {spark_submit.py:492} INFO - optional int64 quotes;
[2026-02-12T20:33:32.079+0000] {spark_submit.py:492} INFO - optional int64 replies;
[2026-02-12T20:33:32.079+0000] {spark_submit.py:492} INFO - optional int64 retweets;
[2026-02-12T20:33:32.080+0000] {spark_submit.py:492} INFO - required int32 processing_date (DATE);
[2026-02-12T20:33:32.080+0000] {spark_submit.py:492} INFO - }
[2026-02-12T20:33:32.080+0000] {spark_submit.py:492} INFO - 
[2026-02-12T20:33:32.080+0000] {spark_submit.py:492} INFO - 
[2026-02-12T20:33:32.100+0000] {spark_submit.py:492} INFO - 26/02/12 20:33:32 INFO CodecConfig: Compression: SNAPPY
[2026-02-12T20:33:32.100+0000] {spark_submit.py:492} INFO - 26/02/12 20:33:32 INFO CodecConfig: Compression: SNAPPY
[2026-02-12T20:33:32.101+0000] {spark_submit.py:492} INFO - 26/02/12 20:33:32 INFO ParquetOutputFormat: ParquetRecordWriter [block size: 134217728b, row group padding size: 8388608b, validating: false]
[2026-02-12T20:33:32.103+0000] {spark_submit.py:492} INFO - 26/02/12 20:33:32 INFO ParquetWriteSupport: Initialized Parquet WriteSupport with Catalyst schema:
[2026-02-12T20:33:32.103+0000] {spark_submit.py:492} INFO - {
[2026-02-12T20:33:32.103+0000] {spark_submit.py:492} INFO - "type" : "struct",
[2026-02-12T20:33:32.103+0000] {spark_submit.py:492} INFO - "fields" : [ {
[2026-02-12T20:33:32.103+0000] {spark_submit.py:492} INFO - "name" : "user_id",
[2026-02-12T20:33:32.103+0000] {spark_submit.py:492} INFO - "type" : "string",
[2026-02-12T20:33:32.103+0000] {spark_submit.py:492} INFO - "nullable" : true,
[2026-02-12T20:33:32.103+0000] {spark_submit.py:492} INFO - "metadata" : { }
[2026-02-12T20:33:32.103+0000] {spark_submit.py:492} INFO - }, {
[2026-02-12T20:33:32.104+0000] {spark_submit.py:492} INFO - "name" : "thread_id",
[2026-02-12T20:33:32.104+0000] {spark_submit.py:492} INFO - "type" : "string",
[2026-02-12T20:33:32.104+0000] {spark_submit.py:492} INFO - "nullable" : true,
[2026-02-12T20:33:32.104+0000] {spark_submit.py:492} INFO - "metadata" : { }
[2026-02-12T20:33:32.104+0000] {spark_submit.py:492} INFO - }, {
[2026-02-12T20:33:32.104+0000] {spark_submit.py:492} INFO - "name" : "created_at",
[2026-02-12T20:33:32.104+0000] {spark_submit.py:492} INFO - "type" : "string",
[2026-02-12T20:33:32.104+0000] {spark_submit.py:492} INFO - "nullable" : true,
[2026-02-12T20:33:32.104+0000] {spark_submit.py:492} INFO - "metadata" : { }
[2026-02-12T20:33:32.104+0000] {spark_submit.py:492} INFO - }, {
[2026-02-12T20:33:32.104+0000] {spark_submit.py:492} INFO - "name" : "edit_versions_ids",
[2026-02-12T20:33:32.104+0000] {spark_submit.py:492} INFO - "type" : {
[2026-02-12T20:33:32.105+0000] {spark_submit.py:492} INFO - "type" : "array",
[2026-02-12T20:33:32.105+0000] {spark_submit.py:492} INFO - "elementType" : "long",
[2026-02-12T20:33:32.105+0000] {spark_submit.py:492} INFO - "containsNull" : true
[2026-02-12T20:33:32.105+0000] {spark_submit.py:492} INFO - },
[2026-02-12T20:33:32.105+0000] {spark_submit.py:492} INFO - "nullable" : true,
[2026-02-12T20:33:32.105+0000] {spark_submit.py:492} INFO - "metadata" : { }
[2026-02-12T20:33:32.105+0000] {spark_submit.py:492} INFO - }, {
[2026-02-12T20:33:32.105+0000] {spark_submit.py:492} INFO - "name" : "tweet_id",
[2026-02-12T20:33:32.105+0000] {spark_submit.py:492} INFO - "type" : "string",
[2026-02-12T20:33:32.105+0000] {spark_submit.py:492} INFO - "nullable" : true,
[2026-02-12T20:33:32.105+0000] {spark_submit.py:492} INFO - "metadata" : { }
[2026-02-12T20:33:32.105+0000] {spark_submit.py:492} INFO - }, {
[2026-02-12T20:33:32.105+0000] {spark_submit.py:492} INFO - "name" : "reply_to_user_id",
[2026-02-12T20:33:32.105+0000] {spark_submit.py:492} INFO - "type" : "string",
[2026-02-12T20:33:32.106+0000] {spark_submit.py:492} INFO - "nullable" : true,
[2026-02-12T20:33:32.106+0000] {spark_submit.py:492} INFO - "metadata" : { }
[2026-02-12T20:33:32.106+0000] {spark_submit.py:492} INFO - }, {
[2026-02-12T20:33:32.106+0000] {spark_submit.py:492} INFO - "name" : "language",
[2026-02-12T20:33:32.106+0000] {spark_submit.py:492} INFO - "type" : "string",
[2026-02-12T20:33:32.106+0000] {spark_submit.py:492} INFO - "nullable" : true,
[2026-02-12T20:33:32.106+0000] {spark_submit.py:492} INFO - "metadata" : { }
[2026-02-12T20:33:32.106+0000] {spark_submit.py:492} INFO - }, {
[2026-02-12T20:33:32.106+0000] {spark_submit.py:492} INFO - "name" : "tweet_text",
[2026-02-12T20:33:32.106+0000] {spark_submit.py:492} INFO - "type" : "string",
[2026-02-12T20:33:32.106+0000] {spark_submit.py:492} INFO - "nullable" : true,
[2026-02-12T20:33:32.106+0000] {spark_submit.py:492} INFO - "metadata" : { }
[2026-02-12T20:33:32.106+0000] {spark_submit.py:492} INFO - }, {
[2026-02-12T20:33:32.107+0000] {spark_submit.py:492} INFO - "name" : "likes",
[2026-02-12T20:33:32.107+0000] {spark_submit.py:492} INFO - "type" : "long",
[2026-02-12T20:33:32.107+0000] {spark_submit.py:492} INFO - "nullable" : true,
[2026-02-12T20:33:32.107+0000] {spark_submit.py:492} INFO - "metadata" : { }
[2026-02-12T20:33:32.108+0000] {spark_submit.py:492} INFO - }, {
[2026-02-12T20:33:32.108+0000] {spark_submit.py:492} INFO - "name" : "quotes",
[2026-02-12T20:33:32.108+0000] {spark_submit.py:492} INFO - "type" : "long",
[2026-02-12T20:33:32.108+0000] {spark_submit.py:492} INFO - "nullable" : true,
[2026-02-12T20:33:32.108+0000] {spark_submit.py:492} INFO - "metadata" : { }
[2026-02-12T20:33:32.108+0000] {spark_submit.py:492} INFO - }, {
[2026-02-12T20:33:32.109+0000] {spark_submit.py:492} INFO - "name" : "replies",
[2026-02-12T20:33:32.109+0000] {spark_submit.py:492} INFO - "type" : "long",
[2026-02-12T20:33:32.109+0000] {spark_submit.py:492} INFO - "nullable" : true,
[2026-02-12T20:33:32.109+0000] {spark_submit.py:492} INFO - "metadata" : { }
[2026-02-12T20:33:32.109+0000] {spark_submit.py:492} INFO - }, {
[2026-02-12T20:33:32.109+0000] {spark_submit.py:492} INFO - "name" : "retweets",
[2026-02-12T20:33:32.109+0000] {spark_submit.py:492} INFO - "type" : "long",
[2026-02-12T20:33:32.109+0000] {spark_submit.py:492} INFO - "nullable" : true,
[2026-02-12T20:33:32.109+0000] {spark_submit.py:492} INFO - "metadata" : { }
[2026-02-12T20:33:32.110+0000] {spark_submit.py:492} INFO - }, {
[2026-02-12T20:33:32.110+0000] {spark_submit.py:492} INFO - "name" : "processing_date",
[2026-02-12T20:33:32.110+0000] {spark_submit.py:492} INFO - "type" : "date",
[2026-02-12T20:33:32.110+0000] {spark_submit.py:492} INFO - "nullable" : false,
[2026-02-12T20:33:32.110+0000] {spark_submit.py:492} INFO - "metadata" : { }
[2026-02-12T20:33:32.110+0000] {spark_submit.py:492} INFO - } ]
[2026-02-12T20:33:32.110+0000] {spark_submit.py:492} INFO - }
[2026-02-12T20:33:32.110+0000] {spark_submit.py:492} INFO - and corresponding Parquet message type:
[2026-02-12T20:33:32.110+0000] {spark_submit.py:492} INFO - message spark_schema {
[2026-02-12T20:33:32.110+0000] {spark_submit.py:492} INFO - optional binary user_id (STRING);
[2026-02-12T20:33:32.110+0000] {spark_submit.py:492} INFO - optional binary thread_id (STRING);
[2026-02-12T20:33:32.110+0000] {spark_submit.py:492} INFO - optional binary created_at (STRING);
[2026-02-12T20:33:32.111+0000] {spark_submit.py:492} INFO - optional group edit_versions_ids (LIST) {
[2026-02-12T20:33:32.111+0000] {spark_submit.py:492} INFO - repeated group list {
[2026-02-12T20:33:32.111+0000] {spark_submit.py:492} INFO - optional int64 element;
[2026-02-12T20:33:32.111+0000] {spark_submit.py:492} INFO - }
[2026-02-12T20:33:32.111+0000] {spark_submit.py:492} INFO - }
[2026-02-12T20:33:32.111+0000] {spark_submit.py:492} INFO - optional binary tweet_id (STRING);
[2026-02-12T20:33:32.111+0000] {spark_submit.py:492} INFO - optional binary reply_to_user_id (STRING);
[2026-02-12T20:33:32.111+0000] {spark_submit.py:492} INFO - optional binary language (STRING);
[2026-02-12T20:33:32.111+0000] {spark_submit.py:492} INFO - optional binary tweet_text (STRING);
[2026-02-12T20:33:32.111+0000] {spark_submit.py:492} INFO - optional int64 likes;
[2026-02-12T20:33:32.111+0000] {spark_submit.py:492} INFO - optional int64 quotes;
[2026-02-12T20:33:32.111+0000] {spark_submit.py:492} INFO - optional int64 replies;
[2026-02-12T20:33:32.112+0000] {spark_submit.py:492} INFO - optional int64 retweets;
[2026-02-12T20:33:32.112+0000] {spark_submit.py:492} INFO - required int32 processing_date (DATE);
[2026-02-12T20:33:32.112+0000] {spark_submit.py:492} INFO - }
[2026-02-12T20:33:32.112+0000] {spark_submit.py:492} INFO - 
[2026-02-12T20:33:32.112+0000] {spark_submit.py:492} INFO - 
[2026-02-12T20:33:32.134+0000] {spark_submit.py:492} INFO - 26/02/12 20:33:32 INFO FileOutputCommitter: Saved output of task 'attempt_202602122033313959554361254279372_0001_m_000000_1' to file:/opt/airflow/data/silver/_temporary/0/task_202602122033313959554361254279372_0001_m_000000
[2026-02-12T20:33:32.135+0000] {spark_submit.py:492} INFO - 26/02/12 20:33:32 INFO SparkHadoopMapRedUtil: attempt_202602122033313959554361254279372_0001_m_000000_1: Committed. Elapsed time: 0 ms.
[2026-02-12T20:33:32.146+0000] {spark_submit.py:492} INFO - 26/02/12 20:33:32 INFO Executor: Finished task 0.0 in stage 1.0 (TID 1). 3930 bytes result sent to driver
[2026-02-12T20:33:32.148+0000] {spark_submit.py:492} INFO - 26/02/12 20:33:32 INFO TaskSetManager: Finished task 0.0 in stage 1.0 (TID 1) in 979 ms on 649004db3ede (executor driver) (1/1)
[2026-02-12T20:33:32.148+0000] {spark_submit.py:492} INFO - 26/02/12 20:33:32 INFO TaskSchedulerImpl: Removed TaskSet 1.0, whose tasks have all completed, from pool
[2026-02-12T20:33:32.149+0000] {spark_submit.py:492} INFO - 26/02/12 20:33:32 INFO DAGScheduler: ResultStage 1 (parquet at NativeMethodAccessorImpl.java:0) finished in 1.006 s
[2026-02-12T20:33:32.149+0000] {spark_submit.py:492} INFO - 26/02/12 20:33:32 INFO DAGScheduler: Job 1 is finished. Cancelling potential speculative or zombie tasks for this job
[2026-02-12T20:33:32.149+0000] {spark_submit.py:492} INFO - 26/02/12 20:33:32 INFO TaskSchedulerImpl: Killing all running tasks in stage 1: Stage finished
[2026-02-12T20:33:32.150+0000] {spark_submit.py:492} INFO - 26/02/12 20:33:32 INFO DAGScheduler: Job 1 finished: parquet at NativeMethodAccessorImpl.java:0, took 1.009335 s
[2026-02-12T20:33:32.151+0000] {spark_submit.py:492} INFO - 26/02/12 20:33:32 INFO FileFormatWriter: Start to commit write Job f9a41fa2-7e21-4926-be9a-b8021ce8b32c.
[2026-02-12T20:33:32.167+0000] {spark_submit.py:492} INFO - 26/02/12 20:33:32 INFO FileFormatWriter: Write Job f9a41fa2-7e21-4926-be9a-b8021ce8b32c committed. Elapsed time: 15 ms.
[2026-02-12T20:33:32.169+0000] {spark_submit.py:492} INFO - 26/02/12 20:33:32 INFO FileFormatWriter: Finished processing stats for write job f9a41fa2-7e21-4926-be9a-b8021ce8b32c.
[2026-02-12T20:33:32.207+0000] {spark_submit.py:492} INFO - 26/02/12 20:33:32 INFO SparkContext: Invoking stop() from shutdown hook
[2026-02-12T20:33:32.207+0000] {spark_submit.py:492} INFO - 26/02/12 20:33:32 INFO SparkContext: SparkContext is stopping with exitCode 0.
[2026-02-12T20:33:32.215+0000] {spark_submit.py:492} INFO - 26/02/12 20:33:32 INFO SparkUI: Stopped Spark web UI at http://649004db3ede:4040
[2026-02-12T20:33:32.223+0000] {spark_submit.py:492} INFO - 26/02/12 20:33:32 INFO MapOutputTrackerMasterEndpoint: MapOutputTrackerMasterEndpoint stopped!
[2026-02-12T20:33:32.233+0000] {spark_submit.py:492} INFO - 26/02/12 20:33:32 INFO MemoryStore: MemoryStore cleared
[2026-02-12T20:33:32.233+0000] {spark_submit.py:492} INFO - 26/02/12 20:33:32 INFO BlockManager: BlockManager stopped
[2026-02-12T20:33:32.235+0000] {spark_submit.py:492} INFO - 26/02/12 20:33:32 INFO BlockManagerMaster: BlockManagerMaster stopped
[2026-02-12T20:33:32.237+0000] {spark_submit.py:492} INFO - 26/02/12 20:33:32 INFO OutputCommitCoordinator$OutputCommitCoordinatorEndpoint: OutputCommitCoordinator stopped!
[2026-02-12T20:33:32.244+0000] {spark_submit.py:492} INFO - 26/02/12 20:33:32 INFO SparkContext: Successfully stopped SparkContext
[2026-02-12T20:33:32.244+0000] {spark_submit.py:492} INFO - 26/02/12 20:33:32 INFO ShutdownHookManager: Shutdown hook called
[2026-02-12T20:33:32.245+0000] {spark_submit.py:492} INFO - 26/02/12 20:33:32 INFO ShutdownHookManager: Deleting directory /tmp/spark-d2d948af-7d74-4e1b-a9cd-0c3117ff1f9e
[2026-02-12T20:33:32.249+0000] {spark_submit.py:492} INFO - 26/02/12 20:33:32 INFO ShutdownHookManager: Deleting directory /tmp/spark-29089dce-cd7c-497d-bbad-8c81400f49c5
[2026-02-12T20:33:32.254+0000] {spark_submit.py:492} INFO - 26/02/12 20:33:32 INFO ShutdownHookManager: Deleting directory /tmp/spark-29089dce-cd7c-497d-bbad-8c81400f49c5/pyspark-4ffa0ed9-44d1-4abe-bf2d-f85c11b82eec
[2026-02-12T20:33:32.321+0000] {taskinstance.py:441} INFO - ::group::Post task execution logs
[2026-02-12T20:33:32.331+0000] {taskinstance.py:1206} INFO - Marking task as SUCCESS. dag_id=twitter_pipeline_2, task_id=transform_twitter_datascience, run_id=scheduled__2026-02-03T00:00:00+00:00, execution_date=20260203T000000, start_date=20260212T203322, end_date=20260212T203332
[2026-02-12T20:33:32.385+0000] {local_task_job_runner.py:243} INFO - Task exited with return code 0
[2026-02-12T20:33:32.399+0000] {taskinstance.py:3503} INFO - 0 downstream tasks scheduled from follow-on schedule check
[2026-02-12T20:33:32.401+0000] {local_task_job_runner.py:222} INFO - ::endgroup::
