[2026-02-12T23:30:23.814+0000] {local_task_job_runner.py:120} INFO - ::group::Pre task execution logs
[2026-02-12T23:30:23.830+0000] {taskinstance.py:2076} INFO - Dependencies all met for dep_context=non-requeueable deps ti=<TaskInstance: twitter_pipeline_2.transform_twitter_datascience scheduled__2026-02-02T00:00:00+00:00 [queued]>
[2026-02-12T23:30:23.836+0000] {taskinstance.py:2076} INFO - Dependencies all met for dep_context=requeueable deps ti=<TaskInstance: twitter_pipeline_2.transform_twitter_datascience scheduled__2026-02-02T00:00:00+00:00 [queued]>
[2026-02-12T23:30:23.836+0000] {taskinstance.py:2306} INFO - Starting attempt 1 of 1
[2026-02-12T23:30:23.844+0000] {taskinstance.py:2330} INFO - Executing <Task(SparkSubmitOperator): transform_twitter_datascience> on 2026-02-02 00:00:00+00:00
[2026-02-12T23:30:23.850+0000] {standard_task_runner.py:64} INFO - Started process 533 to run task
[2026-02-12T23:30:23.853+0000] {standard_task_runner.py:90} INFO - Running: ['airflow', 'tasks', 'run', 'twitter_pipeline_2', 'transform_twitter_datascience', 'scheduled__2026-02-02T00:00:00+00:00', '--job-id', '164', '--raw', '--subdir', 'DAGS_FOLDER/dag2.py', '--cfg-path', '/tmp/tmp7jf_14it']
[2026-02-12T23:30:23.854+0000] {standard_task_runner.py:91} INFO - Job 164: Subtask transform_twitter_datascience
[2026-02-12T23:30:23.905+0000] {task_command.py:426} INFO - Running <TaskInstance: twitter_pipeline_2.transform_twitter_datascience scheduled__2026-02-02T00:00:00+00:00 [running]> on host 0bc7f8c4ce9d
[2026-02-12T23:30:23.992+0000] {taskinstance.py:2648} INFO - Exporting env vars: AIRFLOW_CTX_DAG_OWNER='airflow' AIRFLOW_CTX_DAG_ID='twitter_pipeline_2' AIRFLOW_CTX_TASK_ID='transform_twitter_datascience' AIRFLOW_CTX_EXECUTION_DATE='2026-02-02T00:00:00+00:00' AIRFLOW_CTX_TRY_NUMBER='1' AIRFLOW_CTX_DAG_RUN_ID='scheduled__2026-02-02T00:00:00+00:00'
[2026-02-12T23:30:23.993+0000] {taskinstance.py:430} INFO - ::endgroup::
[2026-02-12T23:30:24.003+0000] {base.py:84} INFO - Using connection ID 'spark_default' for task execution.
[2026-02-12T23:30:24.004+0000] {spark_submit.py:341} INFO - Spark-Submit cmd: spark-submit --master local --name twitter_transformation --queue root.default /opt/airflow/src/spark/transformation.py --src /opt/airflow/data/raw --dest /opt/airflow/data/silver
[2026-02-12T23:30:25.959+0000] {spark_submit.py:492} INFO - 26/02/12 23:30:25 INFO ShutdownHookManager: Shutdown hook called
[2026-02-12T23:30:25.960+0000] {spark_submit.py:492} INFO - 26/02/12 23:30:25 INFO ShutdownHookManager: Deleting directory /tmp/spark-4cb6327d-66be-40a2-99f2-a8b3c10002ad
[2026-02-12T23:30:26.000+0000] {taskinstance.py:441} INFO - ::group::Post task execution logs
[2026-02-12T23:30:26.009+0000] {taskinstance.py:1206} INFO - Marking task as SUCCESS. dag_id=twitter_pipeline_2, task_id=transform_twitter_datascience, run_id=scheduled__2026-02-02T00:00:00+00:00, execution_date=20260202T000000, start_date=20260212T233023, end_date=20260212T233026
[2026-02-12T23:30:26.029+0000] {local_task_job_runner.py:243} INFO - Task exited with return code 0
[2026-02-12T23:30:26.048+0000] {taskinstance.py:3503} INFO - 1 downstream tasks scheduled from follow-on schedule check
[2026-02-12T23:30:26.050+0000] {local_task_job_runner.py:222} INFO - ::endgroup::
[2026-02-12T23:35:04.890+0000] {local_task_job_runner.py:120} INFO - ::group::Pre task execution logs
[2026-02-12T23:35:04.905+0000] {taskinstance.py:2076} INFO - Dependencies all met for dep_context=non-requeueable deps ti=<TaskInstance: twitter_pipeline_2.transform_twitter_datascience scheduled__2026-02-02T00:00:00+00:00 [queued]>
[2026-02-12T23:35:04.911+0000] {taskinstance.py:2076} INFO - Dependencies all met for dep_context=requeueable deps ti=<TaskInstance: twitter_pipeline_2.transform_twitter_datascience scheduled__2026-02-02T00:00:00+00:00 [queued]>
[2026-02-12T23:35:04.911+0000] {taskinstance.py:2306} INFO - Starting attempt 1 of 1
[2026-02-12T23:35:04.920+0000] {taskinstance.py:2330} INFO - Executing <Task(SparkSubmitOperator): transform_twitter_datascience> on 2026-02-02 00:00:00+00:00
[2026-02-12T23:35:04.925+0000] {standard_task_runner.py:64} INFO - Started process 3283 to run task
[2026-02-12T23:35:04.928+0000] {standard_task_runner.py:90} INFO - Running: ['airflow', 'tasks', 'run', 'twitter_pipeline_2', 'transform_twitter_datascience', 'scheduled__2026-02-02T00:00:00+00:00', '--job-id', '203', '--raw', '--subdir', 'DAGS_FOLDER/dag2.py', '--cfg-path', '/tmp/tmp1kvoscta']
[2026-02-12T23:35:04.930+0000] {standard_task_runner.py:91} INFO - Job 203: Subtask transform_twitter_datascience
[2026-02-12T23:35:04.970+0000] {task_command.py:426} INFO - Running <TaskInstance: twitter_pipeline_2.transform_twitter_datascience scheduled__2026-02-02T00:00:00+00:00 [running]> on host 0bc7f8c4ce9d
[2026-02-12T23:35:05.038+0000] {taskinstance.py:2648} INFO - Exporting env vars: AIRFLOW_CTX_DAG_OWNER='airflow' AIRFLOW_CTX_DAG_ID='twitter_pipeline_2' AIRFLOW_CTX_TASK_ID='transform_twitter_datascience' AIRFLOW_CTX_EXECUTION_DATE='2026-02-02T00:00:00+00:00' AIRFLOW_CTX_TRY_NUMBER='1' AIRFLOW_CTX_DAG_RUN_ID='scheduled__2026-02-02T00:00:00+00:00'
[2026-02-12T23:35:05.038+0000] {taskinstance.py:430} INFO - ::endgroup::
[2026-02-12T23:35:05.046+0000] {base.py:84} INFO - Using connection ID 'spark_default' for task execution.
[2026-02-12T23:35:05.047+0000] {spark_submit.py:341} INFO - Spark-Submit cmd: spark-submit --master local --name twitter_transformation --queue root.default /opt/airflow/src/spark/transformation.py --src /opt/airflow/data/raw --dest /opt/airflow/data/silver
[2026-02-12T23:35:06.877+0000] {spark_submit.py:492} INFO - 26/02/12 23:35:06 INFO SparkContext: Running Spark version 3.4.1
[2026-02-12T23:35:06.921+0000] {spark_submit.py:492} INFO - 26/02/12 23:35:06 WARN NativeCodeLoader: Unable to load native-hadoop library for your platform... using builtin-java classes where applicable
[2026-02-12T23:35:06.981+0000] {spark_submit.py:492} INFO - 26/02/12 23:35:06 INFO ResourceUtils: ==============================================================
[2026-02-12T23:35:06.981+0000] {spark_submit.py:492} INFO - 26/02/12 23:35:06 INFO ResourceUtils: No custom resources configured for spark.driver.
[2026-02-12T23:35:06.981+0000] {spark_submit.py:492} INFO - 26/02/12 23:35:06 INFO ResourceUtils: ==============================================================
[2026-02-12T23:35:06.982+0000] {spark_submit.py:492} INFO - 26/02/12 23:35:06 INFO SparkContext: Submitted application: twitter_transformation
[2026-02-12T23:35:06.999+0000] {spark_submit.py:492} INFO - 26/02/12 23:35:06 INFO ResourceProfile: Default ResourceProfile created, executor resources: Map(cores -> name: cores, amount: 1, script: , vendor: , memory -> name: memory, amount: 1024, script: , vendor: , offHeap -> name: offHeap, amount: 0, script: , vendor: ), task resources: Map(cpus -> name: cpus, amount: 1.0)
[2026-02-12T23:35:07.005+0000] {spark_submit.py:492} INFO - 26/02/12 23:35:07 INFO ResourceProfile: Limiting resource is cpu
[2026-02-12T23:35:07.006+0000] {spark_submit.py:492} INFO - 26/02/12 23:35:07 INFO ResourceProfileManager: Added ResourceProfile id: 0
[2026-02-12T23:35:07.044+0000] {spark_submit.py:492} INFO - 26/02/12 23:35:07 INFO SecurityManager: Changing view acls to: default
[2026-02-12T23:35:07.045+0000] {spark_submit.py:492} INFO - 26/02/12 23:35:07 INFO SecurityManager: Changing modify acls to: default
[2026-02-12T23:35:07.045+0000] {spark_submit.py:492} INFO - 26/02/12 23:35:07 INFO SecurityManager: Changing view acls groups to:
[2026-02-12T23:35:07.045+0000] {spark_submit.py:492} INFO - 26/02/12 23:35:07 INFO SecurityManager: Changing modify acls groups to:
[2026-02-12T23:35:07.045+0000] {spark_submit.py:492} INFO - 26/02/12 23:35:07 INFO SecurityManager: SecurityManager: authentication disabled; ui acls disabled; users with view permissions: default; groups with view permissions: EMPTY; users with modify permissions: default; groups with modify permissions: EMPTY
[2026-02-12T23:35:07.219+0000] {spark_submit.py:492} INFO - 26/02/12 23:35:07 INFO Utils: Successfully started service 'sparkDriver' on port 45101.
[2026-02-12T23:35:07.244+0000] {spark_submit.py:492} INFO - 26/02/12 23:35:07 INFO SparkEnv: Registering MapOutputTracker
[2026-02-12T23:35:07.273+0000] {spark_submit.py:492} INFO - 26/02/12 23:35:07 INFO SparkEnv: Registering BlockManagerMaster
[2026-02-12T23:35:07.286+0000] {spark_submit.py:492} INFO - 26/02/12 23:35:07 INFO BlockManagerMasterEndpoint: Using org.apache.spark.storage.DefaultTopologyMapper for getting topology information
[2026-02-12T23:35:07.286+0000] {spark_submit.py:492} INFO - 26/02/12 23:35:07 INFO BlockManagerMasterEndpoint: BlockManagerMasterEndpoint up
[2026-02-12T23:35:07.290+0000] {spark_submit.py:492} INFO - 26/02/12 23:35:07 INFO SparkEnv: Registering BlockManagerMasterHeartbeat
[2026-02-12T23:35:07.305+0000] {spark_submit.py:492} INFO - 26/02/12 23:35:07 INFO DiskBlockManager: Created local directory at /tmp/blockmgr-2e730502-2556-4f8b-a04b-811bd4bc81ce
[2026-02-12T23:35:07.316+0000] {spark_submit.py:492} INFO - 26/02/12 23:35:07 INFO MemoryStore: MemoryStore started with capacity 434.4 MiB
[2026-02-12T23:35:07.326+0000] {spark_submit.py:492} INFO - 26/02/12 23:35:07 INFO SparkEnv: Registering OutputCommitCoordinator
[2026-02-12T23:35:07.413+0000] {spark_submit.py:492} INFO - 26/02/12 23:35:07 INFO JettyUtils: Start Jetty 0.0.0.0:4040 for SparkUI
[2026-02-12T23:35:07.456+0000] {spark_submit.py:492} INFO - 26/02/12 23:35:07 INFO Utils: Successfully started service 'SparkUI' on port 4040.
[2026-02-12T23:35:07.524+0000] {spark_submit.py:492} INFO - 26/02/12 23:35:07 INFO Executor: Starting executor ID driver on host 0bc7f8c4ce9d
[2026-02-12T23:35:07.527+0000] {spark_submit.py:492} INFO - 26/02/12 23:35:07 INFO Executor: Starting executor with user classpath (userClassPathFirst = false): ''
[2026-02-12T23:35:07.538+0000] {spark_submit.py:492} INFO - 26/02/12 23:35:07 INFO Utils: Successfully started service 'org.apache.spark.network.netty.NettyBlockTransferService' on port 38999.
[2026-02-12T23:35:07.538+0000] {spark_submit.py:492} INFO - 26/02/12 23:35:07 INFO NettyBlockTransferService: Server created on 0bc7f8c4ce9d:38999
[2026-02-12T23:35:07.539+0000] {spark_submit.py:492} INFO - 26/02/12 23:35:07 INFO BlockManager: Using org.apache.spark.storage.RandomBlockReplicationPolicy for block replication policy
[2026-02-12T23:35:07.543+0000] {spark_submit.py:492} INFO - 26/02/12 23:35:07 INFO BlockManagerMaster: Registering BlockManager BlockManagerId(driver, 0bc7f8c4ce9d, 38999, None)
[2026-02-12T23:35:07.545+0000] {spark_submit.py:492} INFO - 26/02/12 23:35:07 INFO BlockManagerMasterEndpoint: Registering block manager 0bc7f8c4ce9d:38999 with 434.4 MiB RAM, BlockManagerId(driver, 0bc7f8c4ce9d, 38999, None)
[2026-02-12T23:35:07.547+0000] {spark_submit.py:492} INFO - 26/02/12 23:35:07 INFO BlockManagerMaster: Registered BlockManager BlockManagerId(driver, 0bc7f8c4ce9d, 38999, None)
[2026-02-12T23:35:07.547+0000] {spark_submit.py:492} INFO - 26/02/12 23:35:07 INFO BlockManager: Initialized BlockManager: BlockManagerId(driver, 0bc7f8c4ce9d, 38999, None)
[2026-02-12T23:35:07.808+0000] {spark_submit.py:492} INFO - 26/02/12 23:35:07 INFO SharedState: Setting hive.metastore.warehouse.dir ('null') to the value of spark.sql.warehouse.dir.
[2026-02-12T23:35:07.813+0000] {spark_submit.py:492} INFO - 26/02/12 23:35:07 INFO SharedState: Warehouse path is 'file:/opt/airflow/spark-warehouse'.
[2026-02-12T23:35:08.358+0000] {spark_submit.py:492} INFO - 26/02/12 23:35:08 INFO InMemoryFileIndex: It took 47 ms to list leaf files for 1 paths.
[2026-02-12T23:35:08.411+0000] {spark_submit.py:492} INFO - 26/02/12 23:35:08 INFO InMemoryFileIndex: It took 7 ms to list leaf files for 12 paths.
[2026-02-12T23:35:09.709+0000] {spark_submit.py:492} INFO - 26/02/12 23:35:09 INFO FileSourceStrategy: Pushed Filters:
[2026-02-12T23:35:09.718+0000] {spark_submit.py:492} INFO - 26/02/12 23:35:09 INFO FileSourceStrategy: Post-Scan Filters:
[2026-02-12T23:35:09.873+0000] {spark_submit.py:492} INFO - 26/02/12 23:35:09 INFO MemoryStore: Block broadcast_0 stored as values in memory (estimated size 199.2 KiB, free 434.2 MiB)
[2026-02-12T23:35:09.915+0000] {spark_submit.py:492} INFO - 26/02/12 23:35:09 INFO MemoryStore: Block broadcast_0_piece0 stored as bytes in memory (estimated size 34.2 KiB, free 434.2 MiB)
[2026-02-12T23:35:09.918+0000] {spark_submit.py:492} INFO - 26/02/12 23:35:09 INFO BlockManagerInfo: Added broadcast_0_piece0 in memory on 0bc7f8c4ce9d:38999 (size: 34.2 KiB, free: 434.4 MiB)
[2026-02-12T23:35:09.921+0000] {spark_submit.py:492} INFO - 26/02/12 23:35:09 INFO SparkContext: Created broadcast 0 from json at NativeMethodAccessorImpl.java:0
[2026-02-12T23:35:09.928+0000] {spark_submit.py:492} INFO - 26/02/12 23:35:09 INFO FileSourceScanExec: Planning scan with bin packing, max size: 50383680 bytes, open cost is considered as scanning 4194304 bytes.
[2026-02-12T23:35:10.032+0000] {spark_submit.py:492} INFO - 26/02/12 23:35:10 INFO SparkContext: Starting job: json at NativeMethodAccessorImpl.java:0
[2026-02-12T23:35:10.041+0000] {spark_submit.py:492} INFO - 26/02/12 23:35:10 INFO DAGScheduler: Got job 0 (json at NativeMethodAccessorImpl.java:0) with 1 output partitions
[2026-02-12T23:35:10.041+0000] {spark_submit.py:492} INFO - 26/02/12 23:35:10 INFO DAGScheduler: Final stage: ResultStage 0 (json at NativeMethodAccessorImpl.java:0)
[2026-02-12T23:35:10.041+0000] {spark_submit.py:492} INFO - 26/02/12 23:35:10 INFO DAGScheduler: Parents of final stage: List()
[2026-02-12T23:35:10.042+0000] {spark_submit.py:492} INFO - 26/02/12 23:35:10 INFO DAGScheduler: Missing parents: List()
[2026-02-12T23:35:10.044+0000] {spark_submit.py:492} INFO - 26/02/12 23:35:10 INFO DAGScheduler: Submitting ResultStage 0 (MapPartitionsRDD[3] at json at NativeMethodAccessorImpl.java:0), which has no missing parents
[2026-02-12T23:35:10.096+0000] {spark_submit.py:492} INFO - 26/02/12 23:35:10 INFO MemoryStore: Block broadcast_1 stored as values in memory (estimated size 15.0 KiB, free 434.2 MiB)
[2026-02-12T23:35:10.104+0000] {spark_submit.py:492} INFO - 26/02/12 23:35:10 INFO MemoryStore: Block broadcast_1_piece0 stored as bytes in memory (estimated size 7.2 KiB, free 434.2 MiB)
[2026-02-12T23:35:10.105+0000] {spark_submit.py:492} INFO - 26/02/12 23:35:10 INFO BlockManagerInfo: Added broadcast_1_piece0 in memory on 0bc7f8c4ce9d:38999 (size: 7.2 KiB, free: 434.4 MiB)
[2026-02-12T23:35:10.106+0000] {spark_submit.py:492} INFO - 26/02/12 23:35:10 INFO SparkContext: Created broadcast 1 from broadcast at DAGScheduler.scala:1535
[2026-02-12T23:35:10.116+0000] {spark_submit.py:492} INFO - 26/02/12 23:35:10 INFO DAGScheduler: Submitting 1 missing tasks from ResultStage 0 (MapPartitionsRDD[3] at json at NativeMethodAccessorImpl.java:0) (first 15 tasks are for partitions Vector(0))
[2026-02-12T23:35:10.117+0000] {spark_submit.py:492} INFO - 26/02/12 23:35:10 INFO TaskSchedulerImpl: Adding task set 0.0 with 1 tasks resource profile 0
[2026-02-12T23:35:10.151+0000] {spark_submit.py:492} INFO - 26/02/12 23:35:10 INFO TaskSetManager: Starting task 0.0 in stage 0.0 (TID 0) (0bc7f8c4ce9d, executor driver, partition 0, PROCESS_LOCAL, 9064 bytes)
[2026-02-12T23:35:10.161+0000] {spark_submit.py:492} INFO - 26/02/12 23:35:10 INFO Executor: Running task 0.0 in stage 0.0 (TID 0)
[2026-02-12T23:35:10.250+0000] {spark_submit.py:492} INFO - 26/02/12 23:35:10 INFO FileScanRDD: Reading File path: file:///opt/airflow/data/raw/tweets_2026-02-12.json, range: 0-7081, partition values: [empty row]
[2026-02-12T23:35:10.419+0000] {spark_submit.py:492} INFO - 26/02/12 23:35:10 INFO CodeGenerator: Code generated in 140.952354 ms
[2026-02-12T23:35:10.460+0000] {spark_submit.py:492} INFO - 26/02/12 23:35:10 INFO FileScanRDD: Reading File path: file:///opt/airflow/data/raw/tweets_2026-02-10.json, range: 0-6957, partition values: [empty row]
[2026-02-12T23:35:10.468+0000] {spark_submit.py:492} INFO - 26/02/12 23:35:10 INFO FileScanRDD: Reading File path: file:///opt/airflow/data/raw/tweets_2026-02-03.json, range: 0-6876, partition values: [empty row]
[2026-02-12T23:35:10.473+0000] {spark_submit.py:492} INFO - 26/02/12 23:35:10 INFO FileScanRDD: Reading File path: file:///opt/airflow/data/raw/tweets_2026-02-07.json, range: 0-3508, partition values: [empty row]
[2026-02-12T23:35:10.477+0000] {spark_submit.py:492} INFO - 26/02/12 23:35:10 INFO FileScanRDD: Reading File path: file:///opt/airflow/data/raw/tweets_2026-02-02.json, range: 0-3495, partition values: [empty row]
[2026-02-12T23:35:10.480+0000] {spark_submit.py:492} INFO - 26/02/12 23:35:10 INFO FileScanRDD: Reading File path: file:///opt/airflow/data/raw/tweets_2026-02-01.json, range: 0-3492, partition values: [empty row]
[2026-02-12T23:35:10.482+0000] {spark_submit.py:492} INFO - 26/02/12 23:35:10 INFO FileScanRDD: Reading File path: file:///opt/airflow/data/raw/tweets_2026-02-05.json, range: 0-3482, partition values: [empty row]
[2026-02-12T23:35:10.486+0000] {spark_submit.py:492} INFO - 26/02/12 23:35:10 INFO FileScanRDD: Reading File path: file:///opt/airflow/data/raw/tweets_2026-02-08.json, range: 0-3449, partition values: [empty row]
[2026-02-12T23:35:10.488+0000] {spark_submit.py:492} INFO - 26/02/12 23:35:10 INFO FileScanRDD: Reading File path: file:///opt/airflow/data/raw/tweets_2026-02-09.json, range: 0-3435, partition values: [empty row]
[2026-02-12T23:35:10.491+0000] {spark_submit.py:492} INFO - 26/02/12 23:35:10 INFO FileScanRDD: Reading File path: file:///opt/airflow/data/raw/tweets_2026-02-11.json, range: 0-3424, partition values: [empty row]
[2026-02-12T23:35:10.494+0000] {spark_submit.py:492} INFO - 26/02/12 23:35:10 INFO FileScanRDD: Reading File path: file:///opt/airflow/data/raw/tweets_2026-02-04.json, range: 0-3422, partition values: [empty row]
[2026-02-12T23:35:10.496+0000] {spark_submit.py:492} INFO - 26/02/12 23:35:10 INFO FileScanRDD: Reading File path: file:///opt/airflow/data/raw/tweets_2026-02-06.json, range: 0-3411, partition values: [empty row]
[2026-02-12T23:35:10.513+0000] {spark_submit.py:492} INFO - 26/02/12 23:35:10 INFO Executor: Finished task 0.0 in stage 0.0 (TID 0). 2606 bytes result sent to driver
[2026-02-12T23:35:10.520+0000] {spark_submit.py:492} INFO - 26/02/12 23:35:10 INFO TaskSetManager: Finished task 0.0 in stage 0.0 (TID 0) in 376 ms on 0bc7f8c4ce9d (executor driver) (1/1)
[2026-02-12T23:35:10.522+0000] {spark_submit.py:492} INFO - 26/02/12 23:35:10 INFO TaskSchedulerImpl: Removed TaskSet 0.0, whose tasks have all completed, from pool
[2026-02-12T23:35:10.526+0000] {spark_submit.py:492} INFO - 26/02/12 23:35:10 INFO DAGScheduler: ResultStage 0 (json at NativeMethodAccessorImpl.java:0) finished in 0.474 s
[2026-02-12T23:35:10.528+0000] {spark_submit.py:492} INFO - 26/02/12 23:35:10 INFO DAGScheduler: Job 0 is finished. Cancelling potential speculative or zombie tasks for this job
[2026-02-12T23:35:10.528+0000] {spark_submit.py:492} INFO - 26/02/12 23:35:10 INFO TaskSchedulerImpl: Killing all running tasks in stage 0: Stage finished
[2026-02-12T23:35:10.530+0000] {spark_submit.py:492} INFO - 26/02/12 23:35:10 INFO DAGScheduler: Job 0 finished: json at NativeMethodAccessorImpl.java:0, took 0.497537 s
[2026-02-12T23:35:10.792+0000] {spark_submit.py:492} INFO - 26/02/12 23:35:10 INFO FileSourceStrategy: Pushed Filters:
[2026-02-12T23:35:10.793+0000] {spark_submit.py:492} INFO - 26/02/12 23:35:10 INFO FileSourceStrategy: Post-Scan Filters:
[2026-02-12T23:35:10.840+0000] {spark_submit.py:492} INFO - 26/02/12 23:35:10 INFO ParquetUtils: Using default output committer for Parquet: org.apache.parquet.hadoop.ParquetOutputCommitter
[2026-02-12T23:35:10.853+0000] {spark_submit.py:492} INFO - 26/02/12 23:35:10 INFO FileOutputCommitter: File Output Committer Algorithm version is 1
[2026-02-12T23:35:10.853+0000] {spark_submit.py:492} INFO - 26/02/12 23:35:10 INFO FileOutputCommitter: FileOutputCommitter skip cleanup _temporary folders under output directory:false, ignore cleanup failures: false
[2026-02-12T23:35:10.854+0000] {spark_submit.py:492} INFO - 26/02/12 23:35:10 INFO SQLHadoopMapReduceCommitProtocol: Using user defined output committer class org.apache.parquet.hadoop.ParquetOutputCommitter
[2026-02-12T23:35:10.854+0000] {spark_submit.py:492} INFO - 26/02/12 23:35:10 INFO FileOutputCommitter: File Output Committer Algorithm version is 1
[2026-02-12T23:35:10.854+0000] {spark_submit.py:492} INFO - 26/02/12 23:35:10 INFO FileOutputCommitter: FileOutputCommitter skip cleanup _temporary folders under output directory:false, ignore cleanup failures: false
[2026-02-12T23:35:10.854+0000] {spark_submit.py:492} INFO - 26/02/12 23:35:10 INFO SQLHadoopMapReduceCommitProtocol: Using output committer class org.apache.parquet.hadoop.ParquetOutputCommitter
[2026-02-12T23:35:10.944+0000] {spark_submit.py:492} INFO - 26/02/12 23:35:10 INFO CodeGenerator: Code generated in 39.902769 ms
[2026-02-12T23:35:10.948+0000] {spark_submit.py:492} INFO - 26/02/12 23:35:10 INFO MemoryStore: Block broadcast_2 stored as values in memory (estimated size 199.1 KiB, free 434.0 MiB)
[2026-02-12T23:35:10.958+0000] {spark_submit.py:492} INFO - 26/02/12 23:35:10 INFO MemoryStore: Block broadcast_2_piece0 stored as bytes in memory (estimated size 34.1 KiB, free 433.9 MiB)
[2026-02-12T23:35:10.959+0000] {spark_submit.py:492} INFO - 26/02/12 23:35:10 INFO BlockManagerInfo: Added broadcast_2_piece0 in memory on 0bc7f8c4ce9d:38999 (size: 34.1 KiB, free: 434.3 MiB)
[2026-02-12T23:35:10.960+0000] {spark_submit.py:492} INFO - 26/02/12 23:35:10 INFO SparkContext: Created broadcast 2 from parquet at NativeMethodAccessorImpl.java:0
[2026-02-12T23:35:10.964+0000] {spark_submit.py:492} INFO - 26/02/12 23:35:10 INFO FileSourceScanExec: Planning scan with bin packing, max size: 50383680 bytes, open cost is considered as scanning 4194304 bytes.
[2026-02-12T23:35:11.006+0000] {spark_submit.py:492} INFO - 26/02/12 23:35:11 INFO SparkContext: Starting job: parquet at NativeMethodAccessorImpl.java:0
[2026-02-12T23:35:11.008+0000] {spark_submit.py:492} INFO - 26/02/12 23:35:11 INFO DAGScheduler: Got job 1 (parquet at NativeMethodAccessorImpl.java:0) with 1 output partitions
[2026-02-12T23:35:11.008+0000] {spark_submit.py:492} INFO - 26/02/12 23:35:11 INFO DAGScheduler: Final stage: ResultStage 1 (parquet at NativeMethodAccessorImpl.java:0)
[2026-02-12T23:35:11.008+0000] {spark_submit.py:492} INFO - 26/02/12 23:35:11 INFO DAGScheduler: Parents of final stage: List()
[2026-02-12T23:35:11.008+0000] {spark_submit.py:492} INFO - 26/02/12 23:35:11 INFO DAGScheduler: Missing parents: List()
[2026-02-12T23:35:11.009+0000] {spark_submit.py:492} INFO - 26/02/12 23:35:11 INFO DAGScheduler: Submitting ResultStage 1 (MapPartitionsRDD[7] at parquet at NativeMethodAccessorImpl.java:0), which has no missing parents
[2026-02-12T23:35:11.038+0000] {spark_submit.py:492} INFO - 26/02/12 23:35:11 INFO MemoryStore: Block broadcast_3 stored as values in memory (estimated size 236.4 KiB, free 433.7 MiB)
[2026-02-12T23:35:11.041+0000] {spark_submit.py:492} INFO - 26/02/12 23:35:11 INFO MemoryStore: Block broadcast_3_piece0 stored as bytes in memory (estimated size 86.3 KiB, free 433.6 MiB)
[2026-02-12T23:35:11.041+0000] {spark_submit.py:492} INFO - 26/02/12 23:35:11 INFO BlockManagerInfo: Added broadcast_3_piece0 in memory on 0bc7f8c4ce9d:38999 (size: 86.3 KiB, free: 434.2 MiB)
[2026-02-12T23:35:11.042+0000] {spark_submit.py:492} INFO - 26/02/12 23:35:11 INFO SparkContext: Created broadcast 3 from broadcast at DAGScheduler.scala:1535
[2026-02-12T23:35:11.043+0000] {spark_submit.py:492} INFO - 26/02/12 23:35:11 INFO DAGScheduler: Submitting 1 missing tasks from ResultStage 1 (MapPartitionsRDD[7] at parquet at NativeMethodAccessorImpl.java:0) (first 15 tasks are for partitions Vector(0))
[2026-02-12T23:35:11.043+0000] {spark_submit.py:492} INFO - 26/02/12 23:35:11 INFO TaskSchedulerImpl: Adding task set 1.0 with 1 tasks resource profile 0
[2026-02-12T23:35:11.046+0000] {spark_submit.py:492} INFO - 26/02/12 23:35:11 INFO TaskSetManager: Starting task 0.0 in stage 1.0 (TID 1) (0bc7f8c4ce9d, executor driver, partition 0, PROCESS_LOCAL, 9064 bytes)
[2026-02-12T23:35:11.047+0000] {spark_submit.py:492} INFO - 26/02/12 23:35:11 INFO Executor: Running task 0.0 in stage 1.0 (TID 1)
[2026-02-12T23:35:11.123+0000] {spark_submit.py:492} INFO - 26/02/12 23:35:11 INFO CodeGenerator: Code generated in 15.911671 ms
[2026-02-12T23:35:11.143+0000] {spark_submit.py:492} INFO - 26/02/12 23:35:11 INFO CodeGenerator: Code generated in 10.02446 ms
[2026-02-12T23:35:11.152+0000] {spark_submit.py:492} INFO - 26/02/12 23:35:11 INFO FileOutputCommitter: File Output Committer Algorithm version is 1
[2026-02-12T23:35:11.152+0000] {spark_submit.py:492} INFO - 26/02/12 23:35:11 INFO FileOutputCommitter: FileOutputCommitter skip cleanup _temporary folders under output directory:false, ignore cleanup failures: false
[2026-02-12T23:35:11.152+0000] {spark_submit.py:492} INFO - 26/02/12 23:35:11 INFO SQLHadoopMapReduceCommitProtocol: Using user defined output committer class org.apache.parquet.hadoop.ParquetOutputCommitter
[2026-02-12T23:35:11.152+0000] {spark_submit.py:492} INFO - 26/02/12 23:35:11 INFO FileOutputCommitter: File Output Committer Algorithm version is 1
[2026-02-12T23:35:11.153+0000] {spark_submit.py:492} INFO - 26/02/12 23:35:11 INFO FileOutputCommitter: FileOutputCommitter skip cleanup _temporary folders under output directory:false, ignore cleanup failures: false
[2026-02-12T23:35:11.153+0000] {spark_submit.py:492} INFO - 26/02/12 23:35:11 INFO SQLHadoopMapReduceCommitProtocol: Using output committer class org.apache.parquet.hadoop.ParquetOutputCommitter
[2026-02-12T23:35:11.179+0000] {spark_submit.py:492} INFO - 26/02/12 23:35:11 INFO CodeGenerator: Code generated in 14.723738 ms
[2026-02-12T23:35:11.181+0000] {spark_submit.py:492} INFO - 26/02/12 23:35:11 INFO FileScanRDD: Reading File path: file:///opt/airflow/data/raw/tweets_2026-02-12.json, range: 0-7081, partition values: [empty row]
[2026-02-12T23:35:11.201+0000] {spark_submit.py:492} INFO - 26/02/12 23:35:11 INFO CodeGenerator: Code generated in 13.951146 ms
[2026-02-12T23:35:11.227+0000] {spark_submit.py:492} INFO - 26/02/12 23:35:11 INFO FileScanRDD: Reading File path: file:///opt/airflow/data/raw/tweets_2026-02-10.json, range: 0-6957, partition values: [empty row]
[2026-02-12T23:35:11.234+0000] {spark_submit.py:492} INFO - 26/02/12 23:35:11 INFO FileScanRDD: Reading File path: file:///opt/airflow/data/raw/tweets_2026-02-03.json, range: 0-6876, partition values: [empty row]
[2026-02-12T23:35:11.236+0000] {spark_submit.py:492} INFO - 26/02/12 23:35:11 INFO BlockManagerInfo: Removed broadcast_1_piece0 on 0bc7f8c4ce9d:38999 in memory (size: 7.2 KiB, free: 434.2 MiB)
[2026-02-12T23:35:11.239+0000] {spark_submit.py:492} INFO - 26/02/12 23:35:11 INFO FileScanRDD: Reading File path: file:///opt/airflow/data/raw/tweets_2026-02-07.json, range: 0-3508, partition values: [empty row]
[2026-02-12T23:35:11.240+0000] {spark_submit.py:492} INFO - 26/02/12 23:35:11 INFO BlockManagerInfo: Removed broadcast_0_piece0 on 0bc7f8c4ce9d:38999 in memory (size: 34.2 KiB, free: 434.3 MiB)
[2026-02-12T23:35:11.242+0000] {spark_submit.py:492} INFO - 26/02/12 23:35:11 INFO FileScanRDD: Reading File path: file:///opt/airflow/data/raw/tweets_2026-02-02.json, range: 0-3495, partition values: [empty row]
[2026-02-12T23:35:11.246+0000] {spark_submit.py:492} INFO - 26/02/12 23:35:11 INFO FileScanRDD: Reading File path: file:///opt/airflow/data/raw/tweets_2026-02-01.json, range: 0-3492, partition values: [empty row]
[2026-02-12T23:35:11.249+0000] {spark_submit.py:492} INFO - 26/02/12 23:35:11 INFO FileScanRDD: Reading File path: file:///opt/airflow/data/raw/tweets_2026-02-05.json, range: 0-3482, partition values: [empty row]
[2026-02-12T23:35:11.252+0000] {spark_submit.py:492} INFO - 26/02/12 23:35:11 INFO FileScanRDD: Reading File path: file:///opt/airflow/data/raw/tweets_2026-02-08.json, range: 0-3449, partition values: [empty row]
[2026-02-12T23:35:11.254+0000] {spark_submit.py:492} INFO - 26/02/12 23:35:11 INFO FileScanRDD: Reading File path: file:///opt/airflow/data/raw/tweets_2026-02-09.json, range: 0-3435, partition values: [empty row]
[2026-02-12T23:35:11.257+0000] {spark_submit.py:492} INFO - 26/02/12 23:35:11 INFO FileScanRDD: Reading File path: file:///opt/airflow/data/raw/tweets_2026-02-11.json, range: 0-3424, partition values: [empty row]
[2026-02-12T23:35:11.259+0000] {spark_submit.py:492} INFO - 26/02/12 23:35:11 INFO FileScanRDD: Reading File path: file:///opt/airflow/data/raw/tweets_2026-02-04.json, range: 0-3422, partition values: [empty row]
[2026-02-12T23:35:11.261+0000] {spark_submit.py:492} INFO - 26/02/12 23:35:11 INFO FileScanRDD: Reading File path: file:///opt/airflow/data/raw/tweets_2026-02-06.json, range: 0-3411, partition values: [empty row]
[2026-02-12T23:35:11.274+0000] {spark_submit.py:492} INFO - 26/02/12 23:35:11 INFO CodeGenerator: Code generated in 5.330734 ms
[2026-02-12T23:35:11.297+0000] {spark_submit.py:492} INFO - 26/02/12 23:35:11 INFO CodeGenerator: Code generated in 14.780456 ms
[2026-02-12T23:35:11.304+0000] {spark_submit.py:492} INFO - 26/02/12 23:35:11 INFO CodecConfig: Compression: SNAPPY
[2026-02-12T23:35:11.305+0000] {spark_submit.py:492} INFO - 26/02/12 23:35:11 INFO CodecConfig: Compression: SNAPPY
[2026-02-12T23:35:11.316+0000] {spark_submit.py:492} INFO - 26/02/12 23:35:11 INFO ParquetOutputFormat: ParquetRecordWriter [block size: 134217728b, row group padding size: 8388608b, validating: false]
[2026-02-12T23:35:11.335+0000] {spark_submit.py:492} INFO - 26/02/12 23:35:11 INFO ParquetWriteSupport: Initialized Parquet WriteSupport with Catalyst schema:
[2026-02-12T23:35:11.335+0000] {spark_submit.py:492} INFO - {
[2026-02-12T23:35:11.335+0000] {spark_submit.py:492} INFO - "type" : "struct",
[2026-02-12T23:35:11.335+0000] {spark_submit.py:492} INFO - "fields" : [ {
[2026-02-12T23:35:11.336+0000] {spark_submit.py:492} INFO - "name" : "user_id",
[2026-02-12T23:35:11.336+0000] {spark_submit.py:492} INFO - "type" : "string",
[2026-02-12T23:35:11.336+0000] {spark_submit.py:492} INFO - "nullable" : true,
[2026-02-12T23:35:11.336+0000] {spark_submit.py:492} INFO - "metadata" : { }
[2026-02-12T23:35:11.336+0000] {spark_submit.py:492} INFO - }, {
[2026-02-12T23:35:11.336+0000] {spark_submit.py:492} INFO - "name" : "thread_id",
[2026-02-12T23:35:11.336+0000] {spark_submit.py:492} INFO - "type" : "string",
[2026-02-12T23:35:11.337+0000] {spark_submit.py:492} INFO - "nullable" : true,
[2026-02-12T23:35:11.337+0000] {spark_submit.py:492} INFO - "metadata" : { }
[2026-02-12T23:35:11.337+0000] {spark_submit.py:492} INFO - }, {
[2026-02-12T23:35:11.337+0000] {spark_submit.py:492} INFO - "name" : "created_at",
[2026-02-12T23:35:11.337+0000] {spark_submit.py:492} INFO - "type" : "string",
[2026-02-12T23:35:11.337+0000] {spark_submit.py:492} INFO - "nullable" : true,
[2026-02-12T23:35:11.337+0000] {spark_submit.py:492} INFO - "metadata" : { }
[2026-02-12T23:35:11.337+0000] {spark_submit.py:492} INFO - }, {
[2026-02-12T23:35:11.337+0000] {spark_submit.py:492} INFO - "name" : "edit_versions_ids",
[2026-02-12T23:35:11.337+0000] {spark_submit.py:492} INFO - "type" : {
[2026-02-12T23:35:11.338+0000] {spark_submit.py:492} INFO - "type" : "array",
[2026-02-12T23:35:11.338+0000] {spark_submit.py:492} INFO - "elementType" : "long",
[2026-02-12T23:35:11.338+0000] {spark_submit.py:492} INFO - "containsNull" : true
[2026-02-12T23:35:11.338+0000] {spark_submit.py:492} INFO - },
[2026-02-12T23:35:11.338+0000] {spark_submit.py:492} INFO - "nullable" : true,
[2026-02-12T23:35:11.338+0000] {spark_submit.py:492} INFO - "metadata" : { }
[2026-02-12T23:35:11.338+0000] {spark_submit.py:492} INFO - }, {
[2026-02-12T23:35:11.338+0000] {spark_submit.py:492} INFO - "name" : "tweet_id",
[2026-02-12T23:35:11.338+0000] {spark_submit.py:492} INFO - "type" : "string",
[2026-02-12T23:35:11.339+0000] {spark_submit.py:492} INFO - "nullable" : true,
[2026-02-12T23:35:11.339+0000] {spark_submit.py:492} INFO - "metadata" : { }
[2026-02-12T23:35:11.339+0000] {spark_submit.py:492} INFO - }, {
[2026-02-12T23:35:11.339+0000] {spark_submit.py:492} INFO - "name" : "reply_to_user_id",
[2026-02-12T23:35:11.339+0000] {spark_submit.py:492} INFO - "type" : "string",
[2026-02-12T23:35:11.339+0000] {spark_submit.py:492} INFO - "nullable" : true,
[2026-02-12T23:35:11.339+0000] {spark_submit.py:492} INFO - "metadata" : { }
[2026-02-12T23:35:11.339+0000] {spark_submit.py:492} INFO - }, {
[2026-02-12T23:35:11.339+0000] {spark_submit.py:492} INFO - "name" : "language",
[2026-02-12T23:35:11.339+0000] {spark_submit.py:492} INFO - "type" : "string",
[2026-02-12T23:35:11.340+0000] {spark_submit.py:492} INFO - "nullable" : true,
[2026-02-12T23:35:11.340+0000] {spark_submit.py:492} INFO - "metadata" : { }
[2026-02-12T23:35:11.340+0000] {spark_submit.py:492} INFO - }, {
[2026-02-12T23:35:11.340+0000] {spark_submit.py:492} INFO - "name" : "tweet_text",
[2026-02-12T23:35:11.340+0000] {spark_submit.py:492} INFO - "type" : "string",
[2026-02-12T23:35:11.340+0000] {spark_submit.py:492} INFO - "nullable" : true,
[2026-02-12T23:35:11.340+0000] {spark_submit.py:492} INFO - "metadata" : { }
[2026-02-12T23:35:11.340+0000] {spark_submit.py:492} INFO - }, {
[2026-02-12T23:35:11.340+0000] {spark_submit.py:492} INFO - "name" : "likes",
[2026-02-12T23:35:11.340+0000] {spark_submit.py:492} INFO - "type" : "long",
[2026-02-12T23:35:11.340+0000] {spark_submit.py:492} INFO - "nullable" : true,
[2026-02-12T23:35:11.340+0000] {spark_submit.py:492} INFO - "metadata" : { }
[2026-02-12T23:35:11.340+0000] {spark_submit.py:492} INFO - }, {
[2026-02-12T23:35:11.341+0000] {spark_submit.py:492} INFO - "name" : "quotes",
[2026-02-12T23:35:11.341+0000] {spark_submit.py:492} INFO - "type" : "long",
[2026-02-12T23:35:11.341+0000] {spark_submit.py:492} INFO - "nullable" : true,
[2026-02-12T23:35:11.341+0000] {spark_submit.py:492} INFO - "metadata" : { }
[2026-02-12T23:35:11.341+0000] {spark_submit.py:492} INFO - }, {
[2026-02-12T23:35:11.341+0000] {spark_submit.py:492} INFO - "name" : "replies",
[2026-02-12T23:35:11.341+0000] {spark_submit.py:492} INFO - "type" : "long",
[2026-02-12T23:35:11.341+0000] {spark_submit.py:492} INFO - "nullable" : true,
[2026-02-12T23:35:11.341+0000] {spark_submit.py:492} INFO - "metadata" : { }
[2026-02-12T23:35:11.341+0000] {spark_submit.py:492} INFO - }, {
[2026-02-12T23:35:11.341+0000] {spark_submit.py:492} INFO - "name" : "retweets",
[2026-02-12T23:35:11.341+0000] {spark_submit.py:492} INFO - "type" : "long",
[2026-02-12T23:35:11.341+0000] {spark_submit.py:492} INFO - "nullable" : true,
[2026-02-12T23:35:11.341+0000] {spark_submit.py:492} INFO - "metadata" : { }
[2026-02-12T23:35:11.342+0000] {spark_submit.py:492} INFO - }, {
[2026-02-12T23:35:11.342+0000] {spark_submit.py:492} INFO - "name" : "processing_date",
[2026-02-12T23:35:11.342+0000] {spark_submit.py:492} INFO - "type" : "date",
[2026-02-12T23:35:11.342+0000] {spark_submit.py:492} INFO - "nullable" : false,
[2026-02-12T23:35:11.342+0000] {spark_submit.py:492} INFO - "metadata" : { }
[2026-02-12T23:35:11.342+0000] {spark_submit.py:492} INFO - } ]
[2026-02-12T23:35:11.342+0000] {spark_submit.py:492} INFO - }
[2026-02-12T23:35:11.342+0000] {spark_submit.py:492} INFO - and corresponding Parquet message type:
[2026-02-12T23:35:11.342+0000] {spark_submit.py:492} INFO - message spark_schema {
[2026-02-12T23:35:11.343+0000] {spark_submit.py:492} INFO - optional binary user_id (STRING);
[2026-02-12T23:35:11.343+0000] {spark_submit.py:492} INFO - optional binary thread_id (STRING);
[2026-02-12T23:35:11.343+0000] {spark_submit.py:492} INFO - optional binary created_at (STRING);
[2026-02-12T23:35:11.343+0000] {spark_submit.py:492} INFO - optional group edit_versions_ids (LIST) {
[2026-02-12T23:35:11.343+0000] {spark_submit.py:492} INFO - repeated group list {
[2026-02-12T23:35:11.343+0000] {spark_submit.py:492} INFO - optional int64 element;
[2026-02-12T23:35:11.343+0000] {spark_submit.py:492} INFO - }
[2026-02-12T23:35:11.343+0000] {spark_submit.py:492} INFO - }
[2026-02-12T23:35:11.343+0000] {spark_submit.py:492} INFO - optional binary tweet_id (STRING);
[2026-02-12T23:35:11.344+0000] {spark_submit.py:492} INFO - optional binary reply_to_user_id (STRING);
[2026-02-12T23:35:11.344+0000] {spark_submit.py:492} INFO - optional binary language (STRING);
[2026-02-12T23:35:11.344+0000] {spark_submit.py:492} INFO - optional binary tweet_text (STRING);
[2026-02-12T23:35:11.344+0000] {spark_submit.py:492} INFO - optional int64 likes;
[2026-02-12T23:35:11.344+0000] {spark_submit.py:492} INFO - optional int64 quotes;
[2026-02-12T23:35:11.344+0000] {spark_submit.py:492} INFO - optional int64 replies;
[2026-02-12T23:35:11.344+0000] {spark_submit.py:492} INFO - optional int64 retweets;
[2026-02-12T23:35:11.345+0000] {spark_submit.py:492} INFO - required int32 processing_date (DATE);
[2026-02-12T23:35:11.345+0000] {spark_submit.py:492} INFO - }
[2026-02-12T23:35:11.345+0000] {spark_submit.py:492} INFO - 
[2026-02-12T23:35:11.345+0000] {spark_submit.py:492} INFO - 
[2026-02-12T23:35:11.383+0000] {spark_submit.py:492} INFO - 26/02/12 23:35:11 INFO CodecPool: Got brand-new compressor [.snappy]
[2026-02-12T23:35:11.678+0000] {spark_submit.py:492} INFO - 26/02/12 23:35:11 INFO CodecConfig: Compression: SNAPPY
[2026-02-12T23:35:11.679+0000] {spark_submit.py:492} INFO - 26/02/12 23:35:11 INFO CodecConfig: Compression: SNAPPY
[2026-02-12T23:35:11.679+0000] {spark_submit.py:492} INFO - 26/02/12 23:35:11 INFO ParquetOutputFormat: ParquetRecordWriter [block size: 134217728b, row group padding size: 8388608b, validating: false]
[2026-02-12T23:35:11.681+0000] {spark_submit.py:492} INFO - 26/02/12 23:35:11 INFO ParquetWriteSupport: Initialized Parquet WriteSupport with Catalyst schema:
[2026-02-12T23:35:11.681+0000] {spark_submit.py:492} INFO - {
[2026-02-12T23:35:11.681+0000] {spark_submit.py:492} INFO - "type" : "struct",
[2026-02-12T23:35:11.681+0000] {spark_submit.py:492} INFO - "fields" : [ {
[2026-02-12T23:35:11.682+0000] {spark_submit.py:492} INFO - "name" : "user_id",
[2026-02-12T23:35:11.682+0000] {spark_submit.py:492} INFO - "type" : "string",
[2026-02-12T23:35:11.682+0000] {spark_submit.py:492} INFO - "nullable" : true,
[2026-02-12T23:35:11.682+0000] {spark_submit.py:492} INFO - "metadata" : { }
[2026-02-12T23:35:11.682+0000] {spark_submit.py:492} INFO - }, {
[2026-02-12T23:35:11.682+0000] {spark_submit.py:492} INFO - "name" : "thread_id",
[2026-02-12T23:35:11.682+0000] {spark_submit.py:492} INFO - "type" : "string",
[2026-02-12T23:35:11.682+0000] {spark_submit.py:492} INFO - "nullable" : true,
[2026-02-12T23:35:11.683+0000] {spark_submit.py:492} INFO - "metadata" : { }
[2026-02-12T23:35:11.683+0000] {spark_submit.py:492} INFO - }, {
[2026-02-12T23:35:11.683+0000] {spark_submit.py:492} INFO - "name" : "created_at",
[2026-02-12T23:35:11.683+0000] {spark_submit.py:492} INFO - "type" : "string",
[2026-02-12T23:35:11.683+0000] {spark_submit.py:492} INFO - "nullable" : true,
[2026-02-12T23:35:11.683+0000] {spark_submit.py:492} INFO - "metadata" : { }
[2026-02-12T23:35:11.683+0000] {spark_submit.py:492} INFO - }, {
[2026-02-12T23:35:11.683+0000] {spark_submit.py:492} INFO - "name" : "edit_versions_ids",
[2026-02-12T23:35:11.684+0000] {spark_submit.py:492} INFO - "type" : {
[2026-02-12T23:35:11.684+0000] {spark_submit.py:492} INFO - "type" : "array",
[2026-02-12T23:35:11.684+0000] {spark_submit.py:492} INFO - "elementType" : "long",
[2026-02-12T23:35:11.684+0000] {spark_submit.py:492} INFO - "containsNull" : true
[2026-02-12T23:35:11.684+0000] {spark_submit.py:492} INFO - },
[2026-02-12T23:35:11.684+0000] {spark_submit.py:492} INFO - "nullable" : true,
[2026-02-12T23:35:11.684+0000] {spark_submit.py:492} INFO - "metadata" : { }
[2026-02-12T23:35:11.684+0000] {spark_submit.py:492} INFO - }, {
[2026-02-12T23:35:11.684+0000] {spark_submit.py:492} INFO - "name" : "tweet_id",
[2026-02-12T23:35:11.685+0000] {spark_submit.py:492} INFO - "type" : "string",
[2026-02-12T23:35:11.685+0000] {spark_submit.py:492} INFO - "nullable" : true,
[2026-02-12T23:35:11.685+0000] {spark_submit.py:492} INFO - "metadata" : { }
[2026-02-12T23:35:11.685+0000] {spark_submit.py:492} INFO - }, {
[2026-02-12T23:35:11.685+0000] {spark_submit.py:492} INFO - "name" : "reply_to_user_id",
[2026-02-12T23:35:11.685+0000] {spark_submit.py:492} INFO - "type" : "string",
[2026-02-12T23:35:11.685+0000] {spark_submit.py:492} INFO - "nullable" : true,
[2026-02-12T23:35:11.685+0000] {spark_submit.py:492} INFO - "metadata" : { }
[2026-02-12T23:35:11.686+0000] {spark_submit.py:492} INFO - }, {
[2026-02-12T23:35:11.686+0000] {spark_submit.py:492} INFO - "name" : "language",
[2026-02-12T23:35:11.686+0000] {spark_submit.py:492} INFO - "type" : "string",
[2026-02-12T23:35:11.686+0000] {spark_submit.py:492} INFO - "nullable" : true,
[2026-02-12T23:35:11.686+0000] {spark_submit.py:492} INFO - "metadata" : { }
[2026-02-12T23:35:11.687+0000] {spark_submit.py:492} INFO - }, {
[2026-02-12T23:35:11.687+0000] {spark_submit.py:492} INFO - "name" : "tweet_text",
[2026-02-12T23:35:11.687+0000] {spark_submit.py:492} INFO - "type" : "string",
[2026-02-12T23:35:11.687+0000] {spark_submit.py:492} INFO - "nullable" : true,
[2026-02-12T23:35:11.687+0000] {spark_submit.py:492} INFO - "metadata" : { }
[2026-02-12T23:35:11.687+0000] {spark_submit.py:492} INFO - }, {
[2026-02-12T23:35:11.687+0000] {spark_submit.py:492} INFO - "name" : "likes",
[2026-02-12T23:35:11.687+0000] {spark_submit.py:492} INFO - "type" : "long",
[2026-02-12T23:35:11.688+0000] {spark_submit.py:492} INFO - "nullable" : true,
[2026-02-12T23:35:11.688+0000] {spark_submit.py:492} INFO - "metadata" : { }
[2026-02-12T23:35:11.688+0000] {spark_submit.py:492} INFO - }, {
[2026-02-12T23:35:11.688+0000] {spark_submit.py:492} INFO - "name" : "quotes",
[2026-02-12T23:35:11.688+0000] {spark_submit.py:492} INFO - "type" : "long",
[2026-02-12T23:35:11.688+0000] {spark_submit.py:492} INFO - "nullable" : true,
[2026-02-12T23:35:11.688+0000] {spark_submit.py:492} INFO - "metadata" : { }
[2026-02-12T23:35:11.688+0000] {spark_submit.py:492} INFO - }, {
[2026-02-12T23:35:11.688+0000] {spark_submit.py:492} INFO - "name" : "replies",
[2026-02-12T23:35:11.688+0000] {spark_submit.py:492} INFO - "type" : "long",
[2026-02-12T23:35:11.689+0000] {spark_submit.py:492} INFO - "nullable" : true,
[2026-02-12T23:35:11.689+0000] {spark_submit.py:492} INFO - "metadata" : { }
[2026-02-12T23:35:11.689+0000] {spark_submit.py:492} INFO - }, {
[2026-02-12T23:35:11.689+0000] {spark_submit.py:492} INFO - "name" : "retweets",
[2026-02-12T23:35:11.689+0000] {spark_submit.py:492} INFO - "type" : "long",
[2026-02-12T23:35:11.689+0000] {spark_submit.py:492} INFO - "nullable" : true,
[2026-02-12T23:35:11.689+0000] {spark_submit.py:492} INFO - "metadata" : { }
[2026-02-12T23:35:11.689+0000] {spark_submit.py:492} INFO - }, {
[2026-02-12T23:35:11.689+0000] {spark_submit.py:492} INFO - "name" : "processing_date",
[2026-02-12T23:35:11.689+0000] {spark_submit.py:492} INFO - "type" : "date",
[2026-02-12T23:35:11.689+0000] {spark_submit.py:492} INFO - "nullable" : false,
[2026-02-12T23:35:11.689+0000] {spark_submit.py:492} INFO - "metadata" : { }
[2026-02-12T23:35:11.689+0000] {spark_submit.py:492} INFO - } ]
[2026-02-12T23:35:11.690+0000] {spark_submit.py:492} INFO - }
[2026-02-12T23:35:11.690+0000] {spark_submit.py:492} INFO - and corresponding Parquet message type:
[2026-02-12T23:35:11.690+0000] {spark_submit.py:492} INFO - message spark_schema {
[2026-02-12T23:35:11.690+0000] {spark_submit.py:492} INFO - optional binary user_id (STRING);
[2026-02-12T23:35:11.690+0000] {spark_submit.py:492} INFO - optional binary thread_id (STRING);
[2026-02-12T23:35:11.690+0000] {spark_submit.py:492} INFO - optional binary created_at (STRING);
[2026-02-12T23:35:11.690+0000] {spark_submit.py:492} INFO - optional group edit_versions_ids (LIST) {
[2026-02-12T23:35:11.690+0000] {spark_submit.py:492} INFO - repeated group list {
[2026-02-12T23:35:11.690+0000] {spark_submit.py:492} INFO - optional int64 element;
[2026-02-12T23:35:11.690+0000] {spark_submit.py:492} INFO - }
[2026-02-12T23:35:11.691+0000] {spark_submit.py:492} INFO - }
[2026-02-12T23:35:11.691+0000] {spark_submit.py:492} INFO - optional binary tweet_id (STRING);
[2026-02-12T23:35:11.691+0000] {spark_submit.py:492} INFO - optional binary reply_to_user_id (STRING);
[2026-02-12T23:35:11.691+0000] {spark_submit.py:492} INFO - optional binary language (STRING);
[2026-02-12T23:35:11.691+0000] {spark_submit.py:492} INFO - optional binary tweet_text (STRING);
[2026-02-12T23:35:11.691+0000] {spark_submit.py:492} INFO - optional int64 likes;
[2026-02-12T23:35:11.691+0000] {spark_submit.py:492} INFO - optional int64 quotes;
[2026-02-12T23:35:11.691+0000] {spark_submit.py:492} INFO - optional int64 replies;
[2026-02-12T23:35:11.691+0000] {spark_submit.py:492} INFO - optional int64 retweets;
[2026-02-12T23:35:11.692+0000] {spark_submit.py:492} INFO - required int32 processing_date (DATE);
[2026-02-12T23:35:11.692+0000] {spark_submit.py:492} INFO - }
[2026-02-12T23:35:11.692+0000] {spark_submit.py:492} INFO - 
[2026-02-12T23:35:11.692+0000] {spark_submit.py:492} INFO - 
[2026-02-12T23:35:11.705+0000] {spark_submit.py:492} INFO - 26/02/12 23:35:11 INFO CodecConfig: Compression: SNAPPY
[2026-02-12T23:35:11.706+0000] {spark_submit.py:492} INFO - 26/02/12 23:35:11 INFO CodecConfig: Compression: SNAPPY
[2026-02-12T23:35:11.706+0000] {spark_submit.py:492} INFO - 26/02/12 23:35:11 INFO ParquetOutputFormat: ParquetRecordWriter [block size: 134217728b, row group padding size: 8388608b, validating: false]
[2026-02-12T23:35:11.708+0000] {spark_submit.py:492} INFO - 26/02/12 23:35:11 INFO ParquetWriteSupport: Initialized Parquet WriteSupport with Catalyst schema:
[2026-02-12T23:35:11.708+0000] {spark_submit.py:492} INFO - {
[2026-02-12T23:35:11.709+0000] {spark_submit.py:492} INFO - "type" : "struct",
[2026-02-12T23:35:11.709+0000] {spark_submit.py:492} INFO - "fields" : [ {
[2026-02-12T23:35:11.709+0000] {spark_submit.py:492} INFO - "name" : "user_id",
[2026-02-12T23:35:11.709+0000] {spark_submit.py:492} INFO - "type" : "string",
[2026-02-12T23:35:11.709+0000] {spark_submit.py:492} INFO - "nullable" : true,
[2026-02-12T23:35:11.709+0000] {spark_submit.py:492} INFO - "metadata" : { }
[2026-02-12T23:35:11.709+0000] {spark_submit.py:492} INFO - }, {
[2026-02-12T23:35:11.709+0000] {spark_submit.py:492} INFO - "name" : "thread_id",
[2026-02-12T23:35:11.709+0000] {spark_submit.py:492} INFO - "type" : "string",
[2026-02-12T23:35:11.709+0000] {spark_submit.py:492} INFO - "nullable" : true,
[2026-02-12T23:35:11.709+0000] {spark_submit.py:492} INFO - "metadata" : { }
[2026-02-12T23:35:11.709+0000] {spark_submit.py:492} INFO - }, {
[2026-02-12T23:35:11.709+0000] {spark_submit.py:492} INFO - "name" : "created_at",
[2026-02-12T23:35:11.710+0000] {spark_submit.py:492} INFO - "type" : "string",
[2026-02-12T23:35:11.710+0000] {spark_submit.py:492} INFO - "nullable" : true,
[2026-02-12T23:35:11.710+0000] {spark_submit.py:492} INFO - "metadata" : { }
[2026-02-12T23:35:11.710+0000] {spark_submit.py:492} INFO - }, {
[2026-02-12T23:35:11.710+0000] {spark_submit.py:492} INFO - "name" : "edit_versions_ids",
[2026-02-12T23:35:11.710+0000] {spark_submit.py:492} INFO - "type" : {
[2026-02-12T23:35:11.710+0000] {spark_submit.py:492} INFO - "type" : "array",
[2026-02-12T23:35:11.710+0000] {spark_submit.py:492} INFO - "elementType" : "long",
[2026-02-12T23:35:11.710+0000] {spark_submit.py:492} INFO - "containsNull" : true
[2026-02-12T23:35:11.711+0000] {spark_submit.py:492} INFO - },
[2026-02-12T23:35:11.711+0000] {spark_submit.py:492} INFO - "nullable" : true,
[2026-02-12T23:35:11.711+0000] {spark_submit.py:492} INFO - "metadata" : { }
[2026-02-12T23:35:11.711+0000] {spark_submit.py:492} INFO - }, {
[2026-02-12T23:35:11.711+0000] {spark_submit.py:492} INFO - "name" : "tweet_id",
[2026-02-12T23:35:11.711+0000] {spark_submit.py:492} INFO - "type" : "string",
[2026-02-12T23:35:11.711+0000] {spark_submit.py:492} INFO - "nullable" : true,
[2026-02-12T23:35:11.712+0000] {spark_submit.py:492} INFO - "metadata" : { }
[2026-02-12T23:35:11.712+0000] {spark_submit.py:492} INFO - }, {
[2026-02-12T23:35:11.712+0000] {spark_submit.py:492} INFO - "name" : "reply_to_user_id",
[2026-02-12T23:35:11.712+0000] {spark_submit.py:492} INFO - "type" : "string",
[2026-02-12T23:35:11.712+0000] {spark_submit.py:492} INFO - "nullable" : true,
[2026-02-12T23:35:11.713+0000] {spark_submit.py:492} INFO - "metadata" : { }
[2026-02-12T23:35:11.713+0000] {spark_submit.py:492} INFO - }, {
[2026-02-12T23:35:11.713+0000] {spark_submit.py:492} INFO - "name" : "language",
[2026-02-12T23:35:11.713+0000] {spark_submit.py:492} INFO - "type" : "string",
[2026-02-12T23:35:11.713+0000] {spark_submit.py:492} INFO - "nullable" : true,
[2026-02-12T23:35:11.713+0000] {spark_submit.py:492} INFO - "metadata" : { }
[2026-02-12T23:35:11.714+0000] {spark_submit.py:492} INFO - }, {
[2026-02-12T23:35:11.714+0000] {spark_submit.py:492} INFO - "name" : "tweet_text",
[2026-02-12T23:35:11.714+0000] {spark_submit.py:492} INFO - "type" : "string",
[2026-02-12T23:35:11.714+0000] {spark_submit.py:492} INFO - "nullable" : true,
[2026-02-12T23:35:11.714+0000] {spark_submit.py:492} INFO - "metadata" : { }
[2026-02-12T23:35:11.714+0000] {spark_submit.py:492} INFO - }, {
[2026-02-12T23:35:11.714+0000] {spark_submit.py:492} INFO - "name" : "likes",
[2026-02-12T23:35:11.714+0000] {spark_submit.py:492} INFO - "type" : "long",
[2026-02-12T23:35:11.714+0000] {spark_submit.py:492} INFO - "nullable" : true,
[2026-02-12T23:35:11.714+0000] {spark_submit.py:492} INFO - "metadata" : { }
[2026-02-12T23:35:11.715+0000] {spark_submit.py:492} INFO - }, {
[2026-02-12T23:35:11.715+0000] {spark_submit.py:492} INFO - "name" : "quotes",
[2026-02-12T23:35:11.715+0000] {spark_submit.py:492} INFO - "type" : "long",
[2026-02-12T23:35:11.715+0000] {spark_submit.py:492} INFO - "nullable" : true,
[2026-02-12T23:35:11.715+0000] {spark_submit.py:492} INFO - "metadata" : { }
[2026-02-12T23:35:11.715+0000] {spark_submit.py:492} INFO - }, {
[2026-02-12T23:35:11.715+0000] {spark_submit.py:492} INFO - "name" : "replies",
[2026-02-12T23:35:11.715+0000] {spark_submit.py:492} INFO - "type" : "long",
[2026-02-12T23:35:11.715+0000] {spark_submit.py:492} INFO - "nullable" : true,
[2026-02-12T23:35:11.715+0000] {spark_submit.py:492} INFO - "metadata" : { }
[2026-02-12T23:35:11.715+0000] {spark_submit.py:492} INFO - }, {
[2026-02-12T23:35:11.715+0000] {spark_submit.py:492} INFO - "name" : "retweets",
[2026-02-12T23:35:11.715+0000] {spark_submit.py:492} INFO - "type" : "long",
[2026-02-12T23:35:11.715+0000] {spark_submit.py:492} INFO - "nullable" : true,
[2026-02-12T23:35:11.716+0000] {spark_submit.py:492} INFO - "metadata" : { }
[2026-02-12T23:35:11.716+0000] {spark_submit.py:492} INFO - }, {
[2026-02-12T23:35:11.716+0000] {spark_submit.py:492} INFO - "name" : "processing_date",
[2026-02-12T23:35:11.716+0000] {spark_submit.py:492} INFO - "type" : "date",
[2026-02-12T23:35:11.716+0000] {spark_submit.py:492} INFO - "nullable" : false,
[2026-02-12T23:35:11.716+0000] {spark_submit.py:492} INFO - "metadata" : { }
[2026-02-12T23:35:11.716+0000] {spark_submit.py:492} INFO - } ]
[2026-02-12T23:35:11.716+0000] {spark_submit.py:492} INFO - }
[2026-02-12T23:35:11.716+0000] {spark_submit.py:492} INFO - and corresponding Parquet message type:
[2026-02-12T23:35:11.716+0000] {spark_submit.py:492} INFO - message spark_schema {
[2026-02-12T23:35:11.716+0000] {spark_submit.py:492} INFO - optional binary user_id (STRING);
[2026-02-12T23:35:11.716+0000] {spark_submit.py:492} INFO - optional binary thread_id (STRING);
[2026-02-12T23:35:11.716+0000] {spark_submit.py:492} INFO - optional binary created_at (STRING);
[2026-02-12T23:35:11.716+0000] {spark_submit.py:492} INFO - optional group edit_versions_ids (LIST) {
[2026-02-12T23:35:11.717+0000] {spark_submit.py:492} INFO - repeated group list {
[2026-02-12T23:35:11.717+0000] {spark_submit.py:492} INFO - optional int64 element;
[2026-02-12T23:35:11.717+0000] {spark_submit.py:492} INFO - }
[2026-02-12T23:35:11.717+0000] {spark_submit.py:492} INFO - }
[2026-02-12T23:35:11.717+0000] {spark_submit.py:492} INFO - optional binary tweet_id (STRING);
[2026-02-12T23:35:11.717+0000] {spark_submit.py:492} INFO - optional binary reply_to_user_id (STRING);
[2026-02-12T23:35:11.717+0000] {spark_submit.py:492} INFO - optional binary language (STRING);
[2026-02-12T23:35:11.717+0000] {spark_submit.py:492} INFO - optional binary tweet_text (STRING);
[2026-02-12T23:35:11.718+0000] {spark_submit.py:492} INFO - optional int64 likes;
[2026-02-12T23:35:11.718+0000] {spark_submit.py:492} INFO - optional int64 quotes;
[2026-02-12T23:35:11.718+0000] {spark_submit.py:492} INFO - optional int64 replies;
[2026-02-12T23:35:11.718+0000] {spark_submit.py:492} INFO - optional int64 retweets;
[2026-02-12T23:35:11.718+0000] {spark_submit.py:492} INFO - required int32 processing_date (DATE);
[2026-02-12T23:35:11.718+0000] {spark_submit.py:492} INFO - }
[2026-02-12T23:35:11.719+0000] {spark_submit.py:492} INFO - 
[2026-02-12T23:35:11.719+0000] {spark_submit.py:492} INFO - 
[2026-02-12T23:35:11.736+0000] {spark_submit.py:492} INFO - 26/02/12 23:35:11 INFO CodecConfig: Compression: SNAPPY
[2026-02-12T23:35:11.736+0000] {spark_submit.py:492} INFO - 26/02/12 23:35:11 INFO CodecConfig: Compression: SNAPPY
[2026-02-12T23:35:11.737+0000] {spark_submit.py:492} INFO - 26/02/12 23:35:11 INFO ParquetOutputFormat: ParquetRecordWriter [block size: 134217728b, row group padding size: 8388608b, validating: false]
[2026-02-12T23:35:11.739+0000] {spark_submit.py:492} INFO - 26/02/12 23:35:11 INFO ParquetWriteSupport: Initialized Parquet WriteSupport with Catalyst schema:
[2026-02-12T23:35:11.739+0000] {spark_submit.py:492} INFO - {
[2026-02-12T23:35:11.739+0000] {spark_submit.py:492} INFO - "type" : "struct",
[2026-02-12T23:35:11.739+0000] {spark_submit.py:492} INFO - "fields" : [ {
[2026-02-12T23:35:11.739+0000] {spark_submit.py:492} INFO - "name" : "user_id",
[2026-02-12T23:35:11.739+0000] {spark_submit.py:492} INFO - "type" : "string",
[2026-02-12T23:35:11.739+0000] {spark_submit.py:492} INFO - "nullable" : true,
[2026-02-12T23:35:11.739+0000] {spark_submit.py:492} INFO - "metadata" : { }
[2026-02-12T23:35:11.740+0000] {spark_submit.py:492} INFO - }, {
[2026-02-12T23:35:11.740+0000] {spark_submit.py:492} INFO - "name" : "thread_id",
[2026-02-12T23:35:11.740+0000] {spark_submit.py:492} INFO - "type" : "string",
[2026-02-12T23:35:11.740+0000] {spark_submit.py:492} INFO - "nullable" : true,
[2026-02-12T23:35:11.740+0000] {spark_submit.py:492} INFO - "metadata" : { }
[2026-02-12T23:35:11.740+0000] {spark_submit.py:492} INFO - }, {
[2026-02-12T23:35:11.740+0000] {spark_submit.py:492} INFO - "name" : "created_at",
[2026-02-12T23:35:11.740+0000] {spark_submit.py:492} INFO - "type" : "string",
[2026-02-12T23:35:11.740+0000] {spark_submit.py:492} INFO - "nullable" : true,
[2026-02-12T23:35:11.740+0000] {spark_submit.py:492} INFO - "metadata" : { }
[2026-02-12T23:35:11.741+0000] {spark_submit.py:492} INFO - }, {
[2026-02-12T23:35:11.741+0000] {spark_submit.py:492} INFO - "name" : "edit_versions_ids",
[2026-02-12T23:35:11.741+0000] {spark_submit.py:492} INFO - "type" : {
[2026-02-12T23:35:11.741+0000] {spark_submit.py:492} INFO - "type" : "array",
[2026-02-12T23:35:11.741+0000] {spark_submit.py:492} INFO - "elementType" : "long",
[2026-02-12T23:35:11.741+0000] {spark_submit.py:492} INFO - "containsNull" : true
[2026-02-12T23:35:11.741+0000] {spark_submit.py:492} INFO - },
[2026-02-12T23:35:11.741+0000] {spark_submit.py:492} INFO - "nullable" : true,
[2026-02-12T23:35:11.741+0000] {spark_submit.py:492} INFO - "metadata" : { }
[2026-02-12T23:35:11.742+0000] {spark_submit.py:492} INFO - }, {
[2026-02-12T23:35:11.742+0000] {spark_submit.py:492} INFO - "name" : "tweet_id",
[2026-02-12T23:35:11.742+0000] {spark_submit.py:492} INFO - "type" : "string",
[2026-02-12T23:35:11.742+0000] {spark_submit.py:492} INFO - "nullable" : true,
[2026-02-12T23:35:11.742+0000] {spark_submit.py:492} INFO - "metadata" : { }
[2026-02-12T23:35:11.742+0000] {spark_submit.py:492} INFO - }, {
[2026-02-12T23:35:11.742+0000] {spark_submit.py:492} INFO - "name" : "reply_to_user_id",
[2026-02-12T23:35:11.743+0000] {spark_submit.py:492} INFO - "type" : "string",
[2026-02-12T23:35:11.743+0000] {spark_submit.py:492} INFO - "nullable" : true,
[2026-02-12T23:35:11.743+0000] {spark_submit.py:492} INFO - "metadata" : { }
[2026-02-12T23:35:11.743+0000] {spark_submit.py:492} INFO - }, {
[2026-02-12T23:35:11.743+0000] {spark_submit.py:492} INFO - "name" : "language",
[2026-02-12T23:35:11.744+0000] {spark_submit.py:492} INFO - "type" : "string",
[2026-02-12T23:35:11.744+0000] {spark_submit.py:492} INFO - "nullable" : true,
[2026-02-12T23:35:11.744+0000] {spark_submit.py:492} INFO - "metadata" : { }
[2026-02-12T23:35:11.744+0000] {spark_submit.py:492} INFO - }, {
[2026-02-12T23:35:11.744+0000] {spark_submit.py:492} INFO - "name" : "tweet_text",
[2026-02-12T23:35:11.744+0000] {spark_submit.py:492} INFO - "type" : "string",
[2026-02-12T23:35:11.744+0000] {spark_submit.py:492} INFO - "nullable" : true,
[2026-02-12T23:35:11.744+0000] {spark_submit.py:492} INFO - "metadata" : { }
[2026-02-12T23:35:11.744+0000] {spark_submit.py:492} INFO - }, {
[2026-02-12T23:35:11.744+0000] {spark_submit.py:492} INFO - "name" : "likes",
[2026-02-12T23:35:11.745+0000] {spark_submit.py:492} INFO - "type" : "long",
[2026-02-12T23:35:11.745+0000] {spark_submit.py:492} INFO - "nullable" : true,
[2026-02-12T23:35:11.745+0000] {spark_submit.py:492} INFO - "metadata" : { }
[2026-02-12T23:35:11.745+0000] {spark_submit.py:492} INFO - }, {
[2026-02-12T23:35:11.745+0000] {spark_submit.py:492} INFO - "name" : "quotes",
[2026-02-12T23:35:11.745+0000] {spark_submit.py:492} INFO - "type" : "long",
[2026-02-12T23:35:11.745+0000] {spark_submit.py:492} INFO - "nullable" : true,
[2026-02-12T23:35:11.745+0000] {spark_submit.py:492} INFO - "metadata" : { }
[2026-02-12T23:35:11.745+0000] {spark_submit.py:492} INFO - }, {
[2026-02-12T23:35:11.745+0000] {spark_submit.py:492} INFO - "name" : "replies",
[2026-02-12T23:35:11.745+0000] {spark_submit.py:492} INFO - "type" : "long",
[2026-02-12T23:35:11.745+0000] {spark_submit.py:492} INFO - "nullable" : true,
[2026-02-12T23:35:11.746+0000] {spark_submit.py:492} INFO - "metadata" : { }
[2026-02-12T23:35:11.746+0000] {spark_submit.py:492} INFO - }, {
[2026-02-12T23:35:11.746+0000] {spark_submit.py:492} INFO - "name" : "retweets",
[2026-02-12T23:35:11.746+0000] {spark_submit.py:492} INFO - "type" : "long",
[2026-02-12T23:35:11.746+0000] {spark_submit.py:492} INFO - "nullable" : true,
[2026-02-12T23:35:11.746+0000] {spark_submit.py:492} INFO - "metadata" : { }
[2026-02-12T23:35:11.746+0000] {spark_submit.py:492} INFO - }, {
[2026-02-12T23:35:11.746+0000] {spark_submit.py:492} INFO - "name" : "processing_date",
[2026-02-12T23:35:11.746+0000] {spark_submit.py:492} INFO - "type" : "date",
[2026-02-12T23:35:11.746+0000] {spark_submit.py:492} INFO - "nullable" : false,
[2026-02-12T23:35:11.746+0000] {spark_submit.py:492} INFO - "metadata" : { }
[2026-02-12T23:35:11.747+0000] {spark_submit.py:492} INFO - } ]
[2026-02-12T23:35:11.747+0000] {spark_submit.py:492} INFO - }
[2026-02-12T23:35:11.747+0000] {spark_submit.py:492} INFO - and corresponding Parquet message type:
[2026-02-12T23:35:11.747+0000] {spark_submit.py:492} INFO - message spark_schema {
[2026-02-12T23:35:11.747+0000] {spark_submit.py:492} INFO - optional binary user_id (STRING);
[2026-02-12T23:35:11.747+0000] {spark_submit.py:492} INFO - optional binary thread_id (STRING);
[2026-02-12T23:35:11.747+0000] {spark_submit.py:492} INFO - optional binary created_at (STRING);
[2026-02-12T23:35:11.747+0000] {spark_submit.py:492} INFO - optional group edit_versions_ids (LIST) {
[2026-02-12T23:35:11.747+0000] {spark_submit.py:492} INFO - repeated group list {
[2026-02-12T23:35:11.747+0000] {spark_submit.py:492} INFO - optional int64 element;
[2026-02-12T23:35:11.747+0000] {spark_submit.py:492} INFO - }
[2026-02-12T23:35:11.747+0000] {spark_submit.py:492} INFO - }
[2026-02-12T23:35:11.748+0000] {spark_submit.py:492} INFO - optional binary tweet_id (STRING);
[2026-02-12T23:35:11.748+0000] {spark_submit.py:492} INFO - optional binary reply_to_user_id (STRING);
[2026-02-12T23:35:11.748+0000] {spark_submit.py:492} INFO - optional binary language (STRING);
[2026-02-12T23:35:11.748+0000] {spark_submit.py:492} INFO - optional binary tweet_text (STRING);
[2026-02-12T23:35:11.748+0000] {spark_submit.py:492} INFO - optional int64 likes;
[2026-02-12T23:35:11.748+0000] {spark_submit.py:492} INFO - optional int64 quotes;
[2026-02-12T23:35:11.748+0000] {spark_submit.py:492} INFO - optional int64 replies;
[2026-02-12T23:35:11.748+0000] {spark_submit.py:492} INFO - optional int64 retweets;
[2026-02-12T23:35:11.748+0000] {spark_submit.py:492} INFO - required int32 processing_date (DATE);
[2026-02-12T23:35:11.748+0000] {spark_submit.py:492} INFO - }
[2026-02-12T23:35:11.749+0000] {spark_submit.py:492} INFO - 
[2026-02-12T23:35:11.749+0000] {spark_submit.py:492} INFO - 
[2026-02-12T23:35:11.762+0000] {spark_submit.py:492} INFO - 26/02/12 23:35:11 INFO CodecConfig: Compression: SNAPPY
[2026-02-12T23:35:11.762+0000] {spark_submit.py:492} INFO - 26/02/12 23:35:11 INFO CodecConfig: Compression: SNAPPY
[2026-02-12T23:35:11.763+0000] {spark_submit.py:492} INFO - 26/02/12 23:35:11 INFO ParquetOutputFormat: ParquetRecordWriter [block size: 134217728b, row group padding size: 8388608b, validating: false]
[2026-02-12T23:35:11.765+0000] {spark_submit.py:492} INFO - 26/02/12 23:35:11 INFO ParquetWriteSupport: Initialized Parquet WriteSupport with Catalyst schema:
[2026-02-12T23:35:11.765+0000] {spark_submit.py:492} INFO - {
[2026-02-12T23:35:11.765+0000] {spark_submit.py:492} INFO - "type" : "struct",
[2026-02-12T23:35:11.765+0000] {spark_submit.py:492} INFO - "fields" : [ {
[2026-02-12T23:35:11.765+0000] {spark_submit.py:492} INFO - "name" : "user_id",
[2026-02-12T23:35:11.765+0000] {spark_submit.py:492} INFO - "type" : "string",
[2026-02-12T23:35:11.765+0000] {spark_submit.py:492} INFO - "nullable" : true,
[2026-02-12T23:35:11.766+0000] {spark_submit.py:492} INFO - "metadata" : { }
[2026-02-12T23:35:11.766+0000] {spark_submit.py:492} INFO - }, {
[2026-02-12T23:35:11.766+0000] {spark_submit.py:492} INFO - "name" : "thread_id",
[2026-02-12T23:35:11.766+0000] {spark_submit.py:492} INFO - "type" : "string",
[2026-02-12T23:35:11.766+0000] {spark_submit.py:492} INFO - "nullable" : true,
[2026-02-12T23:35:11.766+0000] {spark_submit.py:492} INFO - "metadata" : { }
[2026-02-12T23:35:11.766+0000] {spark_submit.py:492} INFO - }, {
[2026-02-12T23:35:11.766+0000] {spark_submit.py:492} INFO - "name" : "created_at",
[2026-02-12T23:35:11.766+0000] {spark_submit.py:492} INFO - "type" : "string",
[2026-02-12T23:35:11.766+0000] {spark_submit.py:492} INFO - "nullable" : true,
[2026-02-12T23:35:11.767+0000] {spark_submit.py:492} INFO - "metadata" : { }
[2026-02-12T23:35:11.767+0000] {spark_submit.py:492} INFO - }, {
[2026-02-12T23:35:11.767+0000] {spark_submit.py:492} INFO - "name" : "edit_versions_ids",
[2026-02-12T23:35:11.767+0000] {spark_submit.py:492} INFO - "type" : {
[2026-02-12T23:35:11.767+0000] {spark_submit.py:492} INFO - "type" : "array",
[2026-02-12T23:35:11.767+0000] {spark_submit.py:492} INFO - "elementType" : "long",
[2026-02-12T23:35:11.767+0000] {spark_submit.py:492} INFO - "containsNull" : true
[2026-02-12T23:35:11.768+0000] {spark_submit.py:492} INFO - },
[2026-02-12T23:35:11.768+0000] {spark_submit.py:492} INFO - "nullable" : true,
[2026-02-12T23:35:11.768+0000] {spark_submit.py:492} INFO - "metadata" : { }
[2026-02-12T23:35:11.768+0000] {spark_submit.py:492} INFO - }, {
[2026-02-12T23:35:11.768+0000] {spark_submit.py:492} INFO - "name" : "tweet_id",
[2026-02-12T23:35:11.768+0000] {spark_submit.py:492} INFO - "type" : "string",
[2026-02-12T23:35:11.768+0000] {spark_submit.py:492} INFO - "nullable" : true,
[2026-02-12T23:35:11.768+0000] {spark_submit.py:492} INFO - "metadata" : { }
[2026-02-12T23:35:11.768+0000] {spark_submit.py:492} INFO - }, {
[2026-02-12T23:35:11.769+0000] {spark_submit.py:492} INFO - "name" : "reply_to_user_id",
[2026-02-12T23:35:11.769+0000] {spark_submit.py:492} INFO - "type" : "string",
[2026-02-12T23:35:11.769+0000] {spark_submit.py:492} INFO - "nullable" : true,
[2026-02-12T23:35:11.769+0000] {spark_submit.py:492} INFO - "metadata" : { }
[2026-02-12T23:35:11.769+0000] {spark_submit.py:492} INFO - }, {
[2026-02-12T23:35:11.769+0000] {spark_submit.py:492} INFO - "name" : "language",
[2026-02-12T23:35:11.769+0000] {spark_submit.py:492} INFO - "type" : "string",
[2026-02-12T23:35:11.769+0000] {spark_submit.py:492} INFO - "nullable" : true,
[2026-02-12T23:35:11.770+0000] {spark_submit.py:492} INFO - "metadata" : { }
[2026-02-12T23:35:11.770+0000] {spark_submit.py:492} INFO - }, {
[2026-02-12T23:35:11.770+0000] {spark_submit.py:492} INFO - "name" : "tweet_text",
[2026-02-12T23:35:11.770+0000] {spark_submit.py:492} INFO - "type" : "string",
[2026-02-12T23:35:11.770+0000] {spark_submit.py:492} INFO - "nullable" : true,
[2026-02-12T23:35:11.770+0000] {spark_submit.py:492} INFO - "metadata" : { }
[2026-02-12T23:35:11.770+0000] {spark_submit.py:492} INFO - }, {
[2026-02-12T23:35:11.770+0000] {spark_submit.py:492} INFO - "name" : "likes",
[2026-02-12T23:35:11.771+0000] {spark_submit.py:492} INFO - "type" : "long",
[2026-02-12T23:35:11.771+0000] {spark_submit.py:492} INFO - "nullable" : true,
[2026-02-12T23:35:11.771+0000] {spark_submit.py:492} INFO - "metadata" : { }
[2026-02-12T23:35:11.771+0000] {spark_submit.py:492} INFO - }, {
[2026-02-12T23:35:11.771+0000] {spark_submit.py:492} INFO - "name" : "quotes",
[2026-02-12T23:35:11.771+0000] {spark_submit.py:492} INFO - "type" : "long",
[2026-02-12T23:35:11.772+0000] {spark_submit.py:492} INFO - "nullable" : true,
[2026-02-12T23:35:11.772+0000] {spark_submit.py:492} INFO - "metadata" : { }
[2026-02-12T23:35:11.772+0000] {spark_submit.py:492} INFO - }, {
[2026-02-12T23:35:11.772+0000] {spark_submit.py:492} INFO - "name" : "replies",
[2026-02-12T23:35:11.772+0000] {spark_submit.py:492} INFO - "type" : "long",
[2026-02-12T23:35:11.772+0000] {spark_submit.py:492} INFO - "nullable" : true,
[2026-02-12T23:35:11.772+0000] {spark_submit.py:492} INFO - "metadata" : { }
[2026-02-12T23:35:11.772+0000] {spark_submit.py:492} INFO - }, {
[2026-02-12T23:35:11.773+0000] {spark_submit.py:492} INFO - "name" : "retweets",
[2026-02-12T23:35:11.773+0000] {spark_submit.py:492} INFO - "type" : "long",
[2026-02-12T23:35:11.773+0000] {spark_submit.py:492} INFO - "nullable" : true,
[2026-02-12T23:35:11.773+0000] {spark_submit.py:492} INFO - "metadata" : { }
[2026-02-12T23:35:11.773+0000] {spark_submit.py:492} INFO - }, {
[2026-02-12T23:35:11.773+0000] {spark_submit.py:492} INFO - "name" : "processing_date",
[2026-02-12T23:35:11.774+0000] {spark_submit.py:492} INFO - "type" : "date",
[2026-02-12T23:35:11.774+0000] {spark_submit.py:492} INFO - "nullable" : false,
[2026-02-12T23:35:11.774+0000] {spark_submit.py:492} INFO - "metadata" : { }
[2026-02-12T23:35:11.774+0000] {spark_submit.py:492} INFO - } ]
[2026-02-12T23:35:11.774+0000] {spark_submit.py:492} INFO - }
[2026-02-12T23:35:11.774+0000] {spark_submit.py:492} INFO - and corresponding Parquet message type:
[2026-02-12T23:35:11.775+0000] {spark_submit.py:492} INFO - message spark_schema {
[2026-02-12T23:35:11.775+0000] {spark_submit.py:492} INFO - optional binary user_id (STRING);
[2026-02-12T23:35:11.775+0000] {spark_submit.py:492} INFO - optional binary thread_id (STRING);
[2026-02-12T23:35:11.775+0000] {spark_submit.py:492} INFO - optional binary created_at (STRING);
[2026-02-12T23:35:11.775+0000] {spark_submit.py:492} INFO - optional group edit_versions_ids (LIST) {
[2026-02-12T23:35:11.775+0000] {spark_submit.py:492} INFO - repeated group list {
[2026-02-12T23:35:11.775+0000] {spark_submit.py:492} INFO - optional int64 element;
[2026-02-12T23:35:11.775+0000] {spark_submit.py:492} INFO - }
[2026-02-12T23:35:11.775+0000] {spark_submit.py:492} INFO - }
[2026-02-12T23:35:11.776+0000] {spark_submit.py:492} INFO - optional binary tweet_id (STRING);
[2026-02-12T23:35:11.776+0000] {spark_submit.py:492} INFO - optional binary reply_to_user_id (STRING);
[2026-02-12T23:35:11.776+0000] {spark_submit.py:492} INFO - optional binary language (STRING);
[2026-02-12T23:35:11.776+0000] {spark_submit.py:492} INFO - optional binary tweet_text (STRING);
[2026-02-12T23:35:11.776+0000] {spark_submit.py:492} INFO - optional int64 likes;
[2026-02-12T23:35:11.776+0000] {spark_submit.py:492} INFO - optional int64 quotes;
[2026-02-12T23:35:11.776+0000] {spark_submit.py:492} INFO - optional int64 replies;
[2026-02-12T23:35:11.776+0000] {spark_submit.py:492} INFO - optional int64 retweets;
[2026-02-12T23:35:11.776+0000] {spark_submit.py:492} INFO - required int32 processing_date (DATE);
[2026-02-12T23:35:11.776+0000] {spark_submit.py:492} INFO - }
[2026-02-12T23:35:11.776+0000] {spark_submit.py:492} INFO - 
[2026-02-12T23:35:11.777+0000] {spark_submit.py:492} INFO - 
[2026-02-12T23:35:11.791+0000] {spark_submit.py:492} INFO - 26/02/12 23:35:11 INFO CodecConfig: Compression: SNAPPY
[2026-02-12T23:35:11.791+0000] {spark_submit.py:492} INFO - 26/02/12 23:35:11 INFO CodecConfig: Compression: SNAPPY
[2026-02-12T23:35:11.792+0000] {spark_submit.py:492} INFO - 26/02/12 23:35:11 INFO ParquetOutputFormat: ParquetRecordWriter [block size: 134217728b, row group padding size: 8388608b, validating: false]
[2026-02-12T23:35:11.794+0000] {spark_submit.py:492} INFO - 26/02/12 23:35:11 INFO ParquetWriteSupport: Initialized Parquet WriteSupport with Catalyst schema:
[2026-02-12T23:35:11.794+0000] {spark_submit.py:492} INFO - {
[2026-02-12T23:35:11.794+0000] {spark_submit.py:492} INFO - "type" : "struct",
[2026-02-12T23:35:11.794+0000] {spark_submit.py:492} INFO - "fields" : [ {
[2026-02-12T23:35:11.794+0000] {spark_submit.py:492} INFO - "name" : "user_id",
[2026-02-12T23:35:11.794+0000] {spark_submit.py:492} INFO - "type" : "string",
[2026-02-12T23:35:11.794+0000] {spark_submit.py:492} INFO - "nullable" : true,
[2026-02-12T23:35:11.794+0000] {spark_submit.py:492} INFO - "metadata" : { }
[2026-02-12T23:35:11.794+0000] {spark_submit.py:492} INFO - }, {
[2026-02-12T23:35:11.794+0000] {spark_submit.py:492} INFO - "name" : "thread_id",
[2026-02-12T23:35:11.795+0000] {spark_submit.py:492} INFO - "type" : "string",
[2026-02-12T23:35:11.795+0000] {spark_submit.py:492} INFO - "nullable" : true,
[2026-02-12T23:35:11.795+0000] {spark_submit.py:492} INFO - "metadata" : { }
[2026-02-12T23:35:11.795+0000] {spark_submit.py:492} INFO - }, {
[2026-02-12T23:35:11.795+0000] {spark_submit.py:492} INFO - "name" : "created_at",
[2026-02-12T23:35:11.795+0000] {spark_submit.py:492} INFO - "type" : "string",
[2026-02-12T23:35:11.795+0000] {spark_submit.py:492} INFO - "nullable" : true,
[2026-02-12T23:35:11.795+0000] {spark_submit.py:492} INFO - "metadata" : { }
[2026-02-12T23:35:11.795+0000] {spark_submit.py:492} INFO - }, {
[2026-02-12T23:35:11.795+0000] {spark_submit.py:492} INFO - "name" : "edit_versions_ids",
[2026-02-12T23:35:11.795+0000] {spark_submit.py:492} INFO - "type" : {
[2026-02-12T23:35:11.795+0000] {spark_submit.py:492} INFO - "type" : "array",
[2026-02-12T23:35:11.796+0000] {spark_submit.py:492} INFO - "elementType" : "long",
[2026-02-12T23:35:11.796+0000] {spark_submit.py:492} INFO - "containsNull" : true
[2026-02-12T23:35:11.796+0000] {spark_submit.py:492} INFO - },
[2026-02-12T23:35:11.796+0000] {spark_submit.py:492} INFO - "nullable" : true,
[2026-02-12T23:35:11.796+0000] {spark_submit.py:492} INFO - "metadata" : { }
[2026-02-12T23:35:11.796+0000] {spark_submit.py:492} INFO - }, {
[2026-02-12T23:35:11.796+0000] {spark_submit.py:492} INFO - "name" : "tweet_id",
[2026-02-12T23:35:11.796+0000] {spark_submit.py:492} INFO - "type" : "string",
[2026-02-12T23:35:11.796+0000] {spark_submit.py:492} INFO - "nullable" : true,
[2026-02-12T23:35:11.796+0000] {spark_submit.py:492} INFO - "metadata" : { }
[2026-02-12T23:35:11.796+0000] {spark_submit.py:492} INFO - }, {
[2026-02-12T23:35:11.796+0000] {spark_submit.py:492} INFO - "name" : "reply_to_user_id",
[2026-02-12T23:35:11.796+0000] {spark_submit.py:492} INFO - "type" : "string",
[2026-02-12T23:35:11.796+0000] {spark_submit.py:492} INFO - "nullable" : true,
[2026-02-12T23:35:11.797+0000] {spark_submit.py:492} INFO - "metadata" : { }
[2026-02-12T23:35:11.797+0000] {spark_submit.py:492} INFO - }, {
[2026-02-12T23:35:11.797+0000] {spark_submit.py:492} INFO - "name" : "language",
[2026-02-12T23:35:11.797+0000] {spark_submit.py:492} INFO - "type" : "string",
[2026-02-12T23:35:11.797+0000] {spark_submit.py:492} INFO - "nullable" : true,
[2026-02-12T23:35:11.797+0000] {spark_submit.py:492} INFO - "metadata" : { }
[2026-02-12T23:35:11.797+0000] {spark_submit.py:492} INFO - }, {
[2026-02-12T23:35:11.797+0000] {spark_submit.py:492} INFO - "name" : "tweet_text",
[2026-02-12T23:35:11.797+0000] {spark_submit.py:492} INFO - "type" : "string",
[2026-02-12T23:35:11.797+0000] {spark_submit.py:492} INFO - "nullable" : true,
[2026-02-12T23:35:11.797+0000] {spark_submit.py:492} INFO - "metadata" : { }
[2026-02-12T23:35:11.797+0000] {spark_submit.py:492} INFO - }, {
[2026-02-12T23:35:11.798+0000] {spark_submit.py:492} INFO - "name" : "likes",
[2026-02-12T23:35:11.798+0000] {spark_submit.py:492} INFO - "type" : "long",
[2026-02-12T23:35:11.798+0000] {spark_submit.py:492} INFO - "nullable" : true,
[2026-02-12T23:35:11.798+0000] {spark_submit.py:492} INFO - "metadata" : { }
[2026-02-12T23:35:11.798+0000] {spark_submit.py:492} INFO - }, {
[2026-02-12T23:35:11.798+0000] {spark_submit.py:492} INFO - "name" : "quotes",
[2026-02-12T23:35:11.798+0000] {spark_submit.py:492} INFO - "type" : "long",
[2026-02-12T23:35:11.798+0000] {spark_submit.py:492} INFO - "nullable" : true,
[2026-02-12T23:35:11.798+0000] {spark_submit.py:492} INFO - "metadata" : { }
[2026-02-12T23:35:11.798+0000] {spark_submit.py:492} INFO - }, {
[2026-02-12T23:35:11.798+0000] {spark_submit.py:492} INFO - "name" : "replies",
[2026-02-12T23:35:11.799+0000] {spark_submit.py:492} INFO - "type" : "long",
[2026-02-12T23:35:11.799+0000] {spark_submit.py:492} INFO - "nullable" : true,
[2026-02-12T23:35:11.799+0000] {spark_submit.py:492} INFO - "metadata" : { }
[2026-02-12T23:35:11.799+0000] {spark_submit.py:492} INFO - }, {
[2026-02-12T23:35:11.799+0000] {spark_submit.py:492} INFO - "name" : "retweets",
[2026-02-12T23:35:11.799+0000] {spark_submit.py:492} INFO - "type" : "long",
[2026-02-12T23:35:11.799+0000] {spark_submit.py:492} INFO - "nullable" : true,
[2026-02-12T23:35:11.799+0000] {spark_submit.py:492} INFO - "metadata" : { }
[2026-02-12T23:35:11.799+0000] {spark_submit.py:492} INFO - }, {
[2026-02-12T23:35:11.799+0000] {spark_submit.py:492} INFO - "name" : "processing_date",
[2026-02-12T23:35:11.799+0000] {spark_submit.py:492} INFO - "type" : "date",
[2026-02-12T23:35:11.799+0000] {spark_submit.py:492} INFO - "nullable" : false,
[2026-02-12T23:35:11.799+0000] {spark_submit.py:492} INFO - "metadata" : { }
[2026-02-12T23:35:11.800+0000] {spark_submit.py:492} INFO - } ]
[2026-02-12T23:35:11.800+0000] {spark_submit.py:492} INFO - }
[2026-02-12T23:35:11.800+0000] {spark_submit.py:492} INFO - and corresponding Parquet message type:
[2026-02-12T23:35:11.800+0000] {spark_submit.py:492} INFO - message spark_schema {
[2026-02-12T23:35:11.800+0000] {spark_submit.py:492} INFO - optional binary user_id (STRING);
[2026-02-12T23:35:11.800+0000] {spark_submit.py:492} INFO - optional binary thread_id (STRING);
[2026-02-12T23:35:11.800+0000] {spark_submit.py:492} INFO - optional binary created_at (STRING);
[2026-02-12T23:35:11.800+0000] {spark_submit.py:492} INFO - optional group edit_versions_ids (LIST) {
[2026-02-12T23:35:11.800+0000] {spark_submit.py:492} INFO - repeated group list {
[2026-02-12T23:35:11.800+0000] {spark_submit.py:492} INFO - optional int64 element;
[2026-02-12T23:35:11.800+0000] {spark_submit.py:492} INFO - }
[2026-02-12T23:35:11.800+0000] {spark_submit.py:492} INFO - }
[2026-02-12T23:35:11.800+0000] {spark_submit.py:492} INFO - optional binary tweet_id (STRING);
[2026-02-12T23:35:11.800+0000] {spark_submit.py:492} INFO - optional binary reply_to_user_id (STRING);
[2026-02-12T23:35:11.800+0000] {spark_submit.py:492} INFO - optional binary language (STRING);
[2026-02-12T23:35:11.801+0000] {spark_submit.py:492} INFO - optional binary tweet_text (STRING);
[2026-02-12T23:35:11.801+0000] {spark_submit.py:492} INFO - optional int64 likes;
[2026-02-12T23:35:11.801+0000] {spark_submit.py:492} INFO - optional int64 quotes;
[2026-02-12T23:35:11.801+0000] {spark_submit.py:492} INFO - optional int64 replies;
[2026-02-12T23:35:11.801+0000] {spark_submit.py:492} INFO - optional int64 retweets;
[2026-02-12T23:35:11.801+0000] {spark_submit.py:492} INFO - required int32 processing_date (DATE);
[2026-02-12T23:35:11.801+0000] {spark_submit.py:492} INFO - }
[2026-02-12T23:35:11.801+0000] {spark_submit.py:492} INFO - 
[2026-02-12T23:35:11.801+0000] {spark_submit.py:492} INFO - 
[2026-02-12T23:35:11.817+0000] {spark_submit.py:492} INFO - 26/02/12 23:35:11 INFO CodecConfig: Compression: SNAPPY
[2026-02-12T23:35:11.818+0000] {spark_submit.py:492} INFO - 26/02/12 23:35:11 INFO CodecConfig: Compression: SNAPPY
[2026-02-12T23:35:11.818+0000] {spark_submit.py:492} INFO - 26/02/12 23:35:11 INFO ParquetOutputFormat: ParquetRecordWriter [block size: 134217728b, row group padding size: 8388608b, validating: false]
[2026-02-12T23:35:11.820+0000] {spark_submit.py:492} INFO - 26/02/12 23:35:11 INFO ParquetWriteSupport: Initialized Parquet WriteSupport with Catalyst schema:
[2026-02-12T23:35:11.820+0000] {spark_submit.py:492} INFO - {
[2026-02-12T23:35:11.820+0000] {spark_submit.py:492} INFO - "type" : "struct",
[2026-02-12T23:35:11.820+0000] {spark_submit.py:492} INFO - "fields" : [ {
[2026-02-12T23:35:11.820+0000] {spark_submit.py:492} INFO - "name" : "user_id",
[2026-02-12T23:35:11.820+0000] {spark_submit.py:492} INFO - "type" : "string",
[2026-02-12T23:35:11.820+0000] {spark_submit.py:492} INFO - "nullable" : true,
[2026-02-12T23:35:11.820+0000] {spark_submit.py:492} INFO - "metadata" : { }
[2026-02-12T23:35:11.821+0000] {spark_submit.py:492} INFO - }, {
[2026-02-12T23:35:11.821+0000] {spark_submit.py:492} INFO - "name" : "thread_id",
[2026-02-12T23:35:11.821+0000] {spark_submit.py:492} INFO - "type" : "string",
[2026-02-12T23:35:11.821+0000] {spark_submit.py:492} INFO - "nullable" : true,
[2026-02-12T23:35:11.821+0000] {spark_submit.py:492} INFO - "metadata" : { }
[2026-02-12T23:35:11.821+0000] {spark_submit.py:492} INFO - }, {
[2026-02-12T23:35:11.821+0000] {spark_submit.py:492} INFO - "name" : "created_at",
[2026-02-12T23:35:11.821+0000] {spark_submit.py:492} INFO - "type" : "string",
[2026-02-12T23:35:11.821+0000] {spark_submit.py:492} INFO - "nullable" : true,
[2026-02-12T23:35:11.821+0000] {spark_submit.py:492} INFO - "metadata" : { }
[2026-02-12T23:35:11.821+0000] {spark_submit.py:492} INFO - }, {
[2026-02-12T23:35:11.822+0000] {spark_submit.py:492} INFO - "name" : "edit_versions_ids",
[2026-02-12T23:35:11.822+0000] {spark_submit.py:492} INFO - "type" : {
[2026-02-12T23:35:11.822+0000] {spark_submit.py:492} INFO - "type" : "array",
[2026-02-12T23:35:11.822+0000] {spark_submit.py:492} INFO - "elementType" : "long",
[2026-02-12T23:35:11.822+0000] {spark_submit.py:492} INFO - "containsNull" : true
[2026-02-12T23:35:11.822+0000] {spark_submit.py:492} INFO - },
[2026-02-12T23:35:11.822+0000] {spark_submit.py:492} INFO - "nullable" : true,
[2026-02-12T23:35:11.822+0000] {spark_submit.py:492} INFO - "metadata" : { }
[2026-02-12T23:35:11.823+0000] {spark_submit.py:492} INFO - }, {
[2026-02-12T23:35:11.823+0000] {spark_submit.py:492} INFO - "name" : "tweet_id",
[2026-02-12T23:35:11.823+0000] {spark_submit.py:492} INFO - "type" : "string",
[2026-02-12T23:35:11.823+0000] {spark_submit.py:492} INFO - "nullable" : true,
[2026-02-12T23:35:11.823+0000] {spark_submit.py:492} INFO - "metadata" : { }
[2026-02-12T23:35:11.823+0000] {spark_submit.py:492} INFO - }, {
[2026-02-12T23:35:11.823+0000] {spark_submit.py:492} INFO - "name" : "reply_to_user_id",
[2026-02-12T23:35:11.824+0000] {spark_submit.py:492} INFO - "type" : "string",
[2026-02-12T23:35:11.824+0000] {spark_submit.py:492} INFO - "nullable" : true,
[2026-02-12T23:35:11.824+0000] {spark_submit.py:492} INFO - "metadata" : { }
[2026-02-12T23:35:11.824+0000] {spark_submit.py:492} INFO - }, {
[2026-02-12T23:35:11.824+0000] {spark_submit.py:492} INFO - "name" : "language",
[2026-02-12T23:35:11.825+0000] {spark_submit.py:492} INFO - "type" : "string",
[2026-02-12T23:35:11.825+0000] {spark_submit.py:492} INFO - "nullable" : true,
[2026-02-12T23:35:11.825+0000] {spark_submit.py:492} INFO - "metadata" : { }
[2026-02-12T23:35:11.825+0000] {spark_submit.py:492} INFO - }, {
[2026-02-12T23:35:11.825+0000] {spark_submit.py:492} INFO - "name" : "tweet_text",
[2026-02-12T23:35:11.825+0000] {spark_submit.py:492} INFO - "type" : "string",
[2026-02-12T23:35:11.826+0000] {spark_submit.py:492} INFO - "nullable" : true,
[2026-02-12T23:35:11.826+0000] {spark_submit.py:492} INFO - "metadata" : { }
[2026-02-12T23:35:11.826+0000] {spark_submit.py:492} INFO - }, {
[2026-02-12T23:35:11.826+0000] {spark_submit.py:492} INFO - "name" : "likes",
[2026-02-12T23:35:11.826+0000] {spark_submit.py:492} INFO - "type" : "long",
[2026-02-12T23:35:11.826+0000] {spark_submit.py:492} INFO - "nullable" : true,
[2026-02-12T23:35:11.826+0000] {spark_submit.py:492} INFO - "metadata" : { }
[2026-02-12T23:35:11.827+0000] {spark_submit.py:492} INFO - }, {
[2026-02-12T23:35:11.827+0000] {spark_submit.py:492} INFO - "name" : "quotes",
[2026-02-12T23:35:11.827+0000] {spark_submit.py:492} INFO - "type" : "long",
[2026-02-12T23:35:11.827+0000] {spark_submit.py:492} INFO - "nullable" : true,
[2026-02-12T23:35:11.827+0000] {spark_submit.py:492} INFO - "metadata" : { }
[2026-02-12T23:35:11.827+0000] {spark_submit.py:492} INFO - }, {
[2026-02-12T23:35:11.827+0000] {spark_submit.py:492} INFO - "name" : "replies",
[2026-02-12T23:35:11.827+0000] {spark_submit.py:492} INFO - "type" : "long",
[2026-02-12T23:35:11.827+0000] {spark_submit.py:492} INFO - "nullable" : true,
[2026-02-12T23:35:11.827+0000] {spark_submit.py:492} INFO - "metadata" : { }
[2026-02-12T23:35:11.828+0000] {spark_submit.py:492} INFO - }, {
[2026-02-12T23:35:11.828+0000] {spark_submit.py:492} INFO - "name" : "retweets",
[2026-02-12T23:35:11.828+0000] {spark_submit.py:492} INFO - "type" : "long",
[2026-02-12T23:35:11.828+0000] {spark_submit.py:492} INFO - "nullable" : true,
[2026-02-12T23:35:11.828+0000] {spark_submit.py:492} INFO - "metadata" : { }
[2026-02-12T23:35:11.828+0000] {spark_submit.py:492} INFO - }, {
[2026-02-12T23:35:11.828+0000] {spark_submit.py:492} INFO - "name" : "processing_date",
[2026-02-12T23:35:11.828+0000] {spark_submit.py:492} INFO - "type" : "date",
[2026-02-12T23:35:11.828+0000] {spark_submit.py:492} INFO - "nullable" : false,
[2026-02-12T23:35:11.828+0000] {spark_submit.py:492} INFO - "metadata" : { }
[2026-02-12T23:35:11.829+0000] {spark_submit.py:492} INFO - } ]
[2026-02-12T23:35:11.829+0000] {spark_submit.py:492} INFO - }
[2026-02-12T23:35:11.829+0000] {spark_submit.py:492} INFO - and corresponding Parquet message type:
[2026-02-12T23:35:11.829+0000] {spark_submit.py:492} INFO - message spark_schema {
[2026-02-12T23:35:11.829+0000] {spark_submit.py:492} INFO - optional binary user_id (STRING);
[2026-02-12T23:35:11.829+0000] {spark_submit.py:492} INFO - optional binary thread_id (STRING);
[2026-02-12T23:35:11.829+0000] {spark_submit.py:492} INFO - optional binary created_at (STRING);
[2026-02-12T23:35:11.829+0000] {spark_submit.py:492} INFO - optional group edit_versions_ids (LIST) {
[2026-02-12T23:35:11.829+0000] {spark_submit.py:492} INFO - repeated group list {
[2026-02-12T23:35:11.829+0000] {spark_submit.py:492} INFO - optional int64 element;
[2026-02-12T23:35:11.829+0000] {spark_submit.py:492} INFO - }
[2026-02-12T23:35:11.829+0000] {spark_submit.py:492} INFO - }
[2026-02-12T23:35:11.830+0000] {spark_submit.py:492} INFO - optional binary tweet_id (STRING);
[2026-02-12T23:35:11.830+0000] {spark_submit.py:492} INFO - optional binary reply_to_user_id (STRING);
[2026-02-12T23:35:11.830+0000] {spark_submit.py:492} INFO - optional binary language (STRING);
[2026-02-12T23:35:11.830+0000] {spark_submit.py:492} INFO - optional binary tweet_text (STRING);
[2026-02-12T23:35:11.830+0000] {spark_submit.py:492} INFO - optional int64 likes;
[2026-02-12T23:35:11.830+0000] {spark_submit.py:492} INFO - optional int64 quotes;
[2026-02-12T23:35:11.830+0000] {spark_submit.py:492} INFO - optional int64 replies;
[2026-02-12T23:35:11.831+0000] {spark_submit.py:492} INFO - optional int64 retweets;
[2026-02-12T23:35:11.831+0000] {spark_submit.py:492} INFO - required int32 processing_date (DATE);
[2026-02-12T23:35:11.831+0000] {spark_submit.py:492} INFO - }
[2026-02-12T23:35:11.831+0000] {spark_submit.py:492} INFO - 
[2026-02-12T23:35:11.831+0000] {spark_submit.py:492} INFO - 
[2026-02-12T23:35:11.840+0000] {spark_submit.py:492} INFO - 26/02/12 23:35:11 INFO CodecConfig: Compression: SNAPPY
[2026-02-12T23:35:11.840+0000] {spark_submit.py:492} INFO - 26/02/12 23:35:11 INFO CodecConfig: Compression: SNAPPY
[2026-02-12T23:35:11.841+0000] {spark_submit.py:492} INFO - 26/02/12 23:35:11 INFO ParquetOutputFormat: ParquetRecordWriter [block size: 134217728b, row group padding size: 8388608b, validating: false]
[2026-02-12T23:35:11.842+0000] {spark_submit.py:492} INFO - 26/02/12 23:35:11 INFO ParquetWriteSupport: Initialized Parquet WriteSupport with Catalyst schema:
[2026-02-12T23:35:11.842+0000] {spark_submit.py:492} INFO - {
[2026-02-12T23:35:11.843+0000] {spark_submit.py:492} INFO - "type" : "struct",
[2026-02-12T23:35:11.843+0000] {spark_submit.py:492} INFO - "fields" : [ {
[2026-02-12T23:35:11.843+0000] {spark_submit.py:492} INFO - "name" : "user_id",
[2026-02-12T23:35:11.843+0000] {spark_submit.py:492} INFO - "type" : "string",
[2026-02-12T23:35:11.843+0000] {spark_submit.py:492} INFO - "nullable" : true,
[2026-02-12T23:35:11.843+0000] {spark_submit.py:492} INFO - "metadata" : { }
[2026-02-12T23:35:11.843+0000] {spark_submit.py:492} INFO - }, {
[2026-02-12T23:35:11.843+0000] {spark_submit.py:492} INFO - "name" : "thread_id",
[2026-02-12T23:35:11.844+0000] {spark_submit.py:492} INFO - "type" : "string",
[2026-02-12T23:35:11.844+0000] {spark_submit.py:492} INFO - "nullable" : true,
[2026-02-12T23:35:11.844+0000] {spark_submit.py:492} INFO - "metadata" : { }
[2026-02-12T23:35:11.844+0000] {spark_submit.py:492} INFO - }, {
[2026-02-12T23:35:11.844+0000] {spark_submit.py:492} INFO - "name" : "created_at",
[2026-02-12T23:35:11.844+0000] {spark_submit.py:492} INFO - "type" : "string",
[2026-02-12T23:35:11.844+0000] {spark_submit.py:492} INFO - "nullable" : true,
[2026-02-12T23:35:11.845+0000] {spark_submit.py:492} INFO - "metadata" : { }
[2026-02-12T23:35:11.845+0000] {spark_submit.py:492} INFO - }, {
[2026-02-12T23:35:11.845+0000] {spark_submit.py:492} INFO - "name" : "edit_versions_ids",
[2026-02-12T23:35:11.845+0000] {spark_submit.py:492} INFO - "type" : {
[2026-02-12T23:35:11.845+0000] {spark_submit.py:492} INFO - "type" : "array",
[2026-02-12T23:35:11.845+0000] {spark_submit.py:492} INFO - "elementType" : "long",
[2026-02-12T23:35:11.845+0000] {spark_submit.py:492} INFO - "containsNull" : true
[2026-02-12T23:35:11.845+0000] {spark_submit.py:492} INFO - },
[2026-02-12T23:35:11.846+0000] {spark_submit.py:492} INFO - "nullable" : true,
[2026-02-12T23:35:11.846+0000] {spark_submit.py:492} INFO - "metadata" : { }
[2026-02-12T23:35:11.846+0000] {spark_submit.py:492} INFO - }, {
[2026-02-12T23:35:11.846+0000] {spark_submit.py:492} INFO - "name" : "tweet_id",
[2026-02-12T23:35:11.846+0000] {spark_submit.py:492} INFO - "type" : "string",
[2026-02-12T23:35:11.846+0000] {spark_submit.py:492} INFO - "nullable" : true,
[2026-02-12T23:35:11.846+0000] {spark_submit.py:492} INFO - "metadata" : { }
[2026-02-12T23:35:11.846+0000] {spark_submit.py:492} INFO - }, {
[2026-02-12T23:35:11.846+0000] {spark_submit.py:492} INFO - "name" : "reply_to_user_id",
[2026-02-12T23:35:11.846+0000] {spark_submit.py:492} INFO - "type" : "string",
[2026-02-12T23:35:11.847+0000] {spark_submit.py:492} INFO - "nullable" : true,
[2026-02-12T23:35:11.847+0000] {spark_submit.py:492} INFO - "metadata" : { }
[2026-02-12T23:35:11.847+0000] {spark_submit.py:492} INFO - }, {
[2026-02-12T23:35:11.847+0000] {spark_submit.py:492} INFO - "name" : "language",
[2026-02-12T23:35:11.847+0000] {spark_submit.py:492} INFO - "type" : "string",
[2026-02-12T23:35:11.847+0000] {spark_submit.py:492} INFO - "nullable" : true,
[2026-02-12T23:35:11.847+0000] {spark_submit.py:492} INFO - "metadata" : { }
[2026-02-12T23:35:11.847+0000] {spark_submit.py:492} INFO - }, {
[2026-02-12T23:35:11.847+0000] {spark_submit.py:492} INFO - "name" : "tweet_text",
[2026-02-12T23:35:11.847+0000] {spark_submit.py:492} INFO - "type" : "string",
[2026-02-12T23:35:11.847+0000] {spark_submit.py:492} INFO - "nullable" : true,
[2026-02-12T23:35:11.847+0000] {spark_submit.py:492} INFO - "metadata" : { }
[2026-02-12T23:35:11.847+0000] {spark_submit.py:492} INFO - }, {
[2026-02-12T23:35:11.847+0000] {spark_submit.py:492} INFO - "name" : "likes",
[2026-02-12T23:35:11.848+0000] {spark_submit.py:492} INFO - "type" : "long",
[2026-02-12T23:35:11.848+0000] {spark_submit.py:492} INFO - "nullable" : true,
[2026-02-12T23:35:11.848+0000] {spark_submit.py:492} INFO - "metadata" : { }
[2026-02-12T23:35:11.848+0000] {spark_submit.py:492} INFO - }, {
[2026-02-12T23:35:11.848+0000] {spark_submit.py:492} INFO - "name" : "quotes",
[2026-02-12T23:35:11.848+0000] {spark_submit.py:492} INFO - "type" : "long",
[2026-02-12T23:35:11.848+0000] {spark_submit.py:492} INFO - "nullable" : true,
[2026-02-12T23:35:11.848+0000] {spark_submit.py:492} INFO - "metadata" : { }
[2026-02-12T23:35:11.848+0000] {spark_submit.py:492} INFO - }, {
[2026-02-12T23:35:11.848+0000] {spark_submit.py:492} INFO - "name" : "replies",
[2026-02-12T23:35:11.848+0000] {spark_submit.py:492} INFO - "type" : "long",
[2026-02-12T23:35:11.848+0000] {spark_submit.py:492} INFO - "nullable" : true,
[2026-02-12T23:35:11.849+0000] {spark_submit.py:492} INFO - "metadata" : { }
[2026-02-12T23:35:11.849+0000] {spark_submit.py:492} INFO - }, {
[2026-02-12T23:35:11.849+0000] {spark_submit.py:492} INFO - "name" : "retweets",
[2026-02-12T23:35:11.849+0000] {spark_submit.py:492} INFO - "type" : "long",
[2026-02-12T23:35:11.849+0000] {spark_submit.py:492} INFO - "nullable" : true,
[2026-02-12T23:35:11.849+0000] {spark_submit.py:492} INFO - "metadata" : { }
[2026-02-12T23:35:11.849+0000] {spark_submit.py:492} INFO - }, {
[2026-02-12T23:35:11.849+0000] {spark_submit.py:492} INFO - "name" : "processing_date",
[2026-02-12T23:35:11.849+0000] {spark_submit.py:492} INFO - "type" : "date",
[2026-02-12T23:35:11.849+0000] {spark_submit.py:492} INFO - "nullable" : false,
[2026-02-12T23:35:11.849+0000] {spark_submit.py:492} INFO - "metadata" : { }
[2026-02-12T23:35:11.849+0000] {spark_submit.py:492} INFO - } ]
[2026-02-12T23:35:11.849+0000] {spark_submit.py:492} INFO - }
[2026-02-12T23:35:11.850+0000] {spark_submit.py:492} INFO - and corresponding Parquet message type:
[2026-02-12T23:35:11.850+0000] {spark_submit.py:492} INFO - message spark_schema {
[2026-02-12T23:35:11.850+0000] {spark_submit.py:492} INFO - optional binary user_id (STRING);
[2026-02-12T23:35:11.850+0000] {spark_submit.py:492} INFO - optional binary thread_id (STRING);
[2026-02-12T23:35:11.850+0000] {spark_submit.py:492} INFO - optional binary created_at (STRING);
[2026-02-12T23:35:11.850+0000] {spark_submit.py:492} INFO - optional group edit_versions_ids (LIST) {
[2026-02-12T23:35:11.850+0000] {spark_submit.py:492} INFO - repeated group list {
[2026-02-12T23:35:11.850+0000] {spark_submit.py:492} INFO - optional int64 element;
[2026-02-12T23:35:11.850+0000] {spark_submit.py:492} INFO - }
[2026-02-12T23:35:11.850+0000] {spark_submit.py:492} INFO - }
[2026-02-12T23:35:11.850+0000] {spark_submit.py:492} INFO - optional binary tweet_id (STRING);
[2026-02-12T23:35:11.850+0000] {spark_submit.py:492} INFO - optional binary reply_to_user_id (STRING);
[2026-02-12T23:35:11.851+0000] {spark_submit.py:492} INFO - optional binary language (STRING);
[2026-02-12T23:35:11.851+0000] {spark_submit.py:492} INFO - optional binary tweet_text (STRING);
[2026-02-12T23:35:11.851+0000] {spark_submit.py:492} INFO - optional int64 likes;
[2026-02-12T23:35:11.851+0000] {spark_submit.py:492} INFO - optional int64 quotes;
[2026-02-12T23:35:11.851+0000] {spark_submit.py:492} INFO - optional int64 replies;
[2026-02-12T23:35:11.851+0000] {spark_submit.py:492} INFO - optional int64 retweets;
[2026-02-12T23:35:11.851+0000] {spark_submit.py:492} INFO - required int32 processing_date (DATE);
[2026-02-12T23:35:11.851+0000] {spark_submit.py:492} INFO - }
[2026-02-12T23:35:11.851+0000] {spark_submit.py:492} INFO - 
[2026-02-12T23:35:11.851+0000] {spark_submit.py:492} INFO - 
[2026-02-12T23:35:11.864+0000] {spark_submit.py:492} INFO - 26/02/12 23:35:11 INFO CodecConfig: Compression: SNAPPY
[2026-02-12T23:35:11.864+0000] {spark_submit.py:492} INFO - 26/02/12 23:35:11 INFO CodecConfig: Compression: SNAPPY
[2026-02-12T23:35:11.865+0000] {spark_submit.py:492} INFO - 26/02/12 23:35:11 INFO ParquetOutputFormat: ParquetRecordWriter [block size: 134217728b, row group padding size: 8388608b, validating: false]
[2026-02-12T23:35:11.866+0000] {spark_submit.py:492} INFO - 26/02/12 23:35:11 INFO ParquetWriteSupport: Initialized Parquet WriteSupport with Catalyst schema:
[2026-02-12T23:35:11.866+0000] {spark_submit.py:492} INFO - {
[2026-02-12T23:35:11.866+0000] {spark_submit.py:492} INFO - "type" : "struct",
[2026-02-12T23:35:11.866+0000] {spark_submit.py:492} INFO - "fields" : [ {
[2026-02-12T23:35:11.866+0000] {spark_submit.py:492} INFO - "name" : "user_id",
[2026-02-12T23:35:11.866+0000] {spark_submit.py:492} INFO - "type" : "string",
[2026-02-12T23:35:11.866+0000] {spark_submit.py:492} INFO - "nullable" : true,
[2026-02-12T23:35:11.866+0000] {spark_submit.py:492} INFO - "metadata" : { }
[2026-02-12T23:35:11.867+0000] {spark_submit.py:492} INFO - }, {
[2026-02-12T23:35:11.867+0000] {spark_submit.py:492} INFO - "name" : "thread_id",
[2026-02-12T23:35:11.867+0000] {spark_submit.py:492} INFO - "type" : "string",
[2026-02-12T23:35:11.867+0000] {spark_submit.py:492} INFO - "nullable" : true,
[2026-02-12T23:35:11.867+0000] {spark_submit.py:492} INFO - "metadata" : { }
[2026-02-12T23:35:11.867+0000] {spark_submit.py:492} INFO - }, {
[2026-02-12T23:35:11.867+0000] {spark_submit.py:492} INFO - "name" : "created_at",
[2026-02-12T23:35:11.867+0000] {spark_submit.py:492} INFO - "type" : "string",
[2026-02-12T23:35:11.867+0000] {spark_submit.py:492} INFO - "nullable" : true,
[2026-02-12T23:35:11.867+0000] {spark_submit.py:492} INFO - "metadata" : { }
[2026-02-12T23:35:11.868+0000] {spark_submit.py:492} INFO - }, {
[2026-02-12T23:35:11.868+0000] {spark_submit.py:492} INFO - "name" : "edit_versions_ids",
[2026-02-12T23:35:11.868+0000] {spark_submit.py:492} INFO - "type" : {
[2026-02-12T23:35:11.868+0000] {spark_submit.py:492} INFO - "type" : "array",
[2026-02-12T23:35:11.868+0000] {spark_submit.py:492} INFO - "elementType" : "long",
[2026-02-12T23:35:11.868+0000] {spark_submit.py:492} INFO - "containsNull" : true
[2026-02-12T23:35:11.868+0000] {spark_submit.py:492} INFO - },
[2026-02-12T23:35:11.868+0000] {spark_submit.py:492} INFO - "nullable" : true,
[2026-02-12T23:35:11.868+0000] {spark_submit.py:492} INFO - "metadata" : { }
[2026-02-12T23:35:11.868+0000] {spark_submit.py:492} INFO - }, {
[2026-02-12T23:35:11.868+0000] {spark_submit.py:492} INFO - "name" : "tweet_id",
[2026-02-12T23:35:11.869+0000] {spark_submit.py:492} INFO - "type" : "string",
[2026-02-12T23:35:11.869+0000] {spark_submit.py:492} INFO - "nullable" : true,
[2026-02-12T23:35:11.869+0000] {spark_submit.py:492} INFO - "metadata" : { }
[2026-02-12T23:35:11.869+0000] {spark_submit.py:492} INFO - }, {
[2026-02-12T23:35:11.869+0000] {spark_submit.py:492} INFO - "name" : "reply_to_user_id",
[2026-02-12T23:35:11.869+0000] {spark_submit.py:492} INFO - "type" : "string",
[2026-02-12T23:35:11.869+0000] {spark_submit.py:492} INFO - "nullable" : true,
[2026-02-12T23:35:11.869+0000] {spark_submit.py:492} INFO - "metadata" : { }
[2026-02-12T23:35:11.869+0000] {spark_submit.py:492} INFO - }, {
[2026-02-12T23:35:11.870+0000] {spark_submit.py:492} INFO - "name" : "language",
[2026-02-12T23:35:11.870+0000] {spark_submit.py:492} INFO - "type" : "string",
[2026-02-12T23:35:11.870+0000] {spark_submit.py:492} INFO - "nullable" : true,
[2026-02-12T23:35:11.870+0000] {spark_submit.py:492} INFO - "metadata" : { }
[2026-02-12T23:35:11.870+0000] {spark_submit.py:492} INFO - }, {
[2026-02-12T23:35:11.870+0000] {spark_submit.py:492} INFO - "name" : "tweet_text",
[2026-02-12T23:35:11.870+0000] {spark_submit.py:492} INFO - "type" : "string",
[2026-02-12T23:35:11.870+0000] {spark_submit.py:492} INFO - "nullable" : true,
[2026-02-12T23:35:11.870+0000] {spark_submit.py:492} INFO - "metadata" : { }
[2026-02-12T23:35:11.870+0000] {spark_submit.py:492} INFO - }, {
[2026-02-12T23:35:11.871+0000] {spark_submit.py:492} INFO - "name" : "likes",
[2026-02-12T23:35:11.871+0000] {spark_submit.py:492} INFO - "type" : "long",
[2026-02-12T23:35:11.871+0000] {spark_submit.py:492} INFO - "nullable" : true,
[2026-02-12T23:35:11.871+0000] {spark_submit.py:492} INFO - "metadata" : { }
[2026-02-12T23:35:11.871+0000] {spark_submit.py:492} INFO - }, {
[2026-02-12T23:35:11.871+0000] {spark_submit.py:492} INFO - "name" : "quotes",
[2026-02-12T23:35:11.871+0000] {spark_submit.py:492} INFO - "type" : "long",
[2026-02-12T23:35:11.871+0000] {spark_submit.py:492} INFO - "nullable" : true,
[2026-02-12T23:35:11.871+0000] {spark_submit.py:492} INFO - "metadata" : { }
[2026-02-12T23:35:11.872+0000] {spark_submit.py:492} INFO - }, {
[2026-02-12T23:35:11.872+0000] {spark_submit.py:492} INFO - "name" : "replies",
[2026-02-12T23:35:11.872+0000] {spark_submit.py:492} INFO - "type" : "long",
[2026-02-12T23:35:11.872+0000] {spark_submit.py:492} INFO - "nullable" : true,
[2026-02-12T23:35:11.872+0000] {spark_submit.py:492} INFO - "metadata" : { }
[2026-02-12T23:35:11.872+0000] {spark_submit.py:492} INFO - }, {
[2026-02-12T23:35:11.872+0000] {spark_submit.py:492} INFO - "name" : "retweets",
[2026-02-12T23:35:11.872+0000] {spark_submit.py:492} INFO - "type" : "long",
[2026-02-12T23:35:11.872+0000] {spark_submit.py:492} INFO - "nullable" : true,
[2026-02-12T23:35:11.872+0000] {spark_submit.py:492} INFO - "metadata" : { }
[2026-02-12T23:35:11.873+0000] {spark_submit.py:492} INFO - }, {
[2026-02-12T23:35:11.873+0000] {spark_submit.py:492} INFO - "name" : "processing_date",
[2026-02-12T23:35:11.873+0000] {spark_submit.py:492} INFO - "type" : "date",
[2026-02-12T23:35:11.873+0000] {spark_submit.py:492} INFO - "nullable" : false,
[2026-02-12T23:35:11.873+0000] {spark_submit.py:492} INFO - "metadata" : { }
[2026-02-12T23:35:11.873+0000] {spark_submit.py:492} INFO - } ]
[2026-02-12T23:35:11.873+0000] {spark_submit.py:492} INFO - }
[2026-02-12T23:35:11.873+0000] {spark_submit.py:492} INFO - and corresponding Parquet message type:
[2026-02-12T23:35:11.873+0000] {spark_submit.py:492} INFO - message spark_schema {
[2026-02-12T23:35:11.873+0000] {spark_submit.py:492} INFO - optional binary user_id (STRING);
[2026-02-12T23:35:11.874+0000] {spark_submit.py:492} INFO - optional binary thread_id (STRING);
[2026-02-12T23:35:11.874+0000] {spark_submit.py:492} INFO - optional binary created_at (STRING);
[2026-02-12T23:35:11.874+0000] {spark_submit.py:492} INFO - optional group edit_versions_ids (LIST) {
[2026-02-12T23:35:11.874+0000] {spark_submit.py:492} INFO - repeated group list {
[2026-02-12T23:35:11.874+0000] {spark_submit.py:492} INFO - optional int64 element;
[2026-02-12T23:35:11.874+0000] {spark_submit.py:492} INFO - }
[2026-02-12T23:35:11.874+0000] {spark_submit.py:492} INFO - }
[2026-02-12T23:35:11.874+0000] {spark_submit.py:492} INFO - optional binary tweet_id (STRING);
[2026-02-12T23:35:11.874+0000] {spark_submit.py:492} INFO - optional binary reply_to_user_id (STRING);
[2026-02-12T23:35:11.874+0000] {spark_submit.py:492} INFO - optional binary language (STRING);
[2026-02-12T23:35:11.875+0000] {spark_submit.py:492} INFO - optional binary tweet_text (STRING);
[2026-02-12T23:35:11.875+0000] {spark_submit.py:492} INFO - optional int64 likes;
[2026-02-12T23:35:11.875+0000] {spark_submit.py:492} INFO - optional int64 quotes;
[2026-02-12T23:35:11.875+0000] {spark_submit.py:492} INFO - optional int64 replies;
[2026-02-12T23:35:11.875+0000] {spark_submit.py:492} INFO - optional int64 retweets;
[2026-02-12T23:35:11.875+0000] {spark_submit.py:492} INFO - required int32 processing_date (DATE);
[2026-02-12T23:35:11.875+0000] {spark_submit.py:492} INFO - }
[2026-02-12T23:35:11.875+0000] {spark_submit.py:492} INFO - 
[2026-02-12T23:35:11.875+0000] {spark_submit.py:492} INFO - 
[2026-02-12T23:35:11.894+0000] {spark_submit.py:492} INFO - 26/02/12 23:35:11 INFO CodecConfig: Compression: SNAPPY
[2026-02-12T23:35:11.894+0000] {spark_submit.py:492} INFO - 26/02/12 23:35:11 INFO CodecConfig: Compression: SNAPPY
[2026-02-12T23:35:11.895+0000] {spark_submit.py:492} INFO - 26/02/12 23:35:11 INFO ParquetOutputFormat: ParquetRecordWriter [block size: 134217728b, row group padding size: 8388608b, validating: false]
[2026-02-12T23:35:11.896+0000] {spark_submit.py:492} INFO - 26/02/12 23:35:11 INFO ParquetWriteSupport: Initialized Parquet WriteSupport with Catalyst schema:
[2026-02-12T23:35:11.896+0000] {spark_submit.py:492} INFO - {
[2026-02-12T23:35:11.896+0000] {spark_submit.py:492} INFO - "type" : "struct",
[2026-02-12T23:35:11.896+0000] {spark_submit.py:492} INFO - "fields" : [ {
[2026-02-12T23:35:11.897+0000] {spark_submit.py:492} INFO - "name" : "user_id",
[2026-02-12T23:35:11.897+0000] {spark_submit.py:492} INFO - "type" : "string",
[2026-02-12T23:35:11.897+0000] {spark_submit.py:492} INFO - "nullable" : true,
[2026-02-12T23:35:11.897+0000] {spark_submit.py:492} INFO - "metadata" : { }
[2026-02-12T23:35:11.897+0000] {spark_submit.py:492} INFO - }, {
[2026-02-12T23:35:11.897+0000] {spark_submit.py:492} INFO - "name" : "thread_id",
[2026-02-12T23:35:11.897+0000] {spark_submit.py:492} INFO - "type" : "string",
[2026-02-12T23:35:11.897+0000] {spark_submit.py:492} INFO - "nullable" : true,
[2026-02-12T23:35:11.897+0000] {spark_submit.py:492} INFO - "metadata" : { }
[2026-02-12T23:35:11.898+0000] {spark_submit.py:492} INFO - }, {
[2026-02-12T23:35:11.898+0000] {spark_submit.py:492} INFO - "name" : "created_at",
[2026-02-12T23:35:11.898+0000] {spark_submit.py:492} INFO - "type" : "string",
[2026-02-12T23:35:11.898+0000] {spark_submit.py:492} INFO - "nullable" : true,
[2026-02-12T23:35:11.898+0000] {spark_submit.py:492} INFO - "metadata" : { }
[2026-02-12T23:35:11.898+0000] {spark_submit.py:492} INFO - }, {
[2026-02-12T23:35:11.898+0000] {spark_submit.py:492} INFO - "name" : "edit_versions_ids",
[2026-02-12T23:35:11.898+0000] {spark_submit.py:492} INFO - "type" : {
[2026-02-12T23:35:11.898+0000] {spark_submit.py:492} INFO - "type" : "array",
[2026-02-12T23:35:11.898+0000] {spark_submit.py:492} INFO - "elementType" : "long",
[2026-02-12T23:35:11.899+0000] {spark_submit.py:492} INFO - "containsNull" : true
[2026-02-12T23:35:11.899+0000] {spark_submit.py:492} INFO - },
[2026-02-12T23:35:11.899+0000] {spark_submit.py:492} INFO - "nullable" : true,
[2026-02-12T23:35:11.899+0000] {spark_submit.py:492} INFO - "metadata" : { }
[2026-02-12T23:35:11.899+0000] {spark_submit.py:492} INFO - }, {
[2026-02-12T23:35:11.899+0000] {spark_submit.py:492} INFO - "name" : "tweet_id",
[2026-02-12T23:35:11.899+0000] {spark_submit.py:492} INFO - "type" : "string",
[2026-02-12T23:35:11.899+0000] {spark_submit.py:492} INFO - "nullable" : true,
[2026-02-12T23:35:11.899+0000] {spark_submit.py:492} INFO - "metadata" : { }
[2026-02-12T23:35:11.899+0000] {spark_submit.py:492} INFO - }, {
[2026-02-12T23:35:11.899+0000] {spark_submit.py:492} INFO - "name" : "reply_to_user_id",
[2026-02-12T23:35:11.900+0000] {spark_submit.py:492} INFO - "type" : "string",
[2026-02-12T23:35:11.900+0000] {spark_submit.py:492} INFO - "nullable" : true,
[2026-02-12T23:35:11.900+0000] {spark_submit.py:492} INFO - "metadata" : { }
[2026-02-12T23:35:11.900+0000] {spark_submit.py:492} INFO - }, {
[2026-02-12T23:35:11.900+0000] {spark_submit.py:492} INFO - "name" : "language",
[2026-02-12T23:35:11.900+0000] {spark_submit.py:492} INFO - "type" : "string",
[2026-02-12T23:35:11.900+0000] {spark_submit.py:492} INFO - "nullable" : true,
[2026-02-12T23:35:11.900+0000] {spark_submit.py:492} INFO - "metadata" : { }
[2026-02-12T23:35:11.900+0000] {spark_submit.py:492} INFO - }, {
[2026-02-12T23:35:11.900+0000] {spark_submit.py:492} INFO - "name" : "tweet_text",
[2026-02-12T23:35:11.900+0000] {spark_submit.py:492} INFO - "type" : "string",
[2026-02-12T23:35:11.901+0000] {spark_submit.py:492} INFO - "nullable" : true,
[2026-02-12T23:35:11.901+0000] {spark_submit.py:492} INFO - "metadata" : { }
[2026-02-12T23:35:11.901+0000] {spark_submit.py:492} INFO - }, {
[2026-02-12T23:35:11.901+0000] {spark_submit.py:492} INFO - "name" : "likes",
[2026-02-12T23:35:11.901+0000] {spark_submit.py:492} INFO - "type" : "long",
[2026-02-12T23:35:11.901+0000] {spark_submit.py:492} INFO - "nullable" : true,
[2026-02-12T23:35:11.901+0000] {spark_submit.py:492} INFO - "metadata" : { }
[2026-02-12T23:35:11.901+0000] {spark_submit.py:492} INFO - }, {
[2026-02-12T23:35:11.901+0000] {spark_submit.py:492} INFO - "name" : "quotes",
[2026-02-12T23:35:11.901+0000] {spark_submit.py:492} INFO - "type" : "long",
[2026-02-12T23:35:11.902+0000] {spark_submit.py:492} INFO - "nullable" : true,
[2026-02-12T23:35:11.902+0000] {spark_submit.py:492} INFO - "metadata" : { }
[2026-02-12T23:35:11.902+0000] {spark_submit.py:492} INFO - }, {
[2026-02-12T23:35:11.902+0000] {spark_submit.py:492} INFO - "name" : "replies",
[2026-02-12T23:35:11.902+0000] {spark_submit.py:492} INFO - "type" : "long",
[2026-02-12T23:35:11.902+0000] {spark_submit.py:492} INFO - "nullable" : true,
[2026-02-12T23:35:11.902+0000] {spark_submit.py:492} INFO - "metadata" : { }
[2026-02-12T23:35:11.902+0000] {spark_submit.py:492} INFO - }, {
[2026-02-12T23:35:11.902+0000] {spark_submit.py:492} INFO - "name" : "retweets",
[2026-02-12T23:35:11.902+0000] {spark_submit.py:492} INFO - "type" : "long",
[2026-02-12T23:35:11.903+0000] {spark_submit.py:492} INFO - "nullable" : true,
[2026-02-12T23:35:11.903+0000] {spark_submit.py:492} INFO - "metadata" : { }
[2026-02-12T23:35:11.903+0000] {spark_submit.py:492} INFO - }, {
[2026-02-12T23:35:11.903+0000] {spark_submit.py:492} INFO - "name" : "processing_date",
[2026-02-12T23:35:11.903+0000] {spark_submit.py:492} INFO - "type" : "date",
[2026-02-12T23:35:11.903+0000] {spark_submit.py:492} INFO - "nullable" : false,
[2026-02-12T23:35:11.903+0000] {spark_submit.py:492} INFO - "metadata" : { }
[2026-02-12T23:35:11.903+0000] {spark_submit.py:492} INFO - } ]
[2026-02-12T23:35:11.903+0000] {spark_submit.py:492} INFO - }
[2026-02-12T23:35:11.904+0000] {spark_submit.py:492} INFO - and corresponding Parquet message type:
[2026-02-12T23:35:11.904+0000] {spark_submit.py:492} INFO - message spark_schema {
[2026-02-12T23:35:11.904+0000] {spark_submit.py:492} INFO - optional binary user_id (STRING);
[2026-02-12T23:35:11.904+0000] {spark_submit.py:492} INFO - optional binary thread_id (STRING);
[2026-02-12T23:35:11.904+0000] {spark_submit.py:492} INFO - optional binary created_at (STRING);
[2026-02-12T23:35:11.904+0000] {spark_submit.py:492} INFO - optional group edit_versions_ids (LIST) {
[2026-02-12T23:35:11.904+0000] {spark_submit.py:492} INFO - repeated group list {
[2026-02-12T23:35:11.904+0000] {spark_submit.py:492} INFO - optional int64 element;
[2026-02-12T23:35:11.904+0000] {spark_submit.py:492} INFO - }
[2026-02-12T23:35:11.904+0000] {spark_submit.py:492} INFO - }
[2026-02-12T23:35:11.904+0000] {spark_submit.py:492} INFO - optional binary tweet_id (STRING);
[2026-02-12T23:35:11.905+0000] {spark_submit.py:492} INFO - optional binary reply_to_user_id (STRING);
[2026-02-12T23:35:11.905+0000] {spark_submit.py:492} INFO - optional binary language (STRING);
[2026-02-12T23:35:11.905+0000] {spark_submit.py:492} INFO - optional binary tweet_text (STRING);
[2026-02-12T23:35:11.905+0000] {spark_submit.py:492} INFO - optional int64 likes;
[2026-02-12T23:35:11.905+0000] {spark_submit.py:492} INFO - optional int64 quotes;
[2026-02-12T23:35:11.905+0000] {spark_submit.py:492} INFO - optional int64 replies;
[2026-02-12T23:35:11.905+0000] {spark_submit.py:492} INFO - optional int64 retweets;
[2026-02-12T23:35:11.905+0000] {spark_submit.py:492} INFO - required int32 processing_date (DATE);
[2026-02-12T23:35:11.906+0000] {spark_submit.py:492} INFO - }
[2026-02-12T23:35:11.906+0000] {spark_submit.py:492} INFO - 
[2026-02-12T23:35:11.906+0000] {spark_submit.py:492} INFO - 
[2026-02-12T23:35:11.921+0000] {spark_submit.py:492} INFO - 26/02/12 23:35:11 INFO CodecConfig: Compression: SNAPPY
[2026-02-12T23:35:11.921+0000] {spark_submit.py:492} INFO - 26/02/12 23:35:11 INFO CodecConfig: Compression: SNAPPY
[2026-02-12T23:35:11.922+0000] {spark_submit.py:492} INFO - 26/02/12 23:35:11 INFO ParquetOutputFormat: ParquetRecordWriter [block size: 134217728b, row group padding size: 8388608b, validating: false]
[2026-02-12T23:35:11.924+0000] {spark_submit.py:492} INFO - 26/02/12 23:35:11 INFO ParquetWriteSupport: Initialized Parquet WriteSupport with Catalyst schema:
[2026-02-12T23:35:11.924+0000] {spark_submit.py:492} INFO - {
[2026-02-12T23:35:11.924+0000] {spark_submit.py:492} INFO - "type" : "struct",
[2026-02-12T23:35:11.924+0000] {spark_submit.py:492} INFO - "fields" : [ {
[2026-02-12T23:35:11.924+0000] {spark_submit.py:492} INFO - "name" : "user_id",
[2026-02-12T23:35:11.925+0000] {spark_submit.py:492} INFO - "type" : "string",
[2026-02-12T23:35:11.925+0000] {spark_submit.py:492} INFO - "nullable" : true,
[2026-02-12T23:35:11.925+0000] {spark_submit.py:492} INFO - "metadata" : { }
[2026-02-12T23:35:11.925+0000] {spark_submit.py:492} INFO - }, {
[2026-02-12T23:35:11.925+0000] {spark_submit.py:492} INFO - "name" : "thread_id",
[2026-02-12T23:35:11.925+0000] {spark_submit.py:492} INFO - "type" : "string",
[2026-02-12T23:35:11.925+0000] {spark_submit.py:492} INFO - "nullable" : true,
[2026-02-12T23:35:11.925+0000] {spark_submit.py:492} INFO - "metadata" : { }
[2026-02-12T23:35:11.926+0000] {spark_submit.py:492} INFO - }, {
[2026-02-12T23:35:11.926+0000] {spark_submit.py:492} INFO - "name" : "created_at",
[2026-02-12T23:35:11.926+0000] {spark_submit.py:492} INFO - "type" : "string",
[2026-02-12T23:35:11.926+0000] {spark_submit.py:492} INFO - "nullable" : true,
[2026-02-12T23:35:11.926+0000] {spark_submit.py:492} INFO - "metadata" : { }
[2026-02-12T23:35:11.926+0000] {spark_submit.py:492} INFO - }, {
[2026-02-12T23:35:11.926+0000] {spark_submit.py:492} INFO - "name" : "edit_versions_ids",
[2026-02-12T23:35:11.926+0000] {spark_submit.py:492} INFO - "type" : {
[2026-02-12T23:35:11.926+0000] {spark_submit.py:492} INFO - "type" : "array",
[2026-02-12T23:35:11.926+0000] {spark_submit.py:492} INFO - "elementType" : "long",
[2026-02-12T23:35:11.927+0000] {spark_submit.py:492} INFO - "containsNull" : true
[2026-02-12T23:35:11.927+0000] {spark_submit.py:492} INFO - },
[2026-02-12T23:35:11.927+0000] {spark_submit.py:492} INFO - "nullable" : true,
[2026-02-12T23:35:11.927+0000] {spark_submit.py:492} INFO - "metadata" : { }
[2026-02-12T23:35:11.927+0000] {spark_submit.py:492} INFO - }, {
[2026-02-12T23:35:11.927+0000] {spark_submit.py:492} INFO - "name" : "tweet_id",
[2026-02-12T23:35:11.927+0000] {spark_submit.py:492} INFO - "type" : "string",
[2026-02-12T23:35:11.927+0000] {spark_submit.py:492} INFO - "nullable" : true,
[2026-02-12T23:35:11.927+0000] {spark_submit.py:492} INFO - "metadata" : { }
[2026-02-12T23:35:11.927+0000] {spark_submit.py:492} INFO - }, {
[2026-02-12T23:35:11.927+0000] {spark_submit.py:492} INFO - "name" : "reply_to_user_id",
[2026-02-12T23:35:11.927+0000] {spark_submit.py:492} INFO - "type" : "string",
[2026-02-12T23:35:11.928+0000] {spark_submit.py:492} INFO - "nullable" : true,
[2026-02-12T23:35:11.928+0000] {spark_submit.py:492} INFO - "metadata" : { }
[2026-02-12T23:35:11.928+0000] {spark_submit.py:492} INFO - }, {
[2026-02-12T23:35:11.928+0000] {spark_submit.py:492} INFO - "name" : "language",
[2026-02-12T23:35:11.928+0000] {spark_submit.py:492} INFO - "type" : "string",
[2026-02-12T23:35:11.928+0000] {spark_submit.py:492} INFO - "nullable" : true,
[2026-02-12T23:35:11.928+0000] {spark_submit.py:492} INFO - "metadata" : { }
[2026-02-12T23:35:11.928+0000] {spark_submit.py:492} INFO - }, {
[2026-02-12T23:35:11.928+0000] {spark_submit.py:492} INFO - "name" : "tweet_text",
[2026-02-12T23:35:11.929+0000] {spark_submit.py:492} INFO - "type" : "string",
[2026-02-12T23:35:11.929+0000] {spark_submit.py:492} INFO - "nullable" : true,
[2026-02-12T23:35:11.929+0000] {spark_submit.py:492} INFO - "metadata" : { }
[2026-02-12T23:35:11.929+0000] {spark_submit.py:492} INFO - }, {
[2026-02-12T23:35:11.929+0000] {spark_submit.py:492} INFO - "name" : "likes",
[2026-02-12T23:35:11.930+0000] {spark_submit.py:492} INFO - "type" : "long",
[2026-02-12T23:35:11.930+0000] {spark_submit.py:492} INFO - "nullable" : true,
[2026-02-12T23:35:11.930+0000] {spark_submit.py:492} INFO - "metadata" : { }
[2026-02-12T23:35:11.930+0000] {spark_submit.py:492} INFO - }, {
[2026-02-12T23:35:11.930+0000] {spark_submit.py:492} INFO - "name" : "quotes",
[2026-02-12T23:35:11.931+0000] {spark_submit.py:492} INFO - "type" : "long",
[2026-02-12T23:35:11.931+0000] {spark_submit.py:492} INFO - "nullable" : true,
[2026-02-12T23:35:11.931+0000] {spark_submit.py:492} INFO - "metadata" : { }
[2026-02-12T23:35:11.931+0000] {spark_submit.py:492} INFO - }, {
[2026-02-12T23:35:11.931+0000] {spark_submit.py:492} INFO - "name" : "replies",
[2026-02-12T23:35:11.931+0000] {spark_submit.py:492} INFO - "type" : "long",
[2026-02-12T23:35:11.931+0000] {spark_submit.py:492} INFO - "nullable" : true,
[2026-02-12T23:35:11.931+0000] {spark_submit.py:492} INFO - "metadata" : { }
[2026-02-12T23:35:11.932+0000] {spark_submit.py:492} INFO - }, {
[2026-02-12T23:35:11.932+0000] {spark_submit.py:492} INFO - "name" : "retweets",
[2026-02-12T23:35:11.932+0000] {spark_submit.py:492} INFO - "type" : "long",
[2026-02-12T23:35:11.932+0000] {spark_submit.py:492} INFO - "nullable" : true,
[2026-02-12T23:35:11.932+0000] {spark_submit.py:492} INFO - "metadata" : { }
[2026-02-12T23:35:11.932+0000] {spark_submit.py:492} INFO - }, {
[2026-02-12T23:35:11.932+0000] {spark_submit.py:492} INFO - "name" : "processing_date",
[2026-02-12T23:35:11.932+0000] {spark_submit.py:492} INFO - "type" : "date",
[2026-02-12T23:35:11.932+0000] {spark_submit.py:492} INFO - "nullable" : false,
[2026-02-12T23:35:11.932+0000] {spark_submit.py:492} INFO - "metadata" : { }
[2026-02-12T23:35:11.932+0000] {spark_submit.py:492} INFO - } ]
[2026-02-12T23:35:11.932+0000] {spark_submit.py:492} INFO - }
[2026-02-12T23:35:11.933+0000] {spark_submit.py:492} INFO - and corresponding Parquet message type:
[2026-02-12T23:35:11.933+0000] {spark_submit.py:492} INFO - message spark_schema {
[2026-02-12T23:35:11.933+0000] {spark_submit.py:492} INFO - optional binary user_id (STRING);
[2026-02-12T23:35:11.933+0000] {spark_submit.py:492} INFO - optional binary thread_id (STRING);
[2026-02-12T23:35:11.933+0000] {spark_submit.py:492} INFO - optional binary created_at (STRING);
[2026-02-12T23:35:11.933+0000] {spark_submit.py:492} INFO - optional group edit_versions_ids (LIST) {
[2026-02-12T23:35:11.933+0000] {spark_submit.py:492} INFO - repeated group list {
[2026-02-12T23:35:11.933+0000] {spark_submit.py:492} INFO - optional int64 element;
[2026-02-12T23:35:11.933+0000] {spark_submit.py:492} INFO - }
[2026-02-12T23:35:11.933+0000] {spark_submit.py:492} INFO - }
[2026-02-12T23:35:11.934+0000] {spark_submit.py:492} INFO - optional binary tweet_id (STRING);
[2026-02-12T23:35:11.934+0000] {spark_submit.py:492} INFO - optional binary reply_to_user_id (STRING);
[2026-02-12T23:35:11.934+0000] {spark_submit.py:492} INFO - optional binary language (STRING);
[2026-02-12T23:35:11.934+0000] {spark_submit.py:492} INFO - optional binary tweet_text (STRING);
[2026-02-12T23:35:11.934+0000] {spark_submit.py:492} INFO - optional int64 likes;
[2026-02-12T23:35:11.934+0000] {spark_submit.py:492} INFO - optional int64 quotes;
[2026-02-12T23:35:11.935+0000] {spark_submit.py:492} INFO - optional int64 replies;
[2026-02-12T23:35:11.935+0000] {spark_submit.py:492} INFO - optional int64 retweets;
[2026-02-12T23:35:11.935+0000] {spark_submit.py:492} INFO - required int32 processing_date (DATE);
[2026-02-12T23:35:11.935+0000] {spark_submit.py:492} INFO - }
[2026-02-12T23:35:11.935+0000] {spark_submit.py:492} INFO - 
[2026-02-12T23:35:11.935+0000] {spark_submit.py:492} INFO - 
[2026-02-12T23:35:11.960+0000] {spark_submit.py:492} INFO - 26/02/12 23:35:11 INFO FileOutputCommitter: Saved output of task 'attempt_202602122335116372932459960833920_0001_m_000000_1' to file:/opt/airflow/data/silver/_temporary/0/task_202602122335116372932459960833920_0001_m_000000
[2026-02-12T23:35:11.961+0000] {spark_submit.py:492} INFO - 26/02/12 23:35:11 INFO SparkHadoopMapRedUtil: attempt_202602122335116372932459960833920_0001_m_000000_1: Committed. Elapsed time: 0 ms.
[2026-02-12T23:35:11.974+0000] {spark_submit.py:492} INFO - 26/02/12 23:35:11 INFO Executor: Finished task 0.0 in stage 1.0 (TID 1). 3930 bytes result sent to driver
[2026-02-12T23:35:11.976+0000] {spark_submit.py:492} INFO - 26/02/12 23:35:11 INFO TaskSetManager: Finished task 0.0 in stage 1.0 (TID 1) in 931 ms on 0bc7f8c4ce9d (executor driver) (1/1)
[2026-02-12T23:35:11.977+0000] {spark_submit.py:492} INFO - 26/02/12 23:35:11 INFO TaskSchedulerImpl: Removed TaskSet 1.0, whose tasks have all completed, from pool
[2026-02-12T23:35:11.978+0000] {spark_submit.py:492} INFO - 26/02/12 23:35:11 INFO DAGScheduler: ResultStage 1 (parquet at NativeMethodAccessorImpl.java:0) finished in 0.967 s
[2026-02-12T23:35:11.978+0000] {spark_submit.py:492} INFO - 26/02/12 23:35:11 INFO DAGScheduler: Job 1 is finished. Cancelling potential speculative or zombie tasks for this job
[2026-02-12T23:35:11.978+0000] {spark_submit.py:492} INFO - 26/02/12 23:35:11 INFO TaskSchedulerImpl: Killing all running tasks in stage 1: Stage finished
[2026-02-12T23:35:11.979+0000] {spark_submit.py:492} INFO - 26/02/12 23:35:11 INFO DAGScheduler: Job 1 finished: parquet at NativeMethodAccessorImpl.java:0, took 0.971996 s
[2026-02-12T23:35:11.980+0000] {spark_submit.py:492} INFO - 26/02/12 23:35:11 INFO FileFormatWriter: Start to commit write Job 5e15ab2f-21ef-41c5-bd72-33e4c7f89b8c.
[2026-02-12T23:35:11.999+0000] {spark_submit.py:492} INFO - 26/02/12 23:35:11 INFO FileFormatWriter: Write Job 5e15ab2f-21ef-41c5-bd72-33e4c7f89b8c committed. Elapsed time: 17 ms.
[2026-02-12T23:35:12.001+0000] {spark_submit.py:492} INFO - 26/02/12 23:35:12 INFO FileFormatWriter: Finished processing stats for write job 5e15ab2f-21ef-41c5-bd72-33e4c7f89b8c.
[2026-02-12T23:35:12.040+0000] {spark_submit.py:492} INFO - 26/02/12 23:35:12 INFO SparkContext: Invoking stop() from shutdown hook
[2026-02-12T23:35:12.040+0000] {spark_submit.py:492} INFO - 26/02/12 23:35:12 INFO SparkContext: SparkContext is stopping with exitCode 0.
[2026-02-12T23:35:12.048+0000] {spark_submit.py:492} INFO - 26/02/12 23:35:12 INFO SparkUI: Stopped Spark web UI at http://0bc7f8c4ce9d:4040
[2026-02-12T23:35:12.055+0000] {spark_submit.py:492} INFO - 26/02/12 23:35:12 INFO MapOutputTrackerMasterEndpoint: MapOutputTrackerMasterEndpoint stopped!
[2026-02-12T23:35:12.064+0000] {spark_submit.py:492} INFO - 26/02/12 23:35:12 INFO MemoryStore: MemoryStore cleared
[2026-02-12T23:35:12.064+0000] {spark_submit.py:492} INFO - 26/02/12 23:35:12 INFO BlockManager: BlockManager stopped
[2026-02-12T23:35:12.066+0000] {spark_submit.py:492} INFO - 26/02/12 23:35:12 INFO BlockManagerMaster: BlockManagerMaster stopped
[2026-02-12T23:35:12.067+0000] {spark_submit.py:492} INFO - 26/02/12 23:35:12 INFO OutputCommitCoordinator$OutputCommitCoordinatorEndpoint: OutputCommitCoordinator stopped!
[2026-02-12T23:35:12.074+0000] {spark_submit.py:492} INFO - 26/02/12 23:35:12 INFO SparkContext: Successfully stopped SparkContext
[2026-02-12T23:35:12.074+0000] {spark_submit.py:492} INFO - 26/02/12 23:35:12 INFO ShutdownHookManager: Shutdown hook called
[2026-02-12T23:35:12.075+0000] {spark_submit.py:492} INFO - 26/02/12 23:35:12 INFO ShutdownHookManager: Deleting directory /tmp/spark-3d908f17-dc6f-4947-afea-3d59449497ab
[2026-02-12T23:35:12.079+0000] {spark_submit.py:492} INFO - 26/02/12 23:35:12 INFO ShutdownHookManager: Deleting directory /tmp/spark-0bd25b3b-3efd-4a18-a49e-e25c701c4b12
[2026-02-12T23:35:12.084+0000] {spark_submit.py:492} INFO - 26/02/12 23:35:12 INFO ShutdownHookManager: Deleting directory /tmp/spark-0bd25b3b-3efd-4a18-a49e-e25c701c4b12/pyspark-ad415291-a961-4abc-9e9d-fe86c0a9a9dd
[2026-02-12T23:35:12.161+0000] {taskinstance.py:441} INFO - ::group::Post task execution logs
[2026-02-12T23:35:12.173+0000] {taskinstance.py:1206} INFO - Marking task as SUCCESS. dag_id=twitter_pipeline_2, task_id=transform_twitter_datascience, run_id=scheduled__2026-02-02T00:00:00+00:00, execution_date=20260202T000000, start_date=20260212T233504, end_date=20260212T233512
[2026-02-12T23:35:12.197+0000] {local_task_job_runner.py:243} INFO - Task exited with return code 0
[2026-02-12T23:35:12.214+0000] {taskinstance.py:3503} INFO - 1 downstream tasks scheduled from follow-on schedule check
[2026-02-12T23:35:12.216+0000] {local_task_job_runner.py:222} INFO - ::endgroup::
