[2026-02-12T23:31:05.490+0000] {local_task_job_runner.py:120} INFO - ::group::Pre task execution logs
[2026-02-12T23:31:05.503+0000] {taskinstance.py:2076} INFO - Dependencies all met for dep_context=non-requeueable deps ti=<TaskInstance: twitter_pipeline_2.transform_twitter_datascience scheduled__2026-02-07T00:00:00+00:00 [queued]>
[2026-02-12T23:31:05.507+0000] {taskinstance.py:2076} INFO - Dependencies all met for dep_context=requeueable deps ti=<TaskInstance: twitter_pipeline_2.transform_twitter_datascience scheduled__2026-02-07T00:00:00+00:00 [queued]>
[2026-02-12T23:31:05.507+0000] {taskinstance.py:2306} INFO - Starting attempt 1 of 1
[2026-02-12T23:31:05.516+0000] {taskinstance.py:2330} INFO - Executing <Task(SparkSubmitOperator): transform_twitter_datascience> on 2026-02-07 00:00:00+00:00
[2026-02-12T23:31:05.521+0000] {standard_task_runner.py:64} INFO - Started process 1346 to run task
[2026-02-12T23:31:05.524+0000] {standard_task_runner.py:90} INFO - Running: ['airflow', 'tasks', 'run', 'twitter_pipeline_2', 'transform_twitter_datascience', 'scheduled__2026-02-07T00:00:00+00:00', '--job-id', '179', '--raw', '--subdir', 'DAGS_FOLDER/dag2.py', '--cfg-path', '/tmp/tmp3yx69sqt']
[2026-02-12T23:31:05.526+0000] {standard_task_runner.py:91} INFO - Job 179: Subtask transform_twitter_datascience
[2026-02-12T23:31:05.577+0000] {task_command.py:426} INFO - Running <TaskInstance: twitter_pipeline_2.transform_twitter_datascience scheduled__2026-02-07T00:00:00+00:00 [running]> on host 0bc7f8c4ce9d
[2026-02-12T23:31:05.676+0000] {taskinstance.py:2648} INFO - Exporting env vars: AIRFLOW_CTX_DAG_OWNER='airflow' AIRFLOW_CTX_DAG_ID='twitter_pipeline_2' AIRFLOW_CTX_TASK_ID='transform_twitter_datascience' AIRFLOW_CTX_EXECUTION_DATE='2026-02-07T00:00:00+00:00' AIRFLOW_CTX_TRY_NUMBER='1' AIRFLOW_CTX_DAG_RUN_ID='scheduled__2026-02-07T00:00:00+00:00'
[2026-02-12T23:31:05.677+0000] {taskinstance.py:430} INFO - ::endgroup::
[2026-02-12T23:31:05.686+0000] {base.py:84} INFO - Using connection ID 'spark_default' for task execution.
[2026-02-12T23:31:05.686+0000] {spark_submit.py:341} INFO - Spark-Submit cmd: spark-submit --master local --name twitter_transformation --queue root.default /opt/airflow/src/spark/transformation.py --src /opt/airflow/data/raw --dest /opt/airflow/data/silver
[2026-02-12T23:31:10.739+0000] {spark_submit.py:492} INFO - 26/02/12 23:31:10 INFO ShutdownHookManager: Shutdown hook called
[2026-02-12T23:31:10.740+0000] {spark_submit.py:492} INFO - 26/02/12 23:31:10 INFO ShutdownHookManager: Deleting directory /tmp/spark-5633993c-a5be-4524-acf5-b40a0f99902a
[2026-02-12T23:31:10.780+0000] {taskinstance.py:441} INFO - ::group::Post task execution logs
[2026-02-12T23:31:10.789+0000] {taskinstance.py:1206} INFO - Marking task as SUCCESS. dag_id=twitter_pipeline_2, task_id=transform_twitter_datascience, run_id=scheduled__2026-02-07T00:00:00+00:00, execution_date=20260207T000000, start_date=20260212T233105, end_date=20260212T233110
[2026-02-12T23:31:10.827+0000] {local_task_job_runner.py:243} INFO - Task exited with return code 0
[2026-02-12T23:31:10.847+0000] {taskinstance.py:3503} INFO - 1 downstream tasks scheduled from follow-on schedule check
[2026-02-12T23:31:10.849+0000] {local_task_job_runner.py:222} INFO - ::endgroup::
[2026-02-12T23:41:27.810+0000] {local_task_job_runner.py:120} INFO - ::group::Pre task execution logs
[2026-02-12T23:41:27.822+0000] {taskinstance.py:2076} INFO - Dependencies all met for dep_context=non-requeueable deps ti=<TaskInstance: twitter_pipeline_2.transform_twitter_datascience scheduled__2026-02-07T00:00:00+00:00 [queued]>
[2026-02-12T23:41:27.827+0000] {taskinstance.py:2076} INFO - Dependencies all met for dep_context=requeueable deps ti=<TaskInstance: twitter_pipeline_2.transform_twitter_datascience scheduled__2026-02-07T00:00:00+00:00 [queued]>
[2026-02-12T23:41:27.827+0000] {taskinstance.py:2306} INFO - Starting attempt 1 of 1
[2026-02-12T23:41:27.835+0000] {taskinstance.py:2330} INFO - Executing <Task(SparkSubmitOperator): transform_twitter_datascience> on 2026-02-07 00:00:00+00:00
[2026-02-12T23:41:27.840+0000] {standard_task_runner.py:64} INFO - Started process 6427 to run task
[2026-02-12T23:41:27.843+0000] {standard_task_runner.py:90} INFO - Running: ['airflow', 'tasks', 'run', 'twitter_pipeline_2', 'transform_twitter_datascience', 'scheduled__2026-02-07T00:00:00+00:00', '--job-id', '221', '--raw', '--subdir', 'DAGS_FOLDER/dag2.py', '--cfg-path', '/tmp/tmpv4zdqubp']
[2026-02-12T23:41:27.844+0000] {standard_task_runner.py:91} INFO - Job 221: Subtask transform_twitter_datascience
[2026-02-12T23:41:27.883+0000] {task_command.py:426} INFO - Running <TaskInstance: twitter_pipeline_2.transform_twitter_datascience scheduled__2026-02-07T00:00:00+00:00 [running]> on host 0bc7f8c4ce9d
[2026-02-12T23:41:27.950+0000] {taskinstance.py:2648} INFO - Exporting env vars: AIRFLOW_CTX_DAG_OWNER='airflow' AIRFLOW_CTX_DAG_ID='twitter_pipeline_2' AIRFLOW_CTX_TASK_ID='transform_twitter_datascience' AIRFLOW_CTX_EXECUTION_DATE='2026-02-07T00:00:00+00:00' AIRFLOW_CTX_TRY_NUMBER='1' AIRFLOW_CTX_DAG_RUN_ID='scheduled__2026-02-07T00:00:00+00:00'
[2026-02-12T23:41:27.950+0000] {taskinstance.py:430} INFO - ::endgroup::
[2026-02-12T23:41:27.958+0000] {base.py:84} INFO - Using connection ID 'spark_default' for task execution.
[2026-02-12T23:41:27.959+0000] {spark_submit.py:341} INFO - Spark-Submit cmd: spark-submit --master local --name twitter_transformation --queue root.default /opt/airflow/src/spark/transformation.py --src /opt/airflow/data/raw --dest /opt/airflow/data/silver
[2026-02-12T23:41:29.629+0000] {spark_submit.py:492} INFO - 26/02/12 23:41:29 INFO SparkContext: Running Spark version 3.4.1
[2026-02-12T23:41:29.660+0000] {spark_submit.py:492} INFO - 26/02/12 23:41:29 WARN NativeCodeLoader: Unable to load native-hadoop library for your platform... using builtin-java classes where applicable
[2026-02-12T23:41:29.708+0000] {spark_submit.py:492} INFO - 26/02/12 23:41:29 INFO ResourceUtils: ==============================================================
[2026-02-12T23:41:29.708+0000] {spark_submit.py:492} INFO - 26/02/12 23:41:29 INFO ResourceUtils: No custom resources configured for spark.driver.
[2026-02-12T23:41:29.708+0000] {spark_submit.py:492} INFO - 26/02/12 23:41:29 INFO ResourceUtils: ==============================================================
[2026-02-12T23:41:29.708+0000] {spark_submit.py:492} INFO - 26/02/12 23:41:29 INFO SparkContext: Submitted application: twitter_transformation
[2026-02-12T23:41:29.720+0000] {spark_submit.py:492} INFO - 26/02/12 23:41:29 INFO ResourceProfile: Default ResourceProfile created, executor resources: Map(cores -> name: cores, amount: 1, script: , vendor: , memory -> name: memory, amount: 1024, script: , vendor: , offHeap -> name: offHeap, amount: 0, script: , vendor: ), task resources: Map(cpus -> name: cpus, amount: 1.0)
[2026-02-12T23:41:29.725+0000] {spark_submit.py:492} INFO - 26/02/12 23:41:29 INFO ResourceProfile: Limiting resource is cpu
[2026-02-12T23:41:29.725+0000] {spark_submit.py:492} INFO - 26/02/12 23:41:29 INFO ResourceProfileManager: Added ResourceProfile id: 0
[2026-02-12T23:41:29.754+0000] {spark_submit.py:492} INFO - 26/02/12 23:41:29 INFO SecurityManager: Changing view acls to: default
[2026-02-12T23:41:29.754+0000] {spark_submit.py:492} INFO - 26/02/12 23:41:29 INFO SecurityManager: Changing modify acls to: default
[2026-02-12T23:41:29.754+0000] {spark_submit.py:492} INFO - 26/02/12 23:41:29 INFO SecurityManager: Changing view acls groups to:
[2026-02-12T23:41:29.755+0000] {spark_submit.py:492} INFO - 26/02/12 23:41:29 INFO SecurityManager: Changing modify acls groups to:
[2026-02-12T23:41:29.755+0000] {spark_submit.py:492} INFO - 26/02/12 23:41:29 INFO SecurityManager: SecurityManager: authentication disabled; ui acls disabled; users with view permissions: default; groups with view permissions: EMPTY; users with modify permissions: default; groups with modify permissions: EMPTY
[2026-02-12T23:41:29.886+0000] {spark_submit.py:492} INFO - 26/02/12 23:41:29 INFO Utils: Successfully started service 'sparkDriver' on port 43207.
[2026-02-12T23:41:29.904+0000] {spark_submit.py:492} INFO - 26/02/12 23:41:29 INFO SparkEnv: Registering MapOutputTracker
[2026-02-12T23:41:29.927+0000] {spark_submit.py:492} INFO - 26/02/12 23:41:29 INFO SparkEnv: Registering BlockManagerMaster
[2026-02-12T23:41:29.938+0000] {spark_submit.py:492} INFO - 26/02/12 23:41:29 INFO BlockManagerMasterEndpoint: Using org.apache.spark.storage.DefaultTopologyMapper for getting topology information
[2026-02-12T23:41:29.939+0000] {spark_submit.py:492} INFO - 26/02/12 23:41:29 INFO BlockManagerMasterEndpoint: BlockManagerMasterEndpoint up
[2026-02-12T23:41:29.942+0000] {spark_submit.py:492} INFO - 26/02/12 23:41:29 INFO SparkEnv: Registering BlockManagerMasterHeartbeat
[2026-02-12T23:41:29.953+0000] {spark_submit.py:492} INFO - 26/02/12 23:41:29 INFO DiskBlockManager: Created local directory at /tmp/blockmgr-b4623287-3440-4c08-968a-ca60a0ec85f0
[2026-02-12T23:41:29.962+0000] {spark_submit.py:492} INFO - 26/02/12 23:41:29 INFO MemoryStore: MemoryStore started with capacity 434.4 MiB
[2026-02-12T23:41:29.971+0000] {spark_submit.py:492} INFO - 26/02/12 23:41:29 INFO SparkEnv: Registering OutputCommitCoordinator
[2026-02-12T23:41:30.048+0000] {spark_submit.py:492} INFO - 26/02/12 23:41:30 INFO JettyUtils: Start Jetty 0.0.0.0:4040 for SparkUI
[2026-02-12T23:41:30.082+0000] {spark_submit.py:492} INFO - 26/02/12 23:41:30 INFO Utils: Successfully started service 'SparkUI' on port 4040.
[2026-02-12T23:41:30.141+0000] {spark_submit.py:492} INFO - 26/02/12 23:41:30 INFO Executor: Starting executor ID driver on host 0bc7f8c4ce9d
[2026-02-12T23:41:30.145+0000] {spark_submit.py:492} INFO - 26/02/12 23:41:30 INFO Executor: Starting executor with user classpath (userClassPathFirst = false): ''
[2026-02-12T23:41:30.155+0000] {spark_submit.py:492} INFO - 26/02/12 23:41:30 INFO Utils: Successfully started service 'org.apache.spark.network.netty.NettyBlockTransferService' on port 37491.
[2026-02-12T23:41:30.155+0000] {spark_submit.py:492} INFO - 26/02/12 23:41:30 INFO NettyBlockTransferService: Server created on 0bc7f8c4ce9d:37491
[2026-02-12T23:41:30.156+0000] {spark_submit.py:492} INFO - 26/02/12 23:41:30 INFO BlockManager: Using org.apache.spark.storage.RandomBlockReplicationPolicy for block replication policy
[2026-02-12T23:41:30.159+0000] {spark_submit.py:492} INFO - 26/02/12 23:41:30 INFO BlockManagerMaster: Registering BlockManager BlockManagerId(driver, 0bc7f8c4ce9d, 37491, None)
[2026-02-12T23:41:30.161+0000] {spark_submit.py:492} INFO - 26/02/12 23:41:30 INFO BlockManagerMasterEndpoint: Registering block manager 0bc7f8c4ce9d:37491 with 434.4 MiB RAM, BlockManagerId(driver, 0bc7f8c4ce9d, 37491, None)
[2026-02-12T23:41:30.162+0000] {spark_submit.py:492} INFO - 26/02/12 23:41:30 INFO BlockManagerMaster: Registered BlockManager BlockManagerId(driver, 0bc7f8c4ce9d, 37491, None)
[2026-02-12T23:41:30.163+0000] {spark_submit.py:492} INFO - 26/02/12 23:41:30 INFO BlockManager: Initialized BlockManager: BlockManagerId(driver, 0bc7f8c4ce9d, 37491, None)
[2026-02-12T23:41:30.387+0000] {spark_submit.py:492} INFO - 26/02/12 23:41:30 INFO SharedState: Setting hive.metastore.warehouse.dir ('null') to the value of spark.sql.warehouse.dir.
[2026-02-12T23:41:30.391+0000] {spark_submit.py:492} INFO - 26/02/12 23:41:30 INFO SharedState: Warehouse path is 'file:/opt/airflow/spark-warehouse'.
[2026-02-12T23:41:30.793+0000] {spark_submit.py:492} INFO - 26/02/12 23:41:30 INFO InMemoryFileIndex: It took 28 ms to list leaf files for 1 paths.
[2026-02-12T23:41:30.840+0000] {spark_submit.py:492} INFO - 26/02/12 23:41:30 INFO InMemoryFileIndex: It took 8 ms to list leaf files for 12 paths.
[2026-02-12T23:41:31.838+0000] {spark_submit.py:492} INFO - 26/02/12 23:41:31 INFO FileSourceStrategy: Pushed Filters:
[2026-02-12T23:41:31.845+0000] {spark_submit.py:492} INFO - 26/02/12 23:41:31 INFO FileSourceStrategy: Post-Scan Filters:
[2026-02-12T23:41:31.983+0000] {spark_submit.py:492} INFO - 26/02/12 23:41:31 INFO MemoryStore: Block broadcast_0 stored as values in memory (estimated size 199.2 KiB, free 434.2 MiB)
[2026-02-12T23:41:32.020+0000] {spark_submit.py:492} INFO - 26/02/12 23:41:32 INFO MemoryStore: Block broadcast_0_piece0 stored as bytes in memory (estimated size 34.2 KiB, free 434.2 MiB)
[2026-02-12T23:41:32.022+0000] {spark_submit.py:492} INFO - 26/02/12 23:41:32 INFO BlockManagerInfo: Added broadcast_0_piece0 in memory on 0bc7f8c4ce9d:37491 (size: 34.2 KiB, free: 434.4 MiB)
[2026-02-12T23:41:32.025+0000] {spark_submit.py:492} INFO - 26/02/12 23:41:32 INFO SparkContext: Created broadcast 0 from json at NativeMethodAccessorImpl.java:0
[2026-02-12T23:41:32.031+0000] {spark_submit.py:492} INFO - 26/02/12 23:41:32 INFO FileSourceScanExec: Planning scan with bin packing, max size: 50383558 bytes, open cost is considered as scanning 4194304 bytes.
[2026-02-12T23:41:32.115+0000] {spark_submit.py:492} INFO - 26/02/12 23:41:32 INFO SparkContext: Starting job: json at NativeMethodAccessorImpl.java:0
[2026-02-12T23:41:32.123+0000] {spark_submit.py:492} INFO - 26/02/12 23:41:32 INFO DAGScheduler: Got job 0 (json at NativeMethodAccessorImpl.java:0) with 1 output partitions
[2026-02-12T23:41:32.123+0000] {spark_submit.py:492} INFO - 26/02/12 23:41:32 INFO DAGScheduler: Final stage: ResultStage 0 (json at NativeMethodAccessorImpl.java:0)
[2026-02-12T23:41:32.123+0000] {spark_submit.py:492} INFO - 26/02/12 23:41:32 INFO DAGScheduler: Parents of final stage: List()
[2026-02-12T23:41:32.124+0000] {spark_submit.py:492} INFO - 26/02/12 23:41:32 INFO DAGScheduler: Missing parents: List()
[2026-02-12T23:41:32.126+0000] {spark_submit.py:492} INFO - 26/02/12 23:41:32 INFO DAGScheduler: Submitting ResultStage 0 (MapPartitionsRDD[3] at json at NativeMethodAccessorImpl.java:0), which has no missing parents
[2026-02-12T23:41:32.169+0000] {spark_submit.py:492} INFO - 26/02/12 23:41:32 INFO MemoryStore: Block broadcast_1 stored as values in memory (estimated size 15.0 KiB, free 434.2 MiB)
[2026-02-12T23:41:32.175+0000] {spark_submit.py:492} INFO - 26/02/12 23:41:32 INFO MemoryStore: Block broadcast_1_piece0 stored as bytes in memory (estimated size 7.2 KiB, free 434.2 MiB)
[2026-02-12T23:41:32.175+0000] {spark_submit.py:492} INFO - 26/02/12 23:41:32 INFO BlockManagerInfo: Added broadcast_1_piece0 in memory on 0bc7f8c4ce9d:37491 (size: 7.2 KiB, free: 434.4 MiB)
[2026-02-12T23:41:32.176+0000] {spark_submit.py:492} INFO - 26/02/12 23:41:32 INFO SparkContext: Created broadcast 1 from broadcast at DAGScheduler.scala:1535
[2026-02-12T23:41:32.184+0000] {spark_submit.py:492} INFO - 26/02/12 23:41:32 INFO DAGScheduler: Submitting 1 missing tasks from ResultStage 0 (MapPartitionsRDD[3] at json at NativeMethodAccessorImpl.java:0) (first 15 tasks are for partitions Vector(0))
[2026-02-12T23:41:32.185+0000] {spark_submit.py:492} INFO - 26/02/12 23:41:32 INFO TaskSchedulerImpl: Adding task set 0.0 with 1 tasks resource profile 0
[2026-02-12T23:41:32.210+0000] {spark_submit.py:492} INFO - 26/02/12 23:41:32 INFO TaskSetManager: Starting task 0.0 in stage 0.0 (TID 0) (0bc7f8c4ce9d, executor driver, partition 0, PROCESS_LOCAL, 9064 bytes)
[2026-02-12T23:41:32.217+0000] {spark_submit.py:492} INFO - 26/02/12 23:41:32 INFO Executor: Running task 0.0 in stage 0.0 (TID 0)
[2026-02-12T23:41:32.273+0000] {spark_submit.py:492} INFO - 26/02/12 23:41:32 INFO FileScanRDD: Reading File path: file:///opt/airflow/data/raw/tweets_2026-02-05.json, range: 0-10349, partition values: [empty row]
[2026-02-12T23:41:32.394+0000] {spark_submit.py:492} INFO - 26/02/12 23:41:32 INFO CodeGenerator: Code generated in 101.20561 ms
[2026-02-12T23:41:32.420+0000] {spark_submit.py:492} INFO - 26/02/12 23:41:32 INFO FileScanRDD: Reading File path: file:///opt/airflow/data/raw/tweets_2026-02-10.json, range: 0-6957, partition values: [empty row]
[2026-02-12T23:41:32.427+0000] {spark_submit.py:492} INFO - 26/02/12 23:41:32 INFO FileScanRDD: Reading File path: file:///opt/airflow/data/raw/tweets_2026-02-03.json, range: 0-3511, partition values: [empty row]
[2026-02-12T23:41:32.430+0000] {spark_submit.py:492} INFO - 26/02/12 23:41:32 INFO FileScanRDD: Reading File path: file:///opt/airflow/data/raw/tweets_2026-02-02.json, range: 0-3495, partition values: [empty row]
[2026-02-12T23:41:32.433+0000] {spark_submit.py:492} INFO - 26/02/12 23:41:32 INFO FileScanRDD: Reading File path: file:///opt/airflow/data/raw/tweets_2026-02-01.json, range: 0-3492, partition values: [empty row]
[2026-02-12T23:41:32.436+0000] {spark_submit.py:492} INFO - 26/02/12 23:41:32 INFO FileScanRDD: Reading File path: file:///opt/airflow/data/raw/tweets_2026-02-06.json, range: 0-3482, partition values: [empty row]
[2026-02-12T23:41:32.439+0000] {spark_submit.py:492} INFO - 26/02/12 23:41:32 INFO FileScanRDD: Reading File path: file:///opt/airflow/data/raw/tweets_2026-02-12.json, range: 0-3463, partition values: [empty row]
[2026-02-12T23:41:32.441+0000] {spark_submit.py:492} INFO - 26/02/12 23:41:32 INFO FileScanRDD: Reading File path: file:///opt/airflow/data/raw/tweets_2026-02-07.json, range: 0-3459, partition values: [empty row]
[2026-02-12T23:41:32.443+0000] {spark_submit.py:492} INFO - 26/02/12 23:41:32 INFO FileScanRDD: Reading File path: file:///opt/airflow/data/raw/tweets_2026-02-08.json, range: 0-3449, partition values: [empty row]
[2026-02-12T23:41:32.445+0000] {spark_submit.py:492} INFO - 26/02/12 23:41:32 INFO FileScanRDD: Reading File path: file:///opt/airflow/data/raw/tweets_2026-02-09.json, range: 0-3435, partition values: [empty row]
[2026-02-12T23:41:32.448+0000] {spark_submit.py:492} INFO - 26/02/12 23:41:32 INFO FileScanRDD: Reading File path: file:///opt/airflow/data/raw/tweets_2026-02-11.json, range: 0-3424, partition values: [empty row]
[2026-02-12T23:41:32.450+0000] {spark_submit.py:492} INFO - 26/02/12 23:41:32 INFO FileScanRDD: Reading File path: file:///opt/airflow/data/raw/tweets_2026-02-04.json, range: 0-3394, partition values: [empty row]
[2026-02-12T23:41:32.463+0000] {spark_submit.py:492} INFO - 26/02/12 23:41:32 INFO Executor: Finished task 0.0 in stage 0.0 (TID 0). 2606 bytes result sent to driver
[2026-02-12T23:41:32.469+0000] {spark_submit.py:492} INFO - 26/02/12 23:41:32 INFO TaskSetManager: Finished task 0.0 in stage 0.0 (TID 0) in 264 ms on 0bc7f8c4ce9d (executor driver) (1/1)
[2026-02-12T23:41:32.470+0000] {spark_submit.py:492} INFO - 26/02/12 23:41:32 INFO TaskSchedulerImpl: Removed TaskSet 0.0, whose tasks have all completed, from pool
[2026-02-12T23:41:32.473+0000] {spark_submit.py:492} INFO - 26/02/12 23:41:32 INFO DAGScheduler: ResultStage 0 (json at NativeMethodAccessorImpl.java:0) finished in 0.339 s
[2026-02-12T23:41:32.475+0000] {spark_submit.py:492} INFO - 26/02/12 23:41:32 INFO DAGScheduler: Job 0 is finished. Cancelling potential speculative or zombie tasks for this job
[2026-02-12T23:41:32.475+0000] {spark_submit.py:492} INFO - 26/02/12 23:41:32 INFO TaskSchedulerImpl: Killing all running tasks in stage 0: Stage finished
[2026-02-12T23:41:32.476+0000] {spark_submit.py:492} INFO - 26/02/12 23:41:32 INFO DAGScheduler: Job 0 finished: json at NativeMethodAccessorImpl.java:0, took 0.361087 s
[2026-02-12T23:41:32.713+0000] {spark_submit.py:492} INFO - 26/02/12 23:41:32 INFO FileSourceStrategy: Pushed Filters:
[2026-02-12T23:41:32.713+0000] {spark_submit.py:492} INFO - 26/02/12 23:41:32 INFO FileSourceStrategy: Post-Scan Filters:
[2026-02-12T23:41:32.756+0000] {spark_submit.py:492} INFO - 26/02/12 23:41:32 INFO ParquetUtils: Using default output committer for Parquet: org.apache.parquet.hadoop.ParquetOutputCommitter
[2026-02-12T23:41:32.767+0000] {spark_submit.py:492} INFO - 26/02/12 23:41:32 INFO FileOutputCommitter: File Output Committer Algorithm version is 1
[2026-02-12T23:41:32.767+0000] {spark_submit.py:492} INFO - 26/02/12 23:41:32 INFO FileOutputCommitter: FileOutputCommitter skip cleanup _temporary folders under output directory:false, ignore cleanup failures: false
[2026-02-12T23:41:32.768+0000] {spark_submit.py:492} INFO - 26/02/12 23:41:32 INFO SQLHadoopMapReduceCommitProtocol: Using user defined output committer class org.apache.parquet.hadoop.ParquetOutputCommitter
[2026-02-12T23:41:32.768+0000] {spark_submit.py:492} INFO - 26/02/12 23:41:32 INFO FileOutputCommitter: File Output Committer Algorithm version is 1
[2026-02-12T23:41:32.768+0000] {spark_submit.py:492} INFO - 26/02/12 23:41:32 INFO FileOutputCommitter: FileOutputCommitter skip cleanup _temporary folders under output directory:false, ignore cleanup failures: false
[2026-02-12T23:41:32.768+0000] {spark_submit.py:492} INFO - 26/02/12 23:41:32 INFO SQLHadoopMapReduceCommitProtocol: Using output committer class org.apache.parquet.hadoop.ParquetOutputCommitter
[2026-02-12T23:41:32.837+0000] {spark_submit.py:492} INFO - 26/02/12 23:41:32 INFO CodeGenerator: Code generated in 26.788451 ms
[2026-02-12T23:41:32.839+0000] {spark_submit.py:492} INFO - 26/02/12 23:41:32 INFO MemoryStore: Block broadcast_2 stored as values in memory (estimated size 199.1 KiB, free 434.0 MiB)
[2026-02-12T23:41:32.845+0000] {spark_submit.py:492} INFO - 26/02/12 23:41:32 INFO MemoryStore: Block broadcast_2_piece0 stored as bytes in memory (estimated size 34.1 KiB, free 433.9 MiB)
[2026-02-12T23:41:32.846+0000] {spark_submit.py:492} INFO - 26/02/12 23:41:32 INFO BlockManagerInfo: Added broadcast_2_piece0 in memory on 0bc7f8c4ce9d:37491 (size: 34.1 KiB, free: 434.3 MiB)
[2026-02-12T23:41:32.847+0000] {spark_submit.py:492} INFO - 26/02/12 23:41:32 INFO SparkContext: Created broadcast 2 from parquet at NativeMethodAccessorImpl.java:0
[2026-02-12T23:41:32.850+0000] {spark_submit.py:492} INFO - 26/02/12 23:41:32 INFO FileSourceScanExec: Planning scan with bin packing, max size: 50383558 bytes, open cost is considered as scanning 4194304 bytes.
[2026-02-12T23:41:32.887+0000] {spark_submit.py:492} INFO - 26/02/12 23:41:32 INFO SparkContext: Starting job: parquet at NativeMethodAccessorImpl.java:0
[2026-02-12T23:41:32.887+0000] {spark_submit.py:492} INFO - 26/02/12 23:41:32 INFO DAGScheduler: Got job 1 (parquet at NativeMethodAccessorImpl.java:0) with 1 output partitions
[2026-02-12T23:41:32.888+0000] {spark_submit.py:492} INFO - 26/02/12 23:41:32 INFO DAGScheduler: Final stage: ResultStage 1 (parquet at NativeMethodAccessorImpl.java:0)
[2026-02-12T23:41:32.888+0000] {spark_submit.py:492} INFO - 26/02/12 23:41:32 INFO DAGScheduler: Parents of final stage: List()
[2026-02-12T23:41:32.888+0000] {spark_submit.py:492} INFO - 26/02/12 23:41:32 INFO DAGScheduler: Missing parents: List()
[2026-02-12T23:41:32.888+0000] {spark_submit.py:492} INFO - 26/02/12 23:41:32 INFO BlockManagerInfo: Removed broadcast_1_piece0 on 0bc7f8c4ce9d:37491 in memory (size: 7.2 KiB, free: 434.3 MiB)
[2026-02-12T23:41:32.888+0000] {spark_submit.py:492} INFO - 26/02/12 23:41:32 INFO DAGScheduler: Submitting ResultStage 1 (MapPartitionsRDD[7] at parquet at NativeMethodAccessorImpl.java:0), which has no missing parents
[2026-02-12T23:41:32.892+0000] {spark_submit.py:492} INFO - 26/02/12 23:41:32 INFO BlockManagerInfo: Removed broadcast_0_piece0 on 0bc7f8c4ce9d:37491 in memory (size: 34.2 KiB, free: 434.4 MiB)
[2026-02-12T23:41:32.904+0000] {spark_submit.py:492} INFO - 26/02/12 23:41:32 INFO MemoryStore: Block broadcast_3 stored as values in memory (estimated size 236.4 KiB, free 433.9 MiB)
[2026-02-12T23:41:32.906+0000] {spark_submit.py:492} INFO - 26/02/12 23:41:32 INFO MemoryStore: Block broadcast_3_piece0 stored as bytes in memory (estimated size 86.3 KiB, free 433.9 MiB)
[2026-02-12T23:41:32.906+0000] {spark_submit.py:492} INFO - 26/02/12 23:41:32 INFO BlockManagerInfo: Added broadcast_3_piece0 in memory on 0bc7f8c4ce9d:37491 (size: 86.3 KiB, free: 434.3 MiB)
[2026-02-12T23:41:32.906+0000] {spark_submit.py:492} INFO - 26/02/12 23:41:32 INFO SparkContext: Created broadcast 3 from broadcast at DAGScheduler.scala:1535
[2026-02-12T23:41:32.907+0000] {spark_submit.py:492} INFO - 26/02/12 23:41:32 INFO DAGScheduler: Submitting 1 missing tasks from ResultStage 1 (MapPartitionsRDD[7] at parquet at NativeMethodAccessorImpl.java:0) (first 15 tasks are for partitions Vector(0))
[2026-02-12T23:41:32.907+0000] {spark_submit.py:492} INFO - 26/02/12 23:41:32 INFO TaskSchedulerImpl: Adding task set 1.0 with 1 tasks resource profile 0
[2026-02-12T23:41:32.908+0000] {spark_submit.py:492} INFO - 26/02/12 23:41:32 INFO TaskSetManager: Starting task 0.0 in stage 1.0 (TID 1) (0bc7f8c4ce9d, executor driver, partition 0, PROCESS_LOCAL, 9064 bytes)
[2026-02-12T23:41:32.909+0000] {spark_submit.py:492} INFO - 26/02/12 23:41:32 INFO Executor: Running task 0.0 in stage 1.0 (TID 1)
[2026-02-12T23:41:32.947+0000] {spark_submit.py:492} INFO - 26/02/12 23:41:32 INFO CodeGenerator: Code generated in 8.3213 ms
[2026-02-12T23:41:32.959+0000] {spark_submit.py:492} INFO - 26/02/12 23:41:32 INFO CodeGenerator: Code generated in 5.6734 ms
[2026-02-12T23:41:32.966+0000] {spark_submit.py:492} INFO - 26/02/12 23:41:32 INFO FileOutputCommitter: File Output Committer Algorithm version is 1
[2026-02-12T23:41:32.966+0000] {spark_submit.py:492} INFO - 26/02/12 23:41:32 INFO FileOutputCommitter: FileOutputCommitter skip cleanup _temporary folders under output directory:false, ignore cleanup failures: false
[2026-02-12T23:41:32.966+0000] {spark_submit.py:492} INFO - 26/02/12 23:41:32 INFO SQLHadoopMapReduceCommitProtocol: Using user defined output committer class org.apache.parquet.hadoop.ParquetOutputCommitter
[2026-02-12T23:41:32.967+0000] {spark_submit.py:492} INFO - 26/02/12 23:41:32 INFO FileOutputCommitter: File Output Committer Algorithm version is 1
[2026-02-12T23:41:32.967+0000] {spark_submit.py:492} INFO - 26/02/12 23:41:32 INFO FileOutputCommitter: FileOutputCommitter skip cleanup _temporary folders under output directory:false, ignore cleanup failures: false
[2026-02-12T23:41:32.967+0000] {spark_submit.py:492} INFO - 26/02/12 23:41:32 INFO SQLHadoopMapReduceCommitProtocol: Using output committer class org.apache.parquet.hadoop.ParquetOutputCommitter
[2026-02-12T23:41:32.989+0000] {spark_submit.py:492} INFO - 26/02/12 23:41:32 INFO CodeGenerator: Code generated in 13.383249 ms
[2026-02-12T23:41:32.990+0000] {spark_submit.py:492} INFO - 26/02/12 23:41:32 INFO FileScanRDD: Reading File path: file:///opt/airflow/data/raw/tweets_2026-02-05.json, range: 0-10349, partition values: [empty row]
[2026-02-12T23:41:33.009+0000] {spark_submit.py:492} INFO - 26/02/12 23:41:33 INFO CodeGenerator: Code generated in 13.757403 ms
[2026-02-12T23:41:33.034+0000] {spark_submit.py:492} INFO - 26/02/12 23:41:33 INFO FileScanRDD: Reading File path: file:///opt/airflow/data/raw/tweets_2026-02-10.json, range: 0-6957, partition values: [empty row]
[2026-02-12T23:41:33.040+0000] {spark_submit.py:492} INFO - 26/02/12 23:41:33 INFO FileScanRDD: Reading File path: file:///opt/airflow/data/raw/tweets_2026-02-03.json, range: 0-3511, partition values: [empty row]
[2026-02-12T23:41:33.043+0000] {spark_submit.py:492} INFO - 26/02/12 23:41:33 INFO FileScanRDD: Reading File path: file:///opt/airflow/data/raw/tweets_2026-02-02.json, range: 0-3495, partition values: [empty row]
[2026-02-12T23:41:33.045+0000] {spark_submit.py:492} INFO - 26/02/12 23:41:33 INFO FileScanRDD: Reading File path: file:///opt/airflow/data/raw/tweets_2026-02-01.json, range: 0-3492, partition values: [empty row]
[2026-02-12T23:41:33.048+0000] {spark_submit.py:492} INFO - 26/02/12 23:41:33 INFO FileScanRDD: Reading File path: file:///opt/airflow/data/raw/tweets_2026-02-06.json, range: 0-3482, partition values: [empty row]
[2026-02-12T23:41:33.050+0000] {spark_submit.py:492} INFO - 26/02/12 23:41:33 INFO FileScanRDD: Reading File path: file:///opt/airflow/data/raw/tweets_2026-02-12.json, range: 0-3463, partition values: [empty row]
[2026-02-12T23:41:33.052+0000] {spark_submit.py:492} INFO - 26/02/12 23:41:33 INFO FileScanRDD: Reading File path: file:///opt/airflow/data/raw/tweets_2026-02-07.json, range: 0-3459, partition values: [empty row]
[2026-02-12T23:41:33.055+0000] {spark_submit.py:492} INFO - 26/02/12 23:41:33 INFO FileScanRDD: Reading File path: file:///opt/airflow/data/raw/tweets_2026-02-08.json, range: 0-3449, partition values: [empty row]
[2026-02-12T23:41:33.057+0000] {spark_submit.py:492} INFO - 26/02/12 23:41:33 INFO FileScanRDD: Reading File path: file:///opt/airflow/data/raw/tweets_2026-02-09.json, range: 0-3435, partition values: [empty row]
[2026-02-12T23:41:33.059+0000] {spark_submit.py:492} INFO - 26/02/12 23:41:33 INFO FileScanRDD: Reading File path: file:///opt/airflow/data/raw/tweets_2026-02-11.json, range: 0-3424, partition values: [empty row]
[2026-02-12T23:41:33.061+0000] {spark_submit.py:492} INFO - 26/02/12 23:41:33 INFO FileScanRDD: Reading File path: file:///opt/airflow/data/raw/tweets_2026-02-04.json, range: 0-3394, partition values: [empty row]
[2026-02-12T23:41:33.074+0000] {spark_submit.py:492} INFO - 26/02/12 23:41:33 INFO CodeGenerator: Code generated in 5.939292 ms
[2026-02-12T23:41:33.100+0000] {spark_submit.py:492} INFO - 26/02/12 23:41:33 INFO CodeGenerator: Code generated in 14.944036 ms
[2026-02-12T23:41:33.106+0000] {spark_submit.py:492} INFO - 26/02/12 23:41:33 INFO CodecConfig: Compression: SNAPPY
[2026-02-12T23:41:33.108+0000] {spark_submit.py:492} INFO - 26/02/12 23:41:33 INFO CodecConfig: Compression: SNAPPY
[2026-02-12T23:41:33.118+0000] {spark_submit.py:492} INFO - 26/02/12 23:41:33 INFO ParquetOutputFormat: ParquetRecordWriter [block size: 134217728b, row group padding size: 8388608b, validating: false]
[2026-02-12T23:41:33.134+0000] {spark_submit.py:492} INFO - 26/02/12 23:41:33 INFO ParquetWriteSupport: Initialized Parquet WriteSupport with Catalyst schema:
[2026-02-12T23:41:33.135+0000] {spark_submit.py:492} INFO - {
[2026-02-12T23:41:33.135+0000] {spark_submit.py:492} INFO - "type" : "struct",
[2026-02-12T23:41:33.135+0000] {spark_submit.py:492} INFO - "fields" : [ {
[2026-02-12T23:41:33.135+0000] {spark_submit.py:492} INFO - "name" : "user_id",
[2026-02-12T23:41:33.135+0000] {spark_submit.py:492} INFO - "type" : "string",
[2026-02-12T23:41:33.135+0000] {spark_submit.py:492} INFO - "nullable" : true,
[2026-02-12T23:41:33.135+0000] {spark_submit.py:492} INFO - "metadata" : { }
[2026-02-12T23:41:33.135+0000] {spark_submit.py:492} INFO - }, {
[2026-02-12T23:41:33.135+0000] {spark_submit.py:492} INFO - "name" : "thread_id",
[2026-02-12T23:41:33.135+0000] {spark_submit.py:492} INFO - "type" : "string",
[2026-02-12T23:41:33.135+0000] {spark_submit.py:492} INFO - "nullable" : true,
[2026-02-12T23:41:33.135+0000] {spark_submit.py:492} INFO - "metadata" : { }
[2026-02-12T23:41:33.136+0000] {spark_submit.py:492} INFO - }, {
[2026-02-12T23:41:33.136+0000] {spark_submit.py:492} INFO - "name" : "created_at",
[2026-02-12T23:41:33.136+0000] {spark_submit.py:492} INFO - "type" : "string",
[2026-02-12T23:41:33.136+0000] {spark_submit.py:492} INFO - "nullable" : true,
[2026-02-12T23:41:33.136+0000] {spark_submit.py:492} INFO - "metadata" : { }
[2026-02-12T23:41:33.136+0000] {spark_submit.py:492} INFO - }, {
[2026-02-12T23:41:33.136+0000] {spark_submit.py:492} INFO - "name" : "edit_versions_ids",
[2026-02-12T23:41:33.136+0000] {spark_submit.py:492} INFO - "type" : {
[2026-02-12T23:41:33.136+0000] {spark_submit.py:492} INFO - "type" : "array",
[2026-02-12T23:41:33.136+0000] {spark_submit.py:492} INFO - "elementType" : "long",
[2026-02-12T23:41:33.136+0000] {spark_submit.py:492} INFO - "containsNull" : true
[2026-02-12T23:41:33.136+0000] {spark_submit.py:492} INFO - },
[2026-02-12T23:41:33.137+0000] {spark_submit.py:492} INFO - "nullable" : true,
[2026-02-12T23:41:33.137+0000] {spark_submit.py:492} INFO - "metadata" : { }
[2026-02-12T23:41:33.137+0000] {spark_submit.py:492} INFO - }, {
[2026-02-12T23:41:33.137+0000] {spark_submit.py:492} INFO - "name" : "tweet_id",
[2026-02-12T23:41:33.137+0000] {spark_submit.py:492} INFO - "type" : "string",
[2026-02-12T23:41:33.137+0000] {spark_submit.py:492} INFO - "nullable" : true,
[2026-02-12T23:41:33.137+0000] {spark_submit.py:492} INFO - "metadata" : { }
[2026-02-12T23:41:33.137+0000] {spark_submit.py:492} INFO - }, {
[2026-02-12T23:41:33.137+0000] {spark_submit.py:492} INFO - "name" : "reply_to_user_id",
[2026-02-12T23:41:33.137+0000] {spark_submit.py:492} INFO - "type" : "string",
[2026-02-12T23:41:33.137+0000] {spark_submit.py:492} INFO - "nullable" : true,
[2026-02-12T23:41:33.137+0000] {spark_submit.py:492} INFO - "metadata" : { }
[2026-02-12T23:41:33.138+0000] {spark_submit.py:492} INFO - }, {
[2026-02-12T23:41:33.138+0000] {spark_submit.py:492} INFO - "name" : "language",
[2026-02-12T23:41:33.138+0000] {spark_submit.py:492} INFO - "type" : "string",
[2026-02-12T23:41:33.138+0000] {spark_submit.py:492} INFO - "nullable" : true,
[2026-02-12T23:41:33.138+0000] {spark_submit.py:492} INFO - "metadata" : { }
[2026-02-12T23:41:33.138+0000] {spark_submit.py:492} INFO - }, {
[2026-02-12T23:41:33.138+0000] {spark_submit.py:492} INFO - "name" : "tweet_text",
[2026-02-12T23:41:33.138+0000] {spark_submit.py:492} INFO - "type" : "string",
[2026-02-12T23:41:33.138+0000] {spark_submit.py:492} INFO - "nullable" : true,
[2026-02-12T23:41:33.138+0000] {spark_submit.py:492} INFO - "metadata" : { }
[2026-02-12T23:41:33.138+0000] {spark_submit.py:492} INFO - }, {
[2026-02-12T23:41:33.138+0000] {spark_submit.py:492} INFO - "name" : "likes",
[2026-02-12T23:41:33.139+0000] {spark_submit.py:492} INFO - "type" : "long",
[2026-02-12T23:41:33.139+0000] {spark_submit.py:492} INFO - "nullable" : true,
[2026-02-12T23:41:33.139+0000] {spark_submit.py:492} INFO - "metadata" : { }
[2026-02-12T23:41:33.139+0000] {spark_submit.py:492} INFO - }, {
[2026-02-12T23:41:33.139+0000] {spark_submit.py:492} INFO - "name" : "quotes",
[2026-02-12T23:41:33.139+0000] {spark_submit.py:492} INFO - "type" : "long",
[2026-02-12T23:41:33.139+0000] {spark_submit.py:492} INFO - "nullable" : true,
[2026-02-12T23:41:33.139+0000] {spark_submit.py:492} INFO - "metadata" : { }
[2026-02-12T23:41:33.139+0000] {spark_submit.py:492} INFO - }, {
[2026-02-12T23:41:33.139+0000] {spark_submit.py:492} INFO - "name" : "replies",
[2026-02-12T23:41:33.139+0000] {spark_submit.py:492} INFO - "type" : "long",
[2026-02-12T23:41:33.139+0000] {spark_submit.py:492} INFO - "nullable" : true,
[2026-02-12T23:41:33.139+0000] {spark_submit.py:492} INFO - "metadata" : { }
[2026-02-12T23:41:33.140+0000] {spark_submit.py:492} INFO - }, {
[2026-02-12T23:41:33.140+0000] {spark_submit.py:492} INFO - "name" : "retweets",
[2026-02-12T23:41:33.140+0000] {spark_submit.py:492} INFO - "type" : "long",
[2026-02-12T23:41:33.140+0000] {spark_submit.py:492} INFO - "nullable" : true,
[2026-02-12T23:41:33.140+0000] {spark_submit.py:492} INFO - "metadata" : { }
[2026-02-12T23:41:33.140+0000] {spark_submit.py:492} INFO - }, {
[2026-02-12T23:41:33.140+0000] {spark_submit.py:492} INFO - "name" : "processing_date",
[2026-02-12T23:41:33.140+0000] {spark_submit.py:492} INFO - "type" : "date",
[2026-02-12T23:41:33.140+0000] {spark_submit.py:492} INFO - "nullable" : false,
[2026-02-12T23:41:33.140+0000] {spark_submit.py:492} INFO - "metadata" : { }
[2026-02-12T23:41:33.140+0000] {spark_submit.py:492} INFO - } ]
[2026-02-12T23:41:33.140+0000] {spark_submit.py:492} INFO - }
[2026-02-12T23:41:33.140+0000] {spark_submit.py:492} INFO - and corresponding Parquet message type:
[2026-02-12T23:41:33.141+0000] {spark_submit.py:492} INFO - message spark_schema {
[2026-02-12T23:41:33.141+0000] {spark_submit.py:492} INFO - optional binary user_id (STRING);
[2026-02-12T23:41:33.141+0000] {spark_submit.py:492} INFO - optional binary thread_id (STRING);
[2026-02-12T23:41:33.141+0000] {spark_submit.py:492} INFO - optional binary created_at (STRING);
[2026-02-12T23:41:33.141+0000] {spark_submit.py:492} INFO - optional group edit_versions_ids (LIST) {
[2026-02-12T23:41:33.141+0000] {spark_submit.py:492} INFO - repeated group list {
[2026-02-12T23:41:33.141+0000] {spark_submit.py:492} INFO - optional int64 element;
[2026-02-12T23:41:33.141+0000] {spark_submit.py:492} INFO - }
[2026-02-12T23:41:33.141+0000] {spark_submit.py:492} INFO - }
[2026-02-12T23:41:33.141+0000] {spark_submit.py:492} INFO - optional binary tweet_id (STRING);
[2026-02-12T23:41:33.141+0000] {spark_submit.py:492} INFO - optional binary reply_to_user_id (STRING);
[2026-02-12T23:41:33.141+0000] {spark_submit.py:492} INFO - optional binary language (STRING);
[2026-02-12T23:41:33.141+0000] {spark_submit.py:492} INFO - optional binary tweet_text (STRING);
[2026-02-12T23:41:33.142+0000] {spark_submit.py:492} INFO - optional int64 likes;
[2026-02-12T23:41:33.142+0000] {spark_submit.py:492} INFO - optional int64 quotes;
[2026-02-12T23:41:33.142+0000] {spark_submit.py:492} INFO - optional int64 replies;
[2026-02-12T23:41:33.142+0000] {spark_submit.py:492} INFO - optional int64 retweets;
[2026-02-12T23:41:33.142+0000] {spark_submit.py:492} INFO - required int32 processing_date (DATE);
[2026-02-12T23:41:33.142+0000] {spark_submit.py:492} INFO - }
[2026-02-12T23:41:33.142+0000] {spark_submit.py:492} INFO - 
[2026-02-12T23:41:33.142+0000] {spark_submit.py:492} INFO - 
[2026-02-12T23:41:33.174+0000] {spark_submit.py:492} INFO - 26/02/12 23:41:33 INFO CodecPool: Got brand-new compressor [.snappy]
[2026-02-12T23:41:33.431+0000] {spark_submit.py:492} INFO - 26/02/12 23:41:33 INFO CodecConfig: Compression: SNAPPY
[2026-02-12T23:41:33.431+0000] {spark_submit.py:492} INFO - 26/02/12 23:41:33 INFO CodecConfig: Compression: SNAPPY
[2026-02-12T23:41:33.432+0000] {spark_submit.py:492} INFO - 26/02/12 23:41:33 INFO ParquetOutputFormat: ParquetRecordWriter [block size: 134217728b, row group padding size: 8388608b, validating: false]
[2026-02-12T23:41:33.434+0000] {spark_submit.py:492} INFO - 26/02/12 23:41:33 INFO ParquetWriteSupport: Initialized Parquet WriteSupport with Catalyst schema:
[2026-02-12T23:41:33.434+0000] {spark_submit.py:492} INFO - {
[2026-02-12T23:41:33.434+0000] {spark_submit.py:492} INFO - "type" : "struct",
[2026-02-12T23:41:33.434+0000] {spark_submit.py:492} INFO - "fields" : [ {
[2026-02-12T23:41:33.435+0000] {spark_submit.py:492} INFO - "name" : "user_id",
[2026-02-12T23:41:33.435+0000] {spark_submit.py:492} INFO - "type" : "string",
[2026-02-12T23:41:33.435+0000] {spark_submit.py:492} INFO - "nullable" : true,
[2026-02-12T23:41:33.435+0000] {spark_submit.py:492} INFO - "metadata" : { }
[2026-02-12T23:41:33.435+0000] {spark_submit.py:492} INFO - }, {
[2026-02-12T23:41:33.435+0000] {spark_submit.py:492} INFO - "name" : "thread_id",
[2026-02-12T23:41:33.435+0000] {spark_submit.py:492} INFO - "type" : "string",
[2026-02-12T23:41:33.435+0000] {spark_submit.py:492} INFO - "nullable" : true,
[2026-02-12T23:41:33.435+0000] {spark_submit.py:492} INFO - "metadata" : { }
[2026-02-12T23:41:33.436+0000] {spark_submit.py:492} INFO - }, {
[2026-02-12T23:41:33.436+0000] {spark_submit.py:492} INFO - "name" : "created_at",
[2026-02-12T23:41:33.436+0000] {spark_submit.py:492} INFO - "type" : "string",
[2026-02-12T23:41:33.436+0000] {spark_submit.py:492} INFO - "nullable" : true,
[2026-02-12T23:41:33.436+0000] {spark_submit.py:492} INFO - "metadata" : { }
[2026-02-12T23:41:33.436+0000] {spark_submit.py:492} INFO - }, {
[2026-02-12T23:41:33.436+0000] {spark_submit.py:492} INFO - "name" : "edit_versions_ids",
[2026-02-12T23:41:33.436+0000] {spark_submit.py:492} INFO - "type" : {
[2026-02-12T23:41:33.437+0000] {spark_submit.py:492} INFO - "type" : "array",
[2026-02-12T23:41:33.437+0000] {spark_submit.py:492} INFO - "elementType" : "long",
[2026-02-12T23:41:33.437+0000] {spark_submit.py:492} INFO - "containsNull" : true
[2026-02-12T23:41:33.437+0000] {spark_submit.py:492} INFO - },
[2026-02-12T23:41:33.437+0000] {spark_submit.py:492} INFO - "nullable" : true,
[2026-02-12T23:41:33.437+0000] {spark_submit.py:492} INFO - "metadata" : { }
[2026-02-12T23:41:33.437+0000] {spark_submit.py:492} INFO - }, {
[2026-02-12T23:41:33.437+0000] {spark_submit.py:492} INFO - "name" : "tweet_id",
[2026-02-12T23:41:33.437+0000] {spark_submit.py:492} INFO - "type" : "string",
[2026-02-12T23:41:33.437+0000] {spark_submit.py:492} INFO - "nullable" : true,
[2026-02-12T23:41:33.437+0000] {spark_submit.py:492} INFO - "metadata" : { }
[2026-02-12T23:41:33.437+0000] {spark_submit.py:492} INFO - }, {
[2026-02-12T23:41:33.437+0000] {spark_submit.py:492} INFO - "name" : "reply_to_user_id",
[2026-02-12T23:41:33.437+0000] {spark_submit.py:492} INFO - "type" : "string",
[2026-02-12T23:41:33.438+0000] {spark_submit.py:492} INFO - "nullable" : true,
[2026-02-12T23:41:33.438+0000] {spark_submit.py:492} INFO - "metadata" : { }
[2026-02-12T23:41:33.438+0000] {spark_submit.py:492} INFO - }, {
[2026-02-12T23:41:33.438+0000] {spark_submit.py:492} INFO - "name" : "language",
[2026-02-12T23:41:33.438+0000] {spark_submit.py:492} INFO - "type" : "string",
[2026-02-12T23:41:33.438+0000] {spark_submit.py:492} INFO - "nullable" : true,
[2026-02-12T23:41:33.438+0000] {spark_submit.py:492} INFO - "metadata" : { }
[2026-02-12T23:41:33.438+0000] {spark_submit.py:492} INFO - }, {
[2026-02-12T23:41:33.438+0000] {spark_submit.py:492} INFO - "name" : "tweet_text",
[2026-02-12T23:41:33.439+0000] {spark_submit.py:492} INFO - "type" : "string",
[2026-02-12T23:41:33.439+0000] {spark_submit.py:492} INFO - "nullable" : true,
[2026-02-12T23:41:33.439+0000] {spark_submit.py:492} INFO - "metadata" : { }
[2026-02-12T23:41:33.439+0000] {spark_submit.py:492} INFO - }, {
[2026-02-12T23:41:33.439+0000] {spark_submit.py:492} INFO - "name" : "likes",
[2026-02-12T23:41:33.439+0000] {spark_submit.py:492} INFO - "type" : "long",
[2026-02-12T23:41:33.439+0000] {spark_submit.py:492} INFO - "nullable" : true,
[2026-02-12T23:41:33.439+0000] {spark_submit.py:492} INFO - "metadata" : { }
[2026-02-12T23:41:33.439+0000] {spark_submit.py:492} INFO - }, {
[2026-02-12T23:41:33.439+0000] {spark_submit.py:492} INFO - "name" : "quotes",
[2026-02-12T23:41:33.439+0000] {spark_submit.py:492} INFO - "type" : "long",
[2026-02-12T23:41:33.439+0000] {spark_submit.py:492} INFO - "nullable" : true,
[2026-02-12T23:41:33.439+0000] {spark_submit.py:492} INFO - "metadata" : { }
[2026-02-12T23:41:33.440+0000] {spark_submit.py:492} INFO - }, {
[2026-02-12T23:41:33.440+0000] {spark_submit.py:492} INFO - "name" : "replies",
[2026-02-12T23:41:33.440+0000] {spark_submit.py:492} INFO - "type" : "long",
[2026-02-12T23:41:33.440+0000] {spark_submit.py:492} INFO - "nullable" : true,
[2026-02-12T23:41:33.440+0000] {spark_submit.py:492} INFO - "metadata" : { }
[2026-02-12T23:41:33.440+0000] {spark_submit.py:492} INFO - }, {
[2026-02-12T23:41:33.440+0000] {spark_submit.py:492} INFO - "name" : "retweets",
[2026-02-12T23:41:33.440+0000] {spark_submit.py:492} INFO - "type" : "long",
[2026-02-12T23:41:33.440+0000] {spark_submit.py:492} INFO - "nullable" : true,
[2026-02-12T23:41:33.440+0000] {spark_submit.py:492} INFO - "metadata" : { }
[2026-02-12T23:41:33.441+0000] {spark_submit.py:492} INFO - }, {
[2026-02-12T23:41:33.441+0000] {spark_submit.py:492} INFO - "name" : "processing_date",
[2026-02-12T23:41:33.441+0000] {spark_submit.py:492} INFO - "type" : "date",
[2026-02-12T23:41:33.441+0000] {spark_submit.py:492} INFO - "nullable" : false,
[2026-02-12T23:41:33.441+0000] {spark_submit.py:492} INFO - "metadata" : { }
[2026-02-12T23:41:33.441+0000] {spark_submit.py:492} INFO - } ]
[2026-02-12T23:41:33.441+0000] {spark_submit.py:492} INFO - }
[2026-02-12T23:41:33.441+0000] {spark_submit.py:492} INFO - and corresponding Parquet message type:
[2026-02-12T23:41:33.441+0000] {spark_submit.py:492} INFO - message spark_schema {
[2026-02-12T23:41:33.441+0000] {spark_submit.py:492} INFO - optional binary user_id (STRING);
[2026-02-12T23:41:33.442+0000] {spark_submit.py:492} INFO - optional binary thread_id (STRING);
[2026-02-12T23:41:33.442+0000] {spark_submit.py:492} INFO - optional binary created_at (STRING);
[2026-02-12T23:41:33.442+0000] {spark_submit.py:492} INFO - optional group edit_versions_ids (LIST) {
[2026-02-12T23:41:33.442+0000] {spark_submit.py:492} INFO - repeated group list {
[2026-02-12T23:41:33.442+0000] {spark_submit.py:492} INFO - optional int64 element;
[2026-02-12T23:41:33.442+0000] {spark_submit.py:492} INFO - }
[2026-02-12T23:41:33.442+0000] {spark_submit.py:492} INFO - }
[2026-02-12T23:41:33.442+0000] {spark_submit.py:492} INFO - optional binary tweet_id (STRING);
[2026-02-12T23:41:33.442+0000] {spark_submit.py:492} INFO - optional binary reply_to_user_id (STRING);
[2026-02-12T23:41:33.442+0000] {spark_submit.py:492} INFO - optional binary language (STRING);
[2026-02-12T23:41:33.443+0000] {spark_submit.py:492} INFO - optional binary tweet_text (STRING);
[2026-02-12T23:41:33.443+0000] {spark_submit.py:492} INFO - optional int64 likes;
[2026-02-12T23:41:33.443+0000] {spark_submit.py:492} INFO - optional int64 quotes;
[2026-02-12T23:41:33.443+0000] {spark_submit.py:492} INFO - optional int64 replies;
[2026-02-12T23:41:33.443+0000] {spark_submit.py:492} INFO - optional int64 retweets;
[2026-02-12T23:41:33.443+0000] {spark_submit.py:492} INFO - required int32 processing_date (DATE);
[2026-02-12T23:41:33.443+0000] {spark_submit.py:492} INFO - }
[2026-02-12T23:41:33.443+0000] {spark_submit.py:492} INFO - 
[2026-02-12T23:41:33.443+0000] {spark_submit.py:492} INFO - 
[2026-02-12T23:41:33.458+0000] {spark_submit.py:492} INFO - 26/02/12 23:41:33 INFO CodecConfig: Compression: SNAPPY
[2026-02-12T23:41:33.458+0000] {spark_submit.py:492} INFO - 26/02/12 23:41:33 INFO CodecConfig: Compression: SNAPPY
[2026-02-12T23:41:33.459+0000] {spark_submit.py:492} INFO - 26/02/12 23:41:33 INFO ParquetOutputFormat: ParquetRecordWriter [block size: 134217728b, row group padding size: 8388608b, validating: false]
[2026-02-12T23:41:33.460+0000] {spark_submit.py:492} INFO - 26/02/12 23:41:33 INFO ParquetWriteSupport: Initialized Parquet WriteSupport with Catalyst schema:
[2026-02-12T23:41:33.461+0000] {spark_submit.py:492} INFO - {
[2026-02-12T23:41:33.461+0000] {spark_submit.py:492} INFO - "type" : "struct",
[2026-02-12T23:41:33.461+0000] {spark_submit.py:492} INFO - "fields" : [ {
[2026-02-12T23:41:33.461+0000] {spark_submit.py:492} INFO - "name" : "user_id",
[2026-02-12T23:41:33.461+0000] {spark_submit.py:492} INFO - "type" : "string",
[2026-02-12T23:41:33.461+0000] {spark_submit.py:492} INFO - "nullable" : true,
[2026-02-12T23:41:33.461+0000] {spark_submit.py:492} INFO - "metadata" : { }
[2026-02-12T23:41:33.461+0000] {spark_submit.py:492} INFO - }, {
[2026-02-12T23:41:33.462+0000] {spark_submit.py:492} INFO - "name" : "thread_id",
[2026-02-12T23:41:33.462+0000] {spark_submit.py:492} INFO - "type" : "string",
[2026-02-12T23:41:33.462+0000] {spark_submit.py:492} INFO - "nullable" : true,
[2026-02-12T23:41:33.462+0000] {spark_submit.py:492} INFO - "metadata" : { }
[2026-02-12T23:41:33.462+0000] {spark_submit.py:492} INFO - }, {
[2026-02-12T23:41:33.462+0000] {spark_submit.py:492} INFO - "name" : "created_at",
[2026-02-12T23:41:33.462+0000] {spark_submit.py:492} INFO - "type" : "string",
[2026-02-12T23:41:33.462+0000] {spark_submit.py:492} INFO - "nullable" : true,
[2026-02-12T23:41:33.463+0000] {spark_submit.py:492} INFO - "metadata" : { }
[2026-02-12T23:41:33.463+0000] {spark_submit.py:492} INFO - }, {
[2026-02-12T23:41:33.463+0000] {spark_submit.py:492} INFO - "name" : "edit_versions_ids",
[2026-02-12T23:41:33.463+0000] {spark_submit.py:492} INFO - "type" : {
[2026-02-12T23:41:33.463+0000] {spark_submit.py:492} INFO - "type" : "array",
[2026-02-12T23:41:33.463+0000] {spark_submit.py:492} INFO - "elementType" : "long",
[2026-02-12T23:41:33.463+0000] {spark_submit.py:492} INFO - "containsNull" : true
[2026-02-12T23:41:33.464+0000] {spark_submit.py:492} INFO - },
[2026-02-12T23:41:33.464+0000] {spark_submit.py:492} INFO - "nullable" : true,
[2026-02-12T23:41:33.464+0000] {spark_submit.py:492} INFO - "metadata" : { }
[2026-02-12T23:41:33.464+0000] {spark_submit.py:492} INFO - }, {
[2026-02-12T23:41:33.464+0000] {spark_submit.py:492} INFO - "name" : "tweet_id",
[2026-02-12T23:41:33.464+0000] {spark_submit.py:492} INFO - "type" : "string",
[2026-02-12T23:41:33.464+0000] {spark_submit.py:492} INFO - "nullable" : true,
[2026-02-12T23:41:33.464+0000] {spark_submit.py:492} INFO - "metadata" : { }
[2026-02-12T23:41:33.464+0000] {spark_submit.py:492} INFO - }, {
[2026-02-12T23:41:33.464+0000] {spark_submit.py:492} INFO - "name" : "reply_to_user_id",
[2026-02-12T23:41:33.465+0000] {spark_submit.py:492} INFO - "type" : "string",
[2026-02-12T23:41:33.465+0000] {spark_submit.py:492} INFO - "nullable" : true,
[2026-02-12T23:41:33.465+0000] {spark_submit.py:492} INFO - "metadata" : { }
[2026-02-12T23:41:33.465+0000] {spark_submit.py:492} INFO - }, {
[2026-02-12T23:41:33.465+0000] {spark_submit.py:492} INFO - "name" : "language",
[2026-02-12T23:41:33.465+0000] {spark_submit.py:492} INFO - "type" : "string",
[2026-02-12T23:41:33.465+0000] {spark_submit.py:492} INFO - "nullable" : true,
[2026-02-12T23:41:33.465+0000] {spark_submit.py:492} INFO - "metadata" : { }
[2026-02-12T23:41:33.465+0000] {spark_submit.py:492} INFO - }, {
[2026-02-12T23:41:33.465+0000] {spark_submit.py:492} INFO - "name" : "tweet_text",
[2026-02-12T23:41:33.465+0000] {spark_submit.py:492} INFO - "type" : "string",
[2026-02-12T23:41:33.465+0000] {spark_submit.py:492} INFO - "nullable" : true,
[2026-02-12T23:41:33.465+0000] {spark_submit.py:492} INFO - "metadata" : { }
[2026-02-12T23:41:33.466+0000] {spark_submit.py:492} INFO - }, {
[2026-02-12T23:41:33.466+0000] {spark_submit.py:492} INFO - "name" : "likes",
[2026-02-12T23:41:33.466+0000] {spark_submit.py:492} INFO - "type" : "long",
[2026-02-12T23:41:33.466+0000] {spark_submit.py:492} INFO - "nullable" : true,
[2026-02-12T23:41:33.466+0000] {spark_submit.py:492} INFO - "metadata" : { }
[2026-02-12T23:41:33.466+0000] {spark_submit.py:492} INFO - }, {
[2026-02-12T23:41:33.466+0000] {spark_submit.py:492} INFO - "name" : "quotes",
[2026-02-12T23:41:33.466+0000] {spark_submit.py:492} INFO - "type" : "long",
[2026-02-12T23:41:33.466+0000] {spark_submit.py:492} INFO - "nullable" : true,
[2026-02-12T23:41:33.466+0000] {spark_submit.py:492} INFO - "metadata" : { }
[2026-02-12T23:41:33.466+0000] {spark_submit.py:492} INFO - }, {
[2026-02-12T23:41:33.466+0000] {spark_submit.py:492} INFO - "name" : "replies",
[2026-02-12T23:41:33.466+0000] {spark_submit.py:492} INFO - "type" : "long",
[2026-02-12T23:41:33.466+0000] {spark_submit.py:492} INFO - "nullable" : true,
[2026-02-12T23:41:33.467+0000] {spark_submit.py:492} INFO - "metadata" : { }
[2026-02-12T23:41:33.467+0000] {spark_submit.py:492} INFO - }, {
[2026-02-12T23:41:33.467+0000] {spark_submit.py:492} INFO - "name" : "retweets",
[2026-02-12T23:41:33.467+0000] {spark_submit.py:492} INFO - "type" : "long",
[2026-02-12T23:41:33.467+0000] {spark_submit.py:492} INFO - "nullable" : true,
[2026-02-12T23:41:33.467+0000] {spark_submit.py:492} INFO - "metadata" : { }
[2026-02-12T23:41:33.467+0000] {spark_submit.py:492} INFO - }, {
[2026-02-12T23:41:33.467+0000] {spark_submit.py:492} INFO - "name" : "processing_date",
[2026-02-12T23:41:33.467+0000] {spark_submit.py:492} INFO - "type" : "date",
[2026-02-12T23:41:33.467+0000] {spark_submit.py:492} INFO - "nullable" : false,
[2026-02-12T23:41:33.467+0000] {spark_submit.py:492} INFO - "metadata" : { }
[2026-02-12T23:41:33.467+0000] {spark_submit.py:492} INFO - } ]
[2026-02-12T23:41:33.467+0000] {spark_submit.py:492} INFO - }
[2026-02-12T23:41:33.467+0000] {spark_submit.py:492} INFO - and corresponding Parquet message type:
[2026-02-12T23:41:33.467+0000] {spark_submit.py:492} INFO - message spark_schema {
[2026-02-12T23:41:33.468+0000] {spark_submit.py:492} INFO - optional binary user_id (STRING);
[2026-02-12T23:41:33.468+0000] {spark_submit.py:492} INFO - optional binary thread_id (STRING);
[2026-02-12T23:41:33.468+0000] {spark_submit.py:492} INFO - optional binary created_at (STRING);
[2026-02-12T23:41:33.468+0000] {spark_submit.py:492} INFO - optional group edit_versions_ids (LIST) {
[2026-02-12T23:41:33.468+0000] {spark_submit.py:492} INFO - repeated group list {
[2026-02-12T23:41:33.468+0000] {spark_submit.py:492} INFO - optional int64 element;
[2026-02-12T23:41:33.468+0000] {spark_submit.py:492} INFO - }
[2026-02-12T23:41:33.468+0000] {spark_submit.py:492} INFO - }
[2026-02-12T23:41:33.468+0000] {spark_submit.py:492} INFO - optional binary tweet_id (STRING);
[2026-02-12T23:41:33.468+0000] {spark_submit.py:492} INFO - optional binary reply_to_user_id (STRING);
[2026-02-12T23:41:33.468+0000] {spark_submit.py:492} INFO - optional binary language (STRING);
[2026-02-12T23:41:33.468+0000] {spark_submit.py:492} INFO - optional binary tweet_text (STRING);
[2026-02-12T23:41:33.469+0000] {spark_submit.py:492} INFO - optional int64 likes;
[2026-02-12T23:41:33.469+0000] {spark_submit.py:492} INFO - optional int64 quotes;
[2026-02-12T23:41:33.469+0000] {spark_submit.py:492} INFO - optional int64 replies;
[2026-02-12T23:41:33.469+0000] {spark_submit.py:492} INFO - optional int64 retweets;
[2026-02-12T23:41:33.469+0000] {spark_submit.py:492} INFO - required int32 processing_date (DATE);
[2026-02-12T23:41:33.469+0000] {spark_submit.py:492} INFO - }
[2026-02-12T23:41:33.469+0000] {spark_submit.py:492} INFO - 
[2026-02-12T23:41:33.469+0000] {spark_submit.py:492} INFO - 
[2026-02-12T23:41:33.482+0000] {spark_submit.py:492} INFO - 26/02/12 23:41:33 INFO CodecConfig: Compression: SNAPPY
[2026-02-12T23:41:33.482+0000] {spark_submit.py:492} INFO - 26/02/12 23:41:33 INFO CodecConfig: Compression: SNAPPY
[2026-02-12T23:41:33.483+0000] {spark_submit.py:492} INFO - 26/02/12 23:41:33 INFO ParquetOutputFormat: ParquetRecordWriter [block size: 134217728b, row group padding size: 8388608b, validating: false]
[2026-02-12T23:41:33.484+0000] {spark_submit.py:492} INFO - 26/02/12 23:41:33 INFO ParquetWriteSupport: Initialized Parquet WriteSupport with Catalyst schema:
[2026-02-12T23:41:33.485+0000] {spark_submit.py:492} INFO - {
[2026-02-12T23:41:33.485+0000] {spark_submit.py:492} INFO - "type" : "struct",
[2026-02-12T23:41:33.485+0000] {spark_submit.py:492} INFO - "fields" : [ {
[2026-02-12T23:41:33.485+0000] {spark_submit.py:492} INFO - "name" : "user_id",
[2026-02-12T23:41:33.485+0000] {spark_submit.py:492} INFO - "type" : "string",
[2026-02-12T23:41:33.485+0000] {spark_submit.py:492} INFO - "nullable" : true,
[2026-02-12T23:41:33.485+0000] {spark_submit.py:492} INFO - "metadata" : { }
[2026-02-12T23:41:33.485+0000] {spark_submit.py:492} INFO - }, {
[2026-02-12T23:41:33.485+0000] {spark_submit.py:492} INFO - "name" : "thread_id",
[2026-02-12T23:41:33.485+0000] {spark_submit.py:492} INFO - "type" : "string",
[2026-02-12T23:41:33.486+0000] {spark_submit.py:492} INFO - "nullable" : true,
[2026-02-12T23:41:33.486+0000] {spark_submit.py:492} INFO - "metadata" : { }
[2026-02-12T23:41:33.486+0000] {spark_submit.py:492} INFO - }, {
[2026-02-12T23:41:33.486+0000] {spark_submit.py:492} INFO - "name" : "created_at",
[2026-02-12T23:41:33.486+0000] {spark_submit.py:492} INFO - "type" : "string",
[2026-02-12T23:41:33.486+0000] {spark_submit.py:492} INFO - "nullable" : true,
[2026-02-12T23:41:33.486+0000] {spark_submit.py:492} INFO - "metadata" : { }
[2026-02-12T23:41:33.486+0000] {spark_submit.py:492} INFO - }, {
[2026-02-12T23:41:33.486+0000] {spark_submit.py:492} INFO - "name" : "edit_versions_ids",
[2026-02-12T23:41:33.486+0000] {spark_submit.py:492} INFO - "type" : {
[2026-02-12T23:41:33.486+0000] {spark_submit.py:492} INFO - "type" : "array",
[2026-02-12T23:41:33.486+0000] {spark_submit.py:492} INFO - "elementType" : "long",
[2026-02-12T23:41:33.487+0000] {spark_submit.py:492} INFO - "containsNull" : true
[2026-02-12T23:41:33.487+0000] {spark_submit.py:492} INFO - },
[2026-02-12T23:41:33.487+0000] {spark_submit.py:492} INFO - "nullable" : true,
[2026-02-12T23:41:33.487+0000] {spark_submit.py:492} INFO - "metadata" : { }
[2026-02-12T23:41:33.487+0000] {spark_submit.py:492} INFO - }, {
[2026-02-12T23:41:33.487+0000] {spark_submit.py:492} INFO - "name" : "tweet_id",
[2026-02-12T23:41:33.487+0000] {spark_submit.py:492} INFO - "type" : "string",
[2026-02-12T23:41:33.487+0000] {spark_submit.py:492} INFO - "nullable" : true,
[2026-02-12T23:41:33.487+0000] {spark_submit.py:492} INFO - "metadata" : { }
[2026-02-12T23:41:33.487+0000] {spark_submit.py:492} INFO - }, {
[2026-02-12T23:41:33.487+0000] {spark_submit.py:492} INFO - "name" : "reply_to_user_id",
[2026-02-12T23:41:33.487+0000] {spark_submit.py:492} INFO - "type" : "string",
[2026-02-12T23:41:33.487+0000] {spark_submit.py:492} INFO - "nullable" : true,
[2026-02-12T23:41:33.487+0000] {spark_submit.py:492} INFO - "metadata" : { }
[2026-02-12T23:41:33.488+0000] {spark_submit.py:492} INFO - }, {
[2026-02-12T23:41:33.488+0000] {spark_submit.py:492} INFO - "name" : "language",
[2026-02-12T23:41:33.488+0000] {spark_submit.py:492} INFO - "type" : "string",
[2026-02-12T23:41:33.488+0000] {spark_submit.py:492} INFO - "nullable" : true,
[2026-02-12T23:41:33.488+0000] {spark_submit.py:492} INFO - "metadata" : { }
[2026-02-12T23:41:33.488+0000] {spark_submit.py:492} INFO - }, {
[2026-02-12T23:41:33.488+0000] {spark_submit.py:492} INFO - "name" : "tweet_text",
[2026-02-12T23:41:33.489+0000] {spark_submit.py:492} INFO - "type" : "string",
[2026-02-12T23:41:33.489+0000] {spark_submit.py:492} INFO - "nullable" : true,
[2026-02-12T23:41:33.489+0000] {spark_submit.py:492} INFO - "metadata" : { }
[2026-02-12T23:41:33.489+0000] {spark_submit.py:492} INFO - }, {
[2026-02-12T23:41:33.489+0000] {spark_submit.py:492} INFO - "name" : "likes",
[2026-02-12T23:41:33.489+0000] {spark_submit.py:492} INFO - "type" : "long",
[2026-02-12T23:41:33.489+0000] {spark_submit.py:492} INFO - "nullable" : true,
[2026-02-12T23:41:33.489+0000] {spark_submit.py:492} INFO - "metadata" : { }
[2026-02-12T23:41:33.489+0000] {spark_submit.py:492} INFO - }, {
[2026-02-12T23:41:33.490+0000] {spark_submit.py:492} INFO - "name" : "quotes",
[2026-02-12T23:41:33.490+0000] {spark_submit.py:492} INFO - "type" : "long",
[2026-02-12T23:41:33.490+0000] {spark_submit.py:492} INFO - "nullable" : true,
[2026-02-12T23:41:33.490+0000] {spark_submit.py:492} INFO - "metadata" : { }
[2026-02-12T23:41:33.490+0000] {spark_submit.py:492} INFO - }, {
[2026-02-12T23:41:33.490+0000] {spark_submit.py:492} INFO - "name" : "replies",
[2026-02-12T23:41:33.490+0000] {spark_submit.py:492} INFO - "type" : "long",
[2026-02-12T23:41:33.490+0000] {spark_submit.py:492} INFO - "nullable" : true,
[2026-02-12T23:41:33.490+0000] {spark_submit.py:492} INFO - "metadata" : { }
[2026-02-12T23:41:33.491+0000] {spark_submit.py:492} INFO - }, {
[2026-02-12T23:41:33.491+0000] {spark_submit.py:492} INFO - "name" : "retweets",
[2026-02-12T23:41:33.491+0000] {spark_submit.py:492} INFO - "type" : "long",
[2026-02-12T23:41:33.491+0000] {spark_submit.py:492} INFO - "nullable" : true,
[2026-02-12T23:41:33.491+0000] {spark_submit.py:492} INFO - "metadata" : { }
[2026-02-12T23:41:33.491+0000] {spark_submit.py:492} INFO - }, {
[2026-02-12T23:41:33.491+0000] {spark_submit.py:492} INFO - "name" : "processing_date",
[2026-02-12T23:41:33.491+0000] {spark_submit.py:492} INFO - "type" : "date",
[2026-02-12T23:41:33.491+0000] {spark_submit.py:492} INFO - "nullable" : false,
[2026-02-12T23:41:33.492+0000] {spark_submit.py:492} INFO - "metadata" : { }
[2026-02-12T23:41:33.492+0000] {spark_submit.py:492} INFO - } ]
[2026-02-12T23:41:33.492+0000] {spark_submit.py:492} INFO - }
[2026-02-12T23:41:33.492+0000] {spark_submit.py:492} INFO - and corresponding Parquet message type:
[2026-02-12T23:41:33.492+0000] {spark_submit.py:492} INFO - message spark_schema {
[2026-02-12T23:41:33.492+0000] {spark_submit.py:492} INFO - optional binary user_id (STRING);
[2026-02-12T23:41:33.492+0000] {spark_submit.py:492} INFO - optional binary thread_id (STRING);
[2026-02-12T23:41:33.492+0000] {spark_submit.py:492} INFO - optional binary created_at (STRING);
[2026-02-12T23:41:33.492+0000] {spark_submit.py:492} INFO - optional group edit_versions_ids (LIST) {
[2026-02-12T23:41:33.493+0000] {spark_submit.py:492} INFO - repeated group list {
[2026-02-12T23:41:33.493+0000] {spark_submit.py:492} INFO - optional int64 element;
[2026-02-12T23:41:33.493+0000] {spark_submit.py:492} INFO - }
[2026-02-12T23:41:33.493+0000] {spark_submit.py:492} INFO - }
[2026-02-12T23:41:33.493+0000] {spark_submit.py:492} INFO - optional binary tweet_id (STRING);
[2026-02-12T23:41:33.493+0000] {spark_submit.py:492} INFO - optional binary reply_to_user_id (STRING);
[2026-02-12T23:41:33.493+0000] {spark_submit.py:492} INFO - optional binary language (STRING);
[2026-02-12T23:41:33.493+0000] {spark_submit.py:492} INFO - optional binary tweet_text (STRING);
[2026-02-12T23:41:33.493+0000] {spark_submit.py:492} INFO - optional int64 likes;
[2026-02-12T23:41:33.494+0000] {spark_submit.py:492} INFO - optional int64 quotes;
[2026-02-12T23:41:33.494+0000] {spark_submit.py:492} INFO - optional int64 replies;
[2026-02-12T23:41:33.494+0000] {spark_submit.py:492} INFO - optional int64 retweets;
[2026-02-12T23:41:33.494+0000] {spark_submit.py:492} INFO - required int32 processing_date (DATE);
[2026-02-12T23:41:33.494+0000] {spark_submit.py:492} INFO - }
[2026-02-12T23:41:33.494+0000] {spark_submit.py:492} INFO - 
[2026-02-12T23:41:33.494+0000] {spark_submit.py:492} INFO - 
[2026-02-12T23:41:33.508+0000] {spark_submit.py:492} INFO - 26/02/12 23:41:33 INFO CodecConfig: Compression: SNAPPY
[2026-02-12T23:41:33.508+0000] {spark_submit.py:492} INFO - 26/02/12 23:41:33 INFO CodecConfig: Compression: SNAPPY
[2026-02-12T23:41:33.509+0000] {spark_submit.py:492} INFO - 26/02/12 23:41:33 INFO ParquetOutputFormat: ParquetRecordWriter [block size: 134217728b, row group padding size: 8388608b, validating: false]
[2026-02-12T23:41:33.510+0000] {spark_submit.py:492} INFO - 26/02/12 23:41:33 INFO ParquetWriteSupport: Initialized Parquet WriteSupport with Catalyst schema:
[2026-02-12T23:41:33.510+0000] {spark_submit.py:492} INFO - {
[2026-02-12T23:41:33.510+0000] {spark_submit.py:492} INFO - "type" : "struct",
[2026-02-12T23:41:33.511+0000] {spark_submit.py:492} INFO - "fields" : [ {
[2026-02-12T23:41:33.511+0000] {spark_submit.py:492} INFO - "name" : "user_id",
[2026-02-12T23:41:33.511+0000] {spark_submit.py:492} INFO - "type" : "string",
[2026-02-12T23:41:33.511+0000] {spark_submit.py:492} INFO - "nullable" : true,
[2026-02-12T23:41:33.511+0000] {spark_submit.py:492} INFO - "metadata" : { }
[2026-02-12T23:41:33.511+0000] {spark_submit.py:492} INFO - }, {
[2026-02-12T23:41:33.511+0000] {spark_submit.py:492} INFO - "name" : "thread_id",
[2026-02-12T23:41:33.511+0000] {spark_submit.py:492} INFO - "type" : "string",
[2026-02-12T23:41:33.512+0000] {spark_submit.py:492} INFO - "nullable" : true,
[2026-02-12T23:41:33.512+0000] {spark_submit.py:492} INFO - "metadata" : { }
[2026-02-12T23:41:33.512+0000] {spark_submit.py:492} INFO - }, {
[2026-02-12T23:41:33.512+0000] {spark_submit.py:492} INFO - "name" : "created_at",
[2026-02-12T23:41:33.512+0000] {spark_submit.py:492} INFO - "type" : "string",
[2026-02-12T23:41:33.512+0000] {spark_submit.py:492} INFO - "nullable" : true,
[2026-02-12T23:41:33.512+0000] {spark_submit.py:492} INFO - "metadata" : { }
[2026-02-12T23:41:33.513+0000] {spark_submit.py:492} INFO - }, {
[2026-02-12T23:41:33.513+0000] {spark_submit.py:492} INFO - "name" : "edit_versions_ids",
[2026-02-12T23:41:33.513+0000] {spark_submit.py:492} INFO - "type" : {
[2026-02-12T23:41:33.513+0000] {spark_submit.py:492} INFO - "type" : "array",
[2026-02-12T23:41:33.513+0000] {spark_submit.py:492} INFO - "elementType" : "long",
[2026-02-12T23:41:33.513+0000] {spark_submit.py:492} INFO - "containsNull" : true
[2026-02-12T23:41:33.513+0000] {spark_submit.py:492} INFO - },
[2026-02-12T23:41:33.514+0000] {spark_submit.py:492} INFO - "nullable" : true,
[2026-02-12T23:41:33.514+0000] {spark_submit.py:492} INFO - "metadata" : { }
[2026-02-12T23:41:33.514+0000] {spark_submit.py:492} INFO - }, {
[2026-02-12T23:41:33.514+0000] {spark_submit.py:492} INFO - "name" : "tweet_id",
[2026-02-12T23:41:33.514+0000] {spark_submit.py:492} INFO - "type" : "string",
[2026-02-12T23:41:33.514+0000] {spark_submit.py:492} INFO - "nullable" : true,
[2026-02-12T23:41:33.514+0000] {spark_submit.py:492} INFO - "metadata" : { }
[2026-02-12T23:41:33.515+0000] {spark_submit.py:492} INFO - }, {
[2026-02-12T23:41:33.515+0000] {spark_submit.py:492} INFO - "name" : "reply_to_user_id",
[2026-02-12T23:41:33.515+0000] {spark_submit.py:492} INFO - "type" : "string",
[2026-02-12T23:41:33.515+0000] {spark_submit.py:492} INFO - "nullable" : true,
[2026-02-12T23:41:33.515+0000] {spark_submit.py:492} INFO - "metadata" : { }
[2026-02-12T23:41:33.515+0000] {spark_submit.py:492} INFO - }, {
[2026-02-12T23:41:33.516+0000] {spark_submit.py:492} INFO - "name" : "language",
[2026-02-12T23:41:33.516+0000] {spark_submit.py:492} INFO - "type" : "string",
[2026-02-12T23:41:33.516+0000] {spark_submit.py:492} INFO - "nullable" : true,
[2026-02-12T23:41:33.516+0000] {spark_submit.py:492} INFO - "metadata" : { }
[2026-02-12T23:41:33.516+0000] {spark_submit.py:492} INFO - }, {
[2026-02-12T23:41:33.516+0000] {spark_submit.py:492} INFO - "name" : "tweet_text",
[2026-02-12T23:41:33.516+0000] {spark_submit.py:492} INFO - "type" : "string",
[2026-02-12T23:41:33.517+0000] {spark_submit.py:492} INFO - "nullable" : true,
[2026-02-12T23:41:33.517+0000] {spark_submit.py:492} INFO - "metadata" : { }
[2026-02-12T23:41:33.517+0000] {spark_submit.py:492} INFO - }, {
[2026-02-12T23:41:33.517+0000] {spark_submit.py:492} INFO - "name" : "likes",
[2026-02-12T23:41:33.517+0000] {spark_submit.py:492} INFO - "type" : "long",
[2026-02-12T23:41:33.517+0000] {spark_submit.py:492} INFO - "nullable" : true,
[2026-02-12T23:41:33.517+0000] {spark_submit.py:492} INFO - "metadata" : { }
[2026-02-12T23:41:33.517+0000] {spark_submit.py:492} INFO - }, {
[2026-02-12T23:41:33.518+0000] {spark_submit.py:492} INFO - "name" : "quotes",
[2026-02-12T23:41:33.518+0000] {spark_submit.py:492} INFO - "type" : "long",
[2026-02-12T23:41:33.518+0000] {spark_submit.py:492} INFO - "nullable" : true,
[2026-02-12T23:41:33.518+0000] {spark_submit.py:492} INFO - "metadata" : { }
[2026-02-12T23:41:33.518+0000] {spark_submit.py:492} INFO - }, {
[2026-02-12T23:41:33.518+0000] {spark_submit.py:492} INFO - "name" : "replies",
[2026-02-12T23:41:33.518+0000] {spark_submit.py:492} INFO - "type" : "long",
[2026-02-12T23:41:33.518+0000] {spark_submit.py:492} INFO - "nullable" : true,
[2026-02-12T23:41:33.518+0000] {spark_submit.py:492} INFO - "metadata" : { }
[2026-02-12T23:41:33.518+0000] {spark_submit.py:492} INFO - }, {
[2026-02-12T23:41:33.518+0000] {spark_submit.py:492} INFO - "name" : "retweets",
[2026-02-12T23:41:33.518+0000] {spark_submit.py:492} INFO - "type" : "long",
[2026-02-12T23:41:33.518+0000] {spark_submit.py:492} INFO - "nullable" : true,
[2026-02-12T23:41:33.519+0000] {spark_submit.py:492} INFO - "metadata" : { }
[2026-02-12T23:41:33.519+0000] {spark_submit.py:492} INFO - }, {
[2026-02-12T23:41:33.519+0000] {spark_submit.py:492} INFO - "name" : "processing_date",
[2026-02-12T23:41:33.519+0000] {spark_submit.py:492} INFO - "type" : "date",
[2026-02-12T23:41:33.519+0000] {spark_submit.py:492} INFO - "nullable" : false,
[2026-02-12T23:41:33.519+0000] {spark_submit.py:492} INFO - "metadata" : { }
[2026-02-12T23:41:33.519+0000] {spark_submit.py:492} INFO - } ]
[2026-02-12T23:41:33.519+0000] {spark_submit.py:492} INFO - }
[2026-02-12T23:41:33.519+0000] {spark_submit.py:492} INFO - and corresponding Parquet message type:
[2026-02-12T23:41:33.520+0000] {spark_submit.py:492} INFO - message spark_schema {
[2026-02-12T23:41:33.520+0000] {spark_submit.py:492} INFO - optional binary user_id (STRING);
[2026-02-12T23:41:33.520+0000] {spark_submit.py:492} INFO - optional binary thread_id (STRING);
[2026-02-12T23:41:33.520+0000] {spark_submit.py:492} INFO - optional binary created_at (STRING);
[2026-02-12T23:41:33.520+0000] {spark_submit.py:492} INFO - optional group edit_versions_ids (LIST) {
[2026-02-12T23:41:33.520+0000] {spark_submit.py:492} INFO - repeated group list {
[2026-02-12T23:41:33.520+0000] {spark_submit.py:492} INFO - optional int64 element;
[2026-02-12T23:41:33.521+0000] {spark_submit.py:492} INFO - }
[2026-02-12T23:41:33.521+0000] {spark_submit.py:492} INFO - }
[2026-02-12T23:41:33.521+0000] {spark_submit.py:492} INFO - optional binary tweet_id (STRING);
[2026-02-12T23:41:33.521+0000] {spark_submit.py:492} INFO - optional binary reply_to_user_id (STRING);
[2026-02-12T23:41:33.521+0000] {spark_submit.py:492} INFO - optional binary language (STRING);
[2026-02-12T23:41:33.521+0000] {spark_submit.py:492} INFO - optional binary tweet_text (STRING);
[2026-02-12T23:41:33.521+0000] {spark_submit.py:492} INFO - optional int64 likes;
[2026-02-12T23:41:33.521+0000] {spark_submit.py:492} INFO - optional int64 quotes;
[2026-02-12T23:41:33.521+0000] {spark_submit.py:492} INFO - optional int64 replies;
[2026-02-12T23:41:33.521+0000] {spark_submit.py:492} INFO - optional int64 retweets;
[2026-02-12T23:41:33.521+0000] {spark_submit.py:492} INFO - required int32 processing_date (DATE);
[2026-02-12T23:41:33.521+0000] {spark_submit.py:492} INFO - }
[2026-02-12T23:41:33.521+0000] {spark_submit.py:492} INFO - 
[2026-02-12T23:41:33.521+0000] {spark_submit.py:492} INFO - 
[2026-02-12T23:41:33.537+0000] {spark_submit.py:492} INFO - 26/02/12 23:41:33 INFO CodecConfig: Compression: SNAPPY
[2026-02-12T23:41:33.537+0000] {spark_submit.py:492} INFO - 26/02/12 23:41:33 INFO CodecConfig: Compression: SNAPPY
[2026-02-12T23:41:33.538+0000] {spark_submit.py:492} INFO - 26/02/12 23:41:33 INFO ParquetOutputFormat: ParquetRecordWriter [block size: 134217728b, row group padding size: 8388608b, validating: false]
[2026-02-12T23:41:33.540+0000] {spark_submit.py:492} INFO - 26/02/12 23:41:33 INFO ParquetWriteSupport: Initialized Parquet WriteSupport with Catalyst schema:
[2026-02-12T23:41:33.540+0000] {spark_submit.py:492} INFO - {
[2026-02-12T23:41:33.540+0000] {spark_submit.py:492} INFO - "type" : "struct",
[2026-02-12T23:41:33.540+0000] {spark_submit.py:492} INFO - "fields" : [ {
[2026-02-12T23:41:33.541+0000] {spark_submit.py:492} INFO - "name" : "user_id",
[2026-02-12T23:41:33.541+0000] {spark_submit.py:492} INFO - "type" : "string",
[2026-02-12T23:41:33.541+0000] {spark_submit.py:492} INFO - "nullable" : true,
[2026-02-12T23:41:33.541+0000] {spark_submit.py:492} INFO - "metadata" : { }
[2026-02-12T23:41:33.541+0000] {spark_submit.py:492} INFO - }, {
[2026-02-12T23:41:33.541+0000] {spark_submit.py:492} INFO - "name" : "thread_id",
[2026-02-12T23:41:33.541+0000] {spark_submit.py:492} INFO - "type" : "string",
[2026-02-12T23:41:33.541+0000] {spark_submit.py:492} INFO - "nullable" : true,
[2026-02-12T23:41:33.541+0000] {spark_submit.py:492} INFO - "metadata" : { }
[2026-02-12T23:41:33.541+0000] {spark_submit.py:492} INFO - }, {
[2026-02-12T23:41:33.541+0000] {spark_submit.py:492} INFO - "name" : "created_at",
[2026-02-12T23:41:33.542+0000] {spark_submit.py:492} INFO - "type" : "string",
[2026-02-12T23:41:33.542+0000] {spark_submit.py:492} INFO - "nullable" : true,
[2026-02-12T23:41:33.542+0000] {spark_submit.py:492} INFO - "metadata" : { }
[2026-02-12T23:41:33.542+0000] {spark_submit.py:492} INFO - }, {
[2026-02-12T23:41:33.542+0000] {spark_submit.py:492} INFO - "name" : "edit_versions_ids",
[2026-02-12T23:41:33.542+0000] {spark_submit.py:492} INFO - "type" : {
[2026-02-12T23:41:33.542+0000] {spark_submit.py:492} INFO - "type" : "array",
[2026-02-12T23:41:33.542+0000] {spark_submit.py:492} INFO - "elementType" : "long",
[2026-02-12T23:41:33.542+0000] {spark_submit.py:492} INFO - "containsNull" : true
[2026-02-12T23:41:33.543+0000] {spark_submit.py:492} INFO - },
[2026-02-12T23:41:33.543+0000] {spark_submit.py:492} INFO - "nullable" : true,
[2026-02-12T23:41:33.543+0000] {spark_submit.py:492} INFO - "metadata" : { }
[2026-02-12T23:41:33.543+0000] {spark_submit.py:492} INFO - }, {
[2026-02-12T23:41:33.543+0000] {spark_submit.py:492} INFO - "name" : "tweet_id",
[2026-02-12T23:41:33.543+0000] {spark_submit.py:492} INFO - "type" : "string",
[2026-02-12T23:41:33.543+0000] {spark_submit.py:492} INFO - "nullable" : true,
[2026-02-12T23:41:33.543+0000] {spark_submit.py:492} INFO - "metadata" : { }
[2026-02-12T23:41:33.543+0000] {spark_submit.py:492} INFO - }, {
[2026-02-12T23:41:33.543+0000] {spark_submit.py:492} INFO - "name" : "reply_to_user_id",
[2026-02-12T23:41:33.543+0000] {spark_submit.py:492} INFO - "type" : "string",
[2026-02-12T23:41:33.543+0000] {spark_submit.py:492} INFO - "nullable" : true,
[2026-02-12T23:41:33.543+0000] {spark_submit.py:492} INFO - "metadata" : { }
[2026-02-12T23:41:33.544+0000] {spark_submit.py:492} INFO - }, {
[2026-02-12T23:41:33.544+0000] {spark_submit.py:492} INFO - "name" : "language",
[2026-02-12T23:41:33.544+0000] {spark_submit.py:492} INFO - "type" : "string",
[2026-02-12T23:41:33.544+0000] {spark_submit.py:492} INFO - "nullable" : true,
[2026-02-12T23:41:33.544+0000] {spark_submit.py:492} INFO - "metadata" : { }
[2026-02-12T23:41:33.544+0000] {spark_submit.py:492} INFO - }, {
[2026-02-12T23:41:33.544+0000] {spark_submit.py:492} INFO - "name" : "tweet_text",
[2026-02-12T23:41:33.544+0000] {spark_submit.py:492} INFO - "type" : "string",
[2026-02-12T23:41:33.545+0000] {spark_submit.py:492} INFO - "nullable" : true,
[2026-02-12T23:41:33.545+0000] {spark_submit.py:492} INFO - "metadata" : { }
[2026-02-12T23:41:33.545+0000] {spark_submit.py:492} INFO - }, {
[2026-02-12T23:41:33.545+0000] {spark_submit.py:492} INFO - "name" : "likes",
[2026-02-12T23:41:33.545+0000] {spark_submit.py:492} INFO - "type" : "long",
[2026-02-12T23:41:33.545+0000] {spark_submit.py:492} INFO - "nullable" : true,
[2026-02-12T23:41:33.545+0000] {spark_submit.py:492} INFO - "metadata" : { }
[2026-02-12T23:41:33.545+0000] {spark_submit.py:492} INFO - }, {
[2026-02-12T23:41:33.545+0000] {spark_submit.py:492} INFO - "name" : "quotes",
[2026-02-12T23:41:33.546+0000] {spark_submit.py:492} INFO - "type" : "long",
[2026-02-12T23:41:33.546+0000] {spark_submit.py:492} INFO - "nullable" : true,
[2026-02-12T23:41:33.546+0000] {spark_submit.py:492} INFO - "metadata" : { }
[2026-02-12T23:41:33.546+0000] {spark_submit.py:492} INFO - }, {
[2026-02-12T23:41:33.546+0000] {spark_submit.py:492} INFO - "name" : "replies",
[2026-02-12T23:41:33.546+0000] {spark_submit.py:492} INFO - "type" : "long",
[2026-02-12T23:41:33.546+0000] {spark_submit.py:492} INFO - "nullable" : true,
[2026-02-12T23:41:33.546+0000] {spark_submit.py:492} INFO - "metadata" : { }
[2026-02-12T23:41:33.546+0000] {spark_submit.py:492} INFO - }, {
[2026-02-12T23:41:33.546+0000] {spark_submit.py:492} INFO - "name" : "retweets",
[2026-02-12T23:41:33.546+0000] {spark_submit.py:492} INFO - "type" : "long",
[2026-02-12T23:41:33.546+0000] {spark_submit.py:492} INFO - "nullable" : true,
[2026-02-12T23:41:33.546+0000] {spark_submit.py:492} INFO - "metadata" : { }
[2026-02-12T23:41:33.547+0000] {spark_submit.py:492} INFO - }, {
[2026-02-12T23:41:33.547+0000] {spark_submit.py:492} INFO - "name" : "processing_date",
[2026-02-12T23:41:33.547+0000] {spark_submit.py:492} INFO - "type" : "date",
[2026-02-12T23:41:33.547+0000] {spark_submit.py:492} INFO - "nullable" : false,
[2026-02-12T23:41:33.547+0000] {spark_submit.py:492} INFO - "metadata" : { }
[2026-02-12T23:41:33.547+0000] {spark_submit.py:492} INFO - } ]
[2026-02-12T23:41:33.547+0000] {spark_submit.py:492} INFO - }
[2026-02-12T23:41:33.547+0000] {spark_submit.py:492} INFO - and corresponding Parquet message type:
[2026-02-12T23:41:33.547+0000] {spark_submit.py:492} INFO - message spark_schema {
[2026-02-12T23:41:33.547+0000] {spark_submit.py:492} INFO - optional binary user_id (STRING);
[2026-02-12T23:41:33.547+0000] {spark_submit.py:492} INFO - optional binary thread_id (STRING);
[2026-02-12T23:41:33.547+0000] {spark_submit.py:492} INFO - optional binary created_at (STRING);
[2026-02-12T23:41:33.548+0000] {spark_submit.py:492} INFO - optional group edit_versions_ids (LIST) {
[2026-02-12T23:41:33.548+0000] {spark_submit.py:492} INFO - repeated group list {
[2026-02-12T23:41:33.548+0000] {spark_submit.py:492} INFO - optional int64 element;
[2026-02-12T23:41:33.548+0000] {spark_submit.py:492} INFO - }
[2026-02-12T23:41:33.548+0000] {spark_submit.py:492} INFO - }
[2026-02-12T23:41:33.548+0000] {spark_submit.py:492} INFO - optional binary tweet_id (STRING);
[2026-02-12T23:41:33.548+0000] {spark_submit.py:492} INFO - optional binary reply_to_user_id (STRING);
[2026-02-12T23:41:33.548+0000] {spark_submit.py:492} INFO - optional binary language (STRING);
[2026-02-12T23:41:33.548+0000] {spark_submit.py:492} INFO - optional binary tweet_text (STRING);
[2026-02-12T23:41:33.548+0000] {spark_submit.py:492} INFO - optional int64 likes;
[2026-02-12T23:41:33.548+0000] {spark_submit.py:492} INFO - optional int64 quotes;
[2026-02-12T23:41:33.548+0000] {spark_submit.py:492} INFO - optional int64 replies;
[2026-02-12T23:41:33.548+0000] {spark_submit.py:492} INFO - optional int64 retweets;
[2026-02-12T23:41:33.548+0000] {spark_submit.py:492} INFO - required int32 processing_date (DATE);
[2026-02-12T23:41:33.549+0000] {spark_submit.py:492} INFO - }
[2026-02-12T23:41:33.549+0000] {spark_submit.py:492} INFO - 
[2026-02-12T23:41:33.549+0000] {spark_submit.py:492} INFO - 
[2026-02-12T23:41:33.561+0000] {spark_submit.py:492} INFO - 26/02/12 23:41:33 INFO CodecConfig: Compression: SNAPPY
[2026-02-12T23:41:33.561+0000] {spark_submit.py:492} INFO - 26/02/12 23:41:33 INFO CodecConfig: Compression: SNAPPY
[2026-02-12T23:41:33.562+0000] {spark_submit.py:492} INFO - 26/02/12 23:41:33 INFO ParquetOutputFormat: ParquetRecordWriter [block size: 134217728b, row group padding size: 8388608b, validating: false]
[2026-02-12T23:41:33.563+0000] {spark_submit.py:492} INFO - 26/02/12 23:41:33 INFO ParquetWriteSupport: Initialized Parquet WriteSupport with Catalyst schema:
[2026-02-12T23:41:33.564+0000] {spark_submit.py:492} INFO - {
[2026-02-12T23:41:33.564+0000] {spark_submit.py:492} INFO - "type" : "struct",
[2026-02-12T23:41:33.564+0000] {spark_submit.py:492} INFO - "fields" : [ {
[2026-02-12T23:41:33.564+0000] {spark_submit.py:492} INFO - "name" : "user_id",
[2026-02-12T23:41:33.564+0000] {spark_submit.py:492} INFO - "type" : "string",
[2026-02-12T23:41:33.564+0000] {spark_submit.py:492} INFO - "nullable" : true,
[2026-02-12T23:41:33.564+0000] {spark_submit.py:492} INFO - "metadata" : { }
[2026-02-12T23:41:33.564+0000] {spark_submit.py:492} INFO - }, {
[2026-02-12T23:41:33.564+0000] {spark_submit.py:492} INFO - "name" : "thread_id",
[2026-02-12T23:41:33.565+0000] {spark_submit.py:492} INFO - "type" : "string",
[2026-02-12T23:41:33.565+0000] {spark_submit.py:492} INFO - "nullable" : true,
[2026-02-12T23:41:33.565+0000] {spark_submit.py:492} INFO - "metadata" : { }
[2026-02-12T23:41:33.565+0000] {spark_submit.py:492} INFO - }, {
[2026-02-12T23:41:33.565+0000] {spark_submit.py:492} INFO - "name" : "created_at",
[2026-02-12T23:41:33.565+0000] {spark_submit.py:492} INFO - "type" : "string",
[2026-02-12T23:41:33.565+0000] {spark_submit.py:492} INFO - "nullable" : true,
[2026-02-12T23:41:33.565+0000] {spark_submit.py:492} INFO - "metadata" : { }
[2026-02-12T23:41:33.565+0000] {spark_submit.py:492} INFO - }, {
[2026-02-12T23:41:33.565+0000] {spark_submit.py:492} INFO - "name" : "edit_versions_ids",
[2026-02-12T23:41:33.565+0000] {spark_submit.py:492} INFO - "type" : {
[2026-02-12T23:41:33.566+0000] {spark_submit.py:492} INFO - "type" : "array",
[2026-02-12T23:41:33.566+0000] {spark_submit.py:492} INFO - "elementType" : "long",
[2026-02-12T23:41:33.566+0000] {spark_submit.py:492} INFO - "containsNull" : true
[2026-02-12T23:41:33.566+0000] {spark_submit.py:492} INFO - },
[2026-02-12T23:41:33.566+0000] {spark_submit.py:492} INFO - "nullable" : true,
[2026-02-12T23:41:33.566+0000] {spark_submit.py:492} INFO - "metadata" : { }
[2026-02-12T23:41:33.566+0000] {spark_submit.py:492} INFO - }, {
[2026-02-12T23:41:33.566+0000] {spark_submit.py:492} INFO - "name" : "tweet_id",
[2026-02-12T23:41:33.566+0000] {spark_submit.py:492} INFO - "type" : "string",
[2026-02-12T23:41:33.566+0000] {spark_submit.py:492} INFO - "nullable" : true,
[2026-02-12T23:41:33.567+0000] {spark_submit.py:492} INFO - "metadata" : { }
[2026-02-12T23:41:33.567+0000] {spark_submit.py:492} INFO - }, {
[2026-02-12T23:41:33.567+0000] {spark_submit.py:492} INFO - "name" : "reply_to_user_id",
[2026-02-12T23:41:33.567+0000] {spark_submit.py:492} INFO - "type" : "string",
[2026-02-12T23:41:33.567+0000] {spark_submit.py:492} INFO - "nullable" : true,
[2026-02-12T23:41:33.567+0000] {spark_submit.py:492} INFO - "metadata" : { }
[2026-02-12T23:41:33.567+0000] {spark_submit.py:492} INFO - }, {
[2026-02-12T23:41:33.567+0000] {spark_submit.py:492} INFO - "name" : "language",
[2026-02-12T23:41:33.567+0000] {spark_submit.py:492} INFO - "type" : "string",
[2026-02-12T23:41:33.567+0000] {spark_submit.py:492} INFO - "nullable" : true,
[2026-02-12T23:41:33.568+0000] {spark_submit.py:492} INFO - "metadata" : { }
[2026-02-12T23:41:33.568+0000] {spark_submit.py:492} INFO - }, {
[2026-02-12T23:41:33.568+0000] {spark_submit.py:492} INFO - "name" : "tweet_text",
[2026-02-12T23:41:33.568+0000] {spark_submit.py:492} INFO - "type" : "string",
[2026-02-12T23:41:33.568+0000] {spark_submit.py:492} INFO - "nullable" : true,
[2026-02-12T23:41:33.568+0000] {spark_submit.py:492} INFO - "metadata" : { }
[2026-02-12T23:41:33.568+0000] {spark_submit.py:492} INFO - }, {
[2026-02-12T23:41:33.568+0000] {spark_submit.py:492} INFO - "name" : "likes",
[2026-02-12T23:41:33.568+0000] {spark_submit.py:492} INFO - "type" : "long",
[2026-02-12T23:41:33.568+0000] {spark_submit.py:492} INFO - "nullable" : true,
[2026-02-12T23:41:33.568+0000] {spark_submit.py:492} INFO - "metadata" : { }
[2026-02-12T23:41:33.569+0000] {spark_submit.py:492} INFO - }, {
[2026-02-12T23:41:33.569+0000] {spark_submit.py:492} INFO - "name" : "quotes",
[2026-02-12T23:41:33.569+0000] {spark_submit.py:492} INFO - "type" : "long",
[2026-02-12T23:41:33.569+0000] {spark_submit.py:492} INFO - "nullable" : true,
[2026-02-12T23:41:33.569+0000] {spark_submit.py:492} INFO - "metadata" : { }
[2026-02-12T23:41:33.569+0000] {spark_submit.py:492} INFO - }, {
[2026-02-12T23:41:33.569+0000] {spark_submit.py:492} INFO - "name" : "replies",
[2026-02-12T23:41:33.569+0000] {spark_submit.py:492} INFO - "type" : "long",
[2026-02-12T23:41:33.569+0000] {spark_submit.py:492} INFO - "nullable" : true,
[2026-02-12T23:41:33.569+0000] {spark_submit.py:492} INFO - "metadata" : { }
[2026-02-12T23:41:33.569+0000] {spark_submit.py:492} INFO - }, {
[2026-02-12T23:41:33.569+0000] {spark_submit.py:492} INFO - "name" : "retweets",
[2026-02-12T23:41:33.569+0000] {spark_submit.py:492} INFO - "type" : "long",
[2026-02-12T23:41:33.570+0000] {spark_submit.py:492} INFO - "nullable" : true,
[2026-02-12T23:41:33.570+0000] {spark_submit.py:492} INFO - "metadata" : { }
[2026-02-12T23:41:33.570+0000] {spark_submit.py:492} INFO - }, {
[2026-02-12T23:41:33.570+0000] {spark_submit.py:492} INFO - "name" : "processing_date",
[2026-02-12T23:41:33.570+0000] {spark_submit.py:492} INFO - "type" : "date",
[2026-02-12T23:41:33.570+0000] {spark_submit.py:492} INFO - "nullable" : false,
[2026-02-12T23:41:33.570+0000] {spark_submit.py:492} INFO - "metadata" : { }
[2026-02-12T23:41:33.570+0000] {spark_submit.py:492} INFO - } ]
[2026-02-12T23:41:33.570+0000] {spark_submit.py:492} INFO - }
[2026-02-12T23:41:33.570+0000] {spark_submit.py:492} INFO - and corresponding Parquet message type:
[2026-02-12T23:41:33.570+0000] {spark_submit.py:492} INFO - message spark_schema {
[2026-02-12T23:41:33.570+0000] {spark_submit.py:492} INFO - optional binary user_id (STRING);
[2026-02-12T23:41:33.570+0000] {spark_submit.py:492} INFO - optional binary thread_id (STRING);
[2026-02-12T23:41:33.570+0000] {spark_submit.py:492} INFO - optional binary created_at (STRING);
[2026-02-12T23:41:33.571+0000] {spark_submit.py:492} INFO - optional group edit_versions_ids (LIST) {
[2026-02-12T23:41:33.571+0000] {spark_submit.py:492} INFO - repeated group list {
[2026-02-12T23:41:33.571+0000] {spark_submit.py:492} INFO - optional int64 element;
[2026-02-12T23:41:33.571+0000] {spark_submit.py:492} INFO - }
[2026-02-12T23:41:33.571+0000] {spark_submit.py:492} INFO - }
[2026-02-12T23:41:33.571+0000] {spark_submit.py:492} INFO - optional binary tweet_id (STRING);
[2026-02-12T23:41:33.571+0000] {spark_submit.py:492} INFO - optional binary reply_to_user_id (STRING);
[2026-02-12T23:41:33.571+0000] {spark_submit.py:492} INFO - optional binary language (STRING);
[2026-02-12T23:41:33.571+0000] {spark_submit.py:492} INFO - optional binary tweet_text (STRING);
[2026-02-12T23:41:33.572+0000] {spark_submit.py:492} INFO - optional int64 likes;
[2026-02-12T23:41:33.572+0000] {spark_submit.py:492} INFO - optional int64 quotes;
[2026-02-12T23:41:33.572+0000] {spark_submit.py:492} INFO - optional int64 replies;
[2026-02-12T23:41:33.572+0000] {spark_submit.py:492} INFO - optional int64 retweets;
[2026-02-12T23:41:33.572+0000] {spark_submit.py:492} INFO - required int32 processing_date (DATE);
[2026-02-12T23:41:33.572+0000] {spark_submit.py:492} INFO - }
[2026-02-12T23:41:33.572+0000] {spark_submit.py:492} INFO - 
[2026-02-12T23:41:33.572+0000] {spark_submit.py:492} INFO - 
[2026-02-12T23:41:33.583+0000] {spark_submit.py:492} INFO - 26/02/12 23:41:33 INFO CodecConfig: Compression: SNAPPY
[2026-02-12T23:41:33.584+0000] {spark_submit.py:492} INFO - 26/02/12 23:41:33 INFO CodecConfig: Compression: SNAPPY
[2026-02-12T23:41:33.584+0000] {spark_submit.py:492} INFO - 26/02/12 23:41:33 INFO ParquetOutputFormat: ParquetRecordWriter [block size: 134217728b, row group padding size: 8388608b, validating: false]
[2026-02-12T23:41:33.588+0000] {spark_submit.py:492} INFO - 26/02/12 23:41:33 INFO ParquetWriteSupport: Initialized Parquet WriteSupport with Catalyst schema:
[2026-02-12T23:41:33.589+0000] {spark_submit.py:492} INFO - {
[2026-02-12T23:41:33.589+0000] {spark_submit.py:492} INFO - "type" : "struct",
[2026-02-12T23:41:33.589+0000] {spark_submit.py:492} INFO - "fields" : [ {
[2026-02-12T23:41:33.589+0000] {spark_submit.py:492} INFO - "name" : "user_id",
[2026-02-12T23:41:33.589+0000] {spark_submit.py:492} INFO - "type" : "string",
[2026-02-12T23:41:33.589+0000] {spark_submit.py:492} INFO - "nullable" : true,
[2026-02-12T23:41:33.589+0000] {spark_submit.py:492} INFO - "metadata" : { }
[2026-02-12T23:41:33.590+0000] {spark_submit.py:492} INFO - }, {
[2026-02-12T23:41:33.590+0000] {spark_submit.py:492} INFO - "name" : "thread_id",
[2026-02-12T23:41:33.590+0000] {spark_submit.py:492} INFO - "type" : "string",
[2026-02-12T23:41:33.590+0000] {spark_submit.py:492} INFO - "nullable" : true,
[2026-02-12T23:41:33.590+0000] {spark_submit.py:492} INFO - "metadata" : { }
[2026-02-12T23:41:33.590+0000] {spark_submit.py:492} INFO - }, {
[2026-02-12T23:41:33.590+0000] {spark_submit.py:492} INFO - "name" : "created_at",
[2026-02-12T23:41:33.590+0000] {spark_submit.py:492} INFO - "type" : "string",
[2026-02-12T23:41:33.591+0000] {spark_submit.py:492} INFO - "nullable" : true,
[2026-02-12T23:41:33.591+0000] {spark_submit.py:492} INFO - "metadata" : { }
[2026-02-12T23:41:33.591+0000] {spark_submit.py:492} INFO - }, {
[2026-02-12T23:41:33.591+0000] {spark_submit.py:492} INFO - "name" : "edit_versions_ids",
[2026-02-12T23:41:33.591+0000] {spark_submit.py:492} INFO - "type" : {
[2026-02-12T23:41:33.591+0000] {spark_submit.py:492} INFO - "type" : "array",
[2026-02-12T23:41:33.591+0000] {spark_submit.py:492} INFO - "elementType" : "long",
[2026-02-12T23:41:33.591+0000] {spark_submit.py:492} INFO - "containsNull" : true
[2026-02-12T23:41:33.591+0000] {spark_submit.py:492} INFO - },
[2026-02-12T23:41:33.591+0000] {spark_submit.py:492} INFO - "nullable" : true,
[2026-02-12T23:41:33.591+0000] {spark_submit.py:492} INFO - "metadata" : { }
[2026-02-12T23:41:33.592+0000] {spark_submit.py:492} INFO - }, {
[2026-02-12T23:41:33.592+0000] {spark_submit.py:492} INFO - "name" : "tweet_id",
[2026-02-12T23:41:33.592+0000] {spark_submit.py:492} INFO - "type" : "string",
[2026-02-12T23:41:33.592+0000] {spark_submit.py:492} INFO - "nullable" : true,
[2026-02-12T23:41:33.592+0000] {spark_submit.py:492} INFO - "metadata" : { }
[2026-02-12T23:41:33.592+0000] {spark_submit.py:492} INFO - }, {
[2026-02-12T23:41:33.592+0000] {spark_submit.py:492} INFO - "name" : "reply_to_user_id",
[2026-02-12T23:41:33.592+0000] {spark_submit.py:492} INFO - "type" : "string",
[2026-02-12T23:41:33.592+0000] {spark_submit.py:492} INFO - "nullable" : true,
[2026-02-12T23:41:33.592+0000] {spark_submit.py:492} INFO - "metadata" : { }
[2026-02-12T23:41:33.592+0000] {spark_submit.py:492} INFO - }, {
[2026-02-12T23:41:33.592+0000] {spark_submit.py:492} INFO - "name" : "language",
[2026-02-12T23:41:33.593+0000] {spark_submit.py:492} INFO - "type" : "string",
[2026-02-12T23:41:33.593+0000] {spark_submit.py:492} INFO - "nullable" : true,
[2026-02-12T23:41:33.593+0000] {spark_submit.py:492} INFO - "metadata" : { }
[2026-02-12T23:41:33.593+0000] {spark_submit.py:492} INFO - }, {
[2026-02-12T23:41:33.593+0000] {spark_submit.py:492} INFO - "name" : "tweet_text",
[2026-02-12T23:41:33.593+0000] {spark_submit.py:492} INFO - "type" : "string",
[2026-02-12T23:41:33.593+0000] {spark_submit.py:492} INFO - "nullable" : true,
[2026-02-12T23:41:33.593+0000] {spark_submit.py:492} INFO - "metadata" : { }
[2026-02-12T23:41:33.593+0000] {spark_submit.py:492} INFO - }, {
[2026-02-12T23:41:33.593+0000] {spark_submit.py:492} INFO - "name" : "likes",
[2026-02-12T23:41:33.593+0000] {spark_submit.py:492} INFO - "type" : "long",
[2026-02-12T23:41:33.593+0000] {spark_submit.py:492} INFO - "nullable" : true,
[2026-02-12T23:41:33.593+0000] {spark_submit.py:492} INFO - "metadata" : { }
[2026-02-12T23:41:33.593+0000] {spark_submit.py:492} INFO - }, {
[2026-02-12T23:41:33.593+0000] {spark_submit.py:492} INFO - "name" : "quotes",
[2026-02-12T23:41:33.593+0000] {spark_submit.py:492} INFO - "type" : "long",
[2026-02-12T23:41:33.594+0000] {spark_submit.py:492} INFO - "nullable" : true,
[2026-02-12T23:41:33.594+0000] {spark_submit.py:492} INFO - "metadata" : { }
[2026-02-12T23:41:33.594+0000] {spark_submit.py:492} INFO - }, {
[2026-02-12T23:41:33.594+0000] {spark_submit.py:492} INFO - "name" : "replies",
[2026-02-12T23:41:33.594+0000] {spark_submit.py:492} INFO - "type" : "long",
[2026-02-12T23:41:33.594+0000] {spark_submit.py:492} INFO - "nullable" : true,
[2026-02-12T23:41:33.594+0000] {spark_submit.py:492} INFO - "metadata" : { }
[2026-02-12T23:41:33.594+0000] {spark_submit.py:492} INFO - }, {
[2026-02-12T23:41:33.594+0000] {spark_submit.py:492} INFO - "name" : "retweets",
[2026-02-12T23:41:33.594+0000] {spark_submit.py:492} INFO - "type" : "long",
[2026-02-12T23:41:33.595+0000] {spark_submit.py:492} INFO - "nullable" : true,
[2026-02-12T23:41:33.595+0000] {spark_submit.py:492} INFO - "metadata" : { }
[2026-02-12T23:41:33.595+0000] {spark_submit.py:492} INFO - }, {
[2026-02-12T23:41:33.595+0000] {spark_submit.py:492} INFO - "name" : "processing_date",
[2026-02-12T23:41:33.595+0000] {spark_submit.py:492} INFO - "type" : "date",
[2026-02-12T23:41:33.595+0000] {spark_submit.py:492} INFO - "nullable" : false,
[2026-02-12T23:41:33.595+0000] {spark_submit.py:492} INFO - "metadata" : { }
[2026-02-12T23:41:33.595+0000] {spark_submit.py:492} INFO - } ]
[2026-02-12T23:41:33.595+0000] {spark_submit.py:492} INFO - }
[2026-02-12T23:41:33.595+0000] {spark_submit.py:492} INFO - and corresponding Parquet message type:
[2026-02-12T23:41:33.595+0000] {spark_submit.py:492} INFO - message spark_schema {
[2026-02-12T23:41:33.595+0000] {spark_submit.py:492} INFO - optional binary user_id (STRING);
[2026-02-12T23:41:33.596+0000] {spark_submit.py:492} INFO - optional binary thread_id (STRING);
[2026-02-12T23:41:33.596+0000] {spark_submit.py:492} INFO - optional binary created_at (STRING);
[2026-02-12T23:41:33.596+0000] {spark_submit.py:492} INFO - optional group edit_versions_ids (LIST) {
[2026-02-12T23:41:33.596+0000] {spark_submit.py:492} INFO - repeated group list {
[2026-02-12T23:41:33.596+0000] {spark_submit.py:492} INFO - optional int64 element;
[2026-02-12T23:41:33.596+0000] {spark_submit.py:492} INFO - }
[2026-02-12T23:41:33.596+0000] {spark_submit.py:492} INFO - }
[2026-02-12T23:41:33.596+0000] {spark_submit.py:492} INFO - optional binary tweet_id (STRING);
[2026-02-12T23:41:33.596+0000] {spark_submit.py:492} INFO - optional binary reply_to_user_id (STRING);
[2026-02-12T23:41:33.596+0000] {spark_submit.py:492} INFO - optional binary language (STRING);
[2026-02-12T23:41:33.596+0000] {spark_submit.py:492} INFO - optional binary tweet_text (STRING);
[2026-02-12T23:41:33.597+0000] {spark_submit.py:492} INFO - optional int64 likes;
[2026-02-12T23:41:33.597+0000] {spark_submit.py:492} INFO - optional int64 quotes;
[2026-02-12T23:41:33.597+0000] {spark_submit.py:492} INFO - optional int64 replies;
[2026-02-12T23:41:33.597+0000] {spark_submit.py:492} INFO - optional int64 retweets;
[2026-02-12T23:41:33.597+0000] {spark_submit.py:492} INFO - required int32 processing_date (DATE);
[2026-02-12T23:41:33.597+0000] {spark_submit.py:492} INFO - }
[2026-02-12T23:41:33.597+0000] {spark_submit.py:492} INFO - 
[2026-02-12T23:41:33.597+0000] {spark_submit.py:492} INFO - 
[2026-02-12T23:41:33.608+0000] {spark_submit.py:492} INFO - 26/02/12 23:41:33 INFO CodecConfig: Compression: SNAPPY
[2026-02-12T23:41:33.608+0000] {spark_submit.py:492} INFO - 26/02/12 23:41:33 INFO CodecConfig: Compression: SNAPPY
[2026-02-12T23:41:33.611+0000] {spark_submit.py:492} INFO - 26/02/12 23:41:33 INFO ParquetOutputFormat: ParquetRecordWriter [block size: 134217728b, row group padding size: 8388608b, validating: false]
[2026-02-12T23:41:33.613+0000] {spark_submit.py:492} INFO - 26/02/12 23:41:33 INFO ParquetWriteSupport: Initialized Parquet WriteSupport with Catalyst schema:
[2026-02-12T23:41:33.613+0000] {spark_submit.py:492} INFO - {
[2026-02-12T23:41:33.613+0000] {spark_submit.py:492} INFO - "type" : "struct",
[2026-02-12T23:41:33.613+0000] {spark_submit.py:492} INFO - "fields" : [ {
[2026-02-12T23:41:33.613+0000] {spark_submit.py:492} INFO - "name" : "user_id",
[2026-02-12T23:41:33.614+0000] {spark_submit.py:492} INFO - "type" : "string",
[2026-02-12T23:41:33.614+0000] {spark_submit.py:492} INFO - "nullable" : true,
[2026-02-12T23:41:33.614+0000] {spark_submit.py:492} INFO - "metadata" : { }
[2026-02-12T23:41:33.614+0000] {spark_submit.py:492} INFO - }, {
[2026-02-12T23:41:33.614+0000] {spark_submit.py:492} INFO - "name" : "thread_id",
[2026-02-12T23:41:33.614+0000] {spark_submit.py:492} INFO - "type" : "string",
[2026-02-12T23:41:33.614+0000] {spark_submit.py:492} INFO - "nullable" : true,
[2026-02-12T23:41:33.614+0000] {spark_submit.py:492} INFO - "metadata" : { }
[2026-02-12T23:41:33.614+0000] {spark_submit.py:492} INFO - }, {
[2026-02-12T23:41:33.614+0000] {spark_submit.py:492} INFO - "name" : "created_at",
[2026-02-12T23:41:33.614+0000] {spark_submit.py:492} INFO - "type" : "string",
[2026-02-12T23:41:33.614+0000] {spark_submit.py:492} INFO - "nullable" : true,
[2026-02-12T23:41:33.615+0000] {spark_submit.py:492} INFO - "metadata" : { }
[2026-02-12T23:41:33.615+0000] {spark_submit.py:492} INFO - }, {
[2026-02-12T23:41:33.615+0000] {spark_submit.py:492} INFO - "name" : "edit_versions_ids",
[2026-02-12T23:41:33.615+0000] {spark_submit.py:492} INFO - "type" : {
[2026-02-12T23:41:33.615+0000] {spark_submit.py:492} INFO - "type" : "array",
[2026-02-12T23:41:33.615+0000] {spark_submit.py:492} INFO - "elementType" : "long",
[2026-02-12T23:41:33.615+0000] {spark_submit.py:492} INFO - "containsNull" : true
[2026-02-12T23:41:33.615+0000] {spark_submit.py:492} INFO - },
[2026-02-12T23:41:33.615+0000] {spark_submit.py:492} INFO - "nullable" : true,
[2026-02-12T23:41:33.615+0000] {spark_submit.py:492} INFO - "metadata" : { }
[2026-02-12T23:41:33.615+0000] {spark_submit.py:492} INFO - }, {
[2026-02-12T23:41:33.616+0000] {spark_submit.py:492} INFO - "name" : "tweet_id",
[2026-02-12T23:41:33.616+0000] {spark_submit.py:492} INFO - "type" : "string",
[2026-02-12T23:41:33.616+0000] {spark_submit.py:492} INFO - "nullable" : true,
[2026-02-12T23:41:33.616+0000] {spark_submit.py:492} INFO - "metadata" : { }
[2026-02-12T23:41:33.616+0000] {spark_submit.py:492} INFO - }, {
[2026-02-12T23:41:33.616+0000] {spark_submit.py:492} INFO - "name" : "reply_to_user_id",
[2026-02-12T23:41:33.616+0000] {spark_submit.py:492} INFO - "type" : "string",
[2026-02-12T23:41:33.616+0000] {spark_submit.py:492} INFO - "nullable" : true,
[2026-02-12T23:41:33.616+0000] {spark_submit.py:492} INFO - "metadata" : { }
[2026-02-12T23:41:33.616+0000] {spark_submit.py:492} INFO - }, {
[2026-02-12T23:41:33.616+0000] {spark_submit.py:492} INFO - "name" : "language",
[2026-02-12T23:41:33.616+0000] {spark_submit.py:492} INFO - "type" : "string",
[2026-02-12T23:41:33.616+0000] {spark_submit.py:492} INFO - "nullable" : true,
[2026-02-12T23:41:33.617+0000] {spark_submit.py:492} INFO - "metadata" : { }
[2026-02-12T23:41:33.617+0000] {spark_submit.py:492} INFO - }, {
[2026-02-12T23:41:33.617+0000] {spark_submit.py:492} INFO - "name" : "tweet_text",
[2026-02-12T23:41:33.617+0000] {spark_submit.py:492} INFO - "type" : "string",
[2026-02-12T23:41:33.617+0000] {spark_submit.py:492} INFO - "nullable" : true,
[2026-02-12T23:41:33.617+0000] {spark_submit.py:492} INFO - "metadata" : { }
[2026-02-12T23:41:33.617+0000] {spark_submit.py:492} INFO - }, {
[2026-02-12T23:41:33.617+0000] {spark_submit.py:492} INFO - "name" : "likes",
[2026-02-12T23:41:33.617+0000] {spark_submit.py:492} INFO - "type" : "long",
[2026-02-12T23:41:33.617+0000] {spark_submit.py:492} INFO - "nullable" : true,
[2026-02-12T23:41:33.617+0000] {spark_submit.py:492} INFO - "metadata" : { }
[2026-02-12T23:41:33.617+0000] {spark_submit.py:492} INFO - }, {
[2026-02-12T23:41:33.617+0000] {spark_submit.py:492} INFO - "name" : "quotes",
[2026-02-12T23:41:33.617+0000] {spark_submit.py:492} INFO - "type" : "long",
[2026-02-12T23:41:33.618+0000] {spark_submit.py:492} INFO - "nullable" : true,
[2026-02-12T23:41:33.618+0000] {spark_submit.py:492} INFO - "metadata" : { }
[2026-02-12T23:41:33.618+0000] {spark_submit.py:492} INFO - }, {
[2026-02-12T23:41:33.618+0000] {spark_submit.py:492} INFO - "name" : "replies",
[2026-02-12T23:41:33.618+0000] {spark_submit.py:492} INFO - "type" : "long",
[2026-02-12T23:41:33.618+0000] {spark_submit.py:492} INFO - "nullable" : true,
[2026-02-12T23:41:33.618+0000] {spark_submit.py:492} INFO - "metadata" : { }
[2026-02-12T23:41:33.618+0000] {spark_submit.py:492} INFO - }, {
[2026-02-12T23:41:33.618+0000] {spark_submit.py:492} INFO - "name" : "retweets",
[2026-02-12T23:41:33.618+0000] {spark_submit.py:492} INFO - "type" : "long",
[2026-02-12T23:41:33.618+0000] {spark_submit.py:492} INFO - "nullable" : true,
[2026-02-12T23:41:33.618+0000] {spark_submit.py:492} INFO - "metadata" : { }
[2026-02-12T23:41:33.618+0000] {spark_submit.py:492} INFO - }, {
[2026-02-12T23:41:33.618+0000] {spark_submit.py:492} INFO - "name" : "processing_date",
[2026-02-12T23:41:33.619+0000] {spark_submit.py:492} INFO - "type" : "date",
[2026-02-12T23:41:33.619+0000] {spark_submit.py:492} INFO - "nullable" : false,
[2026-02-12T23:41:33.619+0000] {spark_submit.py:492} INFO - "metadata" : { }
[2026-02-12T23:41:33.619+0000] {spark_submit.py:492} INFO - } ]
[2026-02-12T23:41:33.619+0000] {spark_submit.py:492} INFO - }
[2026-02-12T23:41:33.619+0000] {spark_submit.py:492} INFO - and corresponding Parquet message type:
[2026-02-12T23:41:33.619+0000] {spark_submit.py:492} INFO - message spark_schema {
[2026-02-12T23:41:33.619+0000] {spark_submit.py:492} INFO - optional binary user_id (STRING);
[2026-02-12T23:41:33.619+0000] {spark_submit.py:492} INFO - optional binary thread_id (STRING);
[2026-02-12T23:41:33.619+0000] {spark_submit.py:492} INFO - optional binary created_at (STRING);
[2026-02-12T23:41:33.619+0000] {spark_submit.py:492} INFO - optional group edit_versions_ids (LIST) {
[2026-02-12T23:41:33.619+0000] {spark_submit.py:492} INFO - repeated group list {
[2026-02-12T23:41:33.619+0000] {spark_submit.py:492} INFO - optional int64 element;
[2026-02-12T23:41:33.619+0000] {spark_submit.py:492} INFO - }
[2026-02-12T23:41:33.620+0000] {spark_submit.py:492} INFO - }
[2026-02-12T23:41:33.620+0000] {spark_submit.py:492} INFO - optional binary tweet_id (STRING);
[2026-02-12T23:41:33.620+0000] {spark_submit.py:492} INFO - optional binary reply_to_user_id (STRING);
[2026-02-12T23:41:33.620+0000] {spark_submit.py:492} INFO - optional binary language (STRING);
[2026-02-12T23:41:33.620+0000] {spark_submit.py:492} INFO - optional binary tweet_text (STRING);
[2026-02-12T23:41:33.620+0000] {spark_submit.py:492} INFO - optional int64 likes;
[2026-02-12T23:41:33.620+0000] {spark_submit.py:492} INFO - optional int64 quotes;
[2026-02-12T23:41:33.620+0000] {spark_submit.py:492} INFO - optional int64 replies;
[2026-02-12T23:41:33.620+0000] {spark_submit.py:492} INFO - optional int64 retweets;
[2026-02-12T23:41:33.620+0000] {spark_submit.py:492} INFO - required int32 processing_date (DATE);
[2026-02-12T23:41:33.620+0000] {spark_submit.py:492} INFO - }
[2026-02-12T23:41:33.620+0000] {spark_submit.py:492} INFO - 
[2026-02-12T23:41:33.620+0000] {spark_submit.py:492} INFO - 
[2026-02-12T23:41:33.636+0000] {spark_submit.py:492} INFO - 26/02/12 23:41:33 INFO CodecConfig: Compression: SNAPPY
[2026-02-12T23:41:33.637+0000] {spark_submit.py:492} INFO - 26/02/12 23:41:33 INFO CodecConfig: Compression: SNAPPY
[2026-02-12T23:41:33.638+0000] {spark_submit.py:492} INFO - 26/02/12 23:41:33 INFO ParquetOutputFormat: ParquetRecordWriter [block size: 134217728b, row group padding size: 8388608b, validating: false]
[2026-02-12T23:41:33.640+0000] {spark_submit.py:492} INFO - 26/02/12 23:41:33 INFO ParquetWriteSupport: Initialized Parquet WriteSupport with Catalyst schema:
[2026-02-12T23:41:33.640+0000] {spark_submit.py:492} INFO - {
[2026-02-12T23:41:33.640+0000] {spark_submit.py:492} INFO - "type" : "struct",
[2026-02-12T23:41:33.640+0000] {spark_submit.py:492} INFO - "fields" : [ {
[2026-02-12T23:41:33.640+0000] {spark_submit.py:492} INFO - "name" : "user_id",
[2026-02-12T23:41:33.640+0000] {spark_submit.py:492} INFO - "type" : "string",
[2026-02-12T23:41:33.640+0000] {spark_submit.py:492} INFO - "nullable" : true,
[2026-02-12T23:41:33.641+0000] {spark_submit.py:492} INFO - "metadata" : { }
[2026-02-12T23:41:33.641+0000] {spark_submit.py:492} INFO - }, {
[2026-02-12T23:41:33.641+0000] {spark_submit.py:492} INFO - "name" : "thread_id",
[2026-02-12T23:41:33.641+0000] {spark_submit.py:492} INFO - "type" : "string",
[2026-02-12T23:41:33.641+0000] {spark_submit.py:492} INFO - "nullable" : true,
[2026-02-12T23:41:33.641+0000] {spark_submit.py:492} INFO - "metadata" : { }
[2026-02-12T23:41:33.641+0000] {spark_submit.py:492} INFO - }, {
[2026-02-12T23:41:33.641+0000] {spark_submit.py:492} INFO - "name" : "created_at",
[2026-02-12T23:41:33.641+0000] {spark_submit.py:492} INFO - "type" : "string",
[2026-02-12T23:41:33.642+0000] {spark_submit.py:492} INFO - "nullable" : true,
[2026-02-12T23:41:33.642+0000] {spark_submit.py:492} INFO - "metadata" : { }
[2026-02-12T23:41:33.642+0000] {spark_submit.py:492} INFO - }, {
[2026-02-12T23:41:33.642+0000] {spark_submit.py:492} INFO - "name" : "edit_versions_ids",
[2026-02-12T23:41:33.642+0000] {spark_submit.py:492} INFO - "type" : {
[2026-02-12T23:41:33.642+0000] {spark_submit.py:492} INFO - "type" : "array",
[2026-02-12T23:41:33.642+0000] {spark_submit.py:492} INFO - "elementType" : "long",
[2026-02-12T23:41:33.642+0000] {spark_submit.py:492} INFO - "containsNull" : true
[2026-02-12T23:41:33.642+0000] {spark_submit.py:492} INFO - },
[2026-02-12T23:41:33.642+0000] {spark_submit.py:492} INFO - "nullable" : true,
[2026-02-12T23:41:33.642+0000] {spark_submit.py:492} INFO - "metadata" : { }
[2026-02-12T23:41:33.643+0000] {spark_submit.py:492} INFO - }, {
[2026-02-12T23:41:33.643+0000] {spark_submit.py:492} INFO - "name" : "tweet_id",
[2026-02-12T23:41:33.643+0000] {spark_submit.py:492} INFO - "type" : "string",
[2026-02-12T23:41:33.643+0000] {spark_submit.py:492} INFO - "nullable" : true,
[2026-02-12T23:41:33.643+0000] {spark_submit.py:492} INFO - "metadata" : { }
[2026-02-12T23:41:33.643+0000] {spark_submit.py:492} INFO - }, {
[2026-02-12T23:41:33.644+0000] {spark_submit.py:492} INFO - "name" : "reply_to_user_id",
[2026-02-12T23:41:33.644+0000] {spark_submit.py:492} INFO - "type" : "string",
[2026-02-12T23:41:33.644+0000] {spark_submit.py:492} INFO - "nullable" : true,
[2026-02-12T23:41:33.644+0000] {spark_submit.py:492} INFO - "metadata" : { }
[2026-02-12T23:41:33.644+0000] {spark_submit.py:492} INFO - }, {
[2026-02-12T23:41:33.644+0000] {spark_submit.py:492} INFO - "name" : "language",
[2026-02-12T23:41:33.644+0000] {spark_submit.py:492} INFO - "type" : "string",
[2026-02-12T23:41:33.644+0000] {spark_submit.py:492} INFO - "nullable" : true,
[2026-02-12T23:41:33.644+0000] {spark_submit.py:492} INFO - "metadata" : { }
[2026-02-12T23:41:33.645+0000] {spark_submit.py:492} INFO - }, {
[2026-02-12T23:41:33.645+0000] {spark_submit.py:492} INFO - "name" : "tweet_text",
[2026-02-12T23:41:33.645+0000] {spark_submit.py:492} INFO - "type" : "string",
[2026-02-12T23:41:33.645+0000] {spark_submit.py:492} INFO - "nullable" : true,
[2026-02-12T23:41:33.645+0000] {spark_submit.py:492} INFO - "metadata" : { }
[2026-02-12T23:41:33.645+0000] {spark_submit.py:492} INFO - }, {
[2026-02-12T23:41:33.645+0000] {spark_submit.py:492} INFO - "name" : "likes",
[2026-02-12T23:41:33.645+0000] {spark_submit.py:492} INFO - "type" : "long",
[2026-02-12T23:41:33.646+0000] {spark_submit.py:492} INFO - "nullable" : true,
[2026-02-12T23:41:33.646+0000] {spark_submit.py:492} INFO - "metadata" : { }
[2026-02-12T23:41:33.646+0000] {spark_submit.py:492} INFO - }, {
[2026-02-12T23:41:33.646+0000] {spark_submit.py:492} INFO - "name" : "quotes",
[2026-02-12T23:41:33.646+0000] {spark_submit.py:492} INFO - "type" : "long",
[2026-02-12T23:41:33.646+0000] {spark_submit.py:492} INFO - "nullable" : true,
[2026-02-12T23:41:33.646+0000] {spark_submit.py:492} INFO - "metadata" : { }
[2026-02-12T23:41:33.646+0000] {spark_submit.py:492} INFO - }, {
[2026-02-12T23:41:33.646+0000] {spark_submit.py:492} INFO - "name" : "replies",
[2026-02-12T23:41:33.647+0000] {spark_submit.py:492} INFO - "type" : "long",
[2026-02-12T23:41:33.647+0000] {spark_submit.py:492} INFO - "nullable" : true,
[2026-02-12T23:41:33.647+0000] {spark_submit.py:492} INFO - "metadata" : { }
[2026-02-12T23:41:33.647+0000] {spark_submit.py:492} INFO - }, {
[2026-02-12T23:41:33.647+0000] {spark_submit.py:492} INFO - "name" : "retweets",
[2026-02-12T23:41:33.647+0000] {spark_submit.py:492} INFO - "type" : "long",
[2026-02-12T23:41:33.647+0000] {spark_submit.py:492} INFO - "nullable" : true,
[2026-02-12T23:41:33.647+0000] {spark_submit.py:492} INFO - "metadata" : { }
[2026-02-12T23:41:33.647+0000] {spark_submit.py:492} INFO - }, {
[2026-02-12T23:41:33.647+0000] {spark_submit.py:492} INFO - "name" : "processing_date",
[2026-02-12T23:41:33.647+0000] {spark_submit.py:492} INFO - "type" : "date",
[2026-02-12T23:41:33.648+0000] {spark_submit.py:492} INFO - "nullable" : false,
[2026-02-12T23:41:33.648+0000] {spark_submit.py:492} INFO - "metadata" : { }
[2026-02-12T23:41:33.648+0000] {spark_submit.py:492} INFO - } ]
[2026-02-12T23:41:33.648+0000] {spark_submit.py:492} INFO - }
[2026-02-12T23:41:33.648+0000] {spark_submit.py:492} INFO - and corresponding Parquet message type:
[2026-02-12T23:41:33.648+0000] {spark_submit.py:492} INFO - message spark_schema {
[2026-02-12T23:41:33.648+0000] {spark_submit.py:492} INFO - optional binary user_id (STRING);
[2026-02-12T23:41:33.648+0000] {spark_submit.py:492} INFO - optional binary thread_id (STRING);
[2026-02-12T23:41:33.648+0000] {spark_submit.py:492} INFO - optional binary created_at (STRING);
[2026-02-12T23:41:33.648+0000] {spark_submit.py:492} INFO - optional group edit_versions_ids (LIST) {
[2026-02-12T23:41:33.648+0000] {spark_submit.py:492} INFO - repeated group list {
[2026-02-12T23:41:33.648+0000] {spark_submit.py:492} INFO - optional int64 element;
[2026-02-12T23:41:33.649+0000] {spark_submit.py:492} INFO - }
[2026-02-12T23:41:33.649+0000] {spark_submit.py:492} INFO - }
[2026-02-12T23:41:33.649+0000] {spark_submit.py:492} INFO - optional binary tweet_id (STRING);
[2026-02-12T23:41:33.649+0000] {spark_submit.py:492} INFO - optional binary reply_to_user_id (STRING);
[2026-02-12T23:41:33.649+0000] {spark_submit.py:492} INFO - optional binary language (STRING);
[2026-02-12T23:41:33.649+0000] {spark_submit.py:492} INFO - optional binary tweet_text (STRING);
[2026-02-12T23:41:33.649+0000] {spark_submit.py:492} INFO - optional int64 likes;
[2026-02-12T23:41:33.649+0000] {spark_submit.py:492} INFO - optional int64 quotes;
[2026-02-12T23:41:33.649+0000] {spark_submit.py:492} INFO - optional int64 replies;
[2026-02-12T23:41:33.649+0000] {spark_submit.py:492} INFO - optional int64 retweets;
[2026-02-12T23:41:33.649+0000] {spark_submit.py:492} INFO - required int32 processing_date (DATE);
[2026-02-12T23:41:33.649+0000] {spark_submit.py:492} INFO - }
[2026-02-12T23:41:33.650+0000] {spark_submit.py:492} INFO - 
[2026-02-12T23:41:33.650+0000] {spark_submit.py:492} INFO - 
[2026-02-12T23:41:33.666+0000] {spark_submit.py:492} INFO - 26/02/12 23:41:33 INFO CodecConfig: Compression: SNAPPY
[2026-02-12T23:41:33.666+0000] {spark_submit.py:492} INFO - 26/02/12 23:41:33 INFO CodecConfig: Compression: SNAPPY
[2026-02-12T23:41:33.667+0000] {spark_submit.py:492} INFO - 26/02/12 23:41:33 INFO ParquetOutputFormat: ParquetRecordWriter [block size: 134217728b, row group padding size: 8388608b, validating: false]
[2026-02-12T23:41:33.669+0000] {spark_submit.py:492} INFO - 26/02/12 23:41:33 INFO ParquetWriteSupport: Initialized Parquet WriteSupport with Catalyst schema:
[2026-02-12T23:41:33.669+0000] {spark_submit.py:492} INFO - {
[2026-02-12T23:41:33.669+0000] {spark_submit.py:492} INFO - "type" : "struct",
[2026-02-12T23:41:33.669+0000] {spark_submit.py:492} INFO - "fields" : [ {
[2026-02-12T23:41:33.669+0000] {spark_submit.py:492} INFO - "name" : "user_id",
[2026-02-12T23:41:33.669+0000] {spark_submit.py:492} INFO - "type" : "string",
[2026-02-12T23:41:33.669+0000] {spark_submit.py:492} INFO - "nullable" : true,
[2026-02-12T23:41:33.670+0000] {spark_submit.py:492} INFO - "metadata" : { }
[2026-02-12T23:41:33.670+0000] {spark_submit.py:492} INFO - }, {
[2026-02-12T23:41:33.670+0000] {spark_submit.py:492} INFO - "name" : "thread_id",
[2026-02-12T23:41:33.670+0000] {spark_submit.py:492} INFO - "type" : "string",
[2026-02-12T23:41:33.670+0000] {spark_submit.py:492} INFO - "nullable" : true,
[2026-02-12T23:41:33.670+0000] {spark_submit.py:492} INFO - "metadata" : { }
[2026-02-12T23:41:33.670+0000] {spark_submit.py:492} INFO - }, {
[2026-02-12T23:41:33.670+0000] {spark_submit.py:492} INFO - "name" : "created_at",
[2026-02-12T23:41:33.670+0000] {spark_submit.py:492} INFO - "type" : "string",
[2026-02-12T23:41:33.670+0000] {spark_submit.py:492} INFO - "nullable" : true,
[2026-02-12T23:41:33.671+0000] {spark_submit.py:492} INFO - "metadata" : { }
[2026-02-12T23:41:33.671+0000] {spark_submit.py:492} INFO - }, {
[2026-02-12T23:41:33.671+0000] {spark_submit.py:492} INFO - "name" : "edit_versions_ids",
[2026-02-12T23:41:33.671+0000] {spark_submit.py:492} INFO - "type" : {
[2026-02-12T23:41:33.671+0000] {spark_submit.py:492} INFO - "type" : "array",
[2026-02-12T23:41:33.671+0000] {spark_submit.py:492} INFO - "elementType" : "long",
[2026-02-12T23:41:33.671+0000] {spark_submit.py:492} INFO - "containsNull" : true
[2026-02-12T23:41:33.671+0000] {spark_submit.py:492} INFO - },
[2026-02-12T23:41:33.671+0000] {spark_submit.py:492} INFO - "nullable" : true,
[2026-02-12T23:41:33.671+0000] {spark_submit.py:492} INFO - "metadata" : { }
[2026-02-12T23:41:33.672+0000] {spark_submit.py:492} INFO - }, {
[2026-02-12T23:41:33.672+0000] {spark_submit.py:492} INFO - "name" : "tweet_id",
[2026-02-12T23:41:33.672+0000] {spark_submit.py:492} INFO - "type" : "string",
[2026-02-12T23:41:33.672+0000] {spark_submit.py:492} INFO - "nullable" : true,
[2026-02-12T23:41:33.672+0000] {spark_submit.py:492} INFO - "metadata" : { }
[2026-02-12T23:41:33.672+0000] {spark_submit.py:492} INFO - }, {
[2026-02-12T23:41:33.672+0000] {spark_submit.py:492} INFO - "name" : "reply_to_user_id",
[2026-02-12T23:41:33.672+0000] {spark_submit.py:492} INFO - "type" : "string",
[2026-02-12T23:41:33.672+0000] {spark_submit.py:492} INFO - "nullable" : true,
[2026-02-12T23:41:33.673+0000] {spark_submit.py:492} INFO - "metadata" : { }
[2026-02-12T23:41:33.673+0000] {spark_submit.py:492} INFO - }, {
[2026-02-12T23:41:33.673+0000] {spark_submit.py:492} INFO - "name" : "language",
[2026-02-12T23:41:33.673+0000] {spark_submit.py:492} INFO - "type" : "string",
[2026-02-12T23:41:33.673+0000] {spark_submit.py:492} INFO - "nullable" : true,
[2026-02-12T23:41:33.673+0000] {spark_submit.py:492} INFO - "metadata" : { }
[2026-02-12T23:41:33.673+0000] {spark_submit.py:492} INFO - }, {
[2026-02-12T23:41:33.673+0000] {spark_submit.py:492} INFO - "name" : "tweet_text",
[2026-02-12T23:41:33.673+0000] {spark_submit.py:492} INFO - "type" : "string",
[2026-02-12T23:41:33.673+0000] {spark_submit.py:492} INFO - "nullable" : true,
[2026-02-12T23:41:33.674+0000] {spark_submit.py:492} INFO - "metadata" : { }
[2026-02-12T23:41:33.674+0000] {spark_submit.py:492} INFO - }, {
[2026-02-12T23:41:33.674+0000] {spark_submit.py:492} INFO - "name" : "likes",
[2026-02-12T23:41:33.674+0000] {spark_submit.py:492} INFO - "type" : "long",
[2026-02-12T23:41:33.674+0000] {spark_submit.py:492} INFO - "nullable" : true,
[2026-02-12T23:41:33.674+0000] {spark_submit.py:492} INFO - "metadata" : { }
[2026-02-12T23:41:33.674+0000] {spark_submit.py:492} INFO - }, {
[2026-02-12T23:41:33.674+0000] {spark_submit.py:492} INFO - "name" : "quotes",
[2026-02-12T23:41:33.674+0000] {spark_submit.py:492} INFO - "type" : "long",
[2026-02-12T23:41:33.674+0000] {spark_submit.py:492} INFO - "nullable" : true,
[2026-02-12T23:41:33.675+0000] {spark_submit.py:492} INFO - "metadata" : { }
[2026-02-12T23:41:33.675+0000] {spark_submit.py:492} INFO - }, {
[2026-02-12T23:41:33.675+0000] {spark_submit.py:492} INFO - "name" : "replies",
[2026-02-12T23:41:33.675+0000] {spark_submit.py:492} INFO - "type" : "long",
[2026-02-12T23:41:33.675+0000] {spark_submit.py:492} INFO - "nullable" : true,
[2026-02-12T23:41:33.675+0000] {spark_submit.py:492} INFO - "metadata" : { }
[2026-02-12T23:41:33.675+0000] {spark_submit.py:492} INFO - }, {
[2026-02-12T23:41:33.675+0000] {spark_submit.py:492} INFO - "name" : "retweets",
[2026-02-12T23:41:33.675+0000] {spark_submit.py:492} INFO - "type" : "long",
[2026-02-12T23:41:33.675+0000] {spark_submit.py:492} INFO - "nullable" : true,
[2026-02-12T23:41:33.676+0000] {spark_submit.py:492} INFO - "metadata" : { }
[2026-02-12T23:41:33.676+0000] {spark_submit.py:492} INFO - }, {
[2026-02-12T23:41:33.676+0000] {spark_submit.py:492} INFO - "name" : "processing_date",
[2026-02-12T23:41:33.676+0000] {spark_submit.py:492} INFO - "type" : "date",
[2026-02-12T23:41:33.676+0000] {spark_submit.py:492} INFO - "nullable" : false,
[2026-02-12T23:41:33.676+0000] {spark_submit.py:492} INFO - "metadata" : { }
[2026-02-12T23:41:33.676+0000] {spark_submit.py:492} INFO - } ]
[2026-02-12T23:41:33.676+0000] {spark_submit.py:492} INFO - }
[2026-02-12T23:41:33.676+0000] {spark_submit.py:492} INFO - and corresponding Parquet message type:
[2026-02-12T23:41:33.676+0000] {spark_submit.py:492} INFO - message spark_schema {
[2026-02-12T23:41:33.677+0000] {spark_submit.py:492} INFO - optional binary user_id (STRING);
[2026-02-12T23:41:33.677+0000] {spark_submit.py:492} INFO - optional binary thread_id (STRING);
[2026-02-12T23:41:33.677+0000] {spark_submit.py:492} INFO - optional binary created_at (STRING);
[2026-02-12T23:41:33.677+0000] {spark_submit.py:492} INFO - optional group edit_versions_ids (LIST) {
[2026-02-12T23:41:33.677+0000] {spark_submit.py:492} INFO - repeated group list {
[2026-02-12T23:41:33.677+0000] {spark_submit.py:492} INFO - optional int64 element;
[2026-02-12T23:41:33.677+0000] {spark_submit.py:492} INFO - }
[2026-02-12T23:41:33.677+0000] {spark_submit.py:492} INFO - }
[2026-02-12T23:41:33.677+0000] {spark_submit.py:492} INFO - optional binary tweet_id (STRING);
[2026-02-12T23:41:33.677+0000] {spark_submit.py:492} INFO - optional binary reply_to_user_id (STRING);
[2026-02-12T23:41:33.677+0000] {spark_submit.py:492} INFO - optional binary language (STRING);
[2026-02-12T23:41:33.678+0000] {spark_submit.py:492} INFO - optional binary tweet_text (STRING);
[2026-02-12T23:41:33.678+0000] {spark_submit.py:492} INFO - optional int64 likes;
[2026-02-12T23:41:33.678+0000] {spark_submit.py:492} INFO - optional int64 quotes;
[2026-02-12T23:41:33.678+0000] {spark_submit.py:492} INFO - optional int64 replies;
[2026-02-12T23:41:33.678+0000] {spark_submit.py:492} INFO - optional int64 retweets;
[2026-02-12T23:41:33.678+0000] {spark_submit.py:492} INFO - required int32 processing_date (DATE);
[2026-02-12T23:41:33.678+0000] {spark_submit.py:492} INFO - }
[2026-02-12T23:41:33.678+0000] {spark_submit.py:492} INFO - 
[2026-02-12T23:41:33.678+0000] {spark_submit.py:492} INFO - 
[2026-02-12T23:41:33.694+0000] {spark_submit.py:492} INFO - 26/02/12 23:41:33 INFO FileOutputCommitter: Saved output of task 'attempt_202602122341322686026392232058527_0001_m_000000_1' to file:/opt/airflow/data/silver/_temporary/0/task_202602122341322686026392232058527_0001_m_000000
[2026-02-12T23:41:33.694+0000] {spark_submit.py:492} INFO - 26/02/12 23:41:33 INFO SparkHadoopMapRedUtil: attempt_202602122341322686026392232058527_0001_m_000000_1: Committed. Elapsed time: 0 ms.
[2026-02-12T23:41:33.704+0000] {spark_submit.py:492} INFO - 26/02/12 23:41:33 INFO Executor: Finished task 0.0 in stage 1.0 (TID 1). 3930 bytes result sent to driver
[2026-02-12T23:41:33.706+0000] {spark_submit.py:492} INFO - 26/02/12 23:41:33 INFO TaskSetManager: Finished task 0.0 in stage 1.0 (TID 1) in 798 ms on 0bc7f8c4ce9d (executor driver) (1/1)
[2026-02-12T23:41:33.706+0000] {spark_submit.py:492} INFO - 26/02/12 23:41:33 INFO TaskSchedulerImpl: Removed TaskSet 1.0, whose tasks have all completed, from pool
[2026-02-12T23:41:33.707+0000] {spark_submit.py:492} INFO - 26/02/12 23:41:33 INFO DAGScheduler: ResultStage 1 (parquet at NativeMethodAccessorImpl.java:0) finished in 0.818 s
[2026-02-12T23:41:33.707+0000] {spark_submit.py:492} INFO - 26/02/12 23:41:33 INFO DAGScheduler: Job 1 is finished. Cancelling potential speculative or zombie tasks for this job
[2026-02-12T23:41:33.707+0000] {spark_submit.py:492} INFO - 26/02/12 23:41:33 INFO TaskSchedulerImpl: Killing all running tasks in stage 1: Stage finished
[2026-02-12T23:41:33.708+0000] {spark_submit.py:492} INFO - 26/02/12 23:41:33 INFO DAGScheduler: Job 1 finished: parquet at NativeMethodAccessorImpl.java:0, took 0.820952 s
[2026-02-12T23:41:33.709+0000] {spark_submit.py:492} INFO - 26/02/12 23:41:33 INFO FileFormatWriter: Start to commit write Job 003bde2e-1401-4041-96b7-c089ffbaabb6.
[2026-02-12T23:41:33.725+0000] {spark_submit.py:492} INFO - 26/02/12 23:41:33 INFO FileFormatWriter: Write Job 003bde2e-1401-4041-96b7-c089ffbaabb6 committed. Elapsed time: 14 ms.
[2026-02-12T23:41:33.726+0000] {spark_submit.py:492} INFO - 26/02/12 23:41:33 INFO FileFormatWriter: Finished processing stats for write job 003bde2e-1401-4041-96b7-c089ffbaabb6.
[2026-02-12T23:41:33.757+0000] {spark_submit.py:492} INFO - 26/02/12 23:41:33 INFO SparkContext: Invoking stop() from shutdown hook
[2026-02-12T23:41:33.757+0000] {spark_submit.py:492} INFO - 26/02/12 23:41:33 INFO SparkContext: SparkContext is stopping with exitCode 0.
[2026-02-12T23:41:33.764+0000] {spark_submit.py:492} INFO - 26/02/12 23:41:33 INFO SparkUI: Stopped Spark web UI at http://0bc7f8c4ce9d:4040
[2026-02-12T23:41:33.771+0000] {spark_submit.py:492} INFO - 26/02/12 23:41:33 INFO MapOutputTrackerMasterEndpoint: MapOutputTrackerMasterEndpoint stopped!
[2026-02-12T23:41:33.779+0000] {spark_submit.py:492} INFO - 26/02/12 23:41:33 INFO MemoryStore: MemoryStore cleared
[2026-02-12T23:41:33.779+0000] {spark_submit.py:492} INFO - 26/02/12 23:41:33 INFO BlockManager: BlockManager stopped
[2026-02-12T23:41:33.781+0000] {spark_submit.py:492} INFO - 26/02/12 23:41:33 INFO BlockManagerMaster: BlockManagerMaster stopped
[2026-02-12T23:41:33.782+0000] {spark_submit.py:492} INFO - 26/02/12 23:41:33 INFO OutputCommitCoordinator$OutputCommitCoordinatorEndpoint: OutputCommitCoordinator stopped!
[2026-02-12T23:41:33.789+0000] {spark_submit.py:492} INFO - 26/02/12 23:41:33 INFO SparkContext: Successfully stopped SparkContext
[2026-02-12T23:41:33.789+0000] {spark_submit.py:492} INFO - 26/02/12 23:41:33 INFO ShutdownHookManager: Shutdown hook called
[2026-02-12T23:41:33.790+0000] {spark_submit.py:492} INFO - 26/02/12 23:41:33 INFO ShutdownHookManager: Deleting directory /tmp/spark-af052268-0b4d-4d91-a747-e92554971f77
[2026-02-12T23:41:33.794+0000] {spark_submit.py:492} INFO - 26/02/12 23:41:33 INFO ShutdownHookManager: Deleting directory /tmp/spark-857eaffa-8448-48bc-a884-c06bdad41013
[2026-02-12T23:41:33.798+0000] {spark_submit.py:492} INFO - 26/02/12 23:41:33 INFO ShutdownHookManager: Deleting directory /tmp/spark-af052268-0b4d-4d91-a747-e92554971f77/pyspark-f91facac-9c29-467b-b03f-3431b12064d3
[2026-02-12T23:41:33.870+0000] {taskinstance.py:441} INFO - ::group::Post task execution logs
[2026-02-12T23:41:33.879+0000] {taskinstance.py:1206} INFO - Marking task as SUCCESS. dag_id=twitter_pipeline_2, task_id=transform_twitter_datascience, run_id=scheduled__2026-02-07T00:00:00+00:00, execution_date=20260207T000000, start_date=20260212T234127, end_date=20260212T234133
[2026-02-12T23:41:33.907+0000] {local_task_job_runner.py:243} INFO - Task exited with return code 0
[2026-02-12T23:41:33.916+0000] {local_task_job_runner.py:222} INFO - ::endgroup::
