[2026-02-12T23:29:55.374+0000] {local_task_job_runner.py:120} INFO - ::group::Pre task execution logs
[2026-02-12T23:29:55.392+0000] {taskinstance.py:2076} INFO - Dependencies all met for dep_context=non-requeueable deps ti=<TaskInstance: twitter_pipeline_2.transform_twitter_datascience scheduled__2026-02-01T00:00:00+00:00 [queued]>
[2026-02-12T23:29:55.401+0000] {taskinstance.py:2076} INFO - Dependencies all met for dep_context=requeueable deps ti=<TaskInstance: twitter_pipeline_2.transform_twitter_datascience scheduled__2026-02-01T00:00:00+00:00 [queued]>
[2026-02-12T23:29:55.401+0000] {taskinstance.py:2306} INFO - Starting attempt 1 of 1
[2026-02-12T23:29:55.413+0000] {taskinstance.py:2330} INFO - Executing <Task(SparkSubmitOperator): transform_twitter_datascience> on 2026-02-01 00:00:00+00:00
[2026-02-12T23:29:55.420+0000] {standard_task_runner.py:64} INFO - Started process 202 to run task
[2026-02-12T23:29:55.424+0000] {standard_task_runner.py:90} INFO - Running: ['airflow', 'tasks', 'run', 'twitter_pipeline_2', 'transform_twitter_datascience', 'scheduled__2026-02-01T00:00:00+00:00', '--job-id', '158', '--raw', '--subdir', 'DAGS_FOLDER/dag2.py', '--cfg-path', '/tmp/tmpjyfwbye_']
[2026-02-12T23:29:55.426+0000] {standard_task_runner.py:91} INFO - Job 158: Subtask transform_twitter_datascience
[2026-02-12T23:29:55.486+0000] {task_command.py:426} INFO - Running <TaskInstance: twitter_pipeline_2.transform_twitter_datascience scheduled__2026-02-01T00:00:00+00:00 [running]> on host 0bc7f8c4ce9d
[2026-02-12T23:29:55.566+0000] {taskinstance.py:2648} INFO - Exporting env vars: AIRFLOW_CTX_DAG_OWNER='airflow' AIRFLOW_CTX_DAG_ID='twitter_pipeline_2' AIRFLOW_CTX_TASK_ID='transform_twitter_datascience' AIRFLOW_CTX_EXECUTION_DATE='2026-02-01T00:00:00+00:00' AIRFLOW_CTX_TRY_NUMBER='1' AIRFLOW_CTX_DAG_RUN_ID='scheduled__2026-02-01T00:00:00+00:00'
[2026-02-12T23:29:55.567+0000] {taskinstance.py:430} INFO - ::endgroup::
[2026-02-12T23:29:55.575+0000] {base.py:84} INFO - Using connection ID 'spark_default' for task execution.
[2026-02-12T23:29:55.576+0000] {spark_submit.py:341} INFO - Spark-Submit cmd: spark-submit --master local --name twitter_transformation --queue root.default /opt/airflow/src/spark/transformation.py --src /opt/airflow/data/raw --dest /opt/airflow/data/silver
[2026-02-12T23:29:57.471+0000] {spark_submit.py:492} INFO - 26/02/12 23:29:57 INFO ShutdownHookManager: Shutdown hook called
[2026-02-12T23:29:57.473+0000] {spark_submit.py:492} INFO - 26/02/12 23:29:57 INFO ShutdownHookManager: Deleting directory /tmp/spark-9df71d3b-45a3-40fd-a5b8-175245e36cc1
[2026-02-12T23:29:57.513+0000] {taskinstance.py:441} INFO - ::group::Post task execution logs
[2026-02-12T23:29:57.522+0000] {taskinstance.py:1206} INFO - Marking task as SUCCESS. dag_id=twitter_pipeline_2, task_id=transform_twitter_datascience, run_id=scheduled__2026-02-01T00:00:00+00:00, execution_date=20260201T000000, start_date=20260212T232955, end_date=20260212T232957
[2026-02-12T23:29:57.562+0000] {local_task_job_runner.py:243} INFO - Task exited with return code 0
[2026-02-12T23:29:57.581+0000] {taskinstance.py:3503} INFO - 1 downstream tasks scheduled from follow-on schedule check
[2026-02-12T23:29:57.583+0000] {local_task_job_runner.py:222} INFO - ::endgroup::
[2026-02-12T23:34:29.475+0000] {local_task_job_runner.py:120} INFO - ::group::Pre task execution logs
[2026-02-12T23:34:29.491+0000] {taskinstance.py:2076} INFO - Dependencies all met for dep_context=non-requeueable deps ti=<TaskInstance: twitter_pipeline_2.transform_twitter_datascience scheduled__2026-02-01T00:00:00+00:00 [queued]>
[2026-02-12T23:34:29.496+0000] {taskinstance.py:2076} INFO - Dependencies all met for dep_context=requeueable deps ti=<TaskInstance: twitter_pipeline_2.transform_twitter_datascience scheduled__2026-02-01T00:00:00+00:00 [queued]>
[2026-02-12T23:34:29.496+0000] {taskinstance.py:2306} INFO - Starting attempt 1 of 1
[2026-02-12T23:34:29.505+0000] {taskinstance.py:2330} INFO - Executing <Task(SparkSubmitOperator): transform_twitter_datascience> on 2026-02-01 00:00:00+00:00
[2026-02-12T23:34:29.510+0000] {standard_task_runner.py:64} INFO - Started process 2542 to run task
[2026-02-12T23:34:29.514+0000] {standard_task_runner.py:90} INFO - Running: ['airflow', 'tasks', 'run', 'twitter_pipeline_2', 'transform_twitter_datascience', 'scheduled__2026-02-01T00:00:00+00:00', '--job-id', '197', '--raw', '--subdir', 'DAGS_FOLDER/dag2.py', '--cfg-path', '/tmp/tmpc_2tw86j']
[2026-02-12T23:34:29.515+0000] {standard_task_runner.py:91} INFO - Job 197: Subtask transform_twitter_datascience
[2026-02-12T23:34:29.558+0000] {task_command.py:426} INFO - Running <TaskInstance: twitter_pipeline_2.transform_twitter_datascience scheduled__2026-02-01T00:00:00+00:00 [running]> on host 0bc7f8c4ce9d
[2026-02-12T23:34:29.632+0000] {taskinstance.py:2648} INFO - Exporting env vars: AIRFLOW_CTX_DAG_OWNER='airflow' AIRFLOW_CTX_DAG_ID='twitter_pipeline_2' AIRFLOW_CTX_TASK_ID='transform_twitter_datascience' AIRFLOW_CTX_EXECUTION_DATE='2026-02-01T00:00:00+00:00' AIRFLOW_CTX_TRY_NUMBER='1' AIRFLOW_CTX_DAG_RUN_ID='scheduled__2026-02-01T00:00:00+00:00'
[2026-02-12T23:34:29.633+0000] {taskinstance.py:430} INFO - ::endgroup::
[2026-02-12T23:34:29.642+0000] {base.py:84} INFO - Using connection ID 'spark_default' for task execution.
[2026-02-12T23:34:29.643+0000] {spark_submit.py:341} INFO - Spark-Submit cmd: spark-submit --master local --name twitter_transformation --queue root.default /opt/airflow/src/spark/transformation.py --src /opt/airflow/data/raw --dest /opt/airflow/data/silver
[2026-02-12T23:34:31.536+0000] {spark_submit.py:492} INFO - 26/02/12 23:34:31 INFO SparkContext: Running Spark version 3.4.1
[2026-02-12T23:34:31.575+0000] {spark_submit.py:492} INFO - 26/02/12 23:34:31 WARN NativeCodeLoader: Unable to load native-hadoop library for your platform... using builtin-java classes where applicable
[2026-02-12T23:34:31.631+0000] {spark_submit.py:492} INFO - 26/02/12 23:34:31 INFO ResourceUtils: ==============================================================
[2026-02-12T23:34:31.631+0000] {spark_submit.py:492} INFO - 26/02/12 23:34:31 INFO ResourceUtils: No custom resources configured for spark.driver.
[2026-02-12T23:34:31.632+0000] {spark_submit.py:492} INFO - 26/02/12 23:34:31 INFO ResourceUtils: ==============================================================
[2026-02-12T23:34:31.632+0000] {spark_submit.py:492} INFO - 26/02/12 23:34:31 INFO SparkContext: Submitted application: twitter_transformation
[2026-02-12T23:34:31.647+0000] {spark_submit.py:492} INFO - 26/02/12 23:34:31 INFO ResourceProfile: Default ResourceProfile created, executor resources: Map(cores -> name: cores, amount: 1, script: , vendor: , memory -> name: memory, amount: 1024, script: , vendor: , offHeap -> name: offHeap, amount: 0, script: , vendor: ), task resources: Map(cpus -> name: cpus, amount: 1.0)
[2026-02-12T23:34:31.652+0000] {spark_submit.py:492} INFO - 26/02/12 23:34:31 INFO ResourceProfile: Limiting resource is cpu
[2026-02-12T23:34:31.652+0000] {spark_submit.py:492} INFO - 26/02/12 23:34:31 INFO ResourceProfileManager: Added ResourceProfile id: 0
[2026-02-12T23:34:31.685+0000] {spark_submit.py:492} INFO - 26/02/12 23:34:31 INFO SecurityManager: Changing view acls to: default
[2026-02-12T23:34:31.685+0000] {spark_submit.py:492} INFO - 26/02/12 23:34:31 INFO SecurityManager: Changing modify acls to: default
[2026-02-12T23:34:31.686+0000] {spark_submit.py:492} INFO - 26/02/12 23:34:31 INFO SecurityManager: Changing view acls groups to:
[2026-02-12T23:34:31.686+0000] {spark_submit.py:492} INFO - 26/02/12 23:34:31 INFO SecurityManager: Changing modify acls groups to:
[2026-02-12T23:34:31.686+0000] {spark_submit.py:492} INFO - 26/02/12 23:34:31 INFO SecurityManager: SecurityManager: authentication disabled; ui acls disabled; users with view permissions: default; groups with view permissions: EMPTY; users with modify permissions: default; groups with modify permissions: EMPTY
[2026-02-12T23:34:31.837+0000] {spark_submit.py:492} INFO - 26/02/12 23:34:31 INFO Utils: Successfully started service 'sparkDriver' on port 38303.
[2026-02-12T23:34:31.858+0000] {spark_submit.py:492} INFO - 26/02/12 23:34:31 INFO SparkEnv: Registering MapOutputTracker
[2026-02-12T23:34:31.887+0000] {spark_submit.py:492} INFO - 26/02/12 23:34:31 INFO SparkEnv: Registering BlockManagerMaster
[2026-02-12T23:34:31.900+0000] {spark_submit.py:492} INFO - 26/02/12 23:34:31 INFO BlockManagerMasterEndpoint: Using org.apache.spark.storage.DefaultTopologyMapper for getting topology information
[2026-02-12T23:34:31.900+0000] {spark_submit.py:492} INFO - 26/02/12 23:34:31 INFO BlockManagerMasterEndpoint: BlockManagerMasterEndpoint up
[2026-02-12T23:34:31.903+0000] {spark_submit.py:492} INFO - 26/02/12 23:34:31 INFO SparkEnv: Registering BlockManagerMasterHeartbeat
[2026-02-12T23:34:31.916+0000] {spark_submit.py:492} INFO - 26/02/12 23:34:31 INFO DiskBlockManager: Created local directory at /tmp/blockmgr-4f3fbc47-ede3-4759-9304-672d33befa7e
[2026-02-12T23:34:31.927+0000] {spark_submit.py:492} INFO - 26/02/12 23:34:31 INFO MemoryStore: MemoryStore started with capacity 434.4 MiB
[2026-02-12T23:34:31.937+0000] {spark_submit.py:492} INFO - 26/02/12 23:34:31 INFO SparkEnv: Registering OutputCommitCoordinator
[2026-02-12T23:34:32.036+0000] {spark_submit.py:492} INFO - 26/02/12 23:34:32 INFO JettyUtils: Start Jetty 0.0.0.0:4040 for SparkUI
[2026-02-12T23:34:32.078+0000] {spark_submit.py:492} INFO - 26/02/12 23:34:32 INFO Utils: Successfully started service 'SparkUI' on port 4040.
[2026-02-12T23:34:32.145+0000] {spark_submit.py:492} INFO - 26/02/12 23:34:32 INFO Executor: Starting executor ID driver on host 0bc7f8c4ce9d
[2026-02-12T23:34:32.150+0000] {spark_submit.py:492} INFO - 26/02/12 23:34:32 INFO Executor: Starting executor with user classpath (userClassPathFirst = false): ''
[2026-02-12T23:34:32.163+0000] {spark_submit.py:492} INFO - 26/02/12 23:34:32 INFO Utils: Successfully started service 'org.apache.spark.network.netty.NettyBlockTransferService' on port 45365.
[2026-02-12T23:34:32.163+0000] {spark_submit.py:492} INFO - 26/02/12 23:34:32 INFO NettyBlockTransferService: Server created on 0bc7f8c4ce9d:45365
[2026-02-12T23:34:32.164+0000] {spark_submit.py:492} INFO - 26/02/12 23:34:32 INFO BlockManager: Using org.apache.spark.storage.RandomBlockReplicationPolicy for block replication policy
[2026-02-12T23:34:32.168+0000] {spark_submit.py:492} INFO - 26/02/12 23:34:32 INFO BlockManagerMaster: Registering BlockManager BlockManagerId(driver, 0bc7f8c4ce9d, 45365, None)
[2026-02-12T23:34:32.170+0000] {spark_submit.py:492} INFO - 26/02/12 23:34:32 INFO BlockManagerMasterEndpoint: Registering block manager 0bc7f8c4ce9d:45365 with 434.4 MiB RAM, BlockManagerId(driver, 0bc7f8c4ce9d, 45365, None)
[2026-02-12T23:34:32.171+0000] {spark_submit.py:492} INFO - 26/02/12 23:34:32 INFO BlockManagerMaster: Registered BlockManager BlockManagerId(driver, 0bc7f8c4ce9d, 45365, None)
[2026-02-12T23:34:32.172+0000] {spark_submit.py:492} INFO - 26/02/12 23:34:32 INFO BlockManager: Initialized BlockManager: BlockManagerId(driver, 0bc7f8c4ce9d, 45365, None)
[2026-02-12T23:34:32.451+0000] {spark_submit.py:492} INFO - 26/02/12 23:34:32 INFO SharedState: Setting hive.metastore.warehouse.dir ('null') to the value of spark.sql.warehouse.dir.
[2026-02-12T23:34:32.456+0000] {spark_submit.py:492} INFO - 26/02/12 23:34:32 INFO SharedState: Warehouse path is 'file:/opt/airflow/spark-warehouse'.
[2026-02-12T23:34:32.965+0000] {spark_submit.py:492} INFO - 26/02/12 23:34:32 INFO InMemoryFileIndex: It took 33 ms to list leaf files for 1 paths.
[2026-02-12T23:34:33.016+0000] {spark_submit.py:492} INFO - 26/02/12 23:34:33 INFO InMemoryFileIndex: It took 6 ms to list leaf files for 12 paths.
[2026-02-12T23:34:34.348+0000] {spark_submit.py:492} INFO - 26/02/12 23:34:34 INFO FileSourceStrategy: Pushed Filters:
[2026-02-12T23:34:34.355+0000] {spark_submit.py:492} INFO - 26/02/12 23:34:34 INFO FileSourceStrategy: Post-Scan Filters:
[2026-02-12T23:34:34.508+0000] {spark_submit.py:492} INFO - 26/02/12 23:34:34 INFO MemoryStore: Block broadcast_0 stored as values in memory (estimated size 199.2 KiB, free 434.2 MiB)
[2026-02-12T23:34:34.549+0000] {spark_submit.py:492} INFO - 26/02/12 23:34:34 INFO MemoryStore: Block broadcast_0_piece0 stored as bytes in memory (estimated size 34.2 KiB, free 434.2 MiB)
[2026-02-12T23:34:34.552+0000] {spark_submit.py:492} INFO - 26/02/12 23:34:34 INFO BlockManagerInfo: Added broadcast_0_piece0 in memory on 0bc7f8c4ce9d:45365 (size: 34.2 KiB, free: 434.4 MiB)
[2026-02-12T23:34:34.555+0000] {spark_submit.py:492} INFO - 26/02/12 23:34:34 INFO SparkContext: Created broadcast 0 from json at NativeMethodAccessorImpl.java:0
[2026-02-12T23:34:34.563+0000] {spark_submit.py:492} INFO - 26/02/12 23:34:34 INFO FileSourceScanExec: Planning scan with bin packing, max size: 50379970 bytes, open cost is considered as scanning 4194304 bytes.
[2026-02-12T23:34:34.668+0000] {spark_submit.py:492} INFO - 26/02/12 23:34:34 INFO SparkContext: Starting job: json at NativeMethodAccessorImpl.java:0
[2026-02-12T23:34:34.676+0000] {spark_submit.py:492} INFO - 26/02/12 23:34:34 INFO DAGScheduler: Got job 0 (json at NativeMethodAccessorImpl.java:0) with 1 output partitions
[2026-02-12T23:34:34.677+0000] {spark_submit.py:492} INFO - 26/02/12 23:34:34 INFO DAGScheduler: Final stage: ResultStage 0 (json at NativeMethodAccessorImpl.java:0)
[2026-02-12T23:34:34.677+0000] {spark_submit.py:492} INFO - 26/02/12 23:34:34 INFO DAGScheduler: Parents of final stage: List()
[2026-02-12T23:34:34.677+0000] {spark_submit.py:492} INFO - 26/02/12 23:34:34 INFO DAGScheduler: Missing parents: List()
[2026-02-12T23:34:34.679+0000] {spark_submit.py:492} INFO - 26/02/12 23:34:34 INFO DAGScheduler: Submitting ResultStage 0 (MapPartitionsRDD[3] at json at NativeMethodAccessorImpl.java:0), which has no missing parents
[2026-02-12T23:34:34.733+0000] {spark_submit.py:492} INFO - 26/02/12 23:34:34 INFO MemoryStore: Block broadcast_1 stored as values in memory (estimated size 15.0 KiB, free 434.2 MiB)
[2026-02-12T23:34:34.734+0000] {spark_submit.py:492} INFO - 26/02/12 23:34:34 INFO MemoryStore: Block broadcast_1_piece0 stored as bytes in memory (estimated size 7.2 KiB, free 434.2 MiB)
[2026-02-12T23:34:34.735+0000] {spark_submit.py:492} INFO - 26/02/12 23:34:34 INFO BlockManagerInfo: Added broadcast_1_piece0 in memory on 0bc7f8c4ce9d:45365 (size: 7.2 KiB, free: 434.4 MiB)
[2026-02-12T23:34:34.736+0000] {spark_submit.py:492} INFO - 26/02/12 23:34:34 INFO SparkContext: Created broadcast 1 from broadcast at DAGScheduler.scala:1535
[2026-02-12T23:34:34.746+0000] {spark_submit.py:492} INFO - 26/02/12 23:34:34 INFO DAGScheduler: Submitting 1 missing tasks from ResultStage 0 (MapPartitionsRDD[3] at json at NativeMethodAccessorImpl.java:0) (first 15 tasks are for partitions Vector(0))
[2026-02-12T23:34:34.747+0000] {spark_submit.py:492} INFO - 26/02/12 23:34:34 INFO TaskSchedulerImpl: Adding task set 0.0 with 1 tasks resource profile 0
[2026-02-12T23:34:34.778+0000] {spark_submit.py:492} INFO - 26/02/12 23:34:34 INFO TaskSetManager: Starting task 0.0 in stage 0.0 (TID 0) (0bc7f8c4ce9d, executor driver, partition 0, PROCESS_LOCAL, 9064 bytes)
[2026-02-12T23:34:34.786+0000] {spark_submit.py:492} INFO - 26/02/12 23:34:34 INFO Executor: Running task 0.0 in stage 0.0 (TID 0)
[2026-02-12T23:34:34.846+0000] {spark_submit.py:492} INFO - 26/02/12 23:34:34 INFO FileScanRDD: Reading File path: file:///opt/airflow/data/raw/tweets_2026-02-10.json, range: 0-6957, partition values: [empty row]
[2026-02-12T23:34:34.970+0000] {spark_submit.py:492} INFO - 26/02/12 23:34:34 INFO CodeGenerator: Code generated in 105.586362 ms
[2026-02-12T23:34:34.994+0000] {spark_submit.py:492} INFO - 26/02/12 23:34:34 INFO FileScanRDD: Reading File path: file:///opt/airflow/data/raw/tweets_2026-02-03.json, range: 0-6876, partition values: [empty row]
[2026-02-12T23:34:35.000+0000] {spark_submit.py:492} INFO - 26/02/12 23:34:35 INFO FileScanRDD: Reading File path: file:///opt/airflow/data/raw/tweets_2026-02-07.json, range: 0-3508, partition values: [empty row]
[2026-02-12T23:34:35.002+0000] {spark_submit.py:492} INFO - 26/02/12 23:34:35 INFO FileScanRDD: Reading File path: file:///opt/airflow/data/raw/tweets_2026-02-01.json, range: 0-3492, partition values: [empty row]
[2026-02-12T23:34:35.005+0000] {spark_submit.py:492} INFO - 26/02/12 23:34:35 INFO FileScanRDD: Reading File path: file:///opt/airflow/data/raw/tweets_2026-02-12.json, range: 0-3492, partition values: [empty row]
[2026-02-12T23:34:35.007+0000] {spark_submit.py:492} INFO - 26/02/12 23:34:35 INFO FileScanRDD: Reading File path: file:///opt/airflow/data/raw/tweets_2026-02-05.json, range: 0-3482, partition values: [empty row]
[2026-02-12T23:34:35.010+0000] {spark_submit.py:492} INFO - 26/02/12 23:34:35 INFO FileScanRDD: Reading File path: file:///opt/airflow/data/raw/tweets_2026-02-08.json, range: 0-3449, partition values: [empty row]
[2026-02-12T23:34:35.012+0000] {spark_submit.py:492} INFO - 26/02/12 23:34:35 INFO FileScanRDD: Reading File path: file:///opt/airflow/data/raw/tweets_2026-02-09.json, range: 0-3435, partition values: [empty row]
[2026-02-12T23:34:35.014+0000] {spark_submit.py:492} INFO - 26/02/12 23:34:35 INFO FileScanRDD: Reading File path: file:///opt/airflow/data/raw/tweets_2026-02-11.json, range: 0-3424, partition values: [empty row]
[2026-02-12T23:34:35.016+0000] {spark_submit.py:492} INFO - 26/02/12 23:34:35 INFO FileScanRDD: Reading File path: file:///opt/airflow/data/raw/tweets_2026-02-04.json, range: 0-3422, partition values: [empty row]
[2026-02-12T23:34:35.017+0000] {spark_submit.py:492} INFO - 26/02/12 23:34:35 INFO FileScanRDD: Reading File path: file:///opt/airflow/data/raw/tweets_2026-02-06.json, range: 0-3411, partition values: [empty row]
[2026-02-12T23:34:35.020+0000] {spark_submit.py:492} INFO - 26/02/12 23:34:35 INFO FileScanRDD: Reading File path: file:///opt/airflow/data/raw/tweets_2026-02-02.json, range: 0-3374, partition values: [empty row]
[2026-02-12T23:34:35.033+0000] {spark_submit.py:492} INFO - 26/02/12 23:34:35 INFO Executor: Finished task 0.0 in stage 0.0 (TID 0). 2649 bytes result sent to driver
[2026-02-12T23:34:35.044+0000] {spark_submit.py:492} INFO - 26/02/12 23:34:35 INFO TaskSetManager: Finished task 0.0 in stage 0.0 (TID 0) in 274 ms on 0bc7f8c4ce9d (executor driver) (1/1)
[2026-02-12T23:34:35.046+0000] {spark_submit.py:492} INFO - 26/02/12 23:34:35 INFO TaskSchedulerImpl: Removed TaskSet 0.0, whose tasks have all completed, from pool
[2026-02-12T23:34:35.052+0000] {spark_submit.py:492} INFO - 26/02/12 23:34:35 INFO DAGScheduler: ResultStage 0 (json at NativeMethodAccessorImpl.java:0) finished in 0.364 s
[2026-02-12T23:34:35.054+0000] {spark_submit.py:492} INFO - 26/02/12 23:34:35 INFO DAGScheduler: Job 0 is finished. Cancelling potential speculative or zombie tasks for this job
[2026-02-12T23:34:35.054+0000] {spark_submit.py:492} INFO - 26/02/12 23:34:35 INFO TaskSchedulerImpl: Killing all running tasks in stage 0: Stage finished
[2026-02-12T23:34:35.056+0000] {spark_submit.py:492} INFO - 26/02/12 23:34:35 INFO DAGScheduler: Job 0 finished: json at NativeMethodAccessorImpl.java:0, took 0.387778 s
[2026-02-12T23:34:35.286+0000] {spark_submit.py:492} INFO - 26/02/12 23:34:35 INFO FileSourceStrategy: Pushed Filters:
[2026-02-12T23:34:35.287+0000] {spark_submit.py:492} INFO - 26/02/12 23:34:35 INFO FileSourceStrategy: Post-Scan Filters:
[2026-02-12T23:34:35.327+0000] {spark_submit.py:492} INFO - 26/02/12 23:34:35 INFO ParquetUtils: Using default output committer for Parquet: org.apache.parquet.hadoop.ParquetOutputCommitter
[2026-02-12T23:34:35.338+0000] {spark_submit.py:492} INFO - 26/02/12 23:34:35 INFO FileOutputCommitter: File Output Committer Algorithm version is 1
[2026-02-12T23:34:35.338+0000] {spark_submit.py:492} INFO - 26/02/12 23:34:35 INFO FileOutputCommitter: FileOutputCommitter skip cleanup _temporary folders under output directory:false, ignore cleanup failures: false
[2026-02-12T23:34:35.338+0000] {spark_submit.py:492} INFO - 26/02/12 23:34:35 INFO SQLHadoopMapReduceCommitProtocol: Using user defined output committer class org.apache.parquet.hadoop.ParquetOutputCommitter
[2026-02-12T23:34:35.338+0000] {spark_submit.py:492} INFO - 26/02/12 23:34:35 INFO FileOutputCommitter: File Output Committer Algorithm version is 1
[2026-02-12T23:34:35.339+0000] {spark_submit.py:492} INFO - 26/02/12 23:34:35 INFO FileOutputCommitter: FileOutputCommitter skip cleanup _temporary folders under output directory:false, ignore cleanup failures: false
[2026-02-12T23:34:35.339+0000] {spark_submit.py:492} INFO - 26/02/12 23:34:35 INFO SQLHadoopMapReduceCommitProtocol: Using output committer class org.apache.parquet.hadoop.ParquetOutputCommitter
[2026-02-12T23:34:35.412+0000] {spark_submit.py:492} INFO - 26/02/12 23:34:35 INFO CodeGenerator: Code generated in 30.016221 ms
[2026-02-12T23:34:35.415+0000] {spark_submit.py:492} INFO - 26/02/12 23:34:35 INFO MemoryStore: Block broadcast_2 stored as values in memory (estimated size 199.1 KiB, free 434.0 MiB)
[2026-02-12T23:34:35.421+0000] {spark_submit.py:492} INFO - 26/02/12 23:34:35 INFO MemoryStore: Block broadcast_2_piece0 stored as bytes in memory (estimated size 34.1 KiB, free 433.9 MiB)
[2026-02-12T23:34:35.422+0000] {spark_submit.py:492} INFO - 26/02/12 23:34:35 INFO BlockManagerInfo: Added broadcast_2_piece0 in memory on 0bc7f8c4ce9d:45365 (size: 34.1 KiB, free: 434.3 MiB)
[2026-02-12T23:34:35.423+0000] {spark_submit.py:492} INFO - 26/02/12 23:34:35 INFO SparkContext: Created broadcast 2 from parquet at NativeMethodAccessorImpl.java:0
[2026-02-12T23:34:35.426+0000] {spark_submit.py:492} INFO - 26/02/12 23:34:35 INFO FileSourceScanExec: Planning scan with bin packing, max size: 50379970 bytes, open cost is considered as scanning 4194304 bytes.
[2026-02-12T23:34:35.460+0000] {spark_submit.py:492} INFO - 26/02/12 23:34:35 INFO SparkContext: Starting job: parquet at NativeMethodAccessorImpl.java:0
[2026-02-12T23:34:35.461+0000] {spark_submit.py:492} INFO - 26/02/12 23:34:35 INFO DAGScheduler: Got job 1 (parquet at NativeMethodAccessorImpl.java:0) with 1 output partitions
[2026-02-12T23:34:35.461+0000] {spark_submit.py:492} INFO - 26/02/12 23:34:35 INFO DAGScheduler: Final stage: ResultStage 1 (parquet at NativeMethodAccessorImpl.java:0)
[2026-02-12T23:34:35.461+0000] {spark_submit.py:492} INFO - 26/02/12 23:34:35 INFO DAGScheduler: Parents of final stage: List()
[2026-02-12T23:34:35.461+0000] {spark_submit.py:492} INFO - 26/02/12 23:34:35 INFO DAGScheduler: Missing parents: List()
[2026-02-12T23:34:35.462+0000] {spark_submit.py:492} INFO - 26/02/12 23:34:35 INFO DAGScheduler: Submitting ResultStage 1 (MapPartitionsRDD[7] at parquet at NativeMethodAccessorImpl.java:0), which has no missing parents
[2026-02-12T23:34:35.481+0000] {spark_submit.py:492} INFO - 26/02/12 23:34:35 INFO MemoryStore: Block broadcast_3 stored as values in memory (estimated size 236.4 KiB, free 433.7 MiB)
[2026-02-12T23:34:35.484+0000] {spark_submit.py:492} INFO - 26/02/12 23:34:35 INFO MemoryStore: Block broadcast_3_piece0 stored as bytes in memory (estimated size 86.3 KiB, free 433.6 MiB)
[2026-02-12T23:34:35.484+0000] {spark_submit.py:492} INFO - 26/02/12 23:34:35 INFO BlockManagerInfo: Added broadcast_3_piece0 in memory on 0bc7f8c4ce9d:45365 (size: 86.3 KiB, free: 434.2 MiB)
[2026-02-12T23:34:35.485+0000] {spark_submit.py:492} INFO - 26/02/12 23:34:35 INFO SparkContext: Created broadcast 3 from broadcast at DAGScheduler.scala:1535
[2026-02-12T23:34:35.486+0000] {spark_submit.py:492} INFO - 26/02/12 23:34:35 INFO DAGScheduler: Submitting 1 missing tasks from ResultStage 1 (MapPartitionsRDD[7] at parquet at NativeMethodAccessorImpl.java:0) (first 15 tasks are for partitions Vector(0))
[2026-02-12T23:34:35.486+0000] {spark_submit.py:492} INFO - 26/02/12 23:34:35 INFO TaskSchedulerImpl: Adding task set 1.0 with 1 tasks resource profile 0
[2026-02-12T23:34:35.488+0000] {spark_submit.py:492} INFO - 26/02/12 23:34:35 INFO TaskSetManager: Starting task 0.0 in stage 1.0 (TID 1) (0bc7f8c4ce9d, executor driver, partition 0, PROCESS_LOCAL, 9064 bytes)
[2026-02-12T23:34:35.488+0000] {spark_submit.py:492} INFO - 26/02/12 23:34:35 INFO Executor: Running task 0.0 in stage 1.0 (TID 1)
[2026-02-12T23:34:35.544+0000] {spark_submit.py:492} INFO - 26/02/12 23:34:35 INFO CodeGenerator: Code generated in 9.136904 ms
[2026-02-12T23:34:35.558+0000] {spark_submit.py:492} INFO - 26/02/12 23:34:35 INFO CodeGenerator: Code generated in 6.889444 ms
[2026-02-12T23:34:35.567+0000] {spark_submit.py:492} INFO - 26/02/12 23:34:35 INFO FileOutputCommitter: File Output Committer Algorithm version is 1
[2026-02-12T23:34:35.567+0000] {spark_submit.py:492} INFO - 26/02/12 23:34:35 INFO FileOutputCommitter: FileOutputCommitter skip cleanup _temporary folders under output directory:false, ignore cleanup failures: false
[2026-02-12T23:34:35.567+0000] {spark_submit.py:492} INFO - 26/02/12 23:34:35 INFO SQLHadoopMapReduceCommitProtocol: Using user defined output committer class org.apache.parquet.hadoop.ParquetOutputCommitter
[2026-02-12T23:34:35.567+0000] {spark_submit.py:492} INFO - 26/02/12 23:34:35 INFO FileOutputCommitter: File Output Committer Algorithm version is 1
[2026-02-12T23:34:35.567+0000] {spark_submit.py:492} INFO - 26/02/12 23:34:35 INFO FileOutputCommitter: FileOutputCommitter skip cleanup _temporary folders under output directory:false, ignore cleanup failures: false
[2026-02-12T23:34:35.568+0000] {spark_submit.py:492} INFO - 26/02/12 23:34:35 INFO SQLHadoopMapReduceCommitProtocol: Using output committer class org.apache.parquet.hadoop.ParquetOutputCommitter
[2026-02-12T23:34:35.589+0000] {spark_submit.py:492} INFO - 26/02/12 23:34:35 INFO CodeGenerator: Code generated in 12.351605 ms
[2026-02-12T23:34:35.591+0000] {spark_submit.py:492} INFO - 26/02/12 23:34:35 INFO FileScanRDD: Reading File path: file:///opt/airflow/data/raw/tweets_2026-02-10.json, range: 0-6957, partition values: [empty row]
[2026-02-12T23:34:35.612+0000] {spark_submit.py:492} INFO - 26/02/12 23:34:35 INFO CodeGenerator: Code generated in 14.55433 ms
[2026-02-12T23:34:35.635+0000] {spark_submit.py:492} INFO - 26/02/12 23:34:35 INFO FileScanRDD: Reading File path: file:///opt/airflow/data/raw/tweets_2026-02-03.json, range: 0-6876, partition values: [empty row]
[2026-02-12T23:34:35.642+0000] {spark_submit.py:492} INFO - 26/02/12 23:34:35 INFO FileScanRDD: Reading File path: file:///opt/airflow/data/raw/tweets_2026-02-07.json, range: 0-3508, partition values: [empty row]
[2026-02-12T23:34:35.646+0000] {spark_submit.py:492} INFO - 26/02/12 23:34:35 INFO FileScanRDD: Reading File path: file:///opt/airflow/data/raw/tweets_2026-02-01.json, range: 0-3492, partition values: [empty row]
[2026-02-12T23:34:35.649+0000] {spark_submit.py:492} INFO - 26/02/12 23:34:35 INFO FileScanRDD: Reading File path: file:///opt/airflow/data/raw/tweets_2026-02-12.json, range: 0-3492, partition values: [empty row]
[2026-02-12T23:34:35.652+0000] {spark_submit.py:492} INFO - 26/02/12 23:34:35 INFO FileScanRDD: Reading File path: file:///opt/airflow/data/raw/tweets_2026-02-05.json, range: 0-3482, partition values: [empty row]
[2026-02-12T23:34:35.655+0000] {spark_submit.py:492} INFO - 26/02/12 23:34:35 INFO FileScanRDD: Reading File path: file:///opt/airflow/data/raw/tweets_2026-02-08.json, range: 0-3449, partition values: [empty row]
[2026-02-12T23:34:35.659+0000] {spark_submit.py:492} INFO - 26/02/12 23:34:35 INFO FileScanRDD: Reading File path: file:///opt/airflow/data/raw/tweets_2026-02-09.json, range: 0-3435, partition values: [empty row]
[2026-02-12T23:34:35.662+0000] {spark_submit.py:492} INFO - 26/02/12 23:34:35 INFO FileScanRDD: Reading File path: file:///opt/airflow/data/raw/tweets_2026-02-11.json, range: 0-3424, partition values: [empty row]
[2026-02-12T23:34:35.665+0000] {spark_submit.py:492} INFO - 26/02/12 23:34:35 INFO FileScanRDD: Reading File path: file:///opt/airflow/data/raw/tweets_2026-02-04.json, range: 0-3422, partition values: [empty row]
[2026-02-12T23:34:35.667+0000] {spark_submit.py:492} INFO - 26/02/12 23:34:35 INFO FileScanRDD: Reading File path: file:///opt/airflow/data/raw/tweets_2026-02-06.json, range: 0-3411, partition values: [empty row]
[2026-02-12T23:34:35.670+0000] {spark_submit.py:492} INFO - 26/02/12 23:34:35 INFO FileScanRDD: Reading File path: file:///opt/airflow/data/raw/tweets_2026-02-02.json, range: 0-3374, partition values: [empty row]
[2026-02-12T23:34:35.682+0000] {spark_submit.py:492} INFO - 26/02/12 23:34:35 INFO CodeGenerator: Code generated in 5.368893 ms
[2026-02-12T23:34:35.705+0000] {spark_submit.py:492} INFO - 26/02/12 23:34:35 INFO CodeGenerator: Code generated in 13.921598 ms
[2026-02-12T23:34:35.713+0000] {spark_submit.py:492} INFO - 26/02/12 23:34:35 INFO CodecConfig: Compression: SNAPPY
[2026-02-12T23:34:35.716+0000] {spark_submit.py:492} INFO - 26/02/12 23:34:35 INFO CodecConfig: Compression: SNAPPY
[2026-02-12T23:34:35.727+0000] {spark_submit.py:492} INFO - 26/02/12 23:34:35 INFO ParquetOutputFormat: ParquetRecordWriter [block size: 134217728b, row group padding size: 8388608b, validating: false]
[2026-02-12T23:34:35.745+0000] {spark_submit.py:492} INFO - 26/02/12 23:34:35 INFO ParquetWriteSupport: Initialized Parquet WriteSupport with Catalyst schema:
[2026-02-12T23:34:35.746+0000] {spark_submit.py:492} INFO - {
[2026-02-12T23:34:35.746+0000] {spark_submit.py:492} INFO - "type" : "struct",
[2026-02-12T23:34:35.746+0000] {spark_submit.py:492} INFO - "fields" : [ {
[2026-02-12T23:34:35.746+0000] {spark_submit.py:492} INFO - "name" : "user_id",
[2026-02-12T23:34:35.746+0000] {spark_submit.py:492} INFO - "type" : "string",
[2026-02-12T23:34:35.746+0000] {spark_submit.py:492} INFO - "nullable" : true,
[2026-02-12T23:34:35.746+0000] {spark_submit.py:492} INFO - "metadata" : { }
[2026-02-12T23:34:35.746+0000] {spark_submit.py:492} INFO - }, {
[2026-02-12T23:34:35.747+0000] {spark_submit.py:492} INFO - "name" : "thread_id",
[2026-02-12T23:34:35.747+0000] {spark_submit.py:492} INFO - "type" : "string",
[2026-02-12T23:34:35.747+0000] {spark_submit.py:492} INFO - "nullable" : true,
[2026-02-12T23:34:35.747+0000] {spark_submit.py:492} INFO - "metadata" : { }
[2026-02-12T23:34:35.747+0000] {spark_submit.py:492} INFO - }, {
[2026-02-12T23:34:35.747+0000] {spark_submit.py:492} INFO - "name" : "created_at",
[2026-02-12T23:34:35.748+0000] {spark_submit.py:492} INFO - "type" : "string",
[2026-02-12T23:34:35.748+0000] {spark_submit.py:492} INFO - "nullable" : true,
[2026-02-12T23:34:35.748+0000] {spark_submit.py:492} INFO - "metadata" : { }
[2026-02-12T23:34:35.748+0000] {spark_submit.py:492} INFO - }, {
[2026-02-12T23:34:35.748+0000] {spark_submit.py:492} INFO - "name" : "edit_versions_ids",
[2026-02-12T23:34:35.748+0000] {spark_submit.py:492} INFO - "type" : {
[2026-02-12T23:34:35.749+0000] {spark_submit.py:492} INFO - "type" : "array",
[2026-02-12T23:34:35.749+0000] {spark_submit.py:492} INFO - "elementType" : "long",
[2026-02-12T23:34:35.749+0000] {spark_submit.py:492} INFO - "containsNull" : true
[2026-02-12T23:34:35.749+0000] {spark_submit.py:492} INFO - },
[2026-02-12T23:34:35.749+0000] {spark_submit.py:492} INFO - "nullable" : true,
[2026-02-12T23:34:35.749+0000] {spark_submit.py:492} INFO - "metadata" : { }
[2026-02-12T23:34:35.749+0000] {spark_submit.py:492} INFO - }, {
[2026-02-12T23:34:35.750+0000] {spark_submit.py:492} INFO - "name" : "tweet_id",
[2026-02-12T23:34:35.750+0000] {spark_submit.py:492} INFO - "type" : "string",
[2026-02-12T23:34:35.750+0000] {spark_submit.py:492} INFO - "nullable" : true,
[2026-02-12T23:34:35.750+0000] {spark_submit.py:492} INFO - "metadata" : { }
[2026-02-12T23:34:35.750+0000] {spark_submit.py:492} INFO - }, {
[2026-02-12T23:34:35.750+0000] {spark_submit.py:492} INFO - "name" : "reply_to_user_id",
[2026-02-12T23:34:35.751+0000] {spark_submit.py:492} INFO - "type" : "string",
[2026-02-12T23:34:35.751+0000] {spark_submit.py:492} INFO - "nullable" : true,
[2026-02-12T23:34:35.751+0000] {spark_submit.py:492} INFO - "metadata" : { }
[2026-02-12T23:34:35.751+0000] {spark_submit.py:492} INFO - }, {
[2026-02-12T23:34:35.751+0000] {spark_submit.py:492} INFO - "name" : "language",
[2026-02-12T23:34:35.751+0000] {spark_submit.py:492} INFO - "type" : "string",
[2026-02-12T23:34:35.751+0000] {spark_submit.py:492} INFO - "nullable" : true,
[2026-02-12T23:34:35.751+0000] {spark_submit.py:492} INFO - "metadata" : { }
[2026-02-12T23:34:35.752+0000] {spark_submit.py:492} INFO - }, {
[2026-02-12T23:34:35.752+0000] {spark_submit.py:492} INFO - "name" : "tweet_text",
[2026-02-12T23:34:35.752+0000] {spark_submit.py:492} INFO - "type" : "string",
[2026-02-12T23:34:35.752+0000] {spark_submit.py:492} INFO - "nullable" : true,
[2026-02-12T23:34:35.752+0000] {spark_submit.py:492} INFO - "metadata" : { }
[2026-02-12T23:34:35.752+0000] {spark_submit.py:492} INFO - }, {
[2026-02-12T23:34:35.752+0000] {spark_submit.py:492} INFO - "name" : "likes",
[2026-02-12T23:34:35.752+0000] {spark_submit.py:492} INFO - "type" : "long",
[2026-02-12T23:34:35.752+0000] {spark_submit.py:492} INFO - "nullable" : true,
[2026-02-12T23:34:35.753+0000] {spark_submit.py:492} INFO - "metadata" : { }
[2026-02-12T23:34:35.753+0000] {spark_submit.py:492} INFO - }, {
[2026-02-12T23:34:35.753+0000] {spark_submit.py:492} INFO - "name" : "quotes",
[2026-02-12T23:34:35.753+0000] {spark_submit.py:492} INFO - "type" : "long",
[2026-02-12T23:34:35.753+0000] {spark_submit.py:492} INFO - "nullable" : true,
[2026-02-12T23:34:35.753+0000] {spark_submit.py:492} INFO - "metadata" : { }
[2026-02-12T23:34:35.753+0000] {spark_submit.py:492} INFO - }, {
[2026-02-12T23:34:35.753+0000] {spark_submit.py:492} INFO - "name" : "replies",
[2026-02-12T23:34:35.753+0000] {spark_submit.py:492} INFO - "type" : "long",
[2026-02-12T23:34:35.753+0000] {spark_submit.py:492} INFO - "nullable" : true,
[2026-02-12T23:34:35.753+0000] {spark_submit.py:492} INFO - "metadata" : { }
[2026-02-12T23:34:35.753+0000] {spark_submit.py:492} INFO - }, {
[2026-02-12T23:34:35.753+0000] {spark_submit.py:492} INFO - "name" : "retweets",
[2026-02-12T23:34:35.754+0000] {spark_submit.py:492} INFO - "type" : "long",
[2026-02-12T23:34:35.754+0000] {spark_submit.py:492} INFO - "nullable" : true,
[2026-02-12T23:34:35.754+0000] {spark_submit.py:492} INFO - "metadata" : { }
[2026-02-12T23:34:35.754+0000] {spark_submit.py:492} INFO - }, {
[2026-02-12T23:34:35.754+0000] {spark_submit.py:492} INFO - "name" : "processing_date",
[2026-02-12T23:34:35.754+0000] {spark_submit.py:492} INFO - "type" : "date",
[2026-02-12T23:34:35.754+0000] {spark_submit.py:492} INFO - "nullable" : false,
[2026-02-12T23:34:35.754+0000] {spark_submit.py:492} INFO - "metadata" : { }
[2026-02-12T23:34:35.754+0000] {spark_submit.py:492} INFO - } ]
[2026-02-12T23:34:35.754+0000] {spark_submit.py:492} INFO - }
[2026-02-12T23:34:35.754+0000] {spark_submit.py:492} INFO - and corresponding Parquet message type:
[2026-02-12T23:34:35.754+0000] {spark_submit.py:492} INFO - message spark_schema {
[2026-02-12T23:34:35.754+0000] {spark_submit.py:492} INFO - optional binary user_id (STRING);
[2026-02-12T23:34:35.754+0000] {spark_submit.py:492} INFO - optional binary thread_id (STRING);
[2026-02-12T23:34:35.755+0000] {spark_submit.py:492} INFO - optional binary created_at (STRING);
[2026-02-12T23:34:35.755+0000] {spark_submit.py:492} INFO - optional group edit_versions_ids (LIST) {
[2026-02-12T23:34:35.755+0000] {spark_submit.py:492} INFO - repeated group list {
[2026-02-12T23:34:35.755+0000] {spark_submit.py:492} INFO - optional int64 element;
[2026-02-12T23:34:35.755+0000] {spark_submit.py:492} INFO - }
[2026-02-12T23:34:35.755+0000] {spark_submit.py:492} INFO - }
[2026-02-12T23:34:35.755+0000] {spark_submit.py:492} INFO - optional binary tweet_id (STRING);
[2026-02-12T23:34:35.755+0000] {spark_submit.py:492} INFO - optional binary reply_to_user_id (STRING);
[2026-02-12T23:34:35.755+0000] {spark_submit.py:492} INFO - optional binary language (STRING);
[2026-02-12T23:34:35.755+0000] {spark_submit.py:492} INFO - optional binary tweet_text (STRING);
[2026-02-12T23:34:35.755+0000] {spark_submit.py:492} INFO - optional int64 likes;
[2026-02-12T23:34:35.755+0000] {spark_submit.py:492} INFO - optional int64 quotes;
[2026-02-12T23:34:35.756+0000] {spark_submit.py:492} INFO - optional int64 replies;
[2026-02-12T23:34:35.756+0000] {spark_submit.py:492} INFO - optional int64 retweets;
[2026-02-12T23:34:35.756+0000] {spark_submit.py:492} INFO - required int32 processing_date (DATE);
[2026-02-12T23:34:35.756+0000] {spark_submit.py:492} INFO - }
[2026-02-12T23:34:35.756+0000] {spark_submit.py:492} INFO - 
[2026-02-12T23:34:35.756+0000] {spark_submit.py:492} INFO - 
[2026-02-12T23:34:35.792+0000] {spark_submit.py:492} INFO - 26/02/12 23:34:35 INFO CodecPool: Got brand-new compressor [.snappy]
[2026-02-12T23:34:36.086+0000] {spark_submit.py:492} INFO - 26/02/12 23:34:36 INFO CodecConfig: Compression: SNAPPY
[2026-02-12T23:34:36.086+0000] {spark_submit.py:492} INFO - 26/02/12 23:34:36 INFO CodecConfig: Compression: SNAPPY
[2026-02-12T23:34:36.087+0000] {spark_submit.py:492} INFO - 26/02/12 23:34:36 INFO ParquetOutputFormat: ParquetRecordWriter [block size: 134217728b, row group padding size: 8388608b, validating: false]
[2026-02-12T23:34:36.089+0000] {spark_submit.py:492} INFO - 26/02/12 23:34:36 INFO ParquetWriteSupport: Initialized Parquet WriteSupport with Catalyst schema:
[2026-02-12T23:34:36.089+0000] {spark_submit.py:492} INFO - {
[2026-02-12T23:34:36.090+0000] {spark_submit.py:492} INFO - "type" : "struct",
[2026-02-12T23:34:36.090+0000] {spark_submit.py:492} INFO - "fields" : [ {
[2026-02-12T23:34:36.090+0000] {spark_submit.py:492} INFO - "name" : "user_id",
[2026-02-12T23:34:36.090+0000] {spark_submit.py:492} INFO - "type" : "string",
[2026-02-12T23:34:36.090+0000] {spark_submit.py:492} INFO - "nullable" : true,
[2026-02-12T23:34:36.090+0000] {spark_submit.py:492} INFO - "metadata" : { }
[2026-02-12T23:34:36.090+0000] {spark_submit.py:492} INFO - }, {
[2026-02-12T23:34:36.091+0000] {spark_submit.py:492} INFO - "name" : "thread_id",
[2026-02-12T23:34:36.091+0000] {spark_submit.py:492} INFO - "type" : "string",
[2026-02-12T23:34:36.091+0000] {spark_submit.py:492} INFO - "nullable" : true,
[2026-02-12T23:34:36.091+0000] {spark_submit.py:492} INFO - "metadata" : { }
[2026-02-12T23:34:36.091+0000] {spark_submit.py:492} INFO - }, {
[2026-02-12T23:34:36.091+0000] {spark_submit.py:492} INFO - "name" : "created_at",
[2026-02-12T23:34:36.091+0000] {spark_submit.py:492} INFO - "type" : "string",
[2026-02-12T23:34:36.091+0000] {spark_submit.py:492} INFO - "nullable" : true,
[2026-02-12T23:34:36.092+0000] {spark_submit.py:492} INFO - "metadata" : { }
[2026-02-12T23:34:36.092+0000] {spark_submit.py:492} INFO - }, {
[2026-02-12T23:34:36.092+0000] {spark_submit.py:492} INFO - "name" : "edit_versions_ids",
[2026-02-12T23:34:36.092+0000] {spark_submit.py:492} INFO - "type" : {
[2026-02-12T23:34:36.092+0000] {spark_submit.py:492} INFO - "type" : "array",
[2026-02-12T23:34:36.093+0000] {spark_submit.py:492} INFO - "elementType" : "long",
[2026-02-12T23:34:36.093+0000] {spark_submit.py:492} INFO - "containsNull" : true
[2026-02-12T23:34:36.093+0000] {spark_submit.py:492} INFO - },
[2026-02-12T23:34:36.093+0000] {spark_submit.py:492} INFO - "nullable" : true,
[2026-02-12T23:34:36.093+0000] {spark_submit.py:492} INFO - "metadata" : { }
[2026-02-12T23:34:36.093+0000] {spark_submit.py:492} INFO - }, {
[2026-02-12T23:34:36.093+0000] {spark_submit.py:492} INFO - "name" : "tweet_id",
[2026-02-12T23:34:36.094+0000] {spark_submit.py:492} INFO - "type" : "string",
[2026-02-12T23:34:36.094+0000] {spark_submit.py:492} INFO - "nullable" : true,
[2026-02-12T23:34:36.094+0000] {spark_submit.py:492} INFO - "metadata" : { }
[2026-02-12T23:34:36.094+0000] {spark_submit.py:492} INFO - }, {
[2026-02-12T23:34:36.094+0000] {spark_submit.py:492} INFO - "name" : "reply_to_user_id",
[2026-02-12T23:34:36.095+0000] {spark_submit.py:492} INFO - "type" : "string",
[2026-02-12T23:34:36.095+0000] {spark_submit.py:492} INFO - "nullable" : true,
[2026-02-12T23:34:36.095+0000] {spark_submit.py:492} INFO - "metadata" : { }
[2026-02-12T23:34:36.095+0000] {spark_submit.py:492} INFO - }, {
[2026-02-12T23:34:36.095+0000] {spark_submit.py:492} INFO - "name" : "language",
[2026-02-12T23:34:36.095+0000] {spark_submit.py:492} INFO - "type" : "string",
[2026-02-12T23:34:36.095+0000] {spark_submit.py:492} INFO - "nullable" : true,
[2026-02-12T23:34:36.095+0000] {spark_submit.py:492} INFO - "metadata" : { }
[2026-02-12T23:34:36.096+0000] {spark_submit.py:492} INFO - }, {
[2026-02-12T23:34:36.096+0000] {spark_submit.py:492} INFO - "name" : "tweet_text",
[2026-02-12T23:34:36.096+0000] {spark_submit.py:492} INFO - "type" : "string",
[2026-02-12T23:34:36.096+0000] {spark_submit.py:492} INFO - "nullable" : true,
[2026-02-12T23:34:36.096+0000] {spark_submit.py:492} INFO - "metadata" : { }
[2026-02-12T23:34:36.096+0000] {spark_submit.py:492} INFO - }, {
[2026-02-12T23:34:36.096+0000] {spark_submit.py:492} INFO - "name" : "likes",
[2026-02-12T23:34:36.096+0000] {spark_submit.py:492} INFO - "type" : "long",
[2026-02-12T23:34:36.097+0000] {spark_submit.py:492} INFO - "nullable" : true,
[2026-02-12T23:34:36.097+0000] {spark_submit.py:492} INFO - "metadata" : { }
[2026-02-12T23:34:36.097+0000] {spark_submit.py:492} INFO - }, {
[2026-02-12T23:34:36.097+0000] {spark_submit.py:492} INFO - "name" : "quotes",
[2026-02-12T23:34:36.097+0000] {spark_submit.py:492} INFO - "type" : "long",
[2026-02-12T23:34:36.097+0000] {spark_submit.py:492} INFO - "nullable" : true,
[2026-02-12T23:34:36.097+0000] {spark_submit.py:492} INFO - "metadata" : { }
[2026-02-12T23:34:36.097+0000] {spark_submit.py:492} INFO - }, {
[2026-02-12T23:34:36.097+0000] {spark_submit.py:492} INFO - "name" : "replies",
[2026-02-12T23:34:36.097+0000] {spark_submit.py:492} INFO - "type" : "long",
[2026-02-12T23:34:36.097+0000] {spark_submit.py:492} INFO - "nullable" : true,
[2026-02-12T23:34:36.097+0000] {spark_submit.py:492} INFO - "metadata" : { }
[2026-02-12T23:34:36.098+0000] {spark_submit.py:492} INFO - }, {
[2026-02-12T23:34:36.098+0000] {spark_submit.py:492} INFO - "name" : "retweets",
[2026-02-12T23:34:36.098+0000] {spark_submit.py:492} INFO - "type" : "long",
[2026-02-12T23:34:36.098+0000] {spark_submit.py:492} INFO - "nullable" : true,
[2026-02-12T23:34:36.098+0000] {spark_submit.py:492} INFO - "metadata" : { }
[2026-02-12T23:34:36.098+0000] {spark_submit.py:492} INFO - }, {
[2026-02-12T23:34:36.098+0000] {spark_submit.py:492} INFO - "name" : "processing_date",
[2026-02-12T23:34:36.098+0000] {spark_submit.py:492} INFO - "type" : "date",
[2026-02-12T23:34:36.098+0000] {spark_submit.py:492} INFO - "nullable" : false,
[2026-02-12T23:34:36.099+0000] {spark_submit.py:492} INFO - "metadata" : { }
[2026-02-12T23:34:36.099+0000] {spark_submit.py:492} INFO - } ]
[2026-02-12T23:34:36.099+0000] {spark_submit.py:492} INFO - }
[2026-02-12T23:34:36.099+0000] {spark_submit.py:492} INFO - and corresponding Parquet message type:
[2026-02-12T23:34:36.099+0000] {spark_submit.py:492} INFO - message spark_schema {
[2026-02-12T23:34:36.099+0000] {spark_submit.py:492} INFO - optional binary user_id (STRING);
[2026-02-12T23:34:36.099+0000] {spark_submit.py:492} INFO - optional binary thread_id (STRING);
[2026-02-12T23:34:36.100+0000] {spark_submit.py:492} INFO - optional binary created_at (STRING);
[2026-02-12T23:34:36.100+0000] {spark_submit.py:492} INFO - optional group edit_versions_ids (LIST) {
[2026-02-12T23:34:36.100+0000] {spark_submit.py:492} INFO - repeated group list {
[2026-02-12T23:34:36.100+0000] {spark_submit.py:492} INFO - optional int64 element;
[2026-02-12T23:34:36.100+0000] {spark_submit.py:492} INFO - }
[2026-02-12T23:34:36.101+0000] {spark_submit.py:492} INFO - }
[2026-02-12T23:34:36.101+0000] {spark_submit.py:492} INFO - optional binary tweet_id (STRING);
[2026-02-12T23:34:36.101+0000] {spark_submit.py:492} INFO - optional binary reply_to_user_id (STRING);
[2026-02-12T23:34:36.101+0000] {spark_submit.py:492} INFO - optional binary language (STRING);
[2026-02-12T23:34:36.101+0000] {spark_submit.py:492} INFO - optional binary tweet_text (STRING);
[2026-02-12T23:34:36.101+0000] {spark_submit.py:492} INFO - optional int64 likes;
[2026-02-12T23:34:36.101+0000] {spark_submit.py:492} INFO - optional int64 quotes;
[2026-02-12T23:34:36.101+0000] {spark_submit.py:492} INFO - optional int64 replies;
[2026-02-12T23:34:36.101+0000] {spark_submit.py:492} INFO - optional int64 retweets;
[2026-02-12T23:34:36.102+0000] {spark_submit.py:492} INFO - required int32 processing_date (DATE);
[2026-02-12T23:34:36.102+0000] {spark_submit.py:492} INFO - }
[2026-02-12T23:34:36.102+0000] {spark_submit.py:492} INFO - 
[2026-02-12T23:34:36.102+0000] {spark_submit.py:492} INFO - 
[2026-02-12T23:34:36.117+0000] {spark_submit.py:492} INFO - 26/02/12 23:34:36 INFO CodecConfig: Compression: SNAPPY
[2026-02-12T23:34:36.118+0000] {spark_submit.py:492} INFO - 26/02/12 23:34:36 INFO CodecConfig: Compression: SNAPPY
[2026-02-12T23:34:36.118+0000] {spark_submit.py:492} INFO - 26/02/12 23:34:36 INFO ParquetOutputFormat: ParquetRecordWriter [block size: 134217728b, row group padding size: 8388608b, validating: false]
[2026-02-12T23:34:36.120+0000] {spark_submit.py:492} INFO - 26/02/12 23:34:36 INFO ParquetWriteSupport: Initialized Parquet WriteSupport with Catalyst schema:
[2026-02-12T23:34:36.121+0000] {spark_submit.py:492} INFO - {
[2026-02-12T23:34:36.121+0000] {spark_submit.py:492} INFO - "type" : "struct",
[2026-02-12T23:34:36.121+0000] {spark_submit.py:492} INFO - "fields" : [ {
[2026-02-12T23:34:36.121+0000] {spark_submit.py:492} INFO - "name" : "user_id",
[2026-02-12T23:34:36.121+0000] {spark_submit.py:492} INFO - "type" : "string",
[2026-02-12T23:34:36.121+0000] {spark_submit.py:492} INFO - "nullable" : true,
[2026-02-12T23:34:36.121+0000] {spark_submit.py:492} INFO - "metadata" : { }
[2026-02-12T23:34:36.121+0000] {spark_submit.py:492} INFO - }, {
[2026-02-12T23:34:36.121+0000] {spark_submit.py:492} INFO - "name" : "thread_id",
[2026-02-12T23:34:36.122+0000] {spark_submit.py:492} INFO - "type" : "string",
[2026-02-12T23:34:36.122+0000] {spark_submit.py:492} INFO - "nullable" : true,
[2026-02-12T23:34:36.122+0000] {spark_submit.py:492} INFO - "metadata" : { }
[2026-02-12T23:34:36.122+0000] {spark_submit.py:492} INFO - }, {
[2026-02-12T23:34:36.122+0000] {spark_submit.py:492} INFO - "name" : "created_at",
[2026-02-12T23:34:36.122+0000] {spark_submit.py:492} INFO - "type" : "string",
[2026-02-12T23:34:36.122+0000] {spark_submit.py:492} INFO - "nullable" : true,
[2026-02-12T23:34:36.122+0000] {spark_submit.py:492} INFO - "metadata" : { }
[2026-02-12T23:34:36.122+0000] {spark_submit.py:492} INFO - }, {
[2026-02-12T23:34:36.122+0000] {spark_submit.py:492} INFO - "name" : "edit_versions_ids",
[2026-02-12T23:34:36.122+0000] {spark_submit.py:492} INFO - "type" : {
[2026-02-12T23:34:36.122+0000] {spark_submit.py:492} INFO - "type" : "array",
[2026-02-12T23:34:36.123+0000] {spark_submit.py:492} INFO - "elementType" : "long",
[2026-02-12T23:34:36.123+0000] {spark_submit.py:492} INFO - "containsNull" : true
[2026-02-12T23:34:36.123+0000] {spark_submit.py:492} INFO - },
[2026-02-12T23:34:36.123+0000] {spark_submit.py:492} INFO - "nullable" : true,
[2026-02-12T23:34:36.123+0000] {spark_submit.py:492} INFO - "metadata" : { }
[2026-02-12T23:34:36.123+0000] {spark_submit.py:492} INFO - }, {
[2026-02-12T23:34:36.123+0000] {spark_submit.py:492} INFO - "name" : "tweet_id",
[2026-02-12T23:34:36.123+0000] {spark_submit.py:492} INFO - "type" : "string",
[2026-02-12T23:34:36.123+0000] {spark_submit.py:492} INFO - "nullable" : true,
[2026-02-12T23:34:36.123+0000] {spark_submit.py:492} INFO - "metadata" : { }
[2026-02-12T23:34:36.123+0000] {spark_submit.py:492} INFO - }, {
[2026-02-12T23:34:36.123+0000] {spark_submit.py:492} INFO - "name" : "reply_to_user_id",
[2026-02-12T23:34:36.123+0000] {spark_submit.py:492} INFO - "type" : "string",
[2026-02-12T23:34:36.124+0000] {spark_submit.py:492} INFO - "nullable" : true,
[2026-02-12T23:34:36.124+0000] {spark_submit.py:492} INFO - "metadata" : { }
[2026-02-12T23:34:36.124+0000] {spark_submit.py:492} INFO - }, {
[2026-02-12T23:34:36.124+0000] {spark_submit.py:492} INFO - "name" : "language",
[2026-02-12T23:34:36.124+0000] {spark_submit.py:492} INFO - "type" : "string",
[2026-02-12T23:34:36.124+0000] {spark_submit.py:492} INFO - "nullable" : true,
[2026-02-12T23:34:36.124+0000] {spark_submit.py:492} INFO - "metadata" : { }
[2026-02-12T23:34:36.124+0000] {spark_submit.py:492} INFO - }, {
[2026-02-12T23:34:36.125+0000] {spark_submit.py:492} INFO - "name" : "tweet_text",
[2026-02-12T23:34:36.125+0000] {spark_submit.py:492} INFO - "type" : "string",
[2026-02-12T23:34:36.125+0000] {spark_submit.py:492} INFO - "nullable" : true,
[2026-02-12T23:34:36.125+0000] {spark_submit.py:492} INFO - "metadata" : { }
[2026-02-12T23:34:36.125+0000] {spark_submit.py:492} INFO - }, {
[2026-02-12T23:34:36.125+0000] {spark_submit.py:492} INFO - "name" : "likes",
[2026-02-12T23:34:36.125+0000] {spark_submit.py:492} INFO - "type" : "long",
[2026-02-12T23:34:36.125+0000] {spark_submit.py:492} INFO - "nullable" : true,
[2026-02-12T23:34:36.125+0000] {spark_submit.py:492} INFO - "metadata" : { }
[2026-02-12T23:34:36.125+0000] {spark_submit.py:492} INFO - }, {
[2026-02-12T23:34:36.126+0000] {spark_submit.py:492} INFO - "name" : "quotes",
[2026-02-12T23:34:36.126+0000] {spark_submit.py:492} INFO - "type" : "long",
[2026-02-12T23:34:36.126+0000] {spark_submit.py:492} INFO - "nullable" : true,
[2026-02-12T23:34:36.126+0000] {spark_submit.py:492} INFO - "metadata" : { }
[2026-02-12T23:34:36.126+0000] {spark_submit.py:492} INFO - }, {
[2026-02-12T23:34:36.126+0000] {spark_submit.py:492} INFO - "name" : "replies",
[2026-02-12T23:34:36.126+0000] {spark_submit.py:492} INFO - "type" : "long",
[2026-02-12T23:34:36.126+0000] {spark_submit.py:492} INFO - "nullable" : true,
[2026-02-12T23:34:36.126+0000] {spark_submit.py:492} INFO - "metadata" : { }
[2026-02-12T23:34:36.126+0000] {spark_submit.py:492} INFO - }, {
[2026-02-12T23:34:36.127+0000] {spark_submit.py:492} INFO - "name" : "retweets",
[2026-02-12T23:34:36.127+0000] {spark_submit.py:492} INFO - "type" : "long",
[2026-02-12T23:34:36.127+0000] {spark_submit.py:492} INFO - "nullable" : true,
[2026-02-12T23:34:36.127+0000] {spark_submit.py:492} INFO - "metadata" : { }
[2026-02-12T23:34:36.127+0000] {spark_submit.py:492} INFO - }, {
[2026-02-12T23:34:36.127+0000] {spark_submit.py:492} INFO - "name" : "processing_date",
[2026-02-12T23:34:36.127+0000] {spark_submit.py:492} INFO - "type" : "date",
[2026-02-12T23:34:36.127+0000] {spark_submit.py:492} INFO - "nullable" : false,
[2026-02-12T23:34:36.127+0000] {spark_submit.py:492} INFO - "metadata" : { }
[2026-02-12T23:34:36.128+0000] {spark_submit.py:492} INFO - } ]
[2026-02-12T23:34:36.128+0000] {spark_submit.py:492} INFO - }
[2026-02-12T23:34:36.128+0000] {spark_submit.py:492} INFO - and corresponding Parquet message type:
[2026-02-12T23:34:36.128+0000] {spark_submit.py:492} INFO - message spark_schema {
[2026-02-12T23:34:36.128+0000] {spark_submit.py:492} INFO - optional binary user_id (STRING);
[2026-02-12T23:34:36.128+0000] {spark_submit.py:492} INFO - optional binary thread_id (STRING);
[2026-02-12T23:34:36.128+0000] {spark_submit.py:492} INFO - optional binary created_at (STRING);
[2026-02-12T23:34:36.128+0000] {spark_submit.py:492} INFO - optional group edit_versions_ids (LIST) {
[2026-02-12T23:34:36.128+0000] {spark_submit.py:492} INFO - repeated group list {
[2026-02-12T23:34:36.129+0000] {spark_submit.py:492} INFO - optional int64 element;
[2026-02-12T23:34:36.129+0000] {spark_submit.py:492} INFO - }
[2026-02-12T23:34:36.129+0000] {spark_submit.py:492} INFO - }
[2026-02-12T23:34:36.129+0000] {spark_submit.py:492} INFO - optional binary tweet_id (STRING);
[2026-02-12T23:34:36.129+0000] {spark_submit.py:492} INFO - optional binary reply_to_user_id (STRING);
[2026-02-12T23:34:36.129+0000] {spark_submit.py:492} INFO - optional binary language (STRING);
[2026-02-12T23:34:36.129+0000] {spark_submit.py:492} INFO - optional binary tweet_text (STRING);
[2026-02-12T23:34:36.129+0000] {spark_submit.py:492} INFO - optional int64 likes;
[2026-02-12T23:34:36.129+0000] {spark_submit.py:492} INFO - optional int64 quotes;
[2026-02-12T23:34:36.130+0000] {spark_submit.py:492} INFO - optional int64 replies;
[2026-02-12T23:34:36.130+0000] {spark_submit.py:492} INFO - optional int64 retweets;
[2026-02-12T23:34:36.130+0000] {spark_submit.py:492} INFO - required int32 processing_date (DATE);
[2026-02-12T23:34:36.130+0000] {spark_submit.py:492} INFO - }
[2026-02-12T23:34:36.130+0000] {spark_submit.py:492} INFO - 
[2026-02-12T23:34:36.130+0000] {spark_submit.py:492} INFO - 
[2026-02-12T23:34:36.147+0000] {spark_submit.py:492} INFO - 26/02/12 23:34:36 INFO CodecConfig: Compression: SNAPPY
[2026-02-12T23:34:36.147+0000] {spark_submit.py:492} INFO - 26/02/12 23:34:36 INFO CodecConfig: Compression: SNAPPY
[2026-02-12T23:34:36.148+0000] {spark_submit.py:492} INFO - 26/02/12 23:34:36 INFO ParquetOutputFormat: ParquetRecordWriter [block size: 134217728b, row group padding size: 8388608b, validating: false]
[2026-02-12T23:34:36.150+0000] {spark_submit.py:492} INFO - 26/02/12 23:34:36 INFO ParquetWriteSupport: Initialized Parquet WriteSupport with Catalyst schema:
[2026-02-12T23:34:36.150+0000] {spark_submit.py:492} INFO - {
[2026-02-12T23:34:36.150+0000] {spark_submit.py:492} INFO - "type" : "struct",
[2026-02-12T23:34:36.150+0000] {spark_submit.py:492} INFO - "fields" : [ {
[2026-02-12T23:34:36.150+0000] {spark_submit.py:492} INFO - "name" : "user_id",
[2026-02-12T23:34:36.150+0000] {spark_submit.py:492} INFO - "type" : "string",
[2026-02-12T23:34:36.150+0000] {spark_submit.py:492} INFO - "nullable" : true,
[2026-02-12T23:34:36.151+0000] {spark_submit.py:492} INFO - "metadata" : { }
[2026-02-12T23:34:36.151+0000] {spark_submit.py:492} INFO - }, {
[2026-02-12T23:34:36.151+0000] {spark_submit.py:492} INFO - "name" : "thread_id",
[2026-02-12T23:34:36.151+0000] {spark_submit.py:492} INFO - "type" : "string",
[2026-02-12T23:34:36.151+0000] {spark_submit.py:492} INFO - "nullable" : true,
[2026-02-12T23:34:36.151+0000] {spark_submit.py:492} INFO - "metadata" : { }
[2026-02-12T23:34:36.151+0000] {spark_submit.py:492} INFO - }, {
[2026-02-12T23:34:36.151+0000] {spark_submit.py:492} INFO - "name" : "created_at",
[2026-02-12T23:34:36.151+0000] {spark_submit.py:492} INFO - "type" : "string",
[2026-02-12T23:34:36.152+0000] {spark_submit.py:492} INFO - "nullable" : true,
[2026-02-12T23:34:36.152+0000] {spark_submit.py:492} INFO - "metadata" : { }
[2026-02-12T23:34:36.152+0000] {spark_submit.py:492} INFO - }, {
[2026-02-12T23:34:36.152+0000] {spark_submit.py:492} INFO - "name" : "edit_versions_ids",
[2026-02-12T23:34:36.152+0000] {spark_submit.py:492} INFO - "type" : {
[2026-02-12T23:34:36.152+0000] {spark_submit.py:492} INFO - "type" : "array",
[2026-02-12T23:34:36.152+0000] {spark_submit.py:492} INFO - "elementType" : "long",
[2026-02-12T23:34:36.152+0000] {spark_submit.py:492} INFO - "containsNull" : true
[2026-02-12T23:34:36.152+0000] {spark_submit.py:492} INFO - },
[2026-02-12T23:34:36.152+0000] {spark_submit.py:492} INFO - "nullable" : true,
[2026-02-12T23:34:36.153+0000] {spark_submit.py:492} INFO - "metadata" : { }
[2026-02-12T23:34:36.153+0000] {spark_submit.py:492} INFO - }, {
[2026-02-12T23:34:36.153+0000] {spark_submit.py:492} INFO - "name" : "tweet_id",
[2026-02-12T23:34:36.153+0000] {spark_submit.py:492} INFO - "type" : "string",
[2026-02-12T23:34:36.153+0000] {spark_submit.py:492} INFO - "nullable" : true,
[2026-02-12T23:34:36.153+0000] {spark_submit.py:492} INFO - "metadata" : { }
[2026-02-12T23:34:36.153+0000] {spark_submit.py:492} INFO - }, {
[2026-02-12T23:34:36.153+0000] {spark_submit.py:492} INFO - "name" : "reply_to_user_id",
[2026-02-12T23:34:36.153+0000] {spark_submit.py:492} INFO - "type" : "string",
[2026-02-12T23:34:36.153+0000] {spark_submit.py:492} INFO - "nullable" : true,
[2026-02-12T23:34:36.153+0000] {spark_submit.py:492} INFO - "metadata" : { }
[2026-02-12T23:34:36.154+0000] {spark_submit.py:492} INFO - }, {
[2026-02-12T23:34:36.154+0000] {spark_submit.py:492} INFO - "name" : "language",
[2026-02-12T23:34:36.154+0000] {spark_submit.py:492} INFO - "type" : "string",
[2026-02-12T23:34:36.154+0000] {spark_submit.py:492} INFO - "nullable" : true,
[2026-02-12T23:34:36.154+0000] {spark_submit.py:492} INFO - "metadata" : { }
[2026-02-12T23:34:36.154+0000] {spark_submit.py:492} INFO - }, {
[2026-02-12T23:34:36.154+0000] {spark_submit.py:492} INFO - "name" : "tweet_text",
[2026-02-12T23:34:36.154+0000] {spark_submit.py:492} INFO - "type" : "string",
[2026-02-12T23:34:36.154+0000] {spark_submit.py:492} INFO - "nullable" : true,
[2026-02-12T23:34:36.154+0000] {spark_submit.py:492} INFO - "metadata" : { }
[2026-02-12T23:34:36.155+0000] {spark_submit.py:492} INFO - }, {
[2026-02-12T23:34:36.155+0000] {spark_submit.py:492} INFO - "name" : "likes",
[2026-02-12T23:34:36.155+0000] {spark_submit.py:492} INFO - "type" : "long",
[2026-02-12T23:34:36.155+0000] {spark_submit.py:492} INFO - "nullable" : true,
[2026-02-12T23:34:36.155+0000] {spark_submit.py:492} INFO - "metadata" : { }
[2026-02-12T23:34:36.155+0000] {spark_submit.py:492} INFO - }, {
[2026-02-12T23:34:36.156+0000] {spark_submit.py:492} INFO - "name" : "quotes",
[2026-02-12T23:34:36.156+0000] {spark_submit.py:492} INFO - "type" : "long",
[2026-02-12T23:34:36.156+0000] {spark_submit.py:492} INFO - "nullable" : true,
[2026-02-12T23:34:36.156+0000] {spark_submit.py:492} INFO - "metadata" : { }
[2026-02-12T23:34:36.156+0000] {spark_submit.py:492} INFO - }, {
[2026-02-12T23:34:36.156+0000] {spark_submit.py:492} INFO - "name" : "replies",
[2026-02-12T23:34:36.157+0000] {spark_submit.py:492} INFO - "type" : "long",
[2026-02-12T23:34:36.157+0000] {spark_submit.py:492} INFO - "nullable" : true,
[2026-02-12T23:34:36.157+0000] {spark_submit.py:492} INFO - "metadata" : { }
[2026-02-12T23:34:36.157+0000] {spark_submit.py:492} INFO - }, {
[2026-02-12T23:34:36.158+0000] {spark_submit.py:492} INFO - "name" : "retweets",
[2026-02-12T23:34:36.158+0000] {spark_submit.py:492} INFO - "type" : "long",
[2026-02-12T23:34:36.158+0000] {spark_submit.py:492} INFO - "nullable" : true,
[2026-02-12T23:34:36.158+0000] {spark_submit.py:492} INFO - "metadata" : { }
[2026-02-12T23:34:36.158+0000] {spark_submit.py:492} INFO - }, {
[2026-02-12T23:34:36.158+0000] {spark_submit.py:492} INFO - "name" : "processing_date",
[2026-02-12T23:34:36.158+0000] {spark_submit.py:492} INFO - "type" : "date",
[2026-02-12T23:34:36.159+0000] {spark_submit.py:492} INFO - "nullable" : false,
[2026-02-12T23:34:36.159+0000] {spark_submit.py:492} INFO - "metadata" : { }
[2026-02-12T23:34:36.159+0000] {spark_submit.py:492} INFO - } ]
[2026-02-12T23:34:36.159+0000] {spark_submit.py:492} INFO - }
[2026-02-12T23:34:36.159+0000] {spark_submit.py:492} INFO - and corresponding Parquet message type:
[2026-02-12T23:34:36.159+0000] {spark_submit.py:492} INFO - message spark_schema {
[2026-02-12T23:34:36.159+0000] {spark_submit.py:492} INFO - optional binary user_id (STRING);
[2026-02-12T23:34:36.159+0000] {spark_submit.py:492} INFO - optional binary thread_id (STRING);
[2026-02-12T23:34:36.160+0000] {spark_submit.py:492} INFO - optional binary created_at (STRING);
[2026-02-12T23:34:36.160+0000] {spark_submit.py:492} INFO - optional group edit_versions_ids (LIST) {
[2026-02-12T23:34:36.160+0000] {spark_submit.py:492} INFO - repeated group list {
[2026-02-12T23:34:36.160+0000] {spark_submit.py:492} INFO - optional int64 element;
[2026-02-12T23:34:36.160+0000] {spark_submit.py:492} INFO - }
[2026-02-12T23:34:36.160+0000] {spark_submit.py:492} INFO - }
[2026-02-12T23:34:36.160+0000] {spark_submit.py:492} INFO - optional binary tweet_id (STRING);
[2026-02-12T23:34:36.161+0000] {spark_submit.py:492} INFO - optional binary reply_to_user_id (STRING);
[2026-02-12T23:34:36.161+0000] {spark_submit.py:492} INFO - optional binary language (STRING);
[2026-02-12T23:34:36.161+0000] {spark_submit.py:492} INFO - optional binary tweet_text (STRING);
[2026-02-12T23:34:36.161+0000] {spark_submit.py:492} INFO - optional int64 likes;
[2026-02-12T23:34:36.161+0000] {spark_submit.py:492} INFO - optional int64 quotes;
[2026-02-12T23:34:36.161+0000] {spark_submit.py:492} INFO - optional int64 replies;
[2026-02-12T23:34:36.162+0000] {spark_submit.py:492} INFO - optional int64 retweets;
[2026-02-12T23:34:36.162+0000] {spark_submit.py:492} INFO - required int32 processing_date (DATE);
[2026-02-12T23:34:36.162+0000] {spark_submit.py:492} INFO - }
[2026-02-12T23:34:36.162+0000] {spark_submit.py:492} INFO - 
[2026-02-12T23:34:36.162+0000] {spark_submit.py:492} INFO - 
[2026-02-12T23:34:36.177+0000] {spark_submit.py:492} INFO - 26/02/12 23:34:36 INFO CodecConfig: Compression: SNAPPY
[2026-02-12T23:34:36.177+0000] {spark_submit.py:492} INFO - 26/02/12 23:34:36 INFO CodecConfig: Compression: SNAPPY
[2026-02-12T23:34:36.178+0000] {spark_submit.py:492} INFO - 26/02/12 23:34:36 INFO ParquetOutputFormat: ParquetRecordWriter [block size: 134217728b, row group padding size: 8388608b, validating: false]
[2026-02-12T23:34:36.180+0000] {spark_submit.py:492} INFO - 26/02/12 23:34:36 INFO ParquetWriteSupport: Initialized Parquet WriteSupport with Catalyst schema:
[2026-02-12T23:34:36.180+0000] {spark_submit.py:492} INFO - {
[2026-02-12T23:34:36.180+0000] {spark_submit.py:492} INFO - "type" : "struct",
[2026-02-12T23:34:36.181+0000] {spark_submit.py:492} INFO - "fields" : [ {
[2026-02-12T23:34:36.181+0000] {spark_submit.py:492} INFO - "name" : "user_id",
[2026-02-12T23:34:36.181+0000] {spark_submit.py:492} INFO - "type" : "string",
[2026-02-12T23:34:36.181+0000] {spark_submit.py:492} INFO - "nullable" : true,
[2026-02-12T23:34:36.181+0000] {spark_submit.py:492} INFO - "metadata" : { }
[2026-02-12T23:34:36.181+0000] {spark_submit.py:492} INFO - }, {
[2026-02-12T23:34:36.181+0000] {spark_submit.py:492} INFO - "name" : "thread_id",
[2026-02-12T23:34:36.182+0000] {spark_submit.py:492} INFO - "type" : "string",
[2026-02-12T23:34:36.182+0000] {spark_submit.py:492} INFO - "nullable" : true,
[2026-02-12T23:34:36.182+0000] {spark_submit.py:492} INFO - "metadata" : { }
[2026-02-12T23:34:36.182+0000] {spark_submit.py:492} INFO - }, {
[2026-02-12T23:34:36.183+0000] {spark_submit.py:492} INFO - "name" : "created_at",
[2026-02-12T23:34:36.183+0000] {spark_submit.py:492} INFO - "type" : "string",
[2026-02-12T23:34:36.183+0000] {spark_submit.py:492} INFO - "nullable" : true,
[2026-02-12T23:34:36.184+0000] {spark_submit.py:492} INFO - "metadata" : { }
[2026-02-12T23:34:36.184+0000] {spark_submit.py:492} INFO - }, {
[2026-02-12T23:34:36.184+0000] {spark_submit.py:492} INFO - "name" : "edit_versions_ids",
[2026-02-12T23:34:36.184+0000] {spark_submit.py:492} INFO - "type" : {
[2026-02-12T23:34:36.184+0000] {spark_submit.py:492} INFO - "type" : "array",
[2026-02-12T23:34:36.184+0000] {spark_submit.py:492} INFO - "elementType" : "long",
[2026-02-12T23:34:36.184+0000] {spark_submit.py:492} INFO - "containsNull" : true
[2026-02-12T23:34:36.185+0000] {spark_submit.py:492} INFO - },
[2026-02-12T23:34:36.185+0000] {spark_submit.py:492} INFO - "nullable" : true,
[2026-02-12T23:34:36.185+0000] {spark_submit.py:492} INFO - "metadata" : { }
[2026-02-12T23:34:36.185+0000] {spark_submit.py:492} INFO - }, {
[2026-02-12T23:34:36.185+0000] {spark_submit.py:492} INFO - "name" : "tweet_id",
[2026-02-12T23:34:36.185+0000] {spark_submit.py:492} INFO - "type" : "string",
[2026-02-12T23:34:36.185+0000] {spark_submit.py:492} INFO - "nullable" : true,
[2026-02-12T23:34:36.186+0000] {spark_submit.py:492} INFO - "metadata" : { }
[2026-02-12T23:34:36.186+0000] {spark_submit.py:492} INFO - }, {
[2026-02-12T23:34:36.186+0000] {spark_submit.py:492} INFO - "name" : "reply_to_user_id",
[2026-02-12T23:34:36.186+0000] {spark_submit.py:492} INFO - "type" : "string",
[2026-02-12T23:34:36.186+0000] {spark_submit.py:492} INFO - "nullable" : true,
[2026-02-12T23:34:36.187+0000] {spark_submit.py:492} INFO - "metadata" : { }
[2026-02-12T23:34:36.187+0000] {spark_submit.py:492} INFO - }, {
[2026-02-12T23:34:36.187+0000] {spark_submit.py:492} INFO - "name" : "language",
[2026-02-12T23:34:36.187+0000] {spark_submit.py:492} INFO - "type" : "string",
[2026-02-12T23:34:36.188+0000] {spark_submit.py:492} INFO - "nullable" : true,
[2026-02-12T23:34:36.188+0000] {spark_submit.py:492} INFO - "metadata" : { }
[2026-02-12T23:34:36.188+0000] {spark_submit.py:492} INFO - }, {
[2026-02-12T23:34:36.188+0000] {spark_submit.py:492} INFO - "name" : "tweet_text",
[2026-02-12T23:34:36.188+0000] {spark_submit.py:492} INFO - "type" : "string",
[2026-02-12T23:34:36.188+0000] {spark_submit.py:492} INFO - "nullable" : true,
[2026-02-12T23:34:36.188+0000] {spark_submit.py:492} INFO - "metadata" : { }
[2026-02-12T23:34:36.188+0000] {spark_submit.py:492} INFO - }, {
[2026-02-12T23:34:36.188+0000] {spark_submit.py:492} INFO - "name" : "likes",
[2026-02-12T23:34:36.189+0000] {spark_submit.py:492} INFO - "type" : "long",
[2026-02-12T23:34:36.189+0000] {spark_submit.py:492} INFO - "nullable" : true,
[2026-02-12T23:34:36.189+0000] {spark_submit.py:492} INFO - "metadata" : { }
[2026-02-12T23:34:36.189+0000] {spark_submit.py:492} INFO - }, {
[2026-02-12T23:34:36.189+0000] {spark_submit.py:492} INFO - "name" : "quotes",
[2026-02-12T23:34:36.189+0000] {spark_submit.py:492} INFO - "type" : "long",
[2026-02-12T23:34:36.189+0000] {spark_submit.py:492} INFO - "nullable" : true,
[2026-02-12T23:34:36.189+0000] {spark_submit.py:492} INFO - "metadata" : { }
[2026-02-12T23:34:36.189+0000] {spark_submit.py:492} INFO - }, {
[2026-02-12T23:34:36.190+0000] {spark_submit.py:492} INFO - "name" : "replies",
[2026-02-12T23:34:36.190+0000] {spark_submit.py:492} INFO - "type" : "long",
[2026-02-12T23:34:36.190+0000] {spark_submit.py:492} INFO - "nullable" : true,
[2026-02-12T23:34:36.190+0000] {spark_submit.py:492} INFO - "metadata" : { }
[2026-02-12T23:34:36.190+0000] {spark_submit.py:492} INFO - }, {
[2026-02-12T23:34:36.190+0000] {spark_submit.py:492} INFO - "name" : "retweets",
[2026-02-12T23:34:36.190+0000] {spark_submit.py:492} INFO - "type" : "long",
[2026-02-12T23:34:36.190+0000] {spark_submit.py:492} INFO - "nullable" : true,
[2026-02-12T23:34:36.190+0000] {spark_submit.py:492} INFO - "metadata" : { }
[2026-02-12T23:34:36.190+0000] {spark_submit.py:492} INFO - }, {
[2026-02-12T23:34:36.191+0000] {spark_submit.py:492} INFO - "name" : "processing_date",
[2026-02-12T23:34:36.191+0000] {spark_submit.py:492} INFO - "type" : "date",
[2026-02-12T23:34:36.191+0000] {spark_submit.py:492} INFO - "nullable" : false,
[2026-02-12T23:34:36.191+0000] {spark_submit.py:492} INFO - "metadata" : { }
[2026-02-12T23:34:36.191+0000] {spark_submit.py:492} INFO - } ]
[2026-02-12T23:34:36.191+0000] {spark_submit.py:492} INFO - }
[2026-02-12T23:34:36.191+0000] {spark_submit.py:492} INFO - and corresponding Parquet message type:
[2026-02-12T23:34:36.191+0000] {spark_submit.py:492} INFO - message spark_schema {
[2026-02-12T23:34:36.191+0000] {spark_submit.py:492} INFO - optional binary user_id (STRING);
[2026-02-12T23:34:36.191+0000] {spark_submit.py:492} INFO - optional binary thread_id (STRING);
[2026-02-12T23:34:36.192+0000] {spark_submit.py:492} INFO - optional binary created_at (STRING);
[2026-02-12T23:34:36.192+0000] {spark_submit.py:492} INFO - optional group edit_versions_ids (LIST) {
[2026-02-12T23:34:36.192+0000] {spark_submit.py:492} INFO - repeated group list {
[2026-02-12T23:34:36.192+0000] {spark_submit.py:492} INFO - optional int64 element;
[2026-02-12T23:34:36.192+0000] {spark_submit.py:492} INFO - }
[2026-02-12T23:34:36.192+0000] {spark_submit.py:492} INFO - }
[2026-02-12T23:34:36.192+0000] {spark_submit.py:492} INFO - optional binary tweet_id (STRING);
[2026-02-12T23:34:36.192+0000] {spark_submit.py:492} INFO - optional binary reply_to_user_id (STRING);
[2026-02-12T23:34:36.193+0000] {spark_submit.py:492} INFO - optional binary language (STRING);
[2026-02-12T23:34:36.193+0000] {spark_submit.py:492} INFO - optional binary tweet_text (STRING);
[2026-02-12T23:34:36.193+0000] {spark_submit.py:492} INFO - optional int64 likes;
[2026-02-12T23:34:36.193+0000] {spark_submit.py:492} INFO - optional int64 quotes;
[2026-02-12T23:34:36.193+0000] {spark_submit.py:492} INFO - optional int64 replies;
[2026-02-12T23:34:36.193+0000] {spark_submit.py:492} INFO - optional int64 retweets;
[2026-02-12T23:34:36.193+0000] {spark_submit.py:492} INFO - required int32 processing_date (DATE);
[2026-02-12T23:34:36.193+0000] {spark_submit.py:492} INFO - }
[2026-02-12T23:34:36.193+0000] {spark_submit.py:492} INFO - 
[2026-02-12T23:34:36.194+0000] {spark_submit.py:492} INFO - 
[2026-02-12T23:34:36.208+0000] {spark_submit.py:492} INFO - 26/02/12 23:34:36 INFO CodecConfig: Compression: SNAPPY
[2026-02-12T23:34:36.208+0000] {spark_submit.py:492} INFO - 26/02/12 23:34:36 INFO CodecConfig: Compression: SNAPPY
[2026-02-12T23:34:36.209+0000] {spark_submit.py:492} INFO - 26/02/12 23:34:36 INFO ParquetOutputFormat: ParquetRecordWriter [block size: 134217728b, row group padding size: 8388608b, validating: false]
[2026-02-12T23:34:36.211+0000] {spark_submit.py:492} INFO - 26/02/12 23:34:36 INFO ParquetWriteSupport: Initialized Parquet WriteSupport with Catalyst schema:
[2026-02-12T23:34:36.211+0000] {spark_submit.py:492} INFO - {
[2026-02-12T23:34:36.211+0000] {spark_submit.py:492} INFO - "type" : "struct",
[2026-02-12T23:34:36.212+0000] {spark_submit.py:492} INFO - "fields" : [ {
[2026-02-12T23:34:36.212+0000] {spark_submit.py:492} INFO - "name" : "user_id",
[2026-02-12T23:34:36.212+0000] {spark_submit.py:492} INFO - "type" : "string",
[2026-02-12T23:34:36.212+0000] {spark_submit.py:492} INFO - "nullable" : true,
[2026-02-12T23:34:36.212+0000] {spark_submit.py:492} INFO - "metadata" : { }
[2026-02-12T23:34:36.212+0000] {spark_submit.py:492} INFO - }, {
[2026-02-12T23:34:36.212+0000] {spark_submit.py:492} INFO - "name" : "thread_id",
[2026-02-12T23:34:36.212+0000] {spark_submit.py:492} INFO - "type" : "string",
[2026-02-12T23:34:36.212+0000] {spark_submit.py:492} INFO - "nullable" : true,
[2026-02-12T23:34:36.213+0000] {spark_submit.py:492} INFO - "metadata" : { }
[2026-02-12T23:34:36.213+0000] {spark_submit.py:492} INFO - }, {
[2026-02-12T23:34:36.213+0000] {spark_submit.py:492} INFO - "name" : "created_at",
[2026-02-12T23:34:36.213+0000] {spark_submit.py:492} INFO - "type" : "string",
[2026-02-12T23:34:36.213+0000] {spark_submit.py:492} INFO - "nullable" : true,
[2026-02-12T23:34:36.213+0000] {spark_submit.py:492} INFO - "metadata" : { }
[2026-02-12T23:34:36.213+0000] {spark_submit.py:492} INFO - }, {
[2026-02-12T23:34:36.213+0000] {spark_submit.py:492} INFO - "name" : "edit_versions_ids",
[2026-02-12T23:34:36.213+0000] {spark_submit.py:492} INFO - "type" : {
[2026-02-12T23:34:36.213+0000] {spark_submit.py:492} INFO - "type" : "array",
[2026-02-12T23:34:36.213+0000] {spark_submit.py:492} INFO - "elementType" : "long",
[2026-02-12T23:34:36.213+0000] {spark_submit.py:492} INFO - "containsNull" : true
[2026-02-12T23:34:36.213+0000] {spark_submit.py:492} INFO - },
[2026-02-12T23:34:36.213+0000] {spark_submit.py:492} INFO - "nullable" : true,
[2026-02-12T23:34:36.214+0000] {spark_submit.py:492} INFO - "metadata" : { }
[2026-02-12T23:34:36.214+0000] {spark_submit.py:492} INFO - }, {
[2026-02-12T23:34:36.214+0000] {spark_submit.py:492} INFO - "name" : "tweet_id",
[2026-02-12T23:34:36.214+0000] {spark_submit.py:492} INFO - "type" : "string",
[2026-02-12T23:34:36.214+0000] {spark_submit.py:492} INFO - "nullable" : true,
[2026-02-12T23:34:36.214+0000] {spark_submit.py:492} INFO - "metadata" : { }
[2026-02-12T23:34:36.214+0000] {spark_submit.py:492} INFO - }, {
[2026-02-12T23:34:36.214+0000] {spark_submit.py:492} INFO - "name" : "reply_to_user_id",
[2026-02-12T23:34:36.214+0000] {spark_submit.py:492} INFO - "type" : "string",
[2026-02-12T23:34:36.214+0000] {spark_submit.py:492} INFO - "nullable" : true,
[2026-02-12T23:34:36.214+0000] {spark_submit.py:492} INFO - "metadata" : { }
[2026-02-12T23:34:36.214+0000] {spark_submit.py:492} INFO - }, {
[2026-02-12T23:34:36.215+0000] {spark_submit.py:492} INFO - "name" : "language",
[2026-02-12T23:34:36.215+0000] {spark_submit.py:492} INFO - "type" : "string",
[2026-02-12T23:34:36.215+0000] {spark_submit.py:492} INFO - "nullable" : true,
[2026-02-12T23:34:36.215+0000] {spark_submit.py:492} INFO - "metadata" : { }
[2026-02-12T23:34:36.215+0000] {spark_submit.py:492} INFO - }, {
[2026-02-12T23:34:36.215+0000] {spark_submit.py:492} INFO - "name" : "tweet_text",
[2026-02-12T23:34:36.215+0000] {spark_submit.py:492} INFO - "type" : "string",
[2026-02-12T23:34:36.215+0000] {spark_submit.py:492} INFO - "nullable" : true,
[2026-02-12T23:34:36.215+0000] {spark_submit.py:492} INFO - "metadata" : { }
[2026-02-12T23:34:36.215+0000] {spark_submit.py:492} INFO - }, {
[2026-02-12T23:34:36.215+0000] {spark_submit.py:492} INFO - "name" : "likes",
[2026-02-12T23:34:36.215+0000] {spark_submit.py:492} INFO - "type" : "long",
[2026-02-12T23:34:36.215+0000] {spark_submit.py:492} INFO - "nullable" : true,
[2026-02-12T23:34:36.215+0000] {spark_submit.py:492} INFO - "metadata" : { }
[2026-02-12T23:34:36.215+0000] {spark_submit.py:492} INFO - }, {
[2026-02-12T23:34:36.216+0000] {spark_submit.py:492} INFO - "name" : "quotes",
[2026-02-12T23:34:36.216+0000] {spark_submit.py:492} INFO - "type" : "long",
[2026-02-12T23:34:36.216+0000] {spark_submit.py:492} INFO - "nullable" : true,
[2026-02-12T23:34:36.216+0000] {spark_submit.py:492} INFO - "metadata" : { }
[2026-02-12T23:34:36.216+0000] {spark_submit.py:492} INFO - }, {
[2026-02-12T23:34:36.216+0000] {spark_submit.py:492} INFO - "name" : "replies",
[2026-02-12T23:34:36.216+0000] {spark_submit.py:492} INFO - "type" : "long",
[2026-02-12T23:34:36.216+0000] {spark_submit.py:492} INFO - "nullable" : true,
[2026-02-12T23:34:36.216+0000] {spark_submit.py:492} INFO - "metadata" : { }
[2026-02-12T23:34:36.217+0000] {spark_submit.py:492} INFO - }, {
[2026-02-12T23:34:36.217+0000] {spark_submit.py:492} INFO - "name" : "retweets",
[2026-02-12T23:34:36.217+0000] {spark_submit.py:492} INFO - "type" : "long",
[2026-02-12T23:34:36.217+0000] {spark_submit.py:492} INFO - "nullable" : true,
[2026-02-12T23:34:36.217+0000] {spark_submit.py:492} INFO - "metadata" : { }
[2026-02-12T23:34:36.217+0000] {spark_submit.py:492} INFO - }, {
[2026-02-12T23:34:36.217+0000] {spark_submit.py:492} INFO - "name" : "processing_date",
[2026-02-12T23:34:36.217+0000] {spark_submit.py:492} INFO - "type" : "date",
[2026-02-12T23:34:36.217+0000] {spark_submit.py:492} INFO - "nullable" : false,
[2026-02-12T23:34:36.217+0000] {spark_submit.py:492} INFO - "metadata" : { }
[2026-02-12T23:34:36.217+0000] {spark_submit.py:492} INFO - } ]
[2026-02-12T23:34:36.217+0000] {spark_submit.py:492} INFO - }
[2026-02-12T23:34:36.217+0000] {spark_submit.py:492} INFO - and corresponding Parquet message type:
[2026-02-12T23:34:36.217+0000] {spark_submit.py:492} INFO - message spark_schema {
[2026-02-12T23:34:36.218+0000] {spark_submit.py:492} INFO - optional binary user_id (STRING);
[2026-02-12T23:34:36.218+0000] {spark_submit.py:492} INFO - optional binary thread_id (STRING);
[2026-02-12T23:34:36.218+0000] {spark_submit.py:492} INFO - optional binary created_at (STRING);
[2026-02-12T23:34:36.218+0000] {spark_submit.py:492} INFO - optional group edit_versions_ids (LIST) {
[2026-02-12T23:34:36.218+0000] {spark_submit.py:492} INFO - repeated group list {
[2026-02-12T23:34:36.218+0000] {spark_submit.py:492} INFO - optional int64 element;
[2026-02-12T23:34:36.218+0000] {spark_submit.py:492} INFO - }
[2026-02-12T23:34:36.218+0000] {spark_submit.py:492} INFO - }
[2026-02-12T23:34:36.218+0000] {spark_submit.py:492} INFO - optional binary tweet_id (STRING);
[2026-02-12T23:34:36.218+0000] {spark_submit.py:492} INFO - optional binary reply_to_user_id (STRING);
[2026-02-12T23:34:36.218+0000] {spark_submit.py:492} INFO - optional binary language (STRING);
[2026-02-12T23:34:36.219+0000] {spark_submit.py:492} INFO - optional binary tweet_text (STRING);
[2026-02-12T23:34:36.219+0000] {spark_submit.py:492} INFO - optional int64 likes;
[2026-02-12T23:34:36.219+0000] {spark_submit.py:492} INFO - optional int64 quotes;
[2026-02-12T23:34:36.219+0000] {spark_submit.py:492} INFO - optional int64 replies;
[2026-02-12T23:34:36.219+0000] {spark_submit.py:492} INFO - optional int64 retweets;
[2026-02-12T23:34:36.219+0000] {spark_submit.py:492} INFO - required int32 processing_date (DATE);
[2026-02-12T23:34:36.219+0000] {spark_submit.py:492} INFO - }
[2026-02-12T23:34:36.219+0000] {spark_submit.py:492} INFO - 
[2026-02-12T23:34:36.219+0000] {spark_submit.py:492} INFO - 
[2026-02-12T23:34:36.234+0000] {spark_submit.py:492} INFO - 26/02/12 23:34:36 INFO CodecConfig: Compression: SNAPPY
[2026-02-12T23:34:36.234+0000] {spark_submit.py:492} INFO - 26/02/12 23:34:36 INFO CodecConfig: Compression: SNAPPY
[2026-02-12T23:34:36.235+0000] {spark_submit.py:492} INFO - 26/02/12 23:34:36 INFO ParquetOutputFormat: ParquetRecordWriter [block size: 134217728b, row group padding size: 8388608b, validating: false]
[2026-02-12T23:34:36.236+0000] {spark_submit.py:492} INFO - 26/02/12 23:34:36 INFO ParquetWriteSupport: Initialized Parquet WriteSupport with Catalyst schema:
[2026-02-12T23:34:36.236+0000] {spark_submit.py:492} INFO - {
[2026-02-12T23:34:36.237+0000] {spark_submit.py:492} INFO - "type" : "struct",
[2026-02-12T23:34:36.237+0000] {spark_submit.py:492} INFO - "fields" : [ {
[2026-02-12T23:34:36.237+0000] {spark_submit.py:492} INFO - "name" : "user_id",
[2026-02-12T23:34:36.237+0000] {spark_submit.py:492} INFO - "type" : "string",
[2026-02-12T23:34:36.237+0000] {spark_submit.py:492} INFO - "nullable" : true,
[2026-02-12T23:34:36.237+0000] {spark_submit.py:492} INFO - "metadata" : { }
[2026-02-12T23:34:36.237+0000] {spark_submit.py:492} INFO - }, {
[2026-02-12T23:34:36.237+0000] {spark_submit.py:492} INFO - "name" : "thread_id",
[2026-02-12T23:34:36.238+0000] {spark_submit.py:492} INFO - "type" : "string",
[2026-02-12T23:34:36.238+0000] {spark_submit.py:492} INFO - "nullable" : true,
[2026-02-12T23:34:36.238+0000] {spark_submit.py:492} INFO - "metadata" : { }
[2026-02-12T23:34:36.238+0000] {spark_submit.py:492} INFO - }, {
[2026-02-12T23:34:36.238+0000] {spark_submit.py:492} INFO - "name" : "created_at",
[2026-02-12T23:34:36.238+0000] {spark_submit.py:492} INFO - "type" : "string",
[2026-02-12T23:34:36.238+0000] {spark_submit.py:492} INFO - "nullable" : true,
[2026-02-12T23:34:36.239+0000] {spark_submit.py:492} INFO - "metadata" : { }
[2026-02-12T23:34:36.239+0000] {spark_submit.py:492} INFO - }, {
[2026-02-12T23:34:36.239+0000] {spark_submit.py:492} INFO - "name" : "edit_versions_ids",
[2026-02-12T23:34:36.239+0000] {spark_submit.py:492} INFO - "type" : {
[2026-02-12T23:34:36.239+0000] {spark_submit.py:492} INFO - "type" : "array",
[2026-02-12T23:34:36.239+0000] {spark_submit.py:492} INFO - "elementType" : "long",
[2026-02-12T23:34:36.239+0000] {spark_submit.py:492} INFO - "containsNull" : true
[2026-02-12T23:34:36.239+0000] {spark_submit.py:492} INFO - },
[2026-02-12T23:34:36.239+0000] {spark_submit.py:492} INFO - "nullable" : true,
[2026-02-12T23:34:36.240+0000] {spark_submit.py:492} INFO - "metadata" : { }
[2026-02-12T23:34:36.240+0000] {spark_submit.py:492} INFO - }, {
[2026-02-12T23:34:36.240+0000] {spark_submit.py:492} INFO - "name" : "tweet_id",
[2026-02-12T23:34:36.240+0000] {spark_submit.py:492} INFO - "type" : "string",
[2026-02-12T23:34:36.240+0000] {spark_submit.py:492} INFO - "nullable" : true,
[2026-02-12T23:34:36.240+0000] {spark_submit.py:492} INFO - "metadata" : { }
[2026-02-12T23:34:36.240+0000] {spark_submit.py:492} INFO - }, {
[2026-02-12T23:34:36.240+0000] {spark_submit.py:492} INFO - "name" : "reply_to_user_id",
[2026-02-12T23:34:36.240+0000] {spark_submit.py:492} INFO - "type" : "string",
[2026-02-12T23:34:36.241+0000] {spark_submit.py:492} INFO - "nullable" : true,
[2026-02-12T23:34:36.241+0000] {spark_submit.py:492} INFO - "metadata" : { }
[2026-02-12T23:34:36.241+0000] {spark_submit.py:492} INFO - }, {
[2026-02-12T23:34:36.241+0000] {spark_submit.py:492} INFO - "name" : "language",
[2026-02-12T23:34:36.241+0000] {spark_submit.py:492} INFO - "type" : "string",
[2026-02-12T23:34:36.241+0000] {spark_submit.py:492} INFO - "nullable" : true,
[2026-02-12T23:34:36.241+0000] {spark_submit.py:492} INFO - "metadata" : { }
[2026-02-12T23:34:36.241+0000] {spark_submit.py:492} INFO - }, {
[2026-02-12T23:34:36.242+0000] {spark_submit.py:492} INFO - "name" : "tweet_text",
[2026-02-12T23:34:36.242+0000] {spark_submit.py:492} INFO - "type" : "string",
[2026-02-12T23:34:36.242+0000] {spark_submit.py:492} INFO - "nullable" : true,
[2026-02-12T23:34:36.242+0000] {spark_submit.py:492} INFO - "metadata" : { }
[2026-02-12T23:34:36.242+0000] {spark_submit.py:492} INFO - }, {
[2026-02-12T23:34:36.242+0000] {spark_submit.py:492} INFO - "name" : "likes",
[2026-02-12T23:34:36.242+0000] {spark_submit.py:492} INFO - "type" : "long",
[2026-02-12T23:34:36.242+0000] {spark_submit.py:492} INFO - "nullable" : true,
[2026-02-12T23:34:36.242+0000] {spark_submit.py:492} INFO - "metadata" : { }
[2026-02-12T23:34:36.242+0000] {spark_submit.py:492} INFO - }, {
[2026-02-12T23:34:36.242+0000] {spark_submit.py:492} INFO - "name" : "quotes",
[2026-02-12T23:34:36.243+0000] {spark_submit.py:492} INFO - "type" : "long",
[2026-02-12T23:34:36.243+0000] {spark_submit.py:492} INFO - "nullable" : true,
[2026-02-12T23:34:36.243+0000] {spark_submit.py:492} INFO - "metadata" : { }
[2026-02-12T23:34:36.243+0000] {spark_submit.py:492} INFO - }, {
[2026-02-12T23:34:36.243+0000] {spark_submit.py:492} INFO - "name" : "replies",
[2026-02-12T23:34:36.243+0000] {spark_submit.py:492} INFO - "type" : "long",
[2026-02-12T23:34:36.243+0000] {spark_submit.py:492} INFO - "nullable" : true,
[2026-02-12T23:34:36.243+0000] {spark_submit.py:492} INFO - "metadata" : { }
[2026-02-12T23:34:36.243+0000] {spark_submit.py:492} INFO - }, {
[2026-02-12T23:34:36.243+0000] {spark_submit.py:492} INFO - "name" : "retweets",
[2026-02-12T23:34:36.244+0000] {spark_submit.py:492} INFO - "type" : "long",
[2026-02-12T23:34:36.244+0000] {spark_submit.py:492} INFO - "nullable" : true,
[2026-02-12T23:34:36.244+0000] {spark_submit.py:492} INFO - "metadata" : { }
[2026-02-12T23:34:36.244+0000] {spark_submit.py:492} INFO - }, {
[2026-02-12T23:34:36.244+0000] {spark_submit.py:492} INFO - "name" : "processing_date",
[2026-02-12T23:34:36.244+0000] {spark_submit.py:492} INFO - "type" : "date",
[2026-02-12T23:34:36.244+0000] {spark_submit.py:492} INFO - "nullable" : false,
[2026-02-12T23:34:36.244+0000] {spark_submit.py:492} INFO - "metadata" : { }
[2026-02-12T23:34:36.244+0000] {spark_submit.py:492} INFO - } ]
[2026-02-12T23:34:36.245+0000] {spark_submit.py:492} INFO - }
[2026-02-12T23:34:36.245+0000] {spark_submit.py:492} INFO - and corresponding Parquet message type:
[2026-02-12T23:34:36.245+0000] {spark_submit.py:492} INFO - message spark_schema {
[2026-02-12T23:34:36.245+0000] {spark_submit.py:492} INFO - optional binary user_id (STRING);
[2026-02-12T23:34:36.245+0000] {spark_submit.py:492} INFO - optional binary thread_id (STRING);
[2026-02-12T23:34:36.245+0000] {spark_submit.py:492} INFO - optional binary created_at (STRING);
[2026-02-12T23:34:36.245+0000] {spark_submit.py:492} INFO - optional group edit_versions_ids (LIST) {
[2026-02-12T23:34:36.245+0000] {spark_submit.py:492} INFO - repeated group list {
[2026-02-12T23:34:36.245+0000] {spark_submit.py:492} INFO - optional int64 element;
[2026-02-12T23:34:36.245+0000] {spark_submit.py:492} INFO - }
[2026-02-12T23:34:36.246+0000] {spark_submit.py:492} INFO - }
[2026-02-12T23:34:36.246+0000] {spark_submit.py:492} INFO - optional binary tweet_id (STRING);
[2026-02-12T23:34:36.246+0000] {spark_submit.py:492} INFO - optional binary reply_to_user_id (STRING);
[2026-02-12T23:34:36.246+0000] {spark_submit.py:492} INFO - optional binary language (STRING);
[2026-02-12T23:34:36.246+0000] {spark_submit.py:492} INFO - optional binary tweet_text (STRING);
[2026-02-12T23:34:36.246+0000] {spark_submit.py:492} INFO - optional int64 likes;
[2026-02-12T23:34:36.246+0000] {spark_submit.py:492} INFO - optional int64 quotes;
[2026-02-12T23:34:36.246+0000] {spark_submit.py:492} INFO - optional int64 replies;
[2026-02-12T23:34:36.246+0000] {spark_submit.py:492} INFO - optional int64 retweets;
[2026-02-12T23:34:36.246+0000] {spark_submit.py:492} INFO - required int32 processing_date (DATE);
[2026-02-12T23:34:36.246+0000] {spark_submit.py:492} INFO - }
[2026-02-12T23:34:36.246+0000] {spark_submit.py:492} INFO - 
[2026-02-12T23:34:36.246+0000] {spark_submit.py:492} INFO - 
[2026-02-12T23:34:36.260+0000] {spark_submit.py:492} INFO - 26/02/12 23:34:36 INFO CodecConfig: Compression: SNAPPY
[2026-02-12T23:34:36.260+0000] {spark_submit.py:492} INFO - 26/02/12 23:34:36 INFO CodecConfig: Compression: SNAPPY
[2026-02-12T23:34:36.261+0000] {spark_submit.py:492} INFO - 26/02/12 23:34:36 INFO ParquetOutputFormat: ParquetRecordWriter [block size: 134217728b, row group padding size: 8388608b, validating: false]
[2026-02-12T23:34:36.263+0000] {spark_submit.py:492} INFO - 26/02/12 23:34:36 INFO ParquetWriteSupport: Initialized Parquet WriteSupport with Catalyst schema:
[2026-02-12T23:34:36.263+0000] {spark_submit.py:492} INFO - {
[2026-02-12T23:34:36.263+0000] {spark_submit.py:492} INFO - "type" : "struct",
[2026-02-12T23:34:36.263+0000] {spark_submit.py:492} INFO - "fields" : [ {
[2026-02-12T23:34:36.263+0000] {spark_submit.py:492} INFO - "name" : "user_id",
[2026-02-12T23:34:36.264+0000] {spark_submit.py:492} INFO - "type" : "string",
[2026-02-12T23:34:36.264+0000] {spark_submit.py:492} INFO - "nullable" : true,
[2026-02-12T23:34:36.264+0000] {spark_submit.py:492} INFO - "metadata" : { }
[2026-02-12T23:34:36.264+0000] {spark_submit.py:492} INFO - }, {
[2026-02-12T23:34:36.264+0000] {spark_submit.py:492} INFO - "name" : "thread_id",
[2026-02-12T23:34:36.264+0000] {spark_submit.py:492} INFO - "type" : "string",
[2026-02-12T23:34:36.264+0000] {spark_submit.py:492} INFO - "nullable" : true,
[2026-02-12T23:34:36.265+0000] {spark_submit.py:492} INFO - "metadata" : { }
[2026-02-12T23:34:36.265+0000] {spark_submit.py:492} INFO - }, {
[2026-02-12T23:34:36.265+0000] {spark_submit.py:492} INFO - "name" : "created_at",
[2026-02-12T23:34:36.265+0000] {spark_submit.py:492} INFO - "type" : "string",
[2026-02-12T23:34:36.265+0000] {spark_submit.py:492} INFO - "nullable" : true,
[2026-02-12T23:34:36.265+0000] {spark_submit.py:492} INFO - "metadata" : { }
[2026-02-12T23:34:36.265+0000] {spark_submit.py:492} INFO - }, {
[2026-02-12T23:34:36.265+0000] {spark_submit.py:492} INFO - "name" : "edit_versions_ids",
[2026-02-12T23:34:36.265+0000] {spark_submit.py:492} INFO - "type" : {
[2026-02-12T23:34:36.266+0000] {spark_submit.py:492} INFO - "type" : "array",
[2026-02-12T23:34:36.266+0000] {spark_submit.py:492} INFO - "elementType" : "long",
[2026-02-12T23:34:36.266+0000] {spark_submit.py:492} INFO - "containsNull" : true
[2026-02-12T23:34:36.266+0000] {spark_submit.py:492} INFO - },
[2026-02-12T23:34:36.266+0000] {spark_submit.py:492} INFO - "nullable" : true,
[2026-02-12T23:34:36.266+0000] {spark_submit.py:492} INFO - "metadata" : { }
[2026-02-12T23:34:36.266+0000] {spark_submit.py:492} INFO - }, {
[2026-02-12T23:34:36.266+0000] {spark_submit.py:492} INFO - "name" : "tweet_id",
[2026-02-12T23:34:36.266+0000] {spark_submit.py:492} INFO - "type" : "string",
[2026-02-12T23:34:36.266+0000] {spark_submit.py:492} INFO - "nullable" : true,
[2026-02-12T23:34:36.266+0000] {spark_submit.py:492} INFO - "metadata" : { }
[2026-02-12T23:34:36.266+0000] {spark_submit.py:492} INFO - }, {
[2026-02-12T23:34:36.267+0000] {spark_submit.py:492} INFO - "name" : "reply_to_user_id",
[2026-02-12T23:34:36.267+0000] {spark_submit.py:492} INFO - "type" : "string",
[2026-02-12T23:34:36.267+0000] {spark_submit.py:492} INFO - "nullable" : true,
[2026-02-12T23:34:36.267+0000] {spark_submit.py:492} INFO - "metadata" : { }
[2026-02-12T23:34:36.267+0000] {spark_submit.py:492} INFO - }, {
[2026-02-12T23:34:36.267+0000] {spark_submit.py:492} INFO - "name" : "language",
[2026-02-12T23:34:36.267+0000] {spark_submit.py:492} INFO - "type" : "string",
[2026-02-12T23:34:36.267+0000] {spark_submit.py:492} INFO - "nullable" : true,
[2026-02-12T23:34:36.267+0000] {spark_submit.py:492} INFO - "metadata" : { }
[2026-02-12T23:34:36.267+0000] {spark_submit.py:492} INFO - }, {
[2026-02-12T23:34:36.267+0000] {spark_submit.py:492} INFO - "name" : "tweet_text",
[2026-02-12T23:34:36.267+0000] {spark_submit.py:492} INFO - "type" : "string",
[2026-02-12T23:34:36.267+0000] {spark_submit.py:492} INFO - "nullable" : true,
[2026-02-12T23:34:36.268+0000] {spark_submit.py:492} INFO - "metadata" : { }
[2026-02-12T23:34:36.268+0000] {spark_submit.py:492} INFO - }, {
[2026-02-12T23:34:36.268+0000] {spark_submit.py:492} INFO - "name" : "likes",
[2026-02-12T23:34:36.268+0000] {spark_submit.py:492} INFO - "type" : "long",
[2026-02-12T23:34:36.268+0000] {spark_submit.py:492} INFO - "nullable" : true,
[2026-02-12T23:34:36.268+0000] {spark_submit.py:492} INFO - "metadata" : { }
[2026-02-12T23:34:36.268+0000] {spark_submit.py:492} INFO - }, {
[2026-02-12T23:34:36.268+0000] {spark_submit.py:492} INFO - "name" : "quotes",
[2026-02-12T23:34:36.268+0000] {spark_submit.py:492} INFO - "type" : "long",
[2026-02-12T23:34:36.268+0000] {spark_submit.py:492} INFO - "nullable" : true,
[2026-02-12T23:34:36.269+0000] {spark_submit.py:492} INFO - "metadata" : { }
[2026-02-12T23:34:36.269+0000] {spark_submit.py:492} INFO - }, {
[2026-02-12T23:34:36.269+0000] {spark_submit.py:492} INFO - "name" : "replies",
[2026-02-12T23:34:36.269+0000] {spark_submit.py:492} INFO - "type" : "long",
[2026-02-12T23:34:36.269+0000] {spark_submit.py:492} INFO - "nullable" : true,
[2026-02-12T23:34:36.269+0000] {spark_submit.py:492} INFO - "metadata" : { }
[2026-02-12T23:34:36.269+0000] {spark_submit.py:492} INFO - }, {
[2026-02-12T23:34:36.269+0000] {spark_submit.py:492} INFO - "name" : "retweets",
[2026-02-12T23:34:36.270+0000] {spark_submit.py:492} INFO - "type" : "long",
[2026-02-12T23:34:36.270+0000] {spark_submit.py:492} INFO - "nullable" : true,
[2026-02-12T23:34:36.270+0000] {spark_submit.py:492} INFO - "metadata" : { }
[2026-02-12T23:34:36.270+0000] {spark_submit.py:492} INFO - }, {
[2026-02-12T23:34:36.270+0000] {spark_submit.py:492} INFO - "name" : "processing_date",
[2026-02-12T23:34:36.270+0000] {spark_submit.py:492} INFO - "type" : "date",
[2026-02-12T23:34:36.270+0000] {spark_submit.py:492} INFO - "nullable" : false,
[2026-02-12T23:34:36.270+0000] {spark_submit.py:492} INFO - "metadata" : { }
[2026-02-12T23:34:36.270+0000] {spark_submit.py:492} INFO - } ]
[2026-02-12T23:34:36.270+0000] {spark_submit.py:492} INFO - }
[2026-02-12T23:34:36.270+0000] {spark_submit.py:492} INFO - and corresponding Parquet message type:
[2026-02-12T23:34:36.270+0000] {spark_submit.py:492} INFO - message spark_schema {
[2026-02-12T23:34:36.271+0000] {spark_submit.py:492} INFO - optional binary user_id (STRING);
[2026-02-12T23:34:36.271+0000] {spark_submit.py:492} INFO - optional binary thread_id (STRING);
[2026-02-12T23:34:36.271+0000] {spark_submit.py:492} INFO - optional binary created_at (STRING);
[2026-02-12T23:34:36.271+0000] {spark_submit.py:492} INFO - optional group edit_versions_ids (LIST) {
[2026-02-12T23:34:36.271+0000] {spark_submit.py:492} INFO - repeated group list {
[2026-02-12T23:34:36.271+0000] {spark_submit.py:492} INFO - optional int64 element;
[2026-02-12T23:34:36.271+0000] {spark_submit.py:492} INFO - }
[2026-02-12T23:34:36.271+0000] {spark_submit.py:492} INFO - }
[2026-02-12T23:34:36.271+0000] {spark_submit.py:492} INFO - optional binary tweet_id (STRING);
[2026-02-12T23:34:36.271+0000] {spark_submit.py:492} INFO - optional binary reply_to_user_id (STRING);
[2026-02-12T23:34:36.271+0000] {spark_submit.py:492} INFO - optional binary language (STRING);
[2026-02-12T23:34:36.272+0000] {spark_submit.py:492} INFO - optional binary tweet_text (STRING);
[2026-02-12T23:34:36.272+0000] {spark_submit.py:492} INFO - optional int64 likes;
[2026-02-12T23:34:36.272+0000] {spark_submit.py:492} INFO - optional int64 quotes;
[2026-02-12T23:34:36.272+0000] {spark_submit.py:492} INFO - optional int64 replies;
[2026-02-12T23:34:36.272+0000] {spark_submit.py:492} INFO - optional int64 retweets;
[2026-02-12T23:34:36.272+0000] {spark_submit.py:492} INFO - required int32 processing_date (DATE);
[2026-02-12T23:34:36.272+0000] {spark_submit.py:492} INFO - }
[2026-02-12T23:34:36.272+0000] {spark_submit.py:492} INFO - 
[2026-02-12T23:34:36.273+0000] {spark_submit.py:492} INFO - 
[2026-02-12T23:34:36.286+0000] {spark_submit.py:492} INFO - 26/02/12 23:34:36 INFO CodecConfig: Compression: SNAPPY
[2026-02-12T23:34:36.287+0000] {spark_submit.py:492} INFO - 26/02/12 23:34:36 INFO CodecConfig: Compression: SNAPPY
[2026-02-12T23:34:36.287+0000] {spark_submit.py:492} INFO - 26/02/12 23:34:36 INFO ParquetOutputFormat: ParquetRecordWriter [block size: 134217728b, row group padding size: 8388608b, validating: false]
[2026-02-12T23:34:36.289+0000] {spark_submit.py:492} INFO - 26/02/12 23:34:36 INFO ParquetWriteSupport: Initialized Parquet WriteSupport with Catalyst schema:
[2026-02-12T23:34:36.289+0000] {spark_submit.py:492} INFO - {
[2026-02-12T23:34:36.289+0000] {spark_submit.py:492} INFO - "type" : "struct",
[2026-02-12T23:34:36.289+0000] {spark_submit.py:492} INFO - "fields" : [ {
[2026-02-12T23:34:36.290+0000] {spark_submit.py:492} INFO - "name" : "user_id",
[2026-02-12T23:34:36.290+0000] {spark_submit.py:492} INFO - "type" : "string",
[2026-02-12T23:34:36.290+0000] {spark_submit.py:492} INFO - "nullable" : true,
[2026-02-12T23:34:36.290+0000] {spark_submit.py:492} INFO - "metadata" : { }
[2026-02-12T23:34:36.290+0000] {spark_submit.py:492} INFO - }, {
[2026-02-12T23:34:36.290+0000] {spark_submit.py:492} INFO - "name" : "thread_id",
[2026-02-12T23:34:36.290+0000] {spark_submit.py:492} INFO - "type" : "string",
[2026-02-12T23:34:36.290+0000] {spark_submit.py:492} INFO - "nullable" : true,
[2026-02-12T23:34:36.290+0000] {spark_submit.py:492} INFO - "metadata" : { }
[2026-02-12T23:34:36.290+0000] {spark_submit.py:492} INFO - }, {
[2026-02-12T23:34:36.290+0000] {spark_submit.py:492} INFO - "name" : "created_at",
[2026-02-12T23:34:36.290+0000] {spark_submit.py:492} INFO - "type" : "string",
[2026-02-12T23:34:36.290+0000] {spark_submit.py:492} INFO - "nullable" : true,
[2026-02-12T23:34:36.290+0000] {spark_submit.py:492} INFO - "metadata" : { }
[2026-02-12T23:34:36.290+0000] {spark_submit.py:492} INFO - }, {
[2026-02-12T23:34:36.291+0000] {spark_submit.py:492} INFO - "name" : "edit_versions_ids",
[2026-02-12T23:34:36.291+0000] {spark_submit.py:492} INFO - "type" : {
[2026-02-12T23:34:36.291+0000] {spark_submit.py:492} INFO - "type" : "array",
[2026-02-12T23:34:36.291+0000] {spark_submit.py:492} INFO - "elementType" : "long",
[2026-02-12T23:34:36.291+0000] {spark_submit.py:492} INFO - "containsNull" : true
[2026-02-12T23:34:36.291+0000] {spark_submit.py:492} INFO - },
[2026-02-12T23:34:36.291+0000] {spark_submit.py:492} INFO - "nullable" : true,
[2026-02-12T23:34:36.291+0000] {spark_submit.py:492} INFO - "metadata" : { }
[2026-02-12T23:34:36.291+0000] {spark_submit.py:492} INFO - }, {
[2026-02-12T23:34:36.291+0000] {spark_submit.py:492} INFO - "name" : "tweet_id",
[2026-02-12T23:34:36.291+0000] {spark_submit.py:492} INFO - "type" : "string",
[2026-02-12T23:34:36.291+0000] {spark_submit.py:492} INFO - "nullable" : true,
[2026-02-12T23:34:36.291+0000] {spark_submit.py:492} INFO - "metadata" : { }
[2026-02-12T23:34:36.291+0000] {spark_submit.py:492} INFO - }, {
[2026-02-12T23:34:36.292+0000] {spark_submit.py:492} INFO - "name" : "reply_to_user_id",
[2026-02-12T23:34:36.292+0000] {spark_submit.py:492} INFO - "type" : "string",
[2026-02-12T23:34:36.292+0000] {spark_submit.py:492} INFO - "nullable" : true,
[2026-02-12T23:34:36.292+0000] {spark_submit.py:492} INFO - "metadata" : { }
[2026-02-12T23:34:36.292+0000] {spark_submit.py:492} INFO - }, {
[2026-02-12T23:34:36.292+0000] {spark_submit.py:492} INFO - "name" : "language",
[2026-02-12T23:34:36.292+0000] {spark_submit.py:492} INFO - "type" : "string",
[2026-02-12T23:34:36.292+0000] {spark_submit.py:492} INFO - "nullable" : true,
[2026-02-12T23:34:36.292+0000] {spark_submit.py:492} INFO - "metadata" : { }
[2026-02-12T23:34:36.292+0000] {spark_submit.py:492} INFO - }, {
[2026-02-12T23:34:36.293+0000] {spark_submit.py:492} INFO - "name" : "tweet_text",
[2026-02-12T23:34:36.293+0000] {spark_submit.py:492} INFO - "type" : "string",
[2026-02-12T23:34:36.293+0000] {spark_submit.py:492} INFO - "nullable" : true,
[2026-02-12T23:34:36.293+0000] {spark_submit.py:492} INFO - "metadata" : { }
[2026-02-12T23:34:36.293+0000] {spark_submit.py:492} INFO - }, {
[2026-02-12T23:34:36.293+0000] {spark_submit.py:492} INFO - "name" : "likes",
[2026-02-12T23:34:36.293+0000] {spark_submit.py:492} INFO - "type" : "long",
[2026-02-12T23:34:36.293+0000] {spark_submit.py:492} INFO - "nullable" : true,
[2026-02-12T23:34:36.293+0000] {spark_submit.py:492} INFO - "metadata" : { }
[2026-02-12T23:34:36.293+0000] {spark_submit.py:492} INFO - }, {
[2026-02-12T23:34:36.293+0000] {spark_submit.py:492} INFO - "name" : "quotes",
[2026-02-12T23:34:36.293+0000] {spark_submit.py:492} INFO - "type" : "long",
[2026-02-12T23:34:36.293+0000] {spark_submit.py:492} INFO - "nullable" : true,
[2026-02-12T23:34:36.293+0000] {spark_submit.py:492} INFO - "metadata" : { }
[2026-02-12T23:34:36.294+0000] {spark_submit.py:492} INFO - }, {
[2026-02-12T23:34:36.294+0000] {spark_submit.py:492} INFO - "name" : "replies",
[2026-02-12T23:34:36.294+0000] {spark_submit.py:492} INFO - "type" : "long",
[2026-02-12T23:34:36.294+0000] {spark_submit.py:492} INFO - "nullable" : true,
[2026-02-12T23:34:36.294+0000] {spark_submit.py:492} INFO - "metadata" : { }
[2026-02-12T23:34:36.294+0000] {spark_submit.py:492} INFO - }, {
[2026-02-12T23:34:36.294+0000] {spark_submit.py:492} INFO - "name" : "retweets",
[2026-02-12T23:34:36.294+0000] {spark_submit.py:492} INFO - "type" : "long",
[2026-02-12T23:34:36.294+0000] {spark_submit.py:492} INFO - "nullable" : true,
[2026-02-12T23:34:36.294+0000] {spark_submit.py:492} INFO - "metadata" : { }
[2026-02-12T23:34:36.294+0000] {spark_submit.py:492} INFO - }, {
[2026-02-12T23:34:36.295+0000] {spark_submit.py:492} INFO - "name" : "processing_date",
[2026-02-12T23:34:36.295+0000] {spark_submit.py:492} INFO - "type" : "date",
[2026-02-12T23:34:36.295+0000] {spark_submit.py:492} INFO - "nullable" : false,
[2026-02-12T23:34:36.295+0000] {spark_submit.py:492} INFO - "metadata" : { }
[2026-02-12T23:34:36.295+0000] {spark_submit.py:492} INFO - } ]
[2026-02-12T23:34:36.295+0000] {spark_submit.py:492} INFO - }
[2026-02-12T23:34:36.295+0000] {spark_submit.py:492} INFO - and corresponding Parquet message type:
[2026-02-12T23:34:36.295+0000] {spark_submit.py:492} INFO - message spark_schema {
[2026-02-12T23:34:36.295+0000] {spark_submit.py:492} INFO - optional binary user_id (STRING);
[2026-02-12T23:34:36.295+0000] {spark_submit.py:492} INFO - optional binary thread_id (STRING);
[2026-02-12T23:34:36.295+0000] {spark_submit.py:492} INFO - optional binary created_at (STRING);
[2026-02-12T23:34:36.295+0000] {spark_submit.py:492} INFO - optional group edit_versions_ids (LIST) {
[2026-02-12T23:34:36.295+0000] {spark_submit.py:492} INFO - repeated group list {
[2026-02-12T23:34:36.295+0000] {spark_submit.py:492} INFO - optional int64 element;
[2026-02-12T23:34:36.296+0000] {spark_submit.py:492} INFO - }
[2026-02-12T23:34:36.296+0000] {spark_submit.py:492} INFO - }
[2026-02-12T23:34:36.296+0000] {spark_submit.py:492} INFO - optional binary tweet_id (STRING);
[2026-02-12T23:34:36.296+0000] {spark_submit.py:492} INFO - optional binary reply_to_user_id (STRING);
[2026-02-12T23:34:36.296+0000] {spark_submit.py:492} INFO - optional binary language (STRING);
[2026-02-12T23:34:36.296+0000] {spark_submit.py:492} INFO - optional binary tweet_text (STRING);
[2026-02-12T23:34:36.296+0000] {spark_submit.py:492} INFO - optional int64 likes;
[2026-02-12T23:34:36.296+0000] {spark_submit.py:492} INFO - optional int64 quotes;
[2026-02-12T23:34:36.296+0000] {spark_submit.py:492} INFO - optional int64 replies;
[2026-02-12T23:34:36.296+0000] {spark_submit.py:492} INFO - optional int64 retweets;
[2026-02-12T23:34:36.297+0000] {spark_submit.py:492} INFO - required int32 processing_date (DATE);
[2026-02-12T23:34:36.297+0000] {spark_submit.py:492} INFO - }
[2026-02-12T23:34:36.297+0000] {spark_submit.py:492} INFO - 
[2026-02-12T23:34:36.297+0000] {spark_submit.py:492} INFO - 
[2026-02-12T23:34:36.312+0000] {spark_submit.py:492} INFO - 26/02/12 23:34:36 INFO CodecConfig: Compression: SNAPPY
[2026-02-12T23:34:36.312+0000] {spark_submit.py:492} INFO - 26/02/12 23:34:36 INFO CodecConfig: Compression: SNAPPY
[2026-02-12T23:34:36.313+0000] {spark_submit.py:492} INFO - 26/02/12 23:34:36 INFO ParquetOutputFormat: ParquetRecordWriter [block size: 134217728b, row group padding size: 8388608b, validating: false]
[2026-02-12T23:34:36.315+0000] {spark_submit.py:492} INFO - 26/02/12 23:34:36 INFO ParquetWriteSupport: Initialized Parquet WriteSupport with Catalyst schema:
[2026-02-12T23:34:36.315+0000] {spark_submit.py:492} INFO - {
[2026-02-12T23:34:36.315+0000] {spark_submit.py:492} INFO - "type" : "struct",
[2026-02-12T23:34:36.315+0000] {spark_submit.py:492} INFO - "fields" : [ {
[2026-02-12T23:34:36.315+0000] {spark_submit.py:492} INFO - "name" : "user_id",
[2026-02-12T23:34:36.315+0000] {spark_submit.py:492} INFO - "type" : "string",
[2026-02-12T23:34:36.315+0000] {spark_submit.py:492} INFO - "nullable" : true,
[2026-02-12T23:34:36.315+0000] {spark_submit.py:492} INFO - "metadata" : { }
[2026-02-12T23:34:36.316+0000] {spark_submit.py:492} INFO - }, {
[2026-02-12T23:34:36.316+0000] {spark_submit.py:492} INFO - "name" : "thread_id",
[2026-02-12T23:34:36.316+0000] {spark_submit.py:492} INFO - "type" : "string",
[2026-02-12T23:34:36.316+0000] {spark_submit.py:492} INFO - "nullable" : true,
[2026-02-12T23:34:36.316+0000] {spark_submit.py:492} INFO - "metadata" : { }
[2026-02-12T23:34:36.316+0000] {spark_submit.py:492} INFO - }, {
[2026-02-12T23:34:36.316+0000] {spark_submit.py:492} INFO - "name" : "created_at",
[2026-02-12T23:34:36.316+0000] {spark_submit.py:492} INFO - "type" : "string",
[2026-02-12T23:34:36.316+0000] {spark_submit.py:492} INFO - "nullable" : true,
[2026-02-12T23:34:36.316+0000] {spark_submit.py:492} INFO - "metadata" : { }
[2026-02-12T23:34:36.316+0000] {spark_submit.py:492} INFO - }, {
[2026-02-12T23:34:36.317+0000] {spark_submit.py:492} INFO - "name" : "edit_versions_ids",
[2026-02-12T23:34:36.317+0000] {spark_submit.py:492} INFO - "type" : {
[2026-02-12T23:34:36.317+0000] {spark_submit.py:492} INFO - "type" : "array",
[2026-02-12T23:34:36.317+0000] {spark_submit.py:492} INFO - "elementType" : "long",
[2026-02-12T23:34:36.317+0000] {spark_submit.py:492} INFO - "containsNull" : true
[2026-02-12T23:34:36.317+0000] {spark_submit.py:492} INFO - },
[2026-02-12T23:34:36.317+0000] {spark_submit.py:492} INFO - "nullable" : true,
[2026-02-12T23:34:36.317+0000] {spark_submit.py:492} INFO - "metadata" : { }
[2026-02-12T23:34:36.317+0000] {spark_submit.py:492} INFO - }, {
[2026-02-12T23:34:36.317+0000] {spark_submit.py:492} INFO - "name" : "tweet_id",
[2026-02-12T23:34:36.317+0000] {spark_submit.py:492} INFO - "type" : "string",
[2026-02-12T23:34:36.317+0000] {spark_submit.py:492} INFO - "nullable" : true,
[2026-02-12T23:34:36.318+0000] {spark_submit.py:492} INFO - "metadata" : { }
[2026-02-12T23:34:36.318+0000] {spark_submit.py:492} INFO - }, {
[2026-02-12T23:34:36.318+0000] {spark_submit.py:492} INFO - "name" : "reply_to_user_id",
[2026-02-12T23:34:36.318+0000] {spark_submit.py:492} INFO - "type" : "string",
[2026-02-12T23:34:36.318+0000] {spark_submit.py:492} INFO - "nullable" : true,
[2026-02-12T23:34:36.318+0000] {spark_submit.py:492} INFO - "metadata" : { }
[2026-02-12T23:34:36.318+0000] {spark_submit.py:492} INFO - }, {
[2026-02-12T23:34:36.318+0000] {spark_submit.py:492} INFO - "name" : "language",
[2026-02-12T23:34:36.318+0000] {spark_submit.py:492} INFO - "type" : "string",
[2026-02-12T23:34:36.318+0000] {spark_submit.py:492} INFO - "nullable" : true,
[2026-02-12T23:34:36.318+0000] {spark_submit.py:492} INFO - "metadata" : { }
[2026-02-12T23:34:36.319+0000] {spark_submit.py:492} INFO - }, {
[2026-02-12T23:34:36.319+0000] {spark_submit.py:492} INFO - "name" : "tweet_text",
[2026-02-12T23:34:36.319+0000] {spark_submit.py:492} INFO - "type" : "string",
[2026-02-12T23:34:36.319+0000] {spark_submit.py:492} INFO - "nullable" : true,
[2026-02-12T23:34:36.319+0000] {spark_submit.py:492} INFO - "metadata" : { }
[2026-02-12T23:34:36.319+0000] {spark_submit.py:492} INFO - }, {
[2026-02-12T23:34:36.319+0000] {spark_submit.py:492} INFO - "name" : "likes",
[2026-02-12T23:34:36.319+0000] {spark_submit.py:492} INFO - "type" : "long",
[2026-02-12T23:34:36.320+0000] {spark_submit.py:492} INFO - "nullable" : true,
[2026-02-12T23:34:36.320+0000] {spark_submit.py:492} INFO - "metadata" : { }
[2026-02-12T23:34:36.320+0000] {spark_submit.py:492} INFO - }, {
[2026-02-12T23:34:36.320+0000] {spark_submit.py:492} INFO - "name" : "quotes",
[2026-02-12T23:34:36.320+0000] {spark_submit.py:492} INFO - "type" : "long",
[2026-02-12T23:34:36.320+0000] {spark_submit.py:492} INFO - "nullable" : true,
[2026-02-12T23:34:36.320+0000] {spark_submit.py:492} INFO - "metadata" : { }
[2026-02-12T23:34:36.320+0000] {spark_submit.py:492} INFO - }, {
[2026-02-12T23:34:36.321+0000] {spark_submit.py:492} INFO - "name" : "replies",
[2026-02-12T23:34:36.321+0000] {spark_submit.py:492} INFO - "type" : "long",
[2026-02-12T23:34:36.321+0000] {spark_submit.py:492} INFO - "nullable" : true,
[2026-02-12T23:34:36.321+0000] {spark_submit.py:492} INFO - "metadata" : { }
[2026-02-12T23:34:36.321+0000] {spark_submit.py:492} INFO - }, {
[2026-02-12T23:34:36.321+0000] {spark_submit.py:492} INFO - "name" : "retweets",
[2026-02-12T23:34:36.321+0000] {spark_submit.py:492} INFO - "type" : "long",
[2026-02-12T23:34:36.321+0000] {spark_submit.py:492} INFO - "nullable" : true,
[2026-02-12T23:34:36.321+0000] {spark_submit.py:492} INFO - "metadata" : { }
[2026-02-12T23:34:36.321+0000] {spark_submit.py:492} INFO - }, {
[2026-02-12T23:34:36.321+0000] {spark_submit.py:492} INFO - "name" : "processing_date",
[2026-02-12T23:34:36.322+0000] {spark_submit.py:492} INFO - "type" : "date",
[2026-02-12T23:34:36.322+0000] {spark_submit.py:492} INFO - "nullable" : false,
[2026-02-12T23:34:36.322+0000] {spark_submit.py:492} INFO - "metadata" : { }
[2026-02-12T23:34:36.322+0000] {spark_submit.py:492} INFO - } ]
[2026-02-12T23:34:36.322+0000] {spark_submit.py:492} INFO - }
[2026-02-12T23:34:36.322+0000] {spark_submit.py:492} INFO - and corresponding Parquet message type:
[2026-02-12T23:34:36.322+0000] {spark_submit.py:492} INFO - message spark_schema {
[2026-02-12T23:34:36.322+0000] {spark_submit.py:492} INFO - optional binary user_id (STRING);
[2026-02-12T23:34:36.322+0000] {spark_submit.py:492} INFO - optional binary thread_id (STRING);
[2026-02-12T23:34:36.322+0000] {spark_submit.py:492} INFO - optional binary created_at (STRING);
[2026-02-12T23:34:36.322+0000] {spark_submit.py:492} INFO - optional group edit_versions_ids (LIST) {
[2026-02-12T23:34:36.322+0000] {spark_submit.py:492} INFO - repeated group list {
[2026-02-12T23:34:36.322+0000] {spark_submit.py:492} INFO - optional int64 element;
[2026-02-12T23:34:36.323+0000] {spark_submit.py:492} INFO - }
[2026-02-12T23:34:36.323+0000] {spark_submit.py:492} INFO - }
[2026-02-12T23:34:36.323+0000] {spark_submit.py:492} INFO - optional binary tweet_id (STRING);
[2026-02-12T23:34:36.323+0000] {spark_submit.py:492} INFO - optional binary reply_to_user_id (STRING);
[2026-02-12T23:34:36.323+0000] {spark_submit.py:492} INFO - optional binary language (STRING);
[2026-02-12T23:34:36.323+0000] {spark_submit.py:492} INFO - optional binary tweet_text (STRING);
[2026-02-12T23:34:36.323+0000] {spark_submit.py:492} INFO - optional int64 likes;
[2026-02-12T23:34:36.323+0000] {spark_submit.py:492} INFO - optional int64 quotes;
[2026-02-12T23:34:36.323+0000] {spark_submit.py:492} INFO - optional int64 replies;
[2026-02-12T23:34:36.323+0000] {spark_submit.py:492} INFO - optional int64 retweets;
[2026-02-12T23:34:36.323+0000] {spark_submit.py:492} INFO - required int32 processing_date (DATE);
[2026-02-12T23:34:36.323+0000] {spark_submit.py:492} INFO - }
[2026-02-12T23:34:36.323+0000] {spark_submit.py:492} INFO - 
[2026-02-12T23:34:36.323+0000] {spark_submit.py:492} INFO - 
[2026-02-12T23:34:36.341+0000] {spark_submit.py:492} INFO - 26/02/12 23:34:36 INFO CodecConfig: Compression: SNAPPY
[2026-02-12T23:34:36.341+0000] {spark_submit.py:492} INFO - 26/02/12 23:34:36 INFO CodecConfig: Compression: SNAPPY
[2026-02-12T23:34:36.342+0000] {spark_submit.py:492} INFO - 26/02/12 23:34:36 INFO ParquetOutputFormat: ParquetRecordWriter [block size: 134217728b, row group padding size: 8388608b, validating: false]
[2026-02-12T23:34:36.343+0000] {spark_submit.py:492} INFO - 26/02/12 23:34:36 INFO ParquetWriteSupport: Initialized Parquet WriteSupport with Catalyst schema:
[2026-02-12T23:34:36.343+0000] {spark_submit.py:492} INFO - {
[2026-02-12T23:34:36.343+0000] {spark_submit.py:492} INFO - "type" : "struct",
[2026-02-12T23:34:36.344+0000] {spark_submit.py:492} INFO - "fields" : [ {
[2026-02-12T23:34:36.344+0000] {spark_submit.py:492} INFO - "name" : "user_id",
[2026-02-12T23:34:36.344+0000] {spark_submit.py:492} INFO - "type" : "string",
[2026-02-12T23:34:36.344+0000] {spark_submit.py:492} INFO - "nullable" : true,
[2026-02-12T23:34:36.344+0000] {spark_submit.py:492} INFO - "metadata" : { }
[2026-02-12T23:34:36.344+0000] {spark_submit.py:492} INFO - }, {
[2026-02-12T23:34:36.344+0000] {spark_submit.py:492} INFO - "name" : "thread_id",
[2026-02-12T23:34:36.345+0000] {spark_submit.py:492} INFO - "type" : "string",
[2026-02-12T23:34:36.345+0000] {spark_submit.py:492} INFO - "nullable" : true,
[2026-02-12T23:34:36.345+0000] {spark_submit.py:492} INFO - "metadata" : { }
[2026-02-12T23:34:36.345+0000] {spark_submit.py:492} INFO - }, {
[2026-02-12T23:34:36.345+0000] {spark_submit.py:492} INFO - "name" : "created_at",
[2026-02-12T23:34:36.345+0000] {spark_submit.py:492} INFO - "type" : "string",
[2026-02-12T23:34:36.345+0000] {spark_submit.py:492} INFO - "nullable" : true,
[2026-02-12T23:34:36.346+0000] {spark_submit.py:492} INFO - "metadata" : { }
[2026-02-12T23:34:36.346+0000] {spark_submit.py:492} INFO - }, {
[2026-02-12T23:34:36.346+0000] {spark_submit.py:492} INFO - "name" : "edit_versions_ids",
[2026-02-12T23:34:36.346+0000] {spark_submit.py:492} INFO - "type" : {
[2026-02-12T23:34:36.346+0000] {spark_submit.py:492} INFO - "type" : "array",
[2026-02-12T23:34:36.346+0000] {spark_submit.py:492} INFO - "elementType" : "long",
[2026-02-12T23:34:36.346+0000] {spark_submit.py:492} INFO - "containsNull" : true
[2026-02-12T23:34:36.346+0000] {spark_submit.py:492} INFO - },
[2026-02-12T23:34:36.346+0000] {spark_submit.py:492} INFO - "nullable" : true,
[2026-02-12T23:34:36.346+0000] {spark_submit.py:492} INFO - "metadata" : { }
[2026-02-12T23:34:36.347+0000] {spark_submit.py:492} INFO - }, {
[2026-02-12T23:34:36.347+0000] {spark_submit.py:492} INFO - "name" : "tweet_id",
[2026-02-12T23:34:36.347+0000] {spark_submit.py:492} INFO - "type" : "string",
[2026-02-12T23:34:36.347+0000] {spark_submit.py:492} INFO - "nullable" : true,
[2026-02-12T23:34:36.347+0000] {spark_submit.py:492} INFO - "metadata" : { }
[2026-02-12T23:34:36.347+0000] {spark_submit.py:492} INFO - }, {
[2026-02-12T23:34:36.347+0000] {spark_submit.py:492} INFO - "name" : "reply_to_user_id",
[2026-02-12T23:34:36.347+0000] {spark_submit.py:492} INFO - "type" : "string",
[2026-02-12T23:34:36.347+0000] {spark_submit.py:492} INFO - "nullable" : true,
[2026-02-12T23:34:36.347+0000] {spark_submit.py:492} INFO - "metadata" : { }
[2026-02-12T23:34:36.347+0000] {spark_submit.py:492} INFO - }, {
[2026-02-12T23:34:36.347+0000] {spark_submit.py:492} INFO - "name" : "language",
[2026-02-12T23:34:36.348+0000] {spark_submit.py:492} INFO - "type" : "string",
[2026-02-12T23:34:36.348+0000] {spark_submit.py:492} INFO - "nullable" : true,
[2026-02-12T23:34:36.348+0000] {spark_submit.py:492} INFO - "metadata" : { }
[2026-02-12T23:34:36.348+0000] {spark_submit.py:492} INFO - }, {
[2026-02-12T23:34:36.348+0000] {spark_submit.py:492} INFO - "name" : "tweet_text",
[2026-02-12T23:34:36.348+0000] {spark_submit.py:492} INFO - "type" : "string",
[2026-02-12T23:34:36.348+0000] {spark_submit.py:492} INFO - "nullable" : true,
[2026-02-12T23:34:36.348+0000] {spark_submit.py:492} INFO - "metadata" : { }
[2026-02-12T23:34:36.348+0000] {spark_submit.py:492} INFO - }, {
[2026-02-12T23:34:36.348+0000] {spark_submit.py:492} INFO - "name" : "likes",
[2026-02-12T23:34:36.348+0000] {spark_submit.py:492} INFO - "type" : "long",
[2026-02-12T23:34:36.349+0000] {spark_submit.py:492} INFO - "nullable" : true,
[2026-02-12T23:34:36.349+0000] {spark_submit.py:492} INFO - "metadata" : { }
[2026-02-12T23:34:36.349+0000] {spark_submit.py:492} INFO - }, {
[2026-02-12T23:34:36.349+0000] {spark_submit.py:492} INFO - "name" : "quotes",
[2026-02-12T23:34:36.349+0000] {spark_submit.py:492} INFO - "type" : "long",
[2026-02-12T23:34:36.349+0000] {spark_submit.py:492} INFO - "nullable" : true,
[2026-02-12T23:34:36.349+0000] {spark_submit.py:492} INFO - "metadata" : { }
[2026-02-12T23:34:36.349+0000] {spark_submit.py:492} INFO - }, {
[2026-02-12T23:34:36.349+0000] {spark_submit.py:492} INFO - "name" : "replies",
[2026-02-12T23:34:36.349+0000] {spark_submit.py:492} INFO - "type" : "long",
[2026-02-12T23:34:36.349+0000] {spark_submit.py:492} INFO - "nullable" : true,
[2026-02-12T23:34:36.349+0000] {spark_submit.py:492} INFO - "metadata" : { }
[2026-02-12T23:34:36.349+0000] {spark_submit.py:492} INFO - }, {
[2026-02-12T23:34:36.349+0000] {spark_submit.py:492} INFO - "name" : "retweets",
[2026-02-12T23:34:36.350+0000] {spark_submit.py:492} INFO - "type" : "long",
[2026-02-12T23:34:36.350+0000] {spark_submit.py:492} INFO - "nullable" : true,
[2026-02-12T23:34:36.350+0000] {spark_submit.py:492} INFO - "metadata" : { }
[2026-02-12T23:34:36.350+0000] {spark_submit.py:492} INFO - }, {
[2026-02-12T23:34:36.350+0000] {spark_submit.py:492} INFO - "name" : "processing_date",
[2026-02-12T23:34:36.350+0000] {spark_submit.py:492} INFO - "type" : "date",
[2026-02-12T23:34:36.350+0000] {spark_submit.py:492} INFO - "nullable" : false,
[2026-02-12T23:34:36.350+0000] {spark_submit.py:492} INFO - "metadata" : { }
[2026-02-12T23:34:36.350+0000] {spark_submit.py:492} INFO - } ]
[2026-02-12T23:34:36.350+0000] {spark_submit.py:492} INFO - }
[2026-02-12T23:34:36.351+0000] {spark_submit.py:492} INFO - and corresponding Parquet message type:
[2026-02-12T23:34:36.351+0000] {spark_submit.py:492} INFO - message spark_schema {
[2026-02-12T23:34:36.351+0000] {spark_submit.py:492} INFO - optional binary user_id (STRING);
[2026-02-12T23:34:36.351+0000] {spark_submit.py:492} INFO - optional binary thread_id (STRING);
[2026-02-12T23:34:36.351+0000] {spark_submit.py:492} INFO - optional binary created_at (STRING);
[2026-02-12T23:34:36.351+0000] {spark_submit.py:492} INFO - optional group edit_versions_ids (LIST) {
[2026-02-12T23:34:36.351+0000] {spark_submit.py:492} INFO - repeated group list {
[2026-02-12T23:34:36.351+0000] {spark_submit.py:492} INFO - optional int64 element;
[2026-02-12T23:34:36.351+0000] {spark_submit.py:492} INFO - }
[2026-02-12T23:34:36.351+0000] {spark_submit.py:492} INFO - }
[2026-02-12T23:34:36.351+0000] {spark_submit.py:492} INFO - optional binary tweet_id (STRING);
[2026-02-12T23:34:36.352+0000] {spark_submit.py:492} INFO - optional binary reply_to_user_id (STRING);
[2026-02-12T23:34:36.352+0000] {spark_submit.py:492} INFO - optional binary language (STRING);
[2026-02-12T23:34:36.352+0000] {spark_submit.py:492} INFO - optional binary tweet_text (STRING);
[2026-02-12T23:34:36.352+0000] {spark_submit.py:492} INFO - optional int64 likes;
[2026-02-12T23:34:36.352+0000] {spark_submit.py:492} INFO - optional int64 quotes;
[2026-02-12T23:34:36.352+0000] {spark_submit.py:492} INFO - optional int64 replies;
[2026-02-12T23:34:36.352+0000] {spark_submit.py:492} INFO - optional int64 retweets;
[2026-02-12T23:34:36.352+0000] {spark_submit.py:492} INFO - required int32 processing_date (DATE);
[2026-02-12T23:34:36.352+0000] {spark_submit.py:492} INFO - }
[2026-02-12T23:34:36.353+0000] {spark_submit.py:492} INFO - 
[2026-02-12T23:34:36.353+0000] {spark_submit.py:492} INFO - 
[2026-02-12T23:34:36.374+0000] {spark_submit.py:492} INFO - 26/02/12 23:34:36 INFO FileOutputCommitter: Saved output of task 'attempt_202602122334351068769451729781613_0001_m_000000_1' to file:/opt/airflow/data/silver/_temporary/0/task_202602122334351068769451729781613_0001_m_000000
[2026-02-12T23:34:36.375+0000] {spark_submit.py:492} INFO - 26/02/12 23:34:36 INFO SparkHadoopMapRedUtil: attempt_202602122334351068769451729781613_0001_m_000000_1: Committed. Elapsed time: 0 ms.
[2026-02-12T23:34:36.387+0000] {spark_submit.py:492} INFO - 26/02/12 23:34:36 INFO Executor: Finished task 0.0 in stage 1.0 (TID 1). 3930 bytes result sent to driver
[2026-02-12T23:34:36.389+0000] {spark_submit.py:492} INFO - 26/02/12 23:34:36 INFO TaskSetManager: Finished task 0.0 in stage 1.0 (TID 1) in 902 ms on 0bc7f8c4ce9d (executor driver) (1/1)
[2026-02-12T23:34:36.390+0000] {spark_submit.py:492} INFO - 26/02/12 23:34:36 INFO TaskSchedulerImpl: Removed TaskSet 1.0, whose tasks have all completed, from pool
[2026-02-12T23:34:36.390+0000] {spark_submit.py:492} INFO - 26/02/12 23:34:36 INFO DAGScheduler: ResultStage 1 (parquet at NativeMethodAccessorImpl.java:0) finished in 0.928 s
[2026-02-12T23:34:36.390+0000] {spark_submit.py:492} INFO - 26/02/12 23:34:36 INFO DAGScheduler: Job 1 is finished. Cancelling potential speculative or zombie tasks for this job
[2026-02-12T23:34:36.391+0000] {spark_submit.py:492} INFO - 26/02/12 23:34:36 INFO TaskSchedulerImpl: Killing all running tasks in stage 1: Stage finished
[2026-02-12T23:34:36.391+0000] {spark_submit.py:492} INFO - 26/02/12 23:34:36 INFO DAGScheduler: Job 1 finished: parquet at NativeMethodAccessorImpl.java:0, took 0.931382 s
[2026-02-12T23:34:36.392+0000] {spark_submit.py:492} INFO - 26/02/12 23:34:36 INFO FileFormatWriter: Start to commit write Job 45a9b837-6033-4246-83b8-3e94bf08201d.
[2026-02-12T23:34:36.408+0000] {spark_submit.py:492} INFO - 26/02/12 23:34:36 INFO FileFormatWriter: Write Job 45a9b837-6033-4246-83b8-3e94bf08201d committed. Elapsed time: 14 ms.
[2026-02-12T23:34:36.410+0000] {spark_submit.py:492} INFO - 26/02/12 23:34:36 INFO FileFormatWriter: Finished processing stats for write job 45a9b837-6033-4246-83b8-3e94bf08201d.
[2026-02-12T23:34:36.446+0000] {spark_submit.py:492} INFO - 26/02/12 23:34:36 INFO SparkContext: Invoking stop() from shutdown hook
[2026-02-12T23:34:36.447+0000] {spark_submit.py:492} INFO - 26/02/12 23:34:36 INFO SparkContext: SparkContext is stopping with exitCode 0.
[2026-02-12T23:34:36.455+0000] {spark_submit.py:492} INFO - 26/02/12 23:34:36 INFO SparkUI: Stopped Spark web UI at http://0bc7f8c4ce9d:4040
[2026-02-12T23:34:36.462+0000] {spark_submit.py:492} INFO - 26/02/12 23:34:36 INFO MapOutputTrackerMasterEndpoint: MapOutputTrackerMasterEndpoint stopped!
[2026-02-12T23:34:36.472+0000] {spark_submit.py:492} INFO - 26/02/12 23:34:36 INFO MemoryStore: MemoryStore cleared
[2026-02-12T23:34:36.472+0000] {spark_submit.py:492} INFO - 26/02/12 23:34:36 INFO BlockManager: BlockManager stopped
[2026-02-12T23:34:36.476+0000] {spark_submit.py:492} INFO - 26/02/12 23:34:36 INFO BlockManagerMaster: BlockManagerMaster stopped
[2026-02-12T23:34:36.477+0000] {spark_submit.py:492} INFO - 26/02/12 23:34:36 INFO OutputCommitCoordinator$OutputCommitCoordinatorEndpoint: OutputCommitCoordinator stopped!
[2026-02-12T23:34:36.484+0000] {spark_submit.py:492} INFO - 26/02/12 23:34:36 INFO SparkContext: Successfully stopped SparkContext
[2026-02-12T23:34:36.484+0000] {spark_submit.py:492} INFO - 26/02/12 23:34:36 INFO ShutdownHookManager: Shutdown hook called
[2026-02-12T23:34:36.484+0000] {spark_submit.py:492} INFO - 26/02/12 23:34:36 INFO ShutdownHookManager: Deleting directory /tmp/spark-a3807aa2-57b1-46fb-8404-84cc586413ca
[2026-02-12T23:34:36.490+0000] {spark_submit.py:492} INFO - 26/02/12 23:34:36 INFO ShutdownHookManager: Deleting directory /tmp/spark-503748f9-ccb3-471b-a685-1a778d7b0987
[2026-02-12T23:34:36.494+0000] {spark_submit.py:492} INFO - 26/02/12 23:34:36 INFO ShutdownHookManager: Deleting directory /tmp/spark-a3807aa2-57b1-46fb-8404-84cc586413ca/pyspark-eef2d949-291f-4472-8185-06b19223e0ea
[2026-02-12T23:34:36.563+0000] {taskinstance.py:441} INFO - ::group::Post task execution logs
[2026-02-12T23:34:36.574+0000] {taskinstance.py:1206} INFO - Marking task as SUCCESS. dag_id=twitter_pipeline_2, task_id=transform_twitter_datascience, run_id=scheduled__2026-02-01T00:00:00+00:00, execution_date=20260201T000000, start_date=20260212T233429, end_date=20260212T233436
[2026-02-12T23:34:36.621+0000] {local_task_job_runner.py:243} INFO - Task exited with return code 0
[2026-02-12T23:34:36.639+0000] {taskinstance.py:3503} INFO - 1 downstream tasks scheduled from follow-on schedule check
[2026-02-12T23:34:36.641+0000] {local_task_job_runner.py:222} INFO - ::endgroup::
